{
    "effect_pehe": 1.2702224254608154,
    "effect_mae": 0.10859787464141846
}