{
    "effect_pehe": 0.8030672669410706,
    "effect_mae": 0.0403064489364624
}