{
    "effect_pehe": 1.0285519361495972,
    "effect_mae": 0.15127606689929962
}