{
    "effect_pehe": 2.108903408050537,
    "effect_mae": 0.08539217710494995
}