{
    "effect_pehe": 0.7645434141159058,
    "effect_mae": 0.0052682459354400635
}