{
    "effect_pehe": 1.735974907875061,
    "effect_mae": 0.15920390188694
}