{
    "effect_pehe": 1.1888916492462158,
    "effect_mae": 0.10392147302627563
}