{
    "effect_pehe": 3.5416336059570312,
    "effect_mae": 0.31981995701789856
}