{
    "effect_pehe": 0.7809290289878845,
    "effect_mae": 0.019001305103302002
}