{
    "effect_pehe": 1.9907784461975098,
    "effect_mae": 0.041249990463256836
}