{
    "effect_pehe": 1.759212851524353,
    "effect_mae": 0.2902194857597351
}