{
    "effect_pehe": 3.2275595664978027,
    "effect_mae": 0.15155407786369324
}