{
    "effect_pehe": 2.386028913888376,
    "effect_mae": 1.8525671686830452
}