{
    "effect_pehe": 2.7664731793675563,
    "effect_mae": 2.189122311558646
}