{
    "effect_pehe": 3.8194896898198545,
    "effect_mae": 3.0571123735269823
}