{
    "effect_pehe": 2.9330913950694404,
    "effect_mae": 2.350461309686452
}