{
    "effect_pehe": 3.2509135442755572,
    "effect_mae": 2.576032586151148
}