{
    "effect_pehe": 3.25591437483094,
    "effect_mae": 2.5452179305506863
}