{
    "effect_pehe": 3.9011777577728255,
    "effect_mae": 3.1408714871875043
}