{
    "effect_pehe": 2.5489910231110184,
    "effect_mae": 1.9584621917213645
}