{
    "effect_pehe": 2.4027678238432557,
    "effect_mae": 1.8917667352494967
}