{
    "effect_pehe": 4.67013982525866,
    "effect_mae": 3.7239000955285526
}