{
    "effect_pehe": 5.640017351963272,
    "effect_mae": 4.479949514507245
}