{
    "effect_pehe": 3.77904724345998,
    "effect_mae": 3.0206889661341503
}