{
    "effect_pehe": 4.5977641257753605,
    "effect_mae": 3.714876683876904
}