{
    "effect_pehe": 4.138001976093979,
    "effect_mae": 3.2740772473195183
}