{
    "effect_pehe": 5.759613544300493,
    "effect_mae": 4.561185146935526
}