{
    "effect_pehe": 3.7124802776403496,
    "effect_mae": 2.950999244051674
}