{
    "effect_pehe": 4.555608688398994,
    "effect_mae": 3.696687672975428
}