{
    "effect_pehe": 6.712774276733398,
    "effect_mae": 0.33271870017051697
}