{
    "epoch": [
        0,
        1,
        2,
        3,
        4,
        5,
        6,
        7,
        8,
        9,
        10,
        11,
        12,
        13,
        14,
        15,
        16,
        17,
        18,
        19,
        20,
        21,
        22,
        23,
        24,
        25,
        26,
        27,
        28,
        29,
        30,
        31,
        32,
        33,
        34,
        35,
        36,
        37,
        38,
        39,
        40,
        41,
        42,
        43,
        44,
        45,
        46,
        47,
        48,
        49,
        50,
        51,
        52,
        53,
        54,
        55,
        56,
        57,
        58,
        59,
        60,
        61,
        62,
        63,
        64,
        65,
        66,
        67,
        68,
        69,
        70,
        71,
        72,
        73,
        74,
        75,
        76,
        77,
        78,
        79,
        80,
        81,
        82,
        83,
        84,
        85,
        86,
        87,
        88,
        89,
        90,
        91,
        92,
        93,
        94,
        95,
        96,
        97,
        98,
        99,
        100,
        101,
        102,
        103,
        104,
        105,
        106,
        107,
        108,
        109,
        110,
        111,
        112,
        113,
        114,
        115,
        116,
        117,
        118,
        119,
        120,
        121,
        122,
        123,
        124,
        125,
        126,
        127,
        128,
        129,
        130,
        131,
        132,
        133
    ],
    "train_loss": [
        39.59526443481445,
        39.55741500854492,
        39.51994705200195,
        39.48094177246094,
        39.43762969970703,
        39.39031219482422,
        39.33346939086914,
        39.270225524902344,
        39.19451904296875,
        39.105079650878906,
        38.998111724853516,
        38.869911193847656,
        38.71498107910156,
        38.53350830078125,
        38.324581146240234,
        38.07958221435547,
        37.79294204711914,
        37.46487808227539,
        37.081565856933594,
        36.646018981933594,
        36.13466262817383,
        35.560302734375,
        34.884090423583984,
        34.12370681762695,
        33.2630500793457,
        32.273841857910156,
        31.19902801513672,
        30.00135612487793,
        28.658843994140625,
        27.187915802001953,
        25.636062622070312,
        23.910083770751953,
        22.16238784790039,
        20.231365203857422,
        18.328479766845703,
        16.300405502319336,
        14.45584487915039,
        12.646313667297363,
        11.122377395629883,
        9.933365821838379,
        9.257145881652832,
        8.964917182922363,
        9.242947578430176,
        9.57310676574707,
        9.875718116760254,
        9.655108451843262,
        9.314118385314941,
        8.586688041687012,
        7.930695056915283,
        7.394656181335449,
        7.180449962615967,
        7.097606658935547,
        7.105313777923584,
        7.090417861938477,
        7.246275901794434,
        7.3026862144470215,
        7.248332500457764,
        7.199986457824707,
        7.083985805511475,
        6.889281272888184,
        6.650902271270752,
        6.532689094543457,
        6.399735927581787,
        6.318154811859131,
        6.272407054901123,
        6.262430191040039,
        6.244336128234863,
        6.233055591583252,
        6.187397003173828,
        6.161001205444336,
        6.066320896148682,
        5.984971523284912,
        5.921385288238525,
        5.913235664367676,
        5.8320112228393555,
        5.830596446990967,
        5.807627201080322,
        5.798166751861572,
        5.74931001663208,
        5.752006530761719,
        5.712619781494141,
        5.683483123779297,
        5.648956298828125,
        5.59487771987915,
        5.571925163269043,
        5.543239593505859,
        5.519297122955322,
        5.514817714691162,
        5.505495548248291,
        5.506127834320068,
        5.457586765289307,
        5.416585445404053,
        5.397329330444336,
        5.37894868850708,
        5.38523006439209,
        5.345244407653809,
        5.326086521148682,
        5.30391788482666,
        5.285284996032715,
        5.280734062194824,
        5.236038684844971,
        5.254042625427246,
        5.205180644989014,
        5.192775249481201,
        5.189634323120117,
        5.1552734375,
        5.151629447937012,
        5.139717102050781,
        5.1250715255737305,
        5.098169326782227,
        5.097672462463379,
        5.075697422027588,
        5.031170845031738,
        5.0109944343566895,
        5.0148725509643555,
        5.001770496368408,
        4.973245620727539,
        4.983083248138428,
        4.9519243240356445,
        4.953738212585449,
        4.934931755065918,
        4.897790908813477,
        4.913513660430908,
        4.870092391967773,
        4.870264053344727,
        4.868125915527344,
        4.840374946594238,
        4.841144561767578,
        4.802822589874268,
        4.78607177734375,
        4.797187805175781,
        4.742281436920166,
        4.7618021965026855,
        4.744968891143799
    ],