{
    "epoch": [
        0,
        1,
        2,
        3,
        4,
        5,
        6,
        7,
        8,
        9,
        10,
        11,
        12,
        13,
        14,
        15,
        16,
        17,
        18,
        19,
        20,
        21,
        22,
        23,
        24,
        25,
        26,
        27,
        28,
        29,
        30,
        31,
        32,
        33,
        34,
        35,
        36,
        37,
        38,
        39,
        40,
        41,
        42,
        43,
        44,
        45,
        46,
        47,
        48,
        49,
        50,
        51,
        52,
        53,
        54,
        55,
        56,
        57,
        58,
        59,
        60,
        61,
        62,
        63,
        64,
        65,
        66,
        67,
        68,
        69,
        70,
        71,
        72,
        73,
        74,
        75,
        76,
        77,
        78,
        79,
        80,
        81,
        82,
        83,
        84,
        85,
        86,
        87,
        88,
        89,
        90,
        91,
        92,
        93,
        94,
        95,
        96,
        97,
        98,
        99,
        100,
        101,
        102,
        103,
        104,
        105,
        106,
        107,
        108,
        109,
        110,
        111,
        112,
        113,
        114,
        115,
        116,
        117
    ],
    "train_loss": [
        15.145525932312012,
        15.112404823303223,
        15.079351425170898,
        15.045353889465332,
        15.008557319641113,
        14.967191696166992,
        14.919795989990234,
        14.866448402404785,
        14.804122924804688,
        14.73396110534668,
        14.654783248901367,
        14.56348705291748,
        14.458772659301758,
        14.333131790161133,
        14.190947532653809,
        14.030301094055176,
        13.840838432312012,
        13.632347106933594,
        13.384990692138672,
        13.11579704284668,
        12.799761772155762,
        12.462203979492188,
        12.071044921875,
        11.642923355102539,
        11.165865898132324,
        10.646232604980469,
        10.05230712890625,
        9.420445442199707,
        8.713157653808594,
        8.032564163208008,
        7.294351577758789,
        6.5432000160217285,
        5.840916633605957,
        5.186311721801758,
        4.637526035308838,
        4.208514213562012,
        3.9556844234466553,
        3.9263336658477783,
        4.00908088684082,
        4.112419128417969,
        4.1624250411987305,
        4.030808925628662,
        3.8113415241241455,
        3.5731310844421387,
        3.332496166229248,
        3.1464626789093018,
        3.062530517578125,
        3.0456769466400146,
        3.059030055999756,
        3.0911619663238525,
        3.1176986694335938,
        3.1092827320098877,
        3.1001625061035156,
        3.0414834022521973,
        3.0005431175231934,
        2.9348227977752686,
        2.869126796722412,
        2.831965923309326,
        2.7849886417388916,
        2.780280351638794,
        2.772280693054199,
        2.773151159286499,
        2.761795997619629,
        2.751333713531494,
        2.7200446128845215,
        2.694817304611206,
        2.6507601737976074,
        2.624952554702759,
        2.608325719833374,
        2.586864709854126,
        2.5774643421173096,
        2.5761725902557373,
        2.569451093673706,
        2.5547239780426025,
        2.5482850074768066,
        2.532498598098755,
        2.5131726264953613,
        2.495741128921509,
        2.482805013656616,
        2.4779696464538574,
        2.4721429347991943,
        2.455044984817505,
        2.4500484466552734,
        2.4387805461883545,
        2.429582357406616,
        2.4206721782684326,
        2.4149508476257324,
        2.3932571411132812,
        2.387392282485962,
        2.376262903213501,
        2.3714489936828613,
        2.3627350330352783,
        2.350966453552246,
        2.345266580581665,
        2.3356053829193115,
        2.325230836868286,
        2.316685199737549,
        2.312192916870117,
        2.3022372722625732,
        2.292384624481201,
        2.2852556705474854,
        2.2809653282165527,
        2.2758467197418213,
        2.267571449279785,
        2.2566325664520264,
        2.2516531944274902,
        2.246187925338745,
        2.2345340251922607,
        2.2320523262023926,
        2.2229361534118652,
        2.217629909515381,
        2.2119855880737305,
        2.20624041557312,
        2.2001237869262695,
        2.1925439834594727,
        2.181386709213257,
        2.1743884086608887,
        2.1721673011779785
    ],
    "val_loss": [
        15.274410247802734,
        15.236310958862305,
        15.198615074157715,
        15.158795356750488,
        15.116336822509766,
        15.068602561950684,
        15.0149564743042,
        14.955038070678711,
        14.88609504699707,
        14.808544158935547,
        14.72288703918457,
        14.620059967041016,
        14.509011268615723,
        14.377260208129883,
        14.229581832885742,
        14.050080299377441,
        13.857779502868652,
        13.635451316833496,
        13.384096145629883,
        13.098273277282715,
        12.778968811035156,
        12.444563865661621,
        12.031073570251465,
        11.623031616210938,
        11.124866485595703,
        10.596921920776367,
        10.058431625366211,
        9.429354667663574,
        8.779607772827148,
        8.11629581451416,
        7.37573766708374,
        6.633584022521973,
        5.939527988433838,
        5.2639360427856445,
        4.720521926879883,
        4.305670738220215,
        4.112717151641846,
        4.100339412689209,
        4.1879777908325195,
        4.351412296295166,
        4.407954216003418,
        4.291873455047607,
        4.072000980377197,
        3.893186330795288,
        3.635000228881836,
        3.471294403076172,
        3.392592191696167,
        3.339700222015381,
        3.35323166847229,
        3.3973567485809326,
        3.422445774078369,
        3.4251372814178467,
        3.410551071166992,
        3.3813161849975586,
        3.3587284088134766,
        3.295675039291382,
        3.289285898208618,
        3.2539422512054443,
        3.2583658695220947,
        3.2679409980773926,
        3.2700095176696777,
        3.321045398712158,
        3.2821545600891113,
        3.2941842079162598,
        3.278505325317383,
        3.2424821853637695,
        3.2031543254852295,
        3.1734607219696045,
        3.15541672706604,
        3.1431663036346436,
        3.1207563877105713,
        3.136382579803467,
        3.120392322540283,
        3.120150566101074,
        3.122992992401123,
        3.1093218326568604,
        3.1182034015655518,
        3.120666265487671,
        3.1145641803741455,
        3.1282951831817627,
        3.1416118144989014,
        3.13724684715271,
        3.1532037258148193,
        3.1169793605804443,
        3.1336281299591064,
        3.1304807662963867,
        3.1093461513519287,
        3.124173879623413,
        3.094758987426758,
        3.0961854457855225,
        3.0999202728271484,
        3.1000850200653076,
        3.090977191925049,
        3.1059651374816895,
        3.0966827869415283,
        3.1028056144714355,
        3.1072609424591064,
        3.10183048248291,
        3.1147234439849854,
        3.1099836826324463,
        3.1031248569488525,
        3.120191812515259,
        3.105910062789917,
        3.127068042755127,
        3.1055617332458496,
        3.1128902435302734,
        3.112941026687622,
        3.094006061553955,
        3.122981548309326,
        3.097106456756592,
        3.1191089153289795,
        3.107020378112793,
        3.1224372386932373,
        3.119145393371582,
        3.113172769546509,
        3.1183037757873535,
        3.1248619556427,
        3.1325531005859375
    ]
}