{
    "epoch": [
        0,
        1,
        2,
        3,
        4,
        5,
        6,
        7,
        8,
        9,
        10,
        11,
        12,
        13,
        14,
        15,
        16,
        17,
        18,
        19,
        20,
        21,
        22,
        23,
        24,
        25,
        26,
        27,
        28,
        29,
        30,
        31,
        32,
        33,
        34,
        35,
        36,
        37,
        38,
        39,
        40,
        41,
        42,
        43,
        44,
        45,
        46,
        47,
        48,
        49,
        50,
        51,
        52,
        53,
        54,
        55,
        56,
        57,
        58,
        59,
        60,
        61,
        62,
        63,
        64,
        65,
        66,
        67,
        68,
        69,
        70,
        71,
        72,
        73,
        74,
        75,
        76,
        77,
        78,
        79,
        80,
        81,
        82,
        83,
        84,
        85,
        86,
        87,
        88
    ],
    "train_loss": [
        41.29034423828125,
        41.23652267456055,
        41.17963409423828,
        41.12105941772461,
        41.057926177978516,
        40.9876708984375,
        40.908790588378906,
        40.82107162475586,
        40.723716735839844,
        40.60584259033203,
        40.47259521484375,
        40.31892013549805,
        40.13832092285156,
        39.925048828125,
        39.68900680541992,
        39.40779113769531,
        39.101173400878906,
        38.75096893310547,
        38.37323760986328,
        37.93631362915039,
        37.49452590942383,
        37.008201599121094,
        36.456172943115234,
        35.858734130859375,
        35.18587875366211,
        34.4532470703125,
        33.56156539916992,
        32.66447448730469,
        31.664371490478516,
        30.63581657409668,
        29.52372169494629,
        28.388107299804688,
        27.205568313598633,
        26.0408878326416,
        24.834632873535156,
        23.739574432373047,
        22.760290145874023,
        21.976293563842773,
        21.256956100463867,
        20.81191062927246,
        20.68537712097168,
        20.59049415588379,
        20.6812744140625,
        20.490968704223633,
        20.15265655517578,
        19.89638900756836,
        19.36180877685547,
        18.99825668334961,
        18.742246627807617,
        18.438167572021484,
        18.178691864013672,
        18.17046356201172,
        18.13706398010254,
        18.024158477783203,
        18.12253189086914,
        18.03049659729004,
        17.8991641998291,
        17.771339416503906,
        17.54949378967285,
        17.46101951599121,
        17.272226333618164,
        17.19209861755371,
        17.069814682006836,
        16.990020751953125,
        17.10142707824707,
        16.860082626342773,
        16.83163070678711,
        16.778465270996094,
        16.715980529785156,
        16.521650314331055,
        16.530134201049805,
        16.4188175201416,
        16.357032775878906,
        16.336517333984375,
        16.304758071899414,
        16.13054847717285,
        16.12607765197754,
        16.071596145629883,
        16.10521697998047,
        16.037736892700195,
        15.940595626831055,
        15.843124389648438,
        15.818683624267578,
        15.667949676513672,
        15.67857837677002,
        15.680133819580078,
        15.628429412841797,
        15.492919921875,
        15.461400985717773
    ],
    "val_loss": [
        38.903480529785156,
        38.85251998901367,
        38.800899505615234,
        38.74563980102539,
        38.68697738647461,
        38.617835998535156,
        38.547489166259766,
        38.46707534790039,
        38.3725700378418,
        38.268409729003906,
        38.14680099487305,
        38.00251007080078,
        37.850059509277344,
        37.651268005371094,
        37.42929458618164,
        37.188411712646484,
        36.91554641723633,
        36.58746337890625,
        36.24274444580078,
        35.8814811706543,
        35.47906494140625,
        35.046173095703125,
        34.56932067871094,
        34.03659439086914,
        33.44480514526367,
        32.743995666503906,
        31.966163635253906,
        31.06039810180664,
        30.111148834228516,
        29.16975975036621,
        28.0760555267334,
        27.05389404296875,
        25.846895217895508,
        24.851943969726562,
        23.76079559326172,
        22.79345703125,
        21.960264205932617,
        21.310161590576172,
        20.816999435424805,
        20.504798889160156,
        20.46187400817871,
        20.379880905151367,
        20.209341049194336,
        20.381973266601562,
        20.057222366333008,
        19.65093231201172,
        19.290115356445312,
        18.83792495727539,
        18.53478240966797,
        18.345170974731445,
        18.049686431884766,
        18.122602462768555,
        17.86975860595703,
        17.740039825439453,
        17.87720489501953,
        17.795085906982422,
        17.689552307128906,
        17.596529006958008,
        17.656394958496094,
        17.511445999145508,
        17.336393356323242,
        17.416479110717773,
        17.3106746673584,
        17.240243911743164,
        17.65801429748535,
        17.459552764892578,
        17.394933700561523,
        17.751113891601562,
        17.497072219848633,
        17.414794921875,
        17.426546096801758,
        17.526090621948242,
        17.398237228393555,
        17.450305938720703,
        17.55769920349121,
        17.346420288085938,
        17.49617576599121,
        17.505130767822266,
        17.404394149780273,
        17.454193115234375,
        17.31695556640625,
        17.462142944335938,
        17.333251953125,
        17.3681583404541,
        17.649934768676758,
        17.36211585998535,
        17.710336685180664,
        17.58043098449707,
        17.599395751953125
    ]
}