{
    "effect_pehe": 5.588705062866211,
    "effect_mae": 0.25691038370132446
}