{
    "effect_pehe": 4.246695041656494,
    "effect_mae": 0.0306473970413208
}