{
    "epoch": [
        0,
        1,
        2,
        3,
        4,
        5,
        6,
        7,
        8,
        9,
        10,
        11,
        12,
        13,
        14,
        15,
        16,
        17,
        18,
        19,
        20,
        21,
        22,
        23,
        24,
        25,
        26,
        27,
        28,
        29,
        30,
        31,
        32,
        33,
        34,
        35,
        36,
        37,
        38,
        39,
        40,
        41,
        42,
        43,
        44,
        45,
        46,
        47,
        48,
        49,
        50,
        51,
        52,
        53,
        54,
        55,
        56,
        57,
        58,
        59,
        60,
        61,
        62,
        63,
        64,
        65,
        66,
        67,
        68,
        69,
        70,
        71,
        72,
        73,
        74,
        75,
        76,
        77,
        78,
        79,
        80,
        81,
        82,
        83,
        84,
        85,
        86,
        87,
        88,
        89,
        90,
        91,
        92,
        93,
        94,
        95,
        96,
        97,
        98,
        99,
        100,
        101,
        102,
        103,
        104,
        105,
        106,
        107,
        108,
        109,
        110,
        111,
        112,
        113,
        114,
        115,
        116,
        117,
        118,
        119,
        120,
        121,
        122,
        123,
        124,
        125,
        126,
        127,
        128,
        129,
        130,
        131,
        132,
        133,
        134,
        135,
        136,
        137,
        138,
        139,
        140
    ],
    "train_loss": [
        36.26243209838867,
        36.2152214050293,
        36.170654296875,
        36.127418518066406,
        36.081485748291016,
        36.030513763427734,
        35.97249221801758,
        35.90873336791992,
        35.83479690551758,
        35.75004577636719,
        35.651893615722656,
        35.53702926635742,
        35.4027099609375,
        35.2452392578125,
        35.062294006347656,
        34.8504753112793,
        34.59449768066406,
        34.30121612548828,
        33.96605682373047,
        33.56715774536133,
        33.11870574951172,
        32.60993194580078,
        32.01602554321289,
        31.34429359436035,
        30.56609535217285,
        29.703880310058594,
        28.722747802734375,
        27.66006851196289,
        26.409297943115234,
        25.07720947265625,
        23.666072845458984,
        22.129743576049805,
        20.518661499023438,
        18.849754333496094,
        17.08979034423828,
        15.43983268737793,
        13.8079833984375,
        12.350286483764648,
        11.232065200805664,
        10.426918029785156,
        9.740942001342773,
        9.526244163513184,
        9.315215110778809,
        9.205279350280762,
        9.181836128234863,
        8.75955581665039,
        8.34382152557373,
        8.001136779785156,
        7.543164253234863,
        7.172352313995361,
        7.031383037567139,
        6.843550682067871,
        6.74875020980835,
        6.774827480316162,
        6.729657173156738,
        6.709569931030273,
        6.633506774902344,
        6.523119926452637,
        6.403650283813477,
        6.303341388702393,
        6.218991756439209,
        6.120187282562256,
        6.048740386962891,
        6.003320217132568,
        5.994856357574463,
        5.931824207305908,
        5.917294025421143,
        5.85336971282959,
        5.824623107910156,
        5.7403974533081055,
        5.6927571296691895,
        5.641077041625977,
        5.579208850860596,
        5.56137228012085,
        5.526982307434082,
        5.494424819946289,
        5.48213529586792,
        5.441977024078369,
        5.403818607330322,
        5.366992950439453,
        5.338912487030029,
        5.30844783782959,
        5.2871174812316895,
        5.282732963562012,
        5.258966445922852,
        5.224264621734619,
        5.219292640686035,
        5.178762435913086,
        5.169910430908203,
        5.126196384429932,
        5.111390590667725,
        5.092118740081787,
        5.077327251434326,
        5.067897796630859,
        5.0447611808776855,
        5.025365829467773,
        4.9952802658081055,
        4.992947101593018,
        4.96893310546875,
        4.937419891357422,
        4.926810264587402,
        4.912554740905762,
        4.8957600593566895,
        4.874592304229736,
        4.852783203125,
        4.827595233917236,
        4.8282670974731445,
        4.799159526824951,
        4.790602684020996,
        4.784602642059326,
        4.778256893157959,
        4.7442851066589355,
        4.735202312469482,
        4.724465370178223,
        4.699138164520264,
        4.682675361633301,
        4.6699042320251465,
        4.6689653396606445,
        4.648660182952881,
        4.6290082931518555,
        4.615093231201172,
        4.601275444030762,
        4.58145809173584,
        4.577425956726074,
        4.562923431396484,
        4.530313014984131,
        4.537676811218262,
        4.533444404602051,
        4.496284484863281,
        4.509764194488525,
        4.485973834991455,
        4.470780849456787,
        4.464498996734619,
        4.4476399421691895,
        4.400475978851318,
        4.419064044952393,
        4.398396968841553,
        4.3773369789123535,
        4.380629539489746,
        4.357758522033691,
        4.336474895477295
    ],