{
    "epoch": [
        0,
        1,
        2,
        3,
        4,
        5,
        6,
        7,
        8,
        9,
        10,
        11,
        12,
        13,
        14,
        15,
        16,
        17,
        18,
        19,
        20,
        21,
        22,
        23,
        24,
        25,
        26,
        27,
        28,
        29,
        30,
        31,
        32,
        33,
        34,
        35,
        36,
        37,
        38,
        39,
        40,
        41,
        42,
        43,
        44,
        45,
        46,
        47,
        48,
        49,
        50,
        51,
        52,
        53,
        54,
        55,
        56,
        57,
        58,
        59,
        60,
        61,
        62,
        63,
        64,
        65,
        66,
        67,
        68,
        69,
        70,
        71,
        72,
        73,
        74,
        75,
        76,
        77,
        78,
        79,
        80,
        81,
        82,
        83,
        84,
        85,
        86,
        87,
        88,
        89,
        90,
        91,
        92,
        93,
        94,
        95,
        96,
        97,
        98,
        99
    ],
    "train_loss": [
        34.982200622558594,
        34.95132064819336,
        34.92100524902344,
        34.889495849609375,
        34.85841751098633,
        34.821842193603516,
        34.779296875,
        34.73024368286133,
        34.67143249511719,
        34.6042366027832,
        34.52486038208008,
        34.42805480957031,
        34.317386627197266,
        34.19076156616211,
        34.034759521484375,
        33.8632698059082,
        33.65972137451172,
        33.42331314086914,
        33.1514778137207,
        32.844539642333984,
        32.49195861816406,
        32.098079681396484,
        31.645631790161133,
        31.132488250732422,
        30.553598403930664,
        29.87230682373047,
        29.166746139526367,
        28.336942672729492,
        27.46470069885254,
        26.474485397338867,
        25.402061462402344,
        24.263843536376953,
        23.10966682434082,
        21.879173278808594,
        20.674556732177734,
        19.538259506225586,
        18.529165267944336,
        17.65806770324707,
        17.056461334228516,
        16.739091873168945,
        16.76278305053711,
        16.884069442749023,
        17.08492660522461,
        17.209753036499023,
        17.168922424316406,
        16.82714080810547,
        16.391067504882812,
        16.021814346313477,
        15.7223482131958,
        15.570231437683105,
        15.436578750610352,
        15.403748512268066,
        15.48384952545166,
        15.463528633117676,
        15.505837440490723,
        15.561393737792969,
        15.381382942199707,
        15.361876487731934,
        15.206277847290039,
        15.10896110534668,
        14.99841022491455,
        14.951146125793457,
        14.782280921936035,
        14.775654792785645,
        14.716315269470215,
        14.711529731750488,
        14.723589897155762,
        14.630573272705078,
        14.581669807434082,
        14.511866569519043,
        14.471280097961426,
        14.404924392700195,
        14.320658683776855,
        14.250130653381348,
        14.200420379638672,
        14.185617446899414,
        14.151625633239746,
        14.085735321044922,
        14.07496452331543,
        14.048276901245117,
        13.979376792907715,
        13.89480209350586,
        13.871675491333008,
        13.829222679138184,
        13.797880172729492,
        13.714068412780762,
        13.7045316696167,
        13.635540962219238,
        13.644030570983887,
        13.566486358642578,
        13.526924133300781,
        13.469943046569824,
        13.429426193237305,
        13.387484550476074,
        13.341992378234863,
        13.28559684753418,
        13.22150993347168,
        13.190754890441895,
        13.138696670532227,
        13.07163143157959
    ],
    "val_loss": [
        33.41394805908203,
        33.39532470703125,
        33.375823974609375,
        33.355796813964844,
        33.33240509033203,
        33.30329132080078,
        33.26906967163086,
        33.227848052978516,
        33.179718017578125,
        33.12278747558594,
        33.05248260498047,
        32.971736907958984,
        32.86836242675781,
        32.75544357299805,
        32.61635208129883,
        32.46109390258789,
        32.27340316772461,
        32.07279586791992,
        31.821279525756836,
        31.540496826171875,
        31.221820831298828,
        30.855995178222656,
        30.449661254882812,
        29.965009689331055,
        29.440759658813477,
        28.829057693481445,
        28.134624481201172,
        27.396764755249023,
        26.539249420166016,
        25.610883712768555,
        24.619661331176758,
        23.550643920898438,
        22.368196487426758,
        21.24254035949707,
        20.214136123657227,
        19.09965705871582,
        18.247011184692383,
        17.440439224243164,
        16.961254119873047,
        16.9045352935791,
        17.042587280273438,
        17.320222854614258,
        17.50337791442871,
        17.80902099609375,
        17.68581771850586,
        17.419225692749023,
        17.083620071411133,
        16.550085067749023,
        16.260072708129883,
        15.971779823303223,
        15.829961776733398,
        15.674395561218262,
        15.792527198791504,
        15.904999732971191,
        15.888318061828613,
        15.871781349182129,
        15.94776439666748,
        15.765753746032715,
        15.785592079162598,
        15.694825172424316,
        15.64036750793457,
        15.556779861450195,
        15.627793312072754,
        15.612823486328125,
        15.643294334411621,
        15.672908782958984,
        15.777705192565918,
        15.78065013885498,
        15.807380676269531,
        15.69419002532959,
        15.74705982208252,
        15.652770042419434,
        15.586943626403809,
        15.537009239196777,
        15.508247375488281,
        15.541555404663086,
        15.565757751464844,
        15.517396926879883,
        15.568517684936523,
        15.541020393371582,
        15.554193496704102,
        15.543330192565918,
        15.547595024108887,
        15.584161758422852,
        15.58721923828125,
        15.579899787902832,
        15.610424041748047,
        15.693490982055664,
        15.736629486083984,
        15.736454010009766,
        15.770735740661621,
        15.741581916809082,
        15.75058650970459,
        15.699660301208496,
        15.719353675842285,
        15.691978454589844,
        15.751957893371582,
        15.696233749389648,
        15.746217727661133,
        15.742301940917969
    ]
}