{
    "epoch": [
        0,
        1,
        2,
        3,
        4,
        5,
        6,
        7,
        8,
        9,
        10,
        11,
        12,
        13,
        14,
        15,
        16,
        17,
        18,
        19,
        20,
        21,
        22,
        23,
        24,
        25,
        26,
        27,
        28,
        29,
        30,
        31,
        32,
        33,
        34,
        35,
        36,
        37,
        38,
        39,
        40,
        41,
        42,
        43,
        44,
        45,
        46,
        47,
        48,
        49,
        50,
        51,
        52,
        53,
        54,
        55,
        56,
        57,
        58,
        59,
        60,
        61,
        62,
        63,
        64,
        65,
        66,
        67,
        68,
        69,
        70,
        71,
        72,
        73,
        74,
        75,
        76,
        77,
        78,
        79,
        80,
        81,
        82,
        83,
        84,
        85,
        86,
        87,
        88,
        89,
        90,
        91,
        92,
        93,
        94,
        95,
        96,
        97,
        98,
        99,
        100,
        101,
        102,
        103,
        104,
        105,
        106,
        107,
        108,
        109,
        110,
        111,
        112,
        113,
        114,
        115,
        116,
        117,
        118,
        119,
        120,
        121,
        122,
        123,
        124,
        125,
        126,
        127,
        128,
        129,
        130,
        131,
        132,
        133,
        134,
        135,
        136,
        137,
        138,
        139,
        140,
        141,
        142,
        143,
        144,
        145,
        146,
        147,
        148,
        149,
        150
    ],
    "train_loss": [
        46.96222686767578,
        46.91484451293945,
        46.86638641357422,
        46.815677642822266,
        46.75870895385742,
        46.69798278808594,
        46.63057327270508,
        46.55365753173828,
        46.46379089355469,
        46.355045318603516,
        46.23860168457031,
        46.100059509277344,
        45.94318771362305,
        45.767005920410156,
        45.5548210144043,
        45.33066177368164,
        45.0647087097168,
        44.77458953857422,
        44.459739685058594,
        44.079219818115234,
        43.668914794921875,
        43.21757125854492,
        42.706825256347656,
        42.12092971801758,
        41.49237060546875,
        40.73782730102539,
        39.8686637878418,
        38.88562774658203,
        37.774803161621094,
        36.54608154296875,
        35.1237678527832,
        33.617156982421875,
        31.97867202758789,
        30.18872833251953,
        28.24248695373535,
        26.280284881591797,
        24.14616584777832,
        21.929025650024414,
        19.718982696533203,
        17.702457427978516,
        15.743769645690918,
        14.030479431152344,
        12.758831977844238,
        11.850975036621094,
        11.424489974975586,
        11.45537281036377,
        11.508248329162598,
        11.713629722595215,
        11.144967079162598,
        10.765400886535645,
        10.007223129272461,
        9.40437126159668,
        8.773391723632812,
        8.419597625732422,
        8.376363754272461,
        8.471928596496582,
        8.642475128173828,
        8.556344985961914,
        8.61002254486084,
        8.706608772277832,
        8.445690155029297,
        8.433414459228516,
        8.13425350189209,
        8.061213493347168,
        7.882344722747803,
        7.736221790313721,
        7.657553195953369,
        7.623136043548584,
        7.549075126647949,
        7.523427963256836,
        7.504440784454346,
        7.408796310424805,
        7.408174514770508,
        7.336864471435547,
        7.2240471839904785,
        7.135025978088379,
        7.075341701507568,
        7.069931507110596,
        7.015802383422852,
        7.019460201263428,
        6.963568210601807,
        6.940143585205078,
        6.963915824890137,
        6.8777313232421875,
        6.834954261779785,
        6.80086088180542,
        6.798523426055908,
        6.74985933303833,
        6.704518795013428,
        6.6870832443237305,
        6.638881206512451,
        6.650623798370361,
        6.619549751281738,
        6.571749210357666,
        6.5658369064331055,
        6.542023181915283,
        6.507477760314941,
        6.474865436553955,
        6.466394901275635,
        6.439436912536621,
        6.425975799560547,
        6.386042594909668,
        6.386047840118408,
        6.35539436340332,
        6.3332648277282715,
        6.335192680358887,
        6.306909561157227,
        6.254171848297119,
        6.2530198097229,
        6.228734493255615,
        6.245116710662842,
        6.228878974914551,
        6.180525779724121,
        6.167603492736816,
        6.167649745941162,
        6.142589092254639,
        6.098878860473633,
        6.098191738128662,
        6.074010372161865,
        6.048766136169434,
        6.048593044281006,
        6.024074554443359,
        6.01101016998291,
        5.992116451263428,
        5.977778911590576,
        5.953436851501465,
        5.962595462799072,
        5.9170050621032715,
        5.908799648284912,
        5.907164573669434,
        5.885030269622803,
        5.871544361114502,
        5.846831321716309,
        5.827699184417725,
        5.816067695617676,
        5.814887523651123,
        5.807882785797119,
        5.782421588897705,
        5.7650957107543945,
        5.75356912612915,
        5.764976501464844,
        5.738109588623047,
        5.718889236450195,
        5.70241641998291,
        5.703333377838135,
        5.6972856521606445,
        5.660524845123291,
        5.6419477462768555,
        5.626969337463379,
        5.633476734161377,
        5.604147911071777
    ],