{
    "effect_pehe": 6.251246929168701,
    "effect_mae": 4.178804397583008
}