{
    "effect_pehe": 5.023446083068848,
    "effect_mae": 2.1009154319763184
}