{
    "effect_pehe": 5.689335346221924,
    "effect_mae": 2.9300079345703125
}