{
    "effect_pehe": 5.5840325355529785,
    "effect_mae": 2.926422119140625
}