{
    "effect_pehe": 5.629058361053467,
    "effect_mae": 3.16750431060791
}