{
    "effect_pehe": 4.3860554695129395,
    "effect_mae": 1.2056663036346436
}