{
    "effect_pehe": 5.652982711791992,
    "effect_mae": 3.154606342315674
}