{
    "effect_pehe": 5.363748550415039,
    "effect_mae": 2.5787734985351562
}