{
    "effect_pehe": 5.08245325088501,
    "effect_mae": 2.4867916107177734
}