{
    "effect_pehe": 5.565356254577637,
    "effect_mae": 2.8927812576293945
}