{
    "effect_pehe": 5.4023661613464355,
    "effect_mae": 2.9004268646240234
}