{
    "effect_pehe": 1.6680842638015747,
    "effect_mae": 0.5469546914100647
}