{
    "effect_pehe": 1.5215539932250977,
    "effect_mae": 0.5832483768463135
}