{
    "effect_pehe": 1.2088764905929565,
    "effect_mae": 0.6224093437194824
}