{
    "effect_pehe": 0.981223464012146,
    "effect_mae": 0.06256365776062012
}