{
    "effect_pehe": 1.8956679105758667,
    "effect_mae": 0.12670062482357025
}