{
    "effect_pehe": 3.920976400375366,
    "effect_mae": 2.29976749420166
}