{
    "effect_pehe": 1.8078044652938843,
    "effect_mae": 0.6423099040985107
}