{
    "effect_pehe": 5.950016021728516,
    "effect_mae": 1.7378168106079102
}