{
    "effect_pehe": 5.248935699462891,
    "effect_mae": 0.7326102256774902
}