{
    "effect_pehe": 6.87811803817749,
    "effect_mae": 2.154080867767334
}