{
    "effect_pehe": 5.390318393707275,
    "effect_mae": 0.18280410766601562
}