{
    "effect_pehe": 5.954780578613281,
    "effect_mae": 1.469144344329834
}