{
    "effect_pehe": 5.9433112144470215,
    "effect_mae": 1.6723065376281738
}