{
    "effect_pehe": 5.228154182434082,
    "effect_mae": 0.004443168640136719
}