{
    "effect_pehe": 5.283883571624756,
    "effect_mae": 1.2016868591308594
}