{
    "effect_pehe": 6.90554141998291,
    "effect_mae": 2.1776113510131836
}