{
    "effect_pehe": 13.79728889465332,
    "effect_mae": 4.413529396057129
}