{
    "effect_pehe": 14.505284309387207,
    "effect_mae": 4.026296615600586
}