{
    "effect_pehe": 17.951040267944336,
    "effect_mae": 0.3061408996582031
}