{
    "epoch": [
        0,
        1,
        2,
        3,
        4,
        5,
        6,
        7,
        8,
        9,
        10,
        11,
        12,
        13,
        14,
        15,
        16,
        17,
        18,
        19,
        20,
        21,
        22,
        23,
        24,
        25,
        26,
        27,
        28,
        29,
        30,
        31,
        32,
        33,
        34,
        35,
        36,
        37,
        38,
        39,
        40,
        41,
        42,
        43,
        44,
        45,
        46,
        47,
        48,
        49,
        50,
        51,
        52,
        53,
        54,
        55,
        56,
        57,
        58,
        59,
        60,
        61,
        62,
        63,
        64,
        65,
        66,
        67,
        68
    ],
    "train_loss": [
        690.09912109375,
        689.6181030273438,
        689.1498413085938,
        688.6810913085938,
        688.1871337890625,
        687.6682739257812,
        687.104736328125,
        686.522705078125,
        685.887451171875,
        685.2172241210938,
        684.4960327148438,
        683.7142333984375,
        682.86474609375,
        681.9430541992188,
        680.9067993164062,
        679.7649536132812,
        678.4957885742188,
        677.0995483398438,
        675.5543823242188,
        673.840576171875,
        671.932861328125,
        669.8305053710938,
        667.4493408203125,
        664.907470703125,
        662.1066284179688,
        659.0264282226562,
        655.7288208007812,
        652.0818481445312,
        648.2131958007812,
        643.9164428710938,
        639.2680053710938,
        634.3375244140625,
        629.0337524414062,
        623.4033813476562,
        617.3057861328125,
        610.9107666015625,
        604.2115478515625,
        597.2410888671875,
        589.9030151367188,
        582.2337646484375,
        574.4306640625,
        566.5281372070312,
        558.3899536132812,
        550.2799072265625,
        542.3289794921875,
        534.49169921875,
        527.1280517578125,
        520.1351318359375,
        513.8055419921875,
        508.3675537109375,
        503.5514831542969,
        499.5525817871094,
        496.0890197753906,
        492.9617614746094,
        490.8165588378906,
        488.6651611328125,
        487.37420654296875,
        485.87371826171875,
        484.63543701171875,
        483.8074951171875,
        482.8562316894531,
        481.6197204589844,
        480.499755859375,
        479.19232177734375,
        478.1014404296875,
        476.734375,
        475.7556457519531,
        475.20123291015625,
        474.51953125
    ],
    "val_loss": [
        618.2589111328125,
        617.7664794921875,
        617.28466796875,
        616.7971801757812,
        616.2944946289062,
        615.7670288085938,
        615.1891479492188,
        614.5774536132812,
        613.9398193359375,
        613.24462890625,
        612.4887084960938,
        611.6669921875,
        610.77001953125,
        609.7986450195312,
        608.6900634765625,
        607.501220703125,
        606.1343994140625,
        604.6546630859375,
        603.0164794921875,
        601.2136840820312,
        599.1196899414062,
        596.8528442382812,
        594.3897094726562,
        591.6666870117188,
        588.7210693359375,
        585.5302124023438,
        582.0416259765625,
        578.2896728515625,
        574.3173828125,
        570.0866088867188,
        565.5436401367188,
        560.7265014648438,
        555.9054565429688,
        550.6921997070312,
        545.4990234375,
        540.2147216796875,
        535.069091796875,
        530.1453857421875,
        525.2197265625,
        520.8298950195312,
        516.947509765625,
        513.8750610351562,
        511.8114929199219,
        510.80523681640625,
        511.5979309082031,
        514.14794921875,
        518.6828002929688,
        525.2877807617188,
        535.1162719726562,
        547.6323852539062,
        563.2634887695312,
        581.6493530273438,
        602.5729370117188,
        626.3419799804688,
        650.7556762695312,
        676.5006713867188,
        701.6388549804688,
        724.7554321289062,
        744.0307006835938,
        757.5094604492188,
        765.5211791992188,
        767.4127807617188,
        763.6491088867188,
        754.5778198242188,
        743.1492309570312,
        728.3308715820312,
        713.4654541015625,
        699.2297973632812,
        685.969970703125
    ]
}