{
    "effect_pehe": 14.771418571472168,
    "effect_mae": 3.992750883102417
}