{
    "effect_pehe": 22.94469451904297,
    "effect_mae": 1.1089544296264648
}