{
    "effect_pehe": 16.45553207397461,
    "effect_mae": 4.796558380126953
}