{
    "effect_pehe": 18.31790542602539,
    "effect_mae": 9.741445541381836
}