{
    "effect_pehe": 15.945894241333008,
    "effect_mae": 0.5542240142822266
}