{
    "epoch": [
        0,
        1,
        2,
        3,
        4,
        5,
        6,
        7,
        8,
        9,
        10,
        11,
        12,
        13,
        14,
        15,
        16,
        17,
        18,
        19,
        20,
        21,
        22,
        23,
        24,
        25,
        26,
        27,
        28,
        29,
        30,
        31,
        32,
        33,
        34,
        35,
        36,
        37,
        38,
        39,
        40,
        41,
        42,
        43,
        44,
        45,
        46,
        47,
        48,
        49,
        50,
        51,
        52,
        53,
        54,
        55,
        56,
        57,
        58,
        59,
        60,
        61,
        62,
        63,
        64,
        65,
        66,
        67,
        68,
        69,
        70,
        71,
        72,
        73,
        74,
        75,
        76,
        77,
        78,
        79,
        80,
        81,
        82,
        83,
        84,
        85
    ],
    "train_loss": [
        555.486083984375,
        555.0584106445312,
        554.6279296875,
        554.1943969726562,
        553.739501953125,
        553.2647705078125,
        552.79345703125,
        552.2911376953125,
        551.7631225585938,
        551.2293701171875,
        550.6588745117188,
        550.0138549804688,
        549.3054809570312,
        548.5010986328125,
        547.6099243164062,
        546.5823974609375,
        545.4348754882812,
        544.127197265625,
        542.6972045898438,
        541.0828857421875,
        539.2861938476562,
        537.2868041992188,
        535.1116333007812,
        532.7150268554688,
        530.0537719726562,
        527.2177734375,
        524.150390625,
        520.8685913085938,
        517.2842407226562,
        513.6055297851562,
        509.55120849609375,
        505.3164367675781,
        500.7686462402344,
        495.99212646484375,
        490.89678955078125,
        485.70013427734375,
        480.23876953125,
        474.54730224609375,
        468.6721496582031,
        462.6908874511719,
        456.7825622558594,
        450.6886901855469,
        444.6317138671875,
        438.7227478027344,
        433.1824951171875,
        427.82525634765625,
        423.1526184082031,
        418.81304931640625,
        415.2768859863281,
        412.52117919921875,
        409.85418701171875,
        408.0303955078125,
        406.75994873046875,
        405.57623291015625,
        404.49658203125,
        403.4710388183594,
        402.6990051269531,
        401.6451416015625,
        400.8600769042969,
        399.9619445800781,
        399.4453125,
        398.86138916015625,
        398.6784973144531,
        398.40509033203125,
        398.40118408203125,
        398.0792236328125,
        398.5514221191406,
        398.6095275878906,
        398.62921142578125,
        398.53399658203125,
        398.3121032714844,
        398.054443359375,
        398.07354736328125,
        398.10247802734375,
        397.3875427246094,
        397.0275573730469,
        397.0927429199219,
        397.2015075683594,
        396.8146057128906,
        396.6482238769531,
        396.59197998046875,
        396.5896301269531,
        396.44427490234375,
        396.1437072753906,
        395.9021301269531,
        395.9231872558594
    ],
    "val_loss": [
        750.904296875,
        750.4624633789062,
        750.0108032226562,
        749.5673217773438,
        749.0889892578125,
        748.60205078125,
        748.1029052734375,
        747.580078125,
        747.0430908203125,
        746.4779052734375,
        745.8698120117188,
        745.2356567382812,
        744.4605712890625,
        743.6430053710938,
        742.6627807617188,
        741.5956420898438,
        740.3822021484375,
        738.9690551757812,
        737.4562377929688,
        735.7437133789062,
        733.8242797851562,
        731.6412353515625,
        729.2528076171875,
        726.6731567382812,
        723.782958984375,
        720.52197265625,
        717.080810546875,
        713.37109375,
        709.2969360351562,
        704.931396484375,
        700.1640625,
        695.1323852539062,
        689.789306640625,
        684.0665893554688,
        678.1365966796875,
        671.6148681640625,
        665.0829467773438,
        658.1220703125,
        650.8297729492188,
        643.7774047851562,
        636.3024291992188,
        628.9654541015625,
        621.7100830078125,
        614.6649780273438,
        607.9948120117188,
        601.9534912109375,
        595.9873046875,
        590.78955078125,
        586.3814697265625,
        582.5517578125,
        580.5252075195312,
        577.961669921875,
        577.2997436523438,
        576.185546875,
        575.2437133789062,
        574.8685302734375,
        574.7747192382812,
        574.865234375,
        574.0361328125,
        574.4143676757812,
        574.0259399414062,
        574.2232666015625,
        574.3079833984375,
        575.3579711914062,
        575.0719604492188,
        575.4207763671875,
        575.9669189453125,
        576.1480712890625,
        576.8341064453125,
        576.6168823242188,
        576.6214599609375,
        576.81005859375,
        577.3560791015625,
        576.1934814453125,
        576.3966674804688,
        576.02197265625,
        576.0144653320312,
        576.0386962890625,
        575.3932495117188,
        575.2593994140625,
        576.2811889648438,
        575.121826171875,
        574.9139404296875,
        575.3189697265625,
        575.1293334960938,
        574.7976684570312
    ]
}