{
    "effect_pehe": 13.852036476135254,
    "effect_mae": 1.7326374053955078
}