{
    "effect_pehe": 16.76105499267578,
    "effect_mae": 5.004554271697998
}