{
    "effect_pehe": 13.13921070098877,
    "effect_mae": 4.097393035888672
}