{
    "epoch": [
        0,
        1,
        2,
        3,
        4,
        5,
        6,
        7,
        8,
        9,
        10,
        11,
        12,
        13,
        14,
        15,
        16,
        17,
        18,
        19,
        20,
        21,
        22,
        23,
        24,
        25,
        26,
        27,
        28,
        29,
        30,
        31,
        32,
        33,
        34,
        35,
        36,
        37,
        38,
        39,
        40,
        41,
        42,
        43,
        44,
        45,
        46,
        47,
        48,
        49,
        50,
        51,
        52,
        53,
        54,
        55,
        56,
        57,
        58,
        59,
        60,
        61,
        62,
        63,
        64,
        65,
        66,
        67,
        68,
        69,
        70,
        71,
        72,
        73,
        74,
        75,
        76,
        77,
        78,
        79,
        80,
        81,
        82,
        83,
        84,
        85,
        86,
        87,
        88,
        89,
        90
    ],
    "train_loss": [
        271.44073486328125,
        271.15496826171875,
        270.87841796875,
        270.5950012207031,
        270.2939758300781,
        269.9822692871094,
        269.64752197265625,
        269.2882385253906,
        268.87872314453125,
        268.4226989746094,
        267.90399169921875,
        267.302978515625,
        266.6358642578125,
        265.88214111328125,
        265.04266357421875,
        264.09033203125,
        263.0859680175781,
        261.9512634277344,
        260.6998596191406,
        259.3114013671875,
        257.7470397949219,
        256.0523376464844,
        254.24072265625,
        252.2007598876953,
        250.0247039794922,
        247.6508331298828,
        245.1558837890625,
        242.50291442871094,
        239.60018920898438,
        236.5511016845703,
        233.3876190185547,
        230.06007385253906,
        226.6082305908203,
        222.99732971191406,
        219.3054656982422,
        215.6476287841797,
        211.8109893798828,
        208.0959930419922,
        204.654052734375,
        201.14584350585938,
        197.93728637695312,
        195.03135681152344,
        192.42234802246094,
        190.09588623046875,
        188.25059509277344,
        186.58114624023438,
        185.17958068847656,
        183.9041290283203,
        182.8991241455078,
        181.7955322265625,
        181.09413146972656,
        180.3495635986328,
        180.045654296875,
        179.87274169921875,
        179.72705078125,
        179.79417419433594,
        179.95889282226562,
        179.83779907226562,
        179.82156372070312,
        179.6180877685547,
        179.427490234375,
        179.3274383544922,
        179.11610412597656,
        179.0334014892578,
        178.7493896484375,
        178.6787109375,
        178.450927734375,
        178.3297119140625,
        178.17689514160156,
        178.04962158203125,
        178.047607421875,
        178.10997009277344,
        178.00035095214844,
        177.98768615722656,
        177.6658172607422,
        177.62120056152344,
        177.3856201171875,
        177.4086151123047,
        176.92283630371094,
        176.79244995117188,
        176.8248291015625,
        176.5640869140625,
        176.49301147460938,
        176.38113403320312,
        176.30931091308594,
        176.16140747070312,
        175.83624267578125,
        175.64907836914062,
        175.50770568847656,
        175.1410675048828,
        174.93362426757812
    ],
    "val_loss": [
        227.64031982421875,
        227.37002563476562,
        227.10560607910156,
        226.8366241455078,
        226.5513153076172,
        226.26171875,
        225.94259643554688,
        225.60797119140625,
        225.23036193847656,
        224.78890991210938,
        224.3060302734375,
        223.74188232421875,
        223.12123107910156,
        222.42691040039062,
        221.63580322265625,
        220.76937866210938,
        219.8134002685547,
        218.74896240234375,
        217.57321166992188,
        216.24896240234375,
        214.79061889648438,
        213.21566772460938,
        211.43992614746094,
        209.51206970214844,
        207.4774169921875,
        205.251953125,
        202.83103942871094,
        200.3162384033203,
        197.576416015625,
        194.58987426757812,
        191.6187744140625,
        188.4976043701172,
        185.31155395507812,
        182.05990600585938,
        178.61007690429688,
        175.2580108642578,
        172.07559204101562,
        168.8713836669922,
        165.87783813476562,
        162.9400177001953,
        160.86329650878906,
        158.6221160888672,
        156.77320861816406,
        155.46310424804688,
        154.53614807128906,
        154.16162109375,
        153.36346435546875,
        153.27088928222656,
        152.87538146972656,
        152.71376037597656,
        152.3578643798828,
        152.52587890625,
        152.4171905517578,
        152.73060607910156,
        152.61434936523438,
        152.47943115234375,
        152.47622680664062,
        151.8792724609375,
        151.53274536132812,
        151.06912231445312,
        150.22744750976562,
        149.7445831298828,
        148.99642944335938,
        148.47305297851562,
        148.40492248535156,
        147.8407745361328,
        147.97515869140625,
        148.01519775390625,
        148.01902770996094,
        148.146240234375,
        148.3743438720703,
        148.63514709472656,
        148.9412078857422,
        149.1238250732422,
        149.42027282714844,
        149.59010314941406,
        149.8998565673828,
        150.24981689453125,
        150.28749084472656,
        150.8018798828125,
        151.08807373046875,
        151.3338165283203,
        151.957275390625,
        152.44203186035156,
        152.94744873046875,
        153.19847106933594,
        153.7623291015625,
        153.94924926757812,
        153.96279907226562,
        154.37547302246094,
        154.2461395263672
    ]
}