{
    "epoch": [
        0,
        1,
        2,
        3,
        4,
        5,
        6,
        7,
        8,
        9,
        10,
        11,
        12,
        13,
        14,
        15,
        16,
        17,
        18,
        19,
        20,
        21,
        22,
        23,
        24,
        25,
        26,
        27,
        28,
        29,
        30,
        31,
        32,
        33,
        34,
        35,
        36,
        37,
        38,
        39,
        40,
        41,
        42,
        43,
        44,
        45,
        46,
        47,
        48,
        49,
        50,
        51,
        52,
        53,
        54,
        55,
        56,
        57,
        58,
        59,
        60,
        61,
        62,
        63,
        64,
        65,
        66,
        67,
        68,
        69,
        70,
        71,
        72,
        73,
        74,
        75,
        76,
        77,
        78
    ],
    "train_loss": [
        789.8653564453125,
        789.3856201171875,
        788.935791015625,
        788.4921875,
        788.0497436523438,
        787.5983276367188,
        787.1083984375,
        786.5928344726562,
        786.0462036132812,
        785.4585571289062,
        784.8197021484375,
        784.1278686523438,
        783.3974609375,
        782.5682983398438,
        781.6707763671875,
        780.7386474609375,
        779.6199340820312,
        778.3896484375,
        777.0244140625,
        775.4664306640625,
        773.8092041015625,
        771.9190673828125,
        769.8469848632812,
        767.6765747070312,
        765.2781372070312,
        762.64111328125,
        759.75146484375,
        756.6861572265625,
        753.2938232421875,
        749.7275390625,
        745.87646484375,
        741.6683959960938,
        737.264404296875,
        732.4672241210938,
        727.4937133789062,
        722.2977294921875,
        716.7166137695312,
        710.87109375,
        705.0938720703125,
        698.8275146484375,
        692.485595703125,
        685.9746704101562,
        679.5801391601562,
        672.8359985351562,
        666.045166015625,
        659.2291870117188,
        652.4754638671875,
        645.578857421875,
        638.5259399414062,
        631.5187377929688,
        624.3963012695312,
        617.4885864257812,
        611.0005493164062,
        604.6211547851562,
        598.7446899414062,
        593.8243408203125,
        589.3311767578125,
        586.1567993164062,
        583.09521484375,
        581.2601928710938,
        579.8235473632812,
        578.7625732421875,
        577.9194946289062,
        577.2777709960938,
        576.2840576171875,
        575.6734008789062,
        574.377197265625,
        573.1163940429688,
        571.996337890625,
        570.7903442382812,
        570.3735961914062,
        569.60888671875,
        569.6364135742188,
        569.5204467773438,
        569.2381591796875,
        569.2786254882812,
        569.1633911132812,
        569.1646728515625,
        568.7681274414062
    ],
    "val_loss": [
        816.410400390625,
        815.933349609375,
        815.4922485351562,
        815.0437622070312,
        814.601318359375,
        814.1354370117188,
        813.6666870117188,
        813.1566162109375,
        812.5940551757812,
        812.0,
        811.3693237304688,
        810.6802368164062,
        809.9480590820312,
        809.1314086914062,
        808.2344360351562,
        807.2692260742188,
        806.1613159179688,
        804.9630737304688,
        803.618896484375,
        802.1083374023438,
        800.4161987304688,
        798.606201171875,
        796.6490478515625,
        794.4970703125,
        792.2083740234375,
        789.717041015625,
        787.0114135742188,
        784.0850219726562,
        780.9713745117188,
        777.8131713867188,
        774.294921875,
        770.71630859375,
        766.8919677734375,
        762.8345947265625,
        758.759033203125,
        754.4312744140625,
        749.9940795898438,
        745.5327758789062,
        741.0194702148438,
        736.591796875,
        732.30224609375,
        728.272705078125,
        724.2705078125,
        720.4190063476562,
        716.439453125,
        712.5557250976562,
        708.81298828125,
        705.35546875,
        702.0665893554688,
        699.211669921875,
        696.4688110351562,
        694.3582153320312,
        693.0452270507812,
        692.5650634765625,
        693.2388305664062,
        695.5738525390625,
        698.99951171875,
        702.80224609375,
        708.4783935546875,
        714.361572265625,
        719.8135375976562,
        724.4368286132812,
        728.4478759765625,
        730.5127563476562,
        731.3591918945312,
        729.2036743164062,
        726.2471923828125,
        722.0267333984375,
        717.7870483398438,
        712.955322265625,
        708.3818969726562,
        704.4600219726562,
        701.0440063476562,
        698.7337036132812,
        697.1056518554688,
        696.0961303710938,
        695.9711303710938,
        696.8290405273438,
        698.152099609375
    ]
}