{
    "effect_pehe": 14.695974349975586,
    "effect_mae": 4.716691493988037
}