{
    "effect_pehe": 13.821084022521973,
    "effect_mae": 1.4054718017578125
}