{
    "effect_pehe": 1.536202311515808,
    "effect_mae": 0.6008310317993164
}