{
    "effect_pehe": 3.863267421722412,
    "effect_mae": 2.12774658203125
}