{
    "effect_pehe": 3.7577755451202393,
    "effect_mae": 2.53476619720459
}