{
    "effect_pehe": 0.7984644174575806,
    "effect_mae": 0.02564716339111328
}