{
    "effect_pehe": 3.6675829887390137,
    "effect_mae": 1.2397656440734863
}