{
    "effect_pehe": 1.6248550415039062,
    "effect_mae": 0.12769460678100586
}