{
    "effect_pehe": 1.5081108808517456,
    "effect_mae": 0.5482282638549805
}