{
    "effect_pehe": 9.407354872789735,
    "effect_mae": 6.800712655020467
}