{
    "effect_pehe": 16.094070982034324,
    "effect_mae": 10.442223528538383
}