{
    "effect_pehe": 9.950040624702783,
    "effect_mae": 6.431442790989699
}