{
    "effect_pehe": 6.661248050140055,
    "effect_mae": 4.591269699741497
}