{
    "effect_pehe": 17.880616492616845,
    "effect_mae": 11.375901018131634
}