{
    "effect_pehe": 10.587573212472359,
    "effect_mae": 8.002688314444688
}