{
    "effect_pehe": 12.058687722481897,
    "effect_mae": 7.312722852963018
}