{
    "effect_pehe": 10.070582454834172,
    "effect_mae": 6.909789431859089
}