{
    "effect_pehe": 3.6847852300468373,
    "effect_mae": 2.914287108530455
}