{
    "effect_pehe": 5.407920420049826,
    "effect_mae": 4.320036671289448
}