{
    "effect_pehe": 5.314933431024041,
    "effect_mae": 4.268318114243304
}