{
    "effect_pehe": 3.9780751186590155,
    "effect_mae": 3.1962603599204065
}