{
    "effect_pehe": 16.20943832397461,
    "effect_mae": 1.9201531410217285
}