{
    "effect_pehe": 23.160757064819336,
    "effect_mae": 7.475307464599609
}