{
    "epoch": [
        0,
        1,
        2,
        3,
        4,
        5,
        6,
        7,
        8,
        9,
        10,
        11,
        12,
        13,
        14,
        15,
        16,
        17,
        18,
        19,
        20,
        21,
        22,
        23,
        24,
        25,
        26,
        27,
        28,
        29,
        30,
        31,
        32,
        33,
        34,
        35,
        36,
        37,
        38,
        39,
        40,
        41,
        42,
        43,
        44,
        45,
        46,
        47,
        48,
        49,
        50,
        51,
        52,
        53,
        54,
        55,
        56,
        57,
        58,
        59,
        60,
        61,
        62,
        63,
        64,
        65,
        66,
        67,
        68,
        69,
        70,
        71,
        72,
        73,
        74,
        75,
        76,
        77,
        78,
        79,
        80,
        81,
        82,
        83,
        84,
        85,
        86,
        87,
        88,
        89,
        90,
        91,
        92,
        93,
        94,
        95,
        96,
        97,
        98,
        99,
        100,
        101,
        102,
        103,
        104,
        105,
        106,
        107,
        108,
        109,
        110,
        111,
        112,
        113,
        114,
        115,
        116,
        117,
        118,
        119,
        120,
        121,
        122,
        123,
        124,
        125,
        126,
        127,
        128,
        129,
        130,
        131,
        132,
        133,
        134,
        135,
        136,
        137,
        138,
        139,
        140,
        141,
        142,
        143,
        144,
        145,
        146,
        147,
        148,
        149
    ],
    "train_loss": [
        295.09649658203125,
        294.58319091796875,
        294.0791320800781,
        293.5768127441406,
        293.05340576171875,
        292.4892578125,
        291.8883056640625,
        291.2261657714844,
        290.49462890625,
        289.6778869628906,
        288.7341003417969,
        287.64141845703125,
        286.35418701171875,
        284.8492126464844,
        283.0919189453125,
        281.0723876953125,
        278.7674865722656,
        276.10809326171875,
        273.141845703125,
        269.8079528808594,
        266.08416748046875,
        261.9954528808594,
        257.5328063964844,
        252.73043823242188,
        247.62586975097656,
        242.37713623046875,
        237.19740295410156,
        232.31504821777344,
        228.11834716796875,
        224.9571990966797,
        223.29327392578125,
        223.26669311523438,
        224.42762756347656,
        225.7498016357422,
        226.5082550048828,
        226.26124572753906,
        225.03407287597656,
        223.1925048828125,
        221.26515197753906,
        219.5181884765625,
        218.16604614257812,
        217.25787353515625,
        216.802490234375,
        216.4794464111328,
        216.3741912841797,
        216.293701171875,
        216.09437561035156,
        215.76370239257812,
        215.38632202148438,
        214.8102569580078,
        214.18008422851562,
        213.55218505859375,
        212.9602508544922,
        212.41403198242188,
        211.98233032226562,
        211.65640258789062,
        211.362060546875,
        211.26539611816406,
        211.0089569091797,
        210.80929565429688,
        210.56565856933594,
        210.30088806152344,
        209.8646240234375,
        209.560546875,
        209.21255493164062,
        209.0035400390625,
        208.6267852783203,
        208.4848175048828,
        208.19297790527344,
        208.1088409423828,
        207.81211853027344,
        207.62167358398438,
        207.316162109375,
        207.14370727539062,
        206.99058532714844,
        206.62921142578125,
        206.4676055908203,
        206.34210205078125,
        206.03997802734375,
        205.97344970703125,
        205.74273681640625,
        205.48675537109375,
        205.30996704101562,
        205.14207458496094,
        205.0326690673828,
        204.68972778320312,
        204.5644989013672,
        204.42916870117188,
        204.22727966308594,
        204.11245727539062,
        203.83709716796875,
        203.69808959960938,
        203.5269012451172,
        203.2612762451172,
        203.09710693359375,
        202.89466857910156,
        202.6823272705078,
        202.50582885742188,
        202.19305419921875,
        201.93089294433594,
        201.59385681152344,
        201.46871948242188,
        201.26939392089844,
        200.99398803710938,
        200.60797119140625,
        200.32933044433594,
        200.14263916015625,
        199.8401641845703,
        199.54891967773438,
        199.00999450683594,
        199.05667114257812,
        198.4852752685547,
        198.25076293945312,
        197.99786376953125,
        197.42767333984375,
        197.17544555664062,
        196.84727478027344,
        196.47471618652344,
        196.03713989257812,
        195.77745056152344,
        195.41368103027344,
        194.8633575439453,
        194.66476440429688,
        194.23284912109375,
        193.8975830078125,
        193.57192993164062,
        192.95156860351562,
        192.9327850341797,
        192.40042114257812,
        191.78118896484375,
        191.62643432617188,
        191.3112335205078,
        190.70816040039062,
        190.1454620361328,
        189.9875030517578,
        189.36549377441406,
        188.79638671875,
        188.55746459960938,
        187.72763061523438,
        187.368896484375,
        186.7148895263672,
        186.17442321777344,
        185.6633758544922,
        184.95608520507812,
        183.96817016601562,
        183.87109375,
        182.65203857421875,
        181.48866271972656,
        181.2356719970703,
        180.2075958251953
    ],