{
    "effect_pehe": 26.969776153564453,
    "effect_mae": 14.38509464263916
}