{
    "effect_pehe": 22.7639217376709,
    "effect_mae": 7.214103698730469
}