{
    "effect_pehe": 19.58595085144043,
    "effect_mae": 6.103322982788086
}