{
    "effect_pehe": 15.448211669921875,
    "effect_mae": 1.8523006439208984
}