{
    "effect_pehe": 14.58849811553955,
    "effect_mae": 3.174067497253418
}