{
    "epoch": [
        0,
        1,
        2,
        3,
        4,
        5,
        6,
        7,
        8,
        9,
        10,
        11,
        12,
        13,
        14,
        15,
        16,
        17,
        18,
        19,
        20,
        21,
        22,
        23,
        24,
        25,
        26,
        27,
        28,
        29,
        30,
        31,
        32,
        33,
        34,
        35,
        36,
        37,
        38,
        39,
        40,
        41,
        42,
        43,
        44,
        45,
        46,
        47,
        48,
        49,
        50,
        51,
        52,
        53,
        54,
        55,
        56,
        57,
        58,
        59,
        60,
        61,
        62,
        63,
        64,
        65,
        66,
        67,
        68,
        69,
        70,
        71,
        72,
        73,
        74,
        75,
        76,
        77,
        78,
        79,
        80,
        81,
        82,
        83,
        84,
        85,
        86,
        87,
        88,
        89,
        90,
        91,
        92,
        93,
        94,
        95,
        96,
        97,
        98,
        99,
        100,
        101,
        102,
        103,
        104
    ],
    "train_loss": [
        497.4971923828125,
        496.94134521484375,
        496.4056396484375,
        495.85693359375,
        495.2850341796875,
        494.6641540527344,
        493.98834228515625,
        493.2602233886719,
        492.464111328125,
        491.56512451171875,
        490.54998779296875,
        489.3579406738281,
        487.9871826171875,
        486.4309997558594,
        484.6479187011719,
        482.6172790527344,
        480.3258056640625,
        477.716552734375,
        474.73712158203125,
        471.42352294921875,
        467.654052734375,
        463.4231872558594,
        458.7445373535156,
        453.50726318359375,
        447.7496643066406,
        441.4517822265625,
        434.5876770019531,
        427.263916015625,
        419.4677734375,
        411.30169677734375,
        403.0957336425781,
        394.8648986816406,
        387.0414123535156,
        379.9624328613281,
        373.7914733886719,
        368.9544982910156,
        365.6256103515625,
        364.1825866699219,
        364.64288330078125,
        366.2903747558594,
        368.05902099609375,
        368.8576354980469,
        368.16497802734375,
        366.256103515625,
        363.5553283691406,
        360.6108093261719,
        358.0296936035156,
        355.9134216308594,
        354.4593811035156,
        353.55731201171875,
        352.95074462890625,
        352.6672668457031,
        352.3430480957031,
        352.113525390625,
        351.6977844238281,
        351.12603759765625,
        350.397216796875,
        349.75341796875,
        348.8710021972656,
        348.1302795410156,
        347.1383972167969,
        346.4059753417969,
        345.83978271484375,
        345.2658996582031,
        344.8434143066406,
        344.5695495605469,
        344.17974853515625,
        344.0557556152344,
        343.75665283203125,
        343.3784484863281,
        342.8968505859375,
        342.6510314941406,
        342.18896484375,
        341.6102600097656,
        341.2519836425781,
        340.9550476074219,
        340.52569580078125,
        340.1741027832031,
        340.06256103515625,
        339.72869873046875,
        339.32257080078125,
        339.02777099609375,
        338.76507568359375,
        338.5224304199219,
        338.28997802734375,
        338.0252685546875,
        337.7530822753906,
        337.4483947753906,
        337.2140197753906,
        336.89654541015625,
        336.7419128417969,
        336.411376953125,
        336.36944580078125,
        335.90631103515625,
        335.6539306640625,
        335.3579406738281,
        335.2299499511719,
        335.0660705566406,
        334.6408996582031,
        334.6065979003906,
        334.2273864746094,
        334.07037353515625,
        333.9015197753906,
        333.6587829589844,
        333.3262023925781
    ],
    "val_loss": [
        636.4441528320312,
        635.8861083984375,
        635.342041015625,
        634.801025390625,
        634.2337646484375,
        633.6180419921875,
        632.9381103515625,
        632.2157592773438,
        631.46728515625,
        630.58642578125,
        629.5982055664062,
        628.4849243164062,
        627.204345703125,
        625.7437744140625,
        624.056640625,
        622.1845703125,
        620.075439453125,
        617.6378173828125,
        614.9057006835938,
        611.809814453125,
        608.4052124023438,
        604.5775146484375,
        600.36328125,
        595.6433715820312,
        590.4556274414062,
        584.859375,
        578.8292236328125,
        572.1561889648438,
        565.2977294921875,
        558.0114135742188,
        550.7671508789062,
        543.242919921875,
        535.8562622070312,
        528.9671020507812,
        522.4645385742188,
        516.5285034179688,
        511.35235595703125,
        507.11181640625,
        504.4905090332031,
        503.3327941894531,
        502.85504150390625,
        502.5924377441406,
        501.7692565917969,
        500.1819152832031,
        498.3780212402344,
        496.3021545410156,
        494.4924011230469,
        493.3329772949219,
        492.4119567871094,
        491.9151306152344,
        492.1736755371094,
        492.02447509765625,
        492.1651916503906,
        492.40753173828125,
        492.08831787109375,
        492.114013671875,
        491.7565002441406,
        491.5318908691406,
        491.4297790527344,
        491.01019287109375,
        491.0296630859375,
        490.93621826171875,
        490.7640380859375,
        491.28314208984375,
        491.6826171875,
        492.0766906738281,
        492.64056396484375,
        492.9393310546875,
        493.03875732421875,
        493.1244201660156,
        493.0749816894531,
        492.61187744140625,
        492.1347961425781,
        491.62738037109375,
        491.10504150390625,
        490.4598693847656,
        490.1849365234375,
        489.980712890625,
        489.8138427734375,
        489.78131103515625,
        489.8918762207031,
        490.2444763183594,
        490.6324462890625,
        491.12713623046875,
        491.6117248535156,
        492.1346130371094,
        492.35064697265625,
        492.82232666015625,
        493.7616882324219,
        494.2314147949219,
        494.3561096191406,
        495.2425842285156,
        494.88323974609375,
        494.9710388183594,
        494.7706298828125,
        494.83697509765625,
        495.12158203125,
        494.8431701660156,
        494.5810546875,
        494.8031005859375,
        495.0795593261719,
        494.8869323730469,
        495.24017333984375,
        495.7908935546875,
        496.0696105957031
    ]
}