{
    "effect_pehe": 27.132198333740234,
    "effect_mae": 6.693095684051514
}