{
    "effect_pehe": 17.094541549682617,
    "effect_mae": 6.895057201385498
}