{
    "effect_pehe": 33.43181228637695,
    "effect_mae": 3.172896385192871
}