{
    "epoch": [
        0,
        1,
        2,
        3,
        4,
        5,
        6,
        7,
        8,
        9,
        10,
        11,
        12,
        13,
        14,
        15,
        16,
        17,
        18,
        19,
        20,
        21,
        22,
        23,
        24,
        25,
        26,
        27,
        28,
        29,
        30,
        31,
        32,
        33,
        34,
        35,
        36,
        37,
        38,
        39,
        40,
        41,
        42,
        43,
        44,
        45,
        46,
        47,
        48,
        49,
        50,
        51,
        52,
        53,
        54,
        55,
        56,
        57,
        58,
        59,
        60,
        61,
        62,
        63,
        64,
        65,
        66,
        67,
        68,
        69,
        70,
        71,
        72,
        73,
        74,
        75,
        76,
        77,
        78,
        79,
        80,
        81,
        82,
        83,
        84,
        85,
        86,
        87,
        88,
        89,
        90,
        91,
        92,
        93,
        94,
        95,
        96,
        97,
        98,
        99,
        100,
        101,
        102,
        103,
        104,
        105
    ],
    "train_loss": [
        494.3830871582031,
        493.7677001953125,
        493.1356506347656,
        492.4889221191406,
        491.79498291015625,
        491.02447509765625,
        490.16119384765625,
        489.16998291015625,
        488.0566711425781,
        486.77728271484375,
        485.30859375,
        483.6112365722656,
        481.6888122558594,
        479.5029602050781,
        477.0133056640625,
        474.1781311035156,
        471.0415344238281,
        467.4922790527344,
        463.43896484375,
        458.9455261230469,
        453.84228515625,
        448.2227783203125,
        441.9880676269531,
        435.1396789550781,
        427.7708435058594,
        419.8998718261719,
        411.5561218261719,
        403.1051025390625,
        394.6053161621094,
        386.4060974121094,
        378.9422912597656,
        372.44927978515625,
        367.2440490722656,
        363.4511413574219,
        361.4845886230469,
        361.675048828125,
        363.2264404296875,
        365.1833190917969,
        366.1950378417969,
        365.7308044433594,
        363.784423828125,
        360.9080810546875,
        357.806884765625,
        354.95538330078125,
        352.7365417480469,
        351.1181945800781,
        350.1415100097656,
        349.4449462890625,
        349.0636901855469,
        348.73193359375,
        348.4490966796875,
        347.99951171875,
        347.31787109375,
        346.6001281738281,
        345.6423645019531,
        344.6689147949219,
        343.7857971191406,
        342.6818542480469,
        341.90447998046875,
        340.955810546875,
        340.37884521484375,
        339.8256530761719,
        339.2380065917969,
        338.8255920410156,
        338.46905517578125,
        337.919677734375,
        337.40435791015625,
        336.82415771484375,
        336.18975830078125,
        335.5901794433594,
        335.0270690917969,
        334.4554443359375,
        333.923583984375,
        333.5121765136719,
        332.9341735839844,
        332.5050964355469,
        332.0724792480469,
        331.3806457519531,
        331.0503234863281,
        330.54736328125,
        329.9827880859375,
        329.5600280761719,
        329.0346984863281,
        328.6895446777344,
        327.9884948730469,
        327.4346008300781,
        327.17962646484375,
        326.6280822753906,
        326.03265380859375,
        325.98968505859375,
        325.21588134765625,
        324.65740966796875,
        324.30511474609375,
        323.73040771484375,
        323.34149169921875,
        322.920654296875,
        322.1524963378906,
        321.6396179199219,
        321.1885681152344,
        320.6493835449219,
        320.1400146484375,
        319.71160888671875,
        319.1907653808594,
        318.3779602050781,
        317.87005615234375,
        317.1009521484375
    ],
    "val_loss": [
        488.9318542480469,
        488.5038146972656,
        488.0679931640625,
        487.6322937011719,
        487.1801452636719,
        486.67138671875,
        486.1112365722656,
        485.48663330078125,
        484.8313293457031,
        484.1061096191406,
        483.2594299316406,
        482.31195068359375,
        481.2602844238281,
        480.0584411621094,
        478.72235107421875,
        477.2381286621094,
        475.5812072753906,
        473.74365234375,
        471.690673828125,
        469.50689697265625,
        466.9642639160156,
        464.22418212890625,
        461.1023254394531,
        457.7180480957031,
        454.0884704589844,
        450.07769775390625,
        445.8062744140625,
        441.2022399902344,
        436.61810302734375,
        431.5534973144531,
        426.5902099609375,
        421.77313232421875,
        416.94866943359375,
        412.3244323730469,
        408.2059020996094,
        404.38848876953125,
        402.0205993652344,
        400.29473876953125,
        399.0298156738281,
        398.4988708496094,
        398.135986328125,
        398.0913391113281,
        398.3077087402344,
        398.7387390136719,
        398.8527526855469,
        399.2356872558594,
        399.62548828125,
        399.6346740722656,
        399.5343933105469,
        399.34619140625,
        399.2527770996094,
        398.5533142089844,
        397.82464599609375,
        396.8565673828125,
        395.91314697265625,
        395.052490234375,
        393.8528137207031,
        392.9266662597656,
        392.13623046875,
        391.70428466796875,
        390.8819885253906,
        390.50689697265625,
        390.39447021484375,
        390.161376953125,
        390.1052551269531,
        390.096923828125,
        389.8650207519531,
        389.6239929199219,
        389.41552734375,
        389.0908203125,
        388.7126159667969,
        388.297607421875,
        387.9801025390625,
        387.6214599609375,
        387.1300048828125,
        386.59490966796875,
        386.520263671875,
        386.5088806152344,
        386.08056640625,
        386.3406982421875,
        386.03961181640625,
        386.2884826660156,
        386.3132019042969,
        386.339599609375,
        386.9183349609375,
        387.16046142578125,
        386.7701416015625,
        387.0863342285156,
        386.8741760253906,
        387.0729675292969,
        387.2022705078125,
        387.5411376953125,
        387.9223327636719,
        388.2181396484375,
        388.5430908203125,
        389.0128173828125,
        389.7534484863281,
        389.2633361816406,
        389.7012023925781,
        389.8651428222656,
        390.3836364746094,
        390.9705810546875,
        391.5539245605469,
        392.0846252441406,
        392.6076965332031,
        392.9134826660156
    ]
}