{
    "effect_pehe": 16.219463348388672,
    "effect_mae": 1.3897876739501953
}