{
    "effect_pehe": 7.126850605010986,
    "effect_mae": 0.19953680038452148
}