{
    "effect_pehe": 8.778341293334961,
    "effect_mae": 1.3548693656921387
}