{
    "effect_pehe": 9.260658264160156,
    "effect_mae": 0.6421589851379395
}