{
    "effect_pehe": 6.376176834106445,
    "effect_mae": 1.100332260131836
}