{
    "effect_pehe": 7.101988792419434,
    "effect_mae": 1.6259231567382812
}