{
    "effect_pehe": 5.723019599914551,
    "effect_mae": 0.8856587409973145
}