{
    "effect_pehe": 7.105772495269775,
    "effect_mae": 1.288083553314209
}