{
    "effect_pehe": 19.782736371966475,
    "effect_mae": 9.406191024895357
}