{
    "effect_pehe": 7.54165820947453,
    "effect_mae": 5.73215110986125
}