{
    "effect_pehe": 9.90807975988488,
    "effect_mae": 7.256938785148039
}