{
    "effect_pehe": 7.250077759572765,
    "effect_mae": 4.520267069233017
}