{
    "effect_pehe": 5.878666502027665,
    "effect_mae": 3.932729122151538
}