{
    "effect_pehe": 6.103567692763612,
    "effect_mae": 4.228858007226045
}