{
    "effect_pehe": 13.304908666596127,
    "effect_mae": 9.64624752120819
}