{
    "effect_pehe": 18.336199647991876,
    "effect_mae": 10.82094028764357
}