{
    "effect_pehe": 13.038428522764846,
    "effect_mae": 6.535681783945966
}