{
    "effect_pehe": 12.989512411912157,
    "effect_mae": 6.7023585843540445
}