{
    "effect_pehe": 13.781241116794735,
    "effect_mae": 6.068609774445936
}