{
    "effect_pehe": 13.185724716596733,
    "effect_mae": 7.099779848188594
}