{
    "effect_pehe": 13.870870589347868,
    "effect_mae": 6.687448391464208
}