{
    "effect_pehe": 14.698985050156072,
    "effect_mae": 6.002363950471198
}