{
    "effect_pehe": 11.342084277891942,
    "effect_mae": 5.280566525693992
}