{
    "effect_pehe": 13.799623551647787,
    "effect_mae": 7.0377785698047814
}