{
    "effect_pehe": 6.661292552947998,
    "effect_mae": 0.6995954513549805
}