{
    "effect_pehe": 17.442094802856445,
    "effect_mae": 1.7181119918823242
}