{
    "effect_pehe": 5.679213047027588,
    "effect_mae": 0.8120605945587158
}