{
    "effect_pehe": 4.344117641448975,
    "effect_mae": 0.8893387317657471
}