{
    "effect_pehe": 7.948410987854004,
    "effect_mae": 0.475341796875
}