{
    "effect_pehe": 5.264444351196289,
    "effect_mae": 1.3420920372009277
}