{
    "effect_pehe": 7.006130218505859,
    "effect_mae": 0.9916448593139648
}