{
    "effect_pehe": 13.063472747802734,
    "effect_mae": 1.9527263641357422
}