{
    "effect_pehe": 8.172417640686035,
    "effect_mae": 1.8153886795043945
}