{
    "effect_pehe": 4.327143669128418,
    "effect_mae": 0.19828510284423828
}