{
    "effect_pehe": 7.284000396728516,
    "effect_mae": 2.1130356788635254
}