{
    "effect_pehe": 8.982423782348633,
    "effect_mae": 2.04746150970459
}