{
    "effect_pehe": 6.360148906707764,
    "effect_mae": 0.4995913505554199
}