{
    "effect_pehe": 5.944632530212402,
    "effect_mae": 1.3023285865783691
}