{
    "effect_pehe": 10.577106475830078,
    "effect_mae": 1.051375389099121
}