{
    "effect_pehe": 6.150832653045654,
    "effect_mae": 0.1167745590209961
}