{
    "effect_pehe": 6.706233501434326,
    "effect_mae": 0.49196624755859375
}