{
    "effect_pehe": 8.771718978881836,
    "effect_mae": 2.6286659240722656
}