{
    "effect_pehe": 8.945545196533203,
    "effect_mae": 0.4723834991455078
}