{
    "effect_pehe": 6.5170578956604,
    "effect_mae": 0.13364076614379883
}