{
    "effect_pehe": 5.479115009307861,
    "effect_mae": 0.6823916435241699
}