{
    "effect_pehe": 9.133538246154785,
    "effect_mae": 0.10752582550048828
}