{
    "effect_pehe": 7.103818416595459,
    "effect_mae": 0.23814725875854492
}