{
    "effect_pehe": 8.33813190460205,
    "effect_mae": 1.8386411666870117
}