{
    "effect_pehe": 8.451059341430664,
    "effect_mae": 1.5620298385620117
}