{
    "effect_pehe": 8.73146915435791,
    "effect_mae": 1.2262120246887207
}