{
    "effect_pehe": 5.782977104187012,
    "effect_mae": 3.1666674613952637
}