{
    "effect_pehe": 11.241195678710938,
    "effect_mae": 2.0966687202453613
}