{
    "effect_pehe": 9.050573348999023,
    "effect_mae": 0.10509777069091797
}