{
    "effect_pehe": 7.229007720947266,
    "effect_mae": 3.18804931640625
}