{
    "effect_pehe": 10.339949607849121,
    "effect_mae": 1.712885856628418
}