{
    "effect_pehe": 9.23192310333252,
    "effect_mae": 1.4522533416748047
}