{
    "effect_pehe": 7.490513324737549,
    "effect_mae": 1.6596956253051758
}