{
    "effect_pehe": 12.47403621673584,
    "effect_mae": 2.3038930892944336
}