{
    "effect_pehe": 6.276729106903076,
    "effect_mae": 3.7474799156188965
}