{
    "effect_pehe": 10.245227813720703,
    "effect_mae": 0.2452392578125
}