{
    "effect_pehe": 0.798916757106781,
    "effect_mae": 0.01378929615020752
}