{
    "effect_pehe": 3.2502570152282715,
    "effect_mae": 0.1960718333721161
}