{
    "effect_pehe": 1.9233832359313965,
    "effect_mae": 0.10500934720039368
}