{
    "effect_pehe": 3.27435040473938,
    "effect_mae": 0.27247723937034607
}