{
    "effect_pehe": 1.8903181552886963,
    "effect_mae": 0.08382028341293335
}