{
    "effect_pehe": 0.7738778591156006,
    "effect_mae": 0.013919740915298462
}