{
    "effect_pehe": 1.7684483528137207,
    "effect_mae": 0.17473870515823364
}