{
    "effect_pehe": 2.387777805328369,
    "effect_mae": 0.811660885810852
}