{
    "effect_pehe": 4.600717067718506,
    "effect_mae": 1.8571434020996094
}