{
    "effect_pehe": 6.053445339202881,
    "effect_mae": 2.8921151161193848
}