{
    "effect_pehe": 10.293466567993164,
    "effect_mae": 7.5286054611206055
}