{
    "effect_pehe": 11.657374382019043,
    "effect_mae": 6.9812774658203125
}