{
    "effect_pehe": 5.640836715698242,
    "effect_mae": 2.076171875
}