{
    "effect_pehe": 8.826251029968262,
    "effect_mae": 3.900188446044922
}