{
    "effect_pehe": 5.223318099975586,
    "effect_mae": 2.505520820617676
}