{
    "effect_pehe": 9.415392875671387,
    "effect_mae": 3.823336601257324
}