{
    "effect_pehe": 17.94172141420072,
    "effect_mae": 10.963013464256127
}