{
    "effect_pehe": 17.106113554168687,
    "effect_mae": 9.588859612893613
}