{
    "effect_pehe": 18.52222388426829,
    "effect_mae": 11.388345302079998
}