{
    "effect_pehe": 16.604585791997152,
    "effect_mae": 10.530532460090493
}