{
    "effect_pehe": 19.70288830014828,
    "effect_mae": 11.84876744443841
}