{
    "effect_pehe": 13.737134169059106,
    "effect_mae": 8.443843750854258
}