{
    "effect_pehe": 20.419786849323778,
    "effect_mae": 12.453946119347204
}