{
    "effect_pehe": 14.231054233444947,
    "effect_mae": 7.380922381515433
}