{
    "effect_pehe": 14.602328898185931,
    "effect_mae": 6.825103666492386
}