{
    "effect_pehe": 5.178867141019309,
    "effect_mae": 4.132467039749921
}