{
    "effect_pehe": 5.705819350187465,
    "effect_mae": 4.557576120285825
}