{
    "effect_pehe": 3.563047748093817,
    "effect_mae": 2.8242108007422995
}