{
    "effect_pehe": 5.356807375525187,
    "effect_mae": 4.341588921531759
}