{
    "effect_pehe": 4.937951212838039,
    "effect_mae": 3.9337469039489825
}