{
    "effect_pehe": 4.222901364606947,
    "effect_mae": 3.3263275358070037
}