{
    "effect_pehe": 5.645072032420489,
    "effect_mae": 4.4821959196025585
}