{
    "effect_pehe": 3.2005463693580523,
    "effect_mae": 2.5237448070912962
}