{
    "effect_pehe": 3.870782365291352,
    "effect_mae": 3.1299432263695355
}