{
    "effect_pehe": 2.4122169225691086,
    "effect_mae": 1.8801076086076507
}