{
    "effect_pehe": 2.6091836816327376,
    "effect_mae": 2.044658276464375
}