{
    "effect_pehe": 4.252885043878418,
    "effect_mae": 3.3894012545899677
}