{
    "effect_pehe": 2.061639042811986,
    "effect_mae": 1.6391331277379693
}