{
    "effect_pehe": 2.9481068882521733,
    "effect_mae": 2.356721456040693
}