{
    "effect_pehe": 2.6557637074424494,
    "effect_mae": 2.0870026774460513
}