{
    "effect_pehe": 3.440724822761492,
    "effect_mae": 2.800426650846951
}