{
    "effect_pehe": 3.2635759895859526,
    "effect_mae": 2.6200894084223316
}