{
    "effect_pehe": 3.124967651683709,
    "effect_mae": 2.4775054444196605
}