{
    "effect_pehe": 5.57234001159668,
    "effect_mae": 0.049014389514923096
}