{
    "effect_pehe": 4.560074806213379,
    "effect_mae": 0.15527719259262085
}