{
    "epoch": [
        0,
        1,
        2,
        3,
        4,
        5,
        6,
        7,
        8,
        9,
        10,
        11,
        12,
        13,
        14,
        15,
        16,
        17,
        18,
        19,
        20,
        21,
        22,
        23,
        24,
        25,
        26,
        27,
        28,
        29,
        30,
        31,
        32,
        33,
        34,
        35,
        36,
        37,
        38,
        39,
        40,
        41,
        42,
        43,
        44,
        45,
        46,
        47,
        48,
        49,
        50,
        51,
        52,
        53,
        54,
        55,
        56,
        57,
        58,
        59,
        60,
        61,
        62,
        63,
        64,
        65,
        66,
        67,
        68,
        69,
        70,
        71,
        72,
        73,
        74,
        75,
        76,
        77,
        78,
        79,
        80,
        81,
        82,
        83,
        84,
        85,
        86,
        87,
        88,
        89,
        90,
        91,
        92,
        93,
        94,
        95,
        96,
        97,
        98,
        99,
        100,
        101,
        102,
        103,
        104,
        105,
        106,
        107,
        108,
        109,
        110,
        111,
        112,
        113,
        114,
        115,
        116,
        117,
        118,
        119,
        120,
        121,
        122,
        123,
        124,
        125,
        126,
        127,
        128,
        129,
        130,
        131,
        132,
        133,
        134,
        135,
        136,
        137,
        138,
        139,
        140,
        141,
        142,
        143,
        144,
        145,
        146,
        147,
        148,
        149,
        150,
        151,
        152,
        153,
        154,
        155,
        156,
        157,
        158,
        159,
        160,
        161,
        162,
        163,
        164,
        165,
        166,
        167,
        168,
        169,
        170,
        171,
        172,
        173,
        174,
        175
    ],
    "train_loss": [
        66.1200180053711,
        35.16114044189453,
        23.743896484375,
        25.162477493286133,
        29.766353607177734,
        26.3006534576416,
        18.993938446044922,
        14.558932304382324,
        11.385599136352539,
        11.3097562789917,
        14.394261360168457,
        14.744012832641602,
        14.254653930664062,
        12.100826263427734,
        9.872452735900879,
        7.964919567108154,
        7.315754413604736,
        7.107165336608887,
        7.018629550933838,
        7.852416038513184,
        6.757143497467041,
        6.239304065704346,
        5.437349796295166,
        4.866955757141113,
        4.742925643920898,
        5.315796375274658,
        5.283938407897949,
        5.193492412567139,
        4.853220462799072,
        4.059299468994141,
        3.670217275619507,
        3.4654479026794434,
        3.4441092014312744,
        3.6167285442352295,
        3.6011390686035156,
        3.220433473587036,
        2.964996814727783,
        2.7277908325195312,
        2.566758871078491,
        2.674518346786499,
        2.737818479537964,
        2.528447389602661,
        2.5120489597320557,
        2.377166986465454,
        2.142260789871216,
        2.0590858459472656,
        1.9885181188583374,
        2.084650993347168,
        1.915992259979248,
        1.9047948122024536,
        1.8077077865600586,
        1.7606114149093628,
        1.656419038772583,
        1.7030131816864014,
        1.6623687744140625,
        1.648071527481079,
        1.6339701414108276,
        1.5353554487228394,
        1.5126688480377197,
        1.5018982887268066,
        1.5054855346679688,
        1.4787534475326538,
        1.4375807046890259,
        1.3833551406860352,
        1.405989646911621,
        1.3723504543304443,
        1.3562554121017456,
        1.3603541851043701,
        1.2896405458450317,
        1.2993085384368896,
        1.2621346712112427,
        1.2007472515106201,
        1.2514876127243042,
        1.214293360710144,
        1.1834125518798828,
        1.1800198554992676,
        1.1859468221664429,
        1.1463854312896729,
        1.1429673433303833,
        1.1380594968795776,
        1.0946767330169678,
        1.1164392232894897,
        1.0768085718154907,
        1.082536220550537,
        1.0910065174102783,
        1.08083176612854,
        1.0592775344848633,
        1.0582932233810425,
        1.061584711074829,
        1.0248082876205444,
        1.0295026302337646,
        1.0152429342269897,
        1.019447922706604,
        0.9857710599899292,
        1.0253100395202637,
        1.00971519947052,
        1.0171470642089844,
        0.9920610189437866,
        0.987995982170105,
        0.9868189692497253,
        0.9893661141395569,
        0.9770565629005432,
        0.9838233590126038,
        0.9891791343688965,
        0.9955158829689026,
        1.0030887126922607,
        0.9658967852592468,
        0.9785803556442261,
        0.9788230061531067,
        0.9816389083862305,
        0.9644978642463684,
        0.953281581401825,
        0.9644007682800293,
        0.9550933241844177,
        0.9376341700553894,
        0.9707803726196289,
        0.9496195316314697,
        0.9508127570152283,
        0.958890974521637,
        0.9422482848167419,
        0.9553259015083313,
        0.9565248489379883,
        0.9578812718391418,
        0.9629095196723938,
        0.9553619027137756,
        0.9271937608718872,
        0.9393507242202759,
        0.9335954189300537,
        0.9442614316940308,
        0.947063684463501,
        0.9387588500976562,
        0.9353139400482178,
        0.9128068685531616,
        0.9299979209899902,
        0.9290215373039246,
        0.9510622620582581,
        0.9222586154937744,
        0.9367700219154358,
        0.9282333254814148,
        0.9300307035446167,
        0.9323787689208984,
        0.9348806738853455,
        0.9469958543777466,
        0.9431184530258179,
        0.9338167309761047,
        0.9202941060066223,
        0.9360660314559937,
        0.9306135773658752,
        0.9386077523231506,
        0.92951899766922,
        0.9201155304908752,
        0.9372329711914062,
        0.9410067200660706,
        0.940548300743103,
        0.9267739057540894,
        0.9335942268371582,
        0.9302768707275391,
        0.948211133480072,
        0.9233150482177734,
        0.9318222403526306,
        0.9272805452346802,
        0.9286522269248962,
        0.9424523115158081,
        0.9323442578315735,
        0.9174044132232666,
        0.9331808090209961,
        0.9422317743301392,
        0.9390923380851746,
        0.9410825371742249,
        0.9453914165496826,
        0.9314332604408264,
        0.9216099381446838,
        0.9297793507575989,
        0.9460553526878357,
        0.9456011652946472,
        0.9310536980628967
    ],