{
    "effect_pehe": 5.584695816040039,
    "effect_mae": 0.14982368052005768
}