{
    "effect_pehe": 3.2662763595581055,
    "effect_mae": 0.12167516350746155
}