{
    "effect_pehe": 5.450103759765625,
    "effect_mae": 1.0147910118103027
}