{
    "epoch": [
        0,
        1,
        2,
        3,
        4,
        5,
        6,
        7,
        8,
        9,
        10,
        11,
        12,
        13,
        14,
        15,
        16,
        17,
        18,
        19,
        20,
        21,
        22,
        23,
        24,
        25,
        26,
        27,
        28,
        29,
        30,
        31,
        32,
        33,
        34,
        35,
        36,
        37,
        38,
        39,
        40,
        41,
        42,
        43,
        44,
        45,
        46,
        47,
        48,
        49,
        50,
        51,
        52,
        53,
        54,
        55,
        56,
        57,
        58,
        59,
        60,
        61,
        62,
        63,
        64,
        65,
        66,
        67,
        68,
        69,
        70,
        71,
        72,
        73,
        74,
        75,
        76,
        77,
        78,
        79,
        80,
        81,
        82,
        83,
        84,
        85,
        86,
        87,
        88,
        89,
        90,
        91,
        92,
        93,
        94,
        95,
        96,
        97,
        98,
        99,
        100,
        101,
        102,
        103,
        104,
        105,
        106,
        107,
        108,
        109,
        110,
        111,
        112,
        113,
        114,
        115,
        116,
        117
    ],
    "train_loss": [
        85.39604187011719,
        86.39837646484375,
        59.9468994140625,
        42.92105484008789,
        36.70235061645508,
        32.38911437988281,
        28.59340476989746,
        22.296947479248047,
        18.35482406616211,
        17.955875396728516,
        16.455581665039062,
        13.359113693237305,
        11.626108169555664,
        10.464454650878906,
        10.320385932922363,
        9.569138526916504,
        9.145939826965332,
        7.508515357971191,
        7.0986008644104,
        7.000607490539551,
        6.9212422370910645,
        5.5494384765625,
        5.054171562194824,
        5.534191131591797,
        5.1078267097473145,
        4.730868339538574,
        4.285645484924316,
        3.8868825435638428,
        3.9638705253601074,
        3.7236924171447754,
        3.329586982727051,
        3.092165946960449,
        2.9867866039276123,
        2.9142723083496094,
        2.514655828475952,
        2.392390727996826,
        2.1736648082733154,
        2.099905014038086,
        1.9482444524765015,
        1.8894715309143066,
        1.6616649627685547,
        1.543143391609192,
        1.5734726190567017,
        1.456392526626587,
        1.4904266595840454,
        1.4195212125778198,
        1.4262765645980835,
        1.3513010740280151,
        1.3359055519104004,
        1.2904478311538696,
        1.2657802104949951,
        1.3003644943237305,
        1.2191685438156128,
        1.1820402145385742,
        1.1701239347457886,
        1.1416096687316895,
        1.125827431678772,
        1.078300952911377,
        1.029120922088623,
        1.069185495376587,
        1.0040857791900635,
        1.026253581047058,
        1.012625813484192,
        1.0079565048217773,
        0.9871712327003479,
        0.9861912131309509,
        0.972776472568512,
        0.9903984665870667,
        0.9653985500335693,
        0.9833850264549255,
        0.9779144525527954,
        0.9651956558227539,
        0.965084433555603,
        0.9599637985229492,
        0.9613873958587646,
        0.9498590230941772,
        0.9721745252609253,
        0.9558156728744507,
        0.9466449022293091,
        0.9568395018577576,
        0.9488822221755981,
        0.943106472492218,
        0.9526188373565674,
        0.9477952718734741,
        0.9725413918495178,
        0.966175377368927,
        0.9439473748207092,
        0.9431995749473572,
        0.9515340924263,
        0.9486878514289856,
        0.95085608959198,
        0.950905978679657,
        0.9264898896217346,
        0.9425073266029358,
        0.9339739084243774,
        0.9631435871124268,
        0.9362963438034058,
        0.9378584623336792,
        0.9386863112449646,
        0.9544001221656799,
        0.9332087635993958,
        0.9221727252006531,
        0.935697615146637,
        0.9405141472816467,
        0.9442886114120483,
        0.9425666332244873,
        0.9436689615249634,
        0.948401689529419,
        0.9221480488777161,
        0.9383939504623413,
        0.9420112371444702,
        0.9409983158111572,
        0.9341609477996826,
        0.9218142628669739,
        0.9412444233894348,
        0.9419490694999695,
        0.9368160963058472,
        0.9285106062889099
    ],