{
    "effect_pehe": 4.9915385246276855,
    "effect_mae": 1.4186859130859375
}