{
    "epoch": [
        0,
        1,
        2,
        3,
        4,
        5,
        6,
        7,
        8,
        9,
        10,
        11,
        12,
        13,
        14,
        15,
        16,
        17,
        18,
        19,
        20,
        21,
        22,
        23,
        24,
        25,
        26,
        27,
        28,
        29,
        30,
        31,
        32,
        33,
        34,
        35,
        36,
        37,
        38,
        39,
        40,
        41,
        42,
        43,
        44,
        45,
        46,
        47,
        48,
        49,
        50,
        51,
        52,
        53,
        54,
        55,
        56,
        57,
        58,
        59,
        60,
        61,
        62,
        63,
        64,
        65,
        66,
        67,
        68,
        69,
        70,
        71,
        72,
        73,
        74,
        75,
        76,
        77,
        78,
        79,
        80,
        81,
        82,
        83,
        84,
        85,
        86,
        87,
        88,
        89,
        90,
        91,
        92,
        93,
        94,
        95,
        96,
        97,
        98,
        99,
        100,
        101,
        102,
        103,
        104,
        105,
        106,
        107,
        108,
        109,
        110,
        111,
        112,
        113,
        114,
        115,
        116,
        117,
        118,
        119,
        120,
        121,
        122,
        123,
        124,
        125
    ],
    "train_loss": [
        637.4644165039062,
        404.2754211425781,
        285.246826171875,
        343.8406982421875,
        382.4441223144531,
        332.7708435058594,
        210.39584350585938,
        174.47023010253906,
        196.71240234375,
        245.0157012939453,
        244.9793243408203,
        217.31756591796875,
        170.66213989257812,
        137.915283203125,
        151.36965942382812,
        146.25430297851562,
        160.51028442382812,
        139.75900268554688,
        124.45376586914062,
        122.86556243896484,
        109.42040252685547,
        95.64557647705078,
        96.3293228149414,
        85.77411651611328,
        83.99530792236328,
        82.51113891601562,
        84.17610931396484,
        58.773155212402344,
        60.874183654785156,
        60.4381217956543,
        64.55658721923828,
        59.73633575439453,
        51.64154815673828,
        44.1067008972168,
        44.18861389160156,
        41.833221435546875,
        40.467533111572266,
        41.217369079589844,
        33.4412727355957,
        31.326000213623047,
        31.94203758239746,
        28.54399871826172,
        30.02916145324707,
        24.477907180786133,
        23.719158172607422,
        26.18380355834961,
        20.580650329589844,
        19.205089569091797,
        17.4686279296875,
        18.58791732788086,
        16.815731048583984,
        14.769000053405762,
        14.33102035522461,
        12.01329231262207,
        12.517511367797852,
        12.368810653686523,
        12.674681663513184,
        11.55836296081543,
        9.627610206604004,
        9.726906776428223,
        8.792228698730469,
        8.916389465332031,
        7.830369472503662,
        8.082130432128906,
        7.575222492218018,
        6.659634113311768,
        6.000969886779785,
        6.303368091583252,
        5.8591227531433105,
        5.531712532043457,
        5.2094573974609375,
        4.892190456390381,
        4.75863790512085,
        4.571857452392578,
        4.261116981506348,
        3.95523738861084,
        3.634519577026367,
        3.4411587715148926,
        3.5946476459503174,
        3.16123628616333,
        3.1984195709228516,
        2.7394371032714844,
        2.717280149459839,
        2.6994435787200928,
        2.520763635635376,
        2.3642029762268066,
        2.4102728366851807,
        2.204777956008911,
        2.2307043075561523,
        2.212466239929199,
        2.107865810394287,
        1.8819786310195923,
        1.8283430337905884,
        1.8764880895614624,
        1.7600204944610596,
        1.7054959535598755,
        1.610032081604004,
        1.5585216283798218,
        1.4404946565628052,
        1.5361943244934082,
        1.365625023841858,
        1.342468023300171,
        1.3254517316818237,
        1.2356045246124268,
        1.2809488773345947,
        1.1266717910766602,
        1.0616734027862549,
        1.087417721748352,
        1.0994077920913696,
        1.0217796564102173,
        1.0366053581237793,
        0.9445524215698242,
        0.9653643369674683,
        0.9219467639923096,
        0.9280579686164856,
        0.9455837607383728,
        0.9425214529037476,
        0.8373415470123291,
        0.8207939863204956,
        0.8152732849121094,
        0.8711653351783752,
        0.7855164408683777,
        0.8116524815559387,
        0.7752960920333862,
        0.8103447556495667,
        0.7644740343093872
    ],