{
    "effect_pehe": 255.2263946533203,
    "effect_mae": 147.7933807373047
}