{
    "epoch": [
        0,
        1,
        2,
        3,
        4,
        5,
        6,
        7,
        8,
        9,
        10,
        11,
        12,
        13,
        14,
        15,
        16,
        17,
        18,
        19,
        20,
        21,
        22,
        23,
        24,
        25,
        26,
        27,
        28,
        29,
        30,
        31,
        32,
        33,
        34,
        35,
        36,
        37,
        38,
        39,
        40,
        41,
        42,
        43,
        44,
        45,
        46,
        47,
        48,
        49,
        50,
        51,
        52,
        53,
        54,
        55,
        56,
        57,
        58,
        59,
        60,
        61,
        62,
        63,
        64,
        65,
        66,
        67,
        68,
        69,
        70,
        71,
        72,
        73,
        74,
        75,
        76,
        77,
        78,
        79,
        80,
        81,
        82,
        83,
        84,
        85,
        86,
        87,
        88,
        89,
        90,
        91,
        92,
        93,
        94,
        95,
        96,
        97,
        98,
        99,
        100,
        101,
        102,
        103,
        104,
        105,
        106
    ],
    "train_loss": [
        2092.41357421875,
        1195.437744140625,
        722.9383544921875,
        677.9891357421875,
        838.8863525390625,
        832.03271484375,
        713.0779418945312,
        512.1592407226562,
        319.6634216308594,
        195.15142822265625,
        215.0535125732422,
        296.2135009765625,
        341.7152404785156,
        345.19818115234375,
        361.8710021972656,
        291.97430419921875,
        201.69639587402344,
        148.96435546875,
        151.9659423828125,
        185.97071838378906,
        186.59371948242188,
        173.2593536376953,
        174.87815856933594,
        133.71005249023438,
        107.89521026611328,
        108.09954833984375,
        100.53823852539062,
        87.37091827392578,
        107.15946960449219,
        101.69957733154297,
        110.06230926513672,
        93.0277099609375,
        83.79438018798828,
        72.8172836303711,
        78.48656463623047,
        73.52374267578125,
        78.1161117553711,
        65.13062286376953,
        60.618141174316406,
        56.06586837768555,
        54.88312911987305,
        49.61068344116211,
        43.61579132080078,
        41.5660514831543,
        41.53962326049805,
        42.10824203491211,
        49.49385070800781,
        45.21495056152344,
        35.18547058105469,
        33.32843780517578,
        33.155799865722656,
        32.05361557006836,
        26.634437561035156,
        36.09879684448242,
        31.487794876098633,
        28.447023391723633,
        25.793697357177734,
        22.140718460083008,
        26.93834114074707,
        30.249494552612305,
        23.08445930480957,
        21.98384666442871,
        19.681838989257812,
        21.01848602294922,
        21.1450252532959,
        19.277524948120117,
        19.77859115600586,
        16.67218780517578,
        16.134557723999023,
        14.410115242004395,
        12.898582458496094,
        14.145140647888184,
        12.186051368713379,
        11.829767227172852,
        13.192514419555664,
        12.058146476745605,
        11.68994426727295,
        10.806852340698242,
        9.262822151184082,
        9.679605484008789,
        10.842780113220215,
        8.030607223510742,
        7.744873523712158,
        8.257698059082031,
        9.53348159790039,
        7.693208694458008,
        8.12697982788086,
        8.007196426391602,
        6.859627723693848,
        5.842113018035889,
        7.20958137512207,
        7.099507808685303,
        7.287139892578125,
        6.157771587371826,
        5.453218460083008,
        5.351103782653809,
        6.197208404541016,
        5.875040531158447,
        4.708391189575195,
        4.141021251678467,
        4.852451324462891,
        4.29806661605835,
        3.9632744789123535,
        4.0276665687561035,
        3.6412405967712402,
        4.0957489013671875,
        3.7867743968963623
    ],
    "val_loss": [
        2525.66650390625,
        1440.7689208984375,
        1392.9591064453125,
        1660.5491943359375,
        1676.3265380859375,
        1428.4482421875,
        1294.10595703125,
        965.897705078125,
        778.6054077148438,
        588.597900390625,
        614.7697143554688,
        638.175537109375,
        777.1315307617188,
        893.1699829101562,
        785.8667602539062,
        755.9542846679688,
        525.0040283203125,
        471.8460998535156,
        695.4945068359375,
        508.0087890625,
        538.4935302734375,
        550.0016479492188,
        625.260498046875,
        460.9306640625,
        444.924072265625,
        478.1003723144531,
        609.4002685546875,
        449.7550354003906,
        449.81201171875,
        456.63775634765625,
        512.8897705078125,
        499.7527160644531,
        561.0574340820312,
        486.0136413574219,
        681.382080078125,
        547.0294189453125,
        598.0910034179688,
        602.9221801757812,
        475.9380798339844,
        542.1318969726562,
        466.23468017578125,
        461.70428466796875,
        478.4937438964844,
        499.2897644042969,
        502.3701477050781,
        470.26971435546875,
        447.6666259765625,
        456.84197998046875,
        437.1830139160156,
        491.4398193359375,
        518.7354736328125,
        468.8524475097656,
        449.3009338378906,
        487.72918701171875,
        417.88140869140625,
        449.2798767089844,
        467.716796875,
        440.6254577636719,
        532.0724487304688,
        414.0560302734375,
        474.5465393066406,
        456.0879211425781,
        454.9725036621094,
        458.173583984375,
        508.9580383300781,
        494.2708435058594,
        446.03131103515625,
        445.79473876953125,
        490.2718811035156,
        479.8977355957031,
        432.43975830078125,
        468.5965270996094,
        430.66595458984375,
        429.6158447265625,
        411.95880126953125,
        414.3692932128906,
        447.11468505859375,
        451.3795471191406,
        482.40399169921875,
        484.739990234375,
        497.8378601074219,
        388.1678161621094,
        446.45196533203125,
        428.19635009765625,
        432.3228759765625,
        455.4266357421875,
        425.3273620605469,
        497.4486999511719,
        446.2986755371094,
        438.41693115234375,
        472.3522644042969,
        440.7199401855469,
        511.39068603515625,
        444.692626953125,
        484.74871826171875,
        431.58160400390625,
        447.3394775390625,
        438.80926513671875,
        442.7408752441406,
        445.7632751464844,
        454.651611328125,
        432.5721740722656,
        425.64892578125,
        461.56195068359375,
        446.8183898925781,
        442.51904296875,
        450.1285095214844
    ]
}