{
    "epoch": [
        0,
        1,
        2,
        3,
        4,
        5,
        6,
        7,
        8,
        9,
        10,
        11,
        12,
        13,
        14,
        15,
        16,
        17,
        18,
        19,
        20,
        21,
        22,
        23,
        24,
        25
    ],
    "train_loss": [
        4664.44384765625,
        3279.49755859375,
        3108.34326171875,
        2454.888671875,
        1808.3133544921875,
        2005.5814208984375,
        2056.2333984375,
        1898.232177734375,
        1791.8236083984375,
        1695.7880859375,
        1331.5675048828125,
        1205.8101806640625,
        1255.60888671875,
        1109.02783203125,
        940.59716796875,
        741.4680786132812,
        781.1173095703125,
        715.6586303710938,
        610.6575927734375,
        632.0195922851562,
        617.8655395507812,
        591.903564453125,
        593.7404174804688,
        551.1665649414062,
        473.64727783203125,
        404.8819580078125
    ],
    "val_loss": [
        68649.8984375,
        78191.078125,
        87931.9609375,
        83769.8984375,
        78309.5703125,
        91673.1640625,
        83277.5,
        103596.375,
        108682.796875,
        106540.3125,
        100047.1640625,
        104379.3359375,
        97141.1796875,
        86305.9375,
        95625.9609375,
        88035.296875,
        76114.34375,
        72787.453125,
        90349.453125,
        101179.3359375,
        78278.09375,
        83674.78125,
        81449.703125,
        82374.6875,
        95215.5390625,
        94704.84375
    ]
}