{
    "epoch": [
        0,
        1,
        2,
        3,
        4,
        5,
        6,
        7,
        8,
        9,
        10,
        11,
        12,
        13,
        14,
        15,
        16,
        17,
        18,
        19,
        20,
        21,
        22,
        23,
        24,
        25,
        26,
        27,
        28,
        29,
        30,
        31,
        32,
        33,
        34,
        35,
        36,
        37,
        38,
        39,
        40,
        41,
        42,
        43,
        44,
        45,
        46,
        47,
        48,
        49,
        50,
        51,
        52,
        53,
        54,
        55,
        56,
        57,
        58,
        59,
        60,
        61,
        62,
        63,
        64,
        65,
        66,
        67,
        68,
        69,
        70,
        71,
        72,
        73,
        74,
        75,
        76,
        77,
        78,
        79,
        80,
        81,
        82,
        83,
        84,
        85,
        86,
        87,
        88,
        89,
        90,
        91,
        92,
        93,
        94,
        95,
        96,
        97,
        98,
        99,
        100,
        101,
        102,
        103,
        104,
        105,
        106,
        107,
        108,
        109,
        110,
        111,
        112,
        113,
        114,
        115,
        116,
        117,
        118,
        119,
        120,
        121,
        122,
        123,
        124,
        125,
        126,
        127,
        128,
        129,
        130,
        131,
        132,
        133,
        134,
        135,
        136,
        137,
        138,
        139,
        140,
        141,
        142,
        143,
        144,
        145,
        146,
        147,
        148,
        149,
        150,
        151,
        152,
        153,
        154,
        155
    ],
    "train_loss": [
        726.3065795898438,
        558.658935546875,
        486.0414123535156,
        313.7695007324219,
        275.9132385253906,
        297.2115173339844,
        235.9107666015625,
        202.63177490234375,
        189.158203125,
        219.92510986328125,
        182.13113403320312,
        160.25299072265625,
        145.6598663330078,
        148.90721130371094,
        131.71217346191406,
        128.76853942871094,
        97.93501281738281,
        100.22157287597656,
        105.68914031982422,
        98.36284637451172,
        75.48916625976562,
        69.51715087890625,
        69.51880645751953,
        84.6099853515625,
        65.4283676147461,
        47.60908889770508,
        44.001930236816406,
        49.715850830078125,
        50.54071044921875,
        42.89590072631836,
        35.32541275024414,
        36.85566711425781,
        39.266117095947266,
        32.98877716064453,
        29.79707145690918,
        23.374582290649414,
        26.903371810913086,
        33.259552001953125,
        22.000558853149414,
        16.644994735717773,
        15.330949783325195,
        18.856266021728516,
        19.282245635986328,
        13.156370162963867,
        13.256904602050781,
        14.400047302246094,
        14.84786319732666,
        11.90226936340332,
        10.673518180847168,
        11.340453147888184,
        10.408921241760254,
        8.8146333694458,
        6.566755294799805,
        7.160248279571533,
        7.751279830932617,
        5.912935733795166,
        5.127108097076416,
        5.145847797393799,
        5.4527506828308105,
        4.687901496887207,
        4.843389511108398,
        4.124865531921387,
        4.147115707397461,
        3.6978304386138916,
        3.0388259887695312,
        3.1737115383148193,
        2.823199510574341,
        2.6845645904541016,
        2.2787511348724365,
        2.494783878326416,
        2.65185546875,
        2.131166696548462,
        2.021970748901367,
        2.0702104568481445,
        1.7423096895217896,
        1.6009491682052612,
        1.548058271408081,
        1.7111084461212158,
        1.5750651359558105,
        1.291534185409546,
        1.3532365560531616,
        1.270777940750122,
        1.0793564319610596,
        0.9638482332229614,
        1.1206644773483276,
        0.9757592082023621,
        0.8963199257850647,
        0.9310221076011658,
        0.9038122892379761,
        0.8516756892204285,
        0.8145260810852051,
        0.7828361988067627,
        0.6756531000137329,
        0.7183431386947632,
        0.688264012336731,
        0.6848348379135132,
        0.6599346399307251,
        0.6936924457550049,
        0.6634424328804016,
        0.6604642868041992,
        0.5990456342697144,
        0.6734136939048767,
        0.6032884120941162,
        0.5362223982810974,
        0.6061211228370667,
        0.5654876828193665,
        0.5340831875801086,
        0.5454776287078857,
        0.5217515230178833,
        0.5693932771682739,
        0.523810625076294,
        0.538023829460144,
        0.4970717132091522,
        0.5224880576133728,
        0.512309193611145,
        0.5197883248329163,
        0.4905450642108917,
        0.49895143508911133,
        0.4846523404121399,
        0.5188591480255127,
        0.497143417596817,
        0.48294365406036377,
        0.48352116346359253,
        0.4834892749786377,
        0.48807859420776367,
        0.4774521589279175,
        0.49783363938331604,
        0.48721277713775635,
        0.47684720158576965,
        0.4680801033973694,
        0.4621671438217163,
        0.4570198059082031,
        0.47452518343925476,
        0.44553041458129883,
        0.4484308958053589,
        0.46115297079086304,
        0.45274025201797485,
        0.45908164978027344,
        0.43709081411361694,
        0.4541413486003876,
        0.4398680627346039,
        0.4494000971317291,
        0.45275217294692993,
        0.4562523663043976,
        0.4539986848831177,
        0.46166694164276123,
        0.4390484690666199,
        0.4410046637058258,
        0.4456959366798401,
        0.45250868797302246,
        0.4386993646621704,
        0.43775150179862976,
        0.43011412024497986,
        0.44200611114501953,
        0.451400488615036,
        0.45558807253837585
    ],