{
    "effect_pehe": 4.618589878082275,
    "effect_mae": 1.0294055938720703
}