{
    "effect_pehe": 28.126976013183594,
    "effect_mae": 16.2677001953125
}