{
    "effect_pehe": 148.1466827392578,
    "effect_mae": 93.52198028564453
}