{
    "epoch": [
        0,
        1,
        2,
        3,
        4,
        5,
        6,
        7,
        8,
        9,
        10,
        11,
        12,
        13,
        14,
        15,
        16,
        17,
        18,
        19,
        20,
        21,
        22,
        23,
        24,
        25,
        26,
        27,
        28,
        29,
        30,
        31,
        32,
        33,
        34,
        35,
        36,
        37,
        38,
        39,
        40,
        41,
        42,
        43,
        44,
        45,
        46,
        47,
        48,
        49,
        50,
        51,
        52,
        53,
        54,
        55,
        56,
        57,
        58,
        59,
        60,
        61,
        62,
        63,
        64,
        65,
        66,
        67,
        68,
        69,
        70,
        71,
        72,
        73,
        74,
        75,
        76,
        77,
        78,
        79,
        80,
        81,
        82,
        83,
        84,
        85,
        86,
        87,
        88,
        89,
        90,
        91,
        92,
        93,
        94,
        95,
        96,
        97,
        98,
        99,
        100,
        101,
        102,
        103,
        104,
        105,
        106,
        107,
        108,
        109,
        110,
        111,
        112,
        113,
        114,
        115,
        116,
        117,
        118,
        119,
        120,
        121,
        122,
        123,
        124,
        125,
        126,
        127,
        128,
        129,
        130,
        131,
        132,
        133
    ],
    "train_loss": [
        761.2290649414062,
        1229.923828125,
        708.2807006835938,
        717.0645751953125,
        867.1187744140625,
        788.2554931640625,
        549.7311401367188,
        563.2952880859375,
        607.2718505859375,
        588.0596923828125,
        577.3394165039062,
        419.9030456542969,
        417.1897277832031,
        433.0576477050781,
        471.767333984375,
        409.0653991699219,
        360.7159729003906,
        269.98223876953125,
        322.5954284667969,
        322.4710388183594,
        292.1231994628906,
        258.1385803222656,
        220.6654052734375,
        215.481201171875,
        234.2913818359375,
        243.8893585205078,
        193.8999786376953,
        188.8650665283203,
        172.0699920654297,
        192.28033447265625,
        151.23471069335938,
        138.04859924316406,
        123.15352630615234,
        113.5132827758789,
        132.11550903320312,
        118.79483795166016,
        110.9936752319336,
        94.5752944946289,
        91.4495620727539,
        92.3316421508789,
        79.5411148071289,
        82.18880462646484,
        71.9751968383789,
        58.671756744384766,
        66.06709289550781,
        62.5216178894043,
        52.688602447509766,
        48.94657516479492,
        46.13760757446289,
        48.08357620239258,
        41.302791595458984,
        46.186279296875,
        36.97196578979492,
        35.16755676269531,
        33.62831115722656,
        28.272117614746094,
        26.902599334716797,
        24.06797218322754,
        23.658864974975586,
        21.865665435791016,
        22.346345901489258,
        20.124547958374023,
        19.2108097076416,
        17.758460998535156,
        16.230134963989258,
        15.740313529968262,
        13.429929733276367,
        11.795722961425781,
        12.331769943237305,
        11.48387336730957,
        9.156506538391113,
        9.84610652923584,
        9.307038307189941,
        8.41734504699707,
        7.488803863525391,
        8.014069557189941,
        5.9922566413879395,
        6.348016262054443,
        6.030446529388428,
        5.99647855758667,
        5.448734283447266,
        4.723663330078125,
        4.550236225128174,
        4.273353099822998,
        4.1709089279174805,
        4.146454334259033,
        3.815411329269409,
        3.5519607067108154,
        3.275285482406616,
        3.164517402648926,
        2.9995689392089844,
        2.8021671772003174,
        2.543259382247925,
        2.52333402633667,
        2.5083158016204834,
        2.254823923110962,
        2.1258139610290527,
        2.200822353363037,
        1.9796996116638184,
        1.993438482284546,
        1.7276290655136108,
        1.6041945219039917,
        1.7424159049987793,
        1.7417089939117432,
        1.6999708414077759,
        1.4920389652252197,
        1.509052038192749,
        1.4836846590042114,
        1.4596565961837769,
        1.3829896450042725,
        1.4506126642227173,
        1.2785965204238892,
        1.2652621269226074,
        1.3605732917785645,
        1.1753393411636353,
        1.1937105655670166,
        1.1776514053344727,
        1.0682016611099243,
        1.1654257774353027,
        1.0446085929870605,
        1.0674777030944824,
        1.0417094230651855,
        1.067489743232727,
        1.0008699893951416,
        0.9758005142211914,
        0.9306852221488953,
        0.9023341536521912,
        0.9203882217407227,
        0.9319685697555542,
        0.9913435578346252,
        0.9296118021011353,
        0.9126006364822388,
        0.8998013734817505,
        0.8586193919181824
    ],