{
    "effect_pehe": 257.8165283203125,
    "effect_mae": 61.245121002197266
}