{
    "effect_pehe": 29.678625106811523,
    "effect_mae": 1.7335739135742188
}