{
    "effect_pehe": 25.45266342163086,
    "effect_mae": 12.51522159576416
}