{
    "effect_pehe": 3.966684182657222,
    "effect_mae": 3.0789125582850465
}