{
    "effect_pehe": 3.181810920229842,
    "effect_mae": 2.5259813320261837
}