{
    "effect_pehe": 3.3912025990188335,
    "effect_mae": 2.7139358484966145
}