{
    "effect_pehe": 20.22845680581474,
    "effect_mae": 13.289502238724193
}