{
    "effect_pehe": 21.8845018421928,
    "effect_mae": 15.500585588787146
}