{
    "effect_pehe": 22.433398173982003,
    "effect_mae": 16.150289719062766
}