{
    "effect_pehe": 16.26482052874327,
    "effect_mae": 7.894825554118993
}