{
    "effect_pehe": 25.005883623349796,
    "effect_mae": 17.816480503470434
}