{
    "effect_pehe": 16.697272613724436,
    "effect_mae": 10.944705748230561
}