{
    "effect_pehe": 16.35646025080508,
    "effect_mae": 10.908999445522905
}