{
    "effect_pehe": 24.79349618903649,
    "effect_mae": 17.072091704027578
}