{
    "effect_pehe": 18.589368367639644,
    "effect_mae": 11.708550758251473
}