{
    "effect_pehe": 20.814407778839485,
    "effect_mae": 13.792547698174191
}