{
    "effect_pehe": 3.3259754180908203,
    "effect_mae": 0.351032555103302
}