{
    "effect_pehe": 0.8091304898262024,
    "effect_mae": 0.02633705735206604
}