{
    "effect_pehe": 2.496046304702759,
    "effect_mae": 0.6789858341217041
}