{
    "effect_pehe": 2.92521333694458,
    "effect_mae": 0.22996196150779724
}