{
    "effect_pehe": 2.105952501296997,
    "effect_mae": 0.35728952288627625
}