{
    "effect_pehe": 2.508790969848633,
    "effect_mae": 0.3427248001098633
}