{
    "effect_pehe": 3.308495044708252,
    "effect_mae": 0.21160683035850525
}