{
    "effect_pehe": 2.2829740047454834,
    "effect_mae": 0.39582309126853943
}