{
    "effect_pehe": 3.356422185897827,
    "effect_mae": 0.2845258116722107
}