{
    "effect_pehe": 1.9805465936660767,
    "effect_mae": 0.2480684369802475
}