{
    "effect_pehe": 1.3281155824661255,
    "effect_mae": 0.13410982489585876
}