{
    "effect_pehe": 2.0469446182250977,
    "effect_mae": 0.5009015202522278
}