{
    "effect_pehe": 2.083669424057007,
    "effect_mae": 0.048963069915771484
}