{
    "effect_pehe": 1.197526454925537,
    "effect_mae": 0.010795503854751587
}