{
    "effect_pehe": 1.149783730506897,
    "effect_mae": 0.34058213233947754
}