{
    "effect_pehe": 0.7910470366477966,
    "effect_mae": 0.04884135723114014
}