{
    "effect_pehe": 5.452786445617676,
    "effect_mae": 2.1349449157714844
}