{
    "effect_pehe": 24.05108070373535,
    "effect_mae": 4.580650329589844
}