{
    "effect_pehe": 5.138189315795898,
    "effect_mae": 0.6730442047119141
}