{
    "effect_pehe": 17.35468864440918,
    "effect_mae": 1.5839805603027344
}