{
    "effect_pehe": 8.447819709777832,
    "effect_mae": 0.746894359588623
}