{
    "effect_pehe": 6.992563724517822,
    "effect_mae": 1.561655044555664
}