{
    "effect_pehe": 7.292194366455078,
    "effect_mae": 0.876673698425293
}