{
    "effect_pehe": 3.991823196411133,
    "effect_mae": 0.2028670310974121
}