{
    "effect_pehe": 8.609429359436035,
    "effect_mae": 2.208934783935547
}