{
    "effect_pehe": 7.751346111297607,
    "effect_mae": 2.6729373931884766
}