{
    "effect_pehe": 7.218212604522705,
    "effect_mae": 1.604104995727539
}