{
    "effect_pehe": 6.767441272735596,
    "effect_mae": 0.7343330383300781
}