{
    "effect_pehe": 8.454323768615723,
    "effect_mae": 1.4215831756591797
}