{
    "effect_pehe": 5.1507158279418945,
    "effect_mae": 0.26303768157958984
}