{
    "effect_pehe": 6.8800764083862305,
    "effect_mae": 1.1870574951171875
}