{
    "effect_pehe": 5.27073335647583,
    "effect_mae": 2.5330851078033447
}