{
    "effect_pehe": 4.920244216918945,
    "effect_mae": 0.3137187957763672
}