{
    "effect_pehe": 6.903501987457275,
    "effect_mae": 0.8510913848876953
}