{
    "effect_pehe": 6.12785530090332,
    "effect_mae": 0.21036720275878906
}