{
    "effect_pehe": 4.8803839683532715,
    "effect_mae": 0.20464420318603516
}