{
    "effect_pehe": 37.10186004638672,
    "effect_mae": 1.9729328155517578
}