{
    "effect_pehe": 8.662075996398926,
    "effect_mae": 1.20697021484375
}