{
    "effect_pehe": 21.161945343017578,
    "effect_mae": 0.5873498916625977
}