{
    "effect_pehe": 5.8600077629089355,
    "effect_mae": 1.3565740585327148
}