{
    "effect_pehe": 4.902750492095947,
    "effect_mae": 0.7643165588378906
}