{
    "effect_pehe": 3.1894690990448,
    "effect_mae": 0.27321767807006836
}