{
    "effect_pehe": 0.8055871725082397,
    "effect_mae": 0.113433837890625
}