{
    "effect_pehe": 1.5025070905685425,
    "effect_mae": 0.6845016479492188
}