{
    "effect_pehe": 3.07749080657959,
    "effect_mae": 0.14386510848999023
}