{
    "effect_pehe": 1.6724681854248047,
    "effect_mae": 0.5325618982315063
}