{
    "effect_pehe": 2.4716107845306396,
    "effect_mae": 1.3905444145202637
}