{
    "effect_pehe": 1.6267508268356323,
    "effect_mae": 0.250602126121521
}