{
    "effect_pehe": 3.9208390712738037,
    "effect_mae": 2.298229694366455
}