{
    "effect_pehe": 2.6265416145324707,
    "effect_mae": 1.3065030574798584
}