{
    "effect_pehe": 3.651200294494629,
    "effect_mae": 1.3532729148864746
}