{
    "effect_pehe": 2.4841082096099854,
    "effect_mae": 0.05335444211959839
}