{
    "effect_pehe": 2.258896589279175,
    "effect_mae": 1.156142234802246
}