{
    "effect_pehe": 1.570278286933899,
    "effect_mae": 1.0190393924713135
}