{
    "effect_pehe": 1.9437227249145508,
    "effect_mae": 0.36916542053222656
}