{
    "effect_pehe": 0.8497759699821472,
    "effect_mae": 0.038155317306518555
}