{
    "effect_pehe": 0.8088359832763672,
    "effect_mae": 0.08387470245361328
}