{
    "effect_pehe": 0.7857936024665833,
    "effect_mae": 0.013505935668945312
}