{
    "effect_pehe": 1.2968841791152954,
    "effect_mae": 0.298481822013855
}