{
    "effect_pehe": 2.031759023666382,
    "effect_mae": 0.6342397928237915
}