{
    "effect_pehe": 0.8350472450256348,
    "effect_mae": 0.05837869644165039
}