{
    "effect_pehe": 1.2100659608840942,
    "effect_mae": 0.6250401139259338
}