{
    "effect_pehe": 4.930421943648271,
    "effect_mae": 3.9918862008528526
}