{
    "effect_pehe": 4.746921002815523,
    "effect_mae": 3.8122823833349835
}