{
    "effect_pehe": 4.635684531484415,
    "effect_mae": 3.642428948007258
}