{
    "effect_pehe": 3.371679589264112,
    "effect_mae": 2.699487469959606
}