{
    "effect_pehe": 4.0426555113610085,
    "effect_mae": 3.2003908997117776
}