{
    "effect_pehe": 4.20549413266079,
    "effect_mae": 3.3643630932544286
}