{
    "effect_pehe": 9.763362884521484,
    "effect_mae": 4.760932922363281
}