{
    "effect_pehe": 4.625738620758057,
    "effect_mae": 1.5110573768615723
}