{
    "effect_pehe": 5.065401554107666,
    "effect_mae": 3.2640867233276367
}