{
    "effect_pehe": 4.128211498260498,
    "effect_mae": 0.3318920135498047
}