{
    "effect_pehe": 10.911279678344727,
    "effect_mae": 6.332016944885254
}