{
    "effect_pehe": 6.5370192527771,
    "effect_mae": 3.8371047973632812
}