{
    "effect_pehe": 4.82991886138916,
    "effect_mae": 0.7701029777526855
}