{
    "effect_pehe": 6.928431510925293,
    "effect_mae": 3.8806838989257812
}