{
    "effect_pehe": 3.0064609050750732,
    "effect_mae": 0.30799388885498047
}