{
    "effect_pehe": 6.888652324676514,
    "effect_mae": 4.324201583862305
}