{
    "effect_pehe": 6.379452705383301,
    "effect_mae": 2.735985040664673
}