{
    "effect_pehe": 1.3725857734680176,
    "effect_mae": 0.0969659686088562
}