{
    "effect_pehe": 8.851744651794434,
    "effect_mae": 0.5405454635620117
}