{
    "effect_pehe": 6.458617210388184,
    "effect_mae": 0.38536548614501953
}