{
    "effect_pehe": 12.197458267211914,
    "effect_mae": 2.075235366821289
}