{
    "effect_pehe": 8.23363208770752,
    "effect_mae": 1.8098602294921875
}