{
    "effect_pehe": 8.385442733764648,
    "effect_mae": 1.8748970031738281
}