{
    "effect_pehe": 5.677046775817871,
    "effect_mae": 1.5348386764526367
}