{
    "effect_pehe": 8.386507987976074,
    "effect_mae": 0.3496408462524414
}