{
    "effect_pehe": 7.260759353637695,
    "effect_mae": 0.22436046600341797
}