{
    "effect_pehe": 9.931185722351074,
    "effect_mae": 1.4330329895019531
}