{
    "effect_pehe": 5.952815532684326,
    "effect_mae": 0.9406232833862305
}