{
    "effect_pehe": 10.85251522064209,
    "effect_mae": 0.9748678207397461
}