{
    "effect_pehe": 6.541749000549316,
    "effect_mae": 1.0205426216125488
}