{
    "effect_pehe": 7.543149471282959,
    "effect_mae": 2.113676071166992
}