{
    "effect_pehe": 6.28759241104126,
    "effect_mae": 0.20504999160766602
}