{
    "effect_pehe": 7.952876091003418,
    "effect_mae": 0.3664264678955078
}