{
    "effect_pehe": 7.522130012512207,
    "effect_mae": 0.02685546875
}