{
    "effect_pehe": 5.847808837890625,
    "effect_mae": 0.03481292724609375
}