{
    "effect_pehe": 9.230642318725586,
    "effect_mae": 0.5996389389038086
}