{
    "effect_pehe": 7.989669322967529,
    "effect_mae": 1.610896110534668
}