{
    "effect_pehe": 4.993767261505127,
    "effect_mae": 1.8779056072235107
}