{
    "effect_pehe": 5.521711826324463,
    "effect_mae": 3.323258399963379
}