{
    "effect_pehe": 8.65601921081543,
    "effect_mae": 5.9605560302734375
}