{
    "effect_pehe": 4.561973571777344,
    "effect_mae": 0.6544930934906006
}