{
    "effect_pehe": 3.071925640106201,
    "effect_mae": 0.9596729278564453
}