{
    "effect_pehe": 7.500178337097168,
    "effect_mae": 0.7764711380004883
}