{
    "effect_pehe": 4.967154502868652,
    "effect_mae": 0.332944393157959
}