{
    "effect_pehe": 5.094717025756836,
    "effect_mae": 1.8770198822021484
}