{
    "effect_pehe": 10.649120330810547,
    "effect_mae": 1.4409246444702148
}