{
    "effect_pehe": 48617.56640625,
    "effect_mae": 38069.52734375
}