{
    "effect_pehe": 8.160181999206543,
    "effect_mae": 1.6258325576782227
}