{
    "effect_pehe": 8.104734420776367,
    "effect_mae": 1.5006494522094727
}