{
    "epoch": [
        0,
        1,
        2,
        3,
        4,
        5,
        6,
        7,
        8,
        9,
        10,
        11,
        12,
        13,
        14,
        15,
        16,
        17,
        18,
        19,
        20,
        21,
        22,
        23,
        24,
        25,
        26,
        27,
        28,
        29,
        30,
        31,
        32,
        33,
        34,
        35,
        36,
        37,
        38,
        39,
        40,
        41,
        42,
        43,
        44,
        45,
        46,
        47,
        48,
        49,
        50,
        51,
        52,
        53,
        54,
        55,
        56,
        57,
        58,
        59,
        60,
        61,
        62,
        63,
        64,
        65,
        66,
        67,
        68,
        69,
        70,
        71,
        72,
        73,
        74,
        75,
        76,
        77,
        78,
        79,
        80,
        81,
        82,
        83,
        84,
        85,
        86,
        87,
        88,
        89,
        90,
        91,
        92,
        93,
        94,
        95,
        96,
        97,
        98,
        99,
        100,
        101,
        102,
        103,
        104,
        105,
        106,
        107,
        108,
        109,
        110,
        111,
        112,
        113,
        114,
        115,
        116
    ],
    "train_loss": [
        64.40921020507812,
        34.43868637084961,
        44.767791748046875,
        37.19115447998047,
        30.080629348754883,
        22.134815216064453,
        23.383956909179688,
        25.0019588470459,
        21.487140655517578,
        18.039602279663086,
        14.924149513244629,
        13.596541404724121,
        15.976561546325684,
        14.614628791809082,
        11.811273574829102,
        9.810219764709473,
        10.413456916809082,
        10.672026634216309,
        10.830550193786621,
        9.946823120117188,
        8.109511375427246,
        7.472161769866943,
        7.626242160797119,
        7.639814853668213,
        7.826589584350586,
        7.256998062133789,
        5.621579647064209,
        4.7217302322387695,
        4.826001167297363,
        4.576833724975586,
        4.673171043395996,
        4.014931678771973,
        3.5782015323638916,
        3.17934513092041,
        3.2008004188537598,
        3.3486592769622803,
        2.6027414798736572,
        2.0604867935180664,
        2.5661675930023193,
        2.444354772567749,
        2.0200467109680176,
        1.9255781173706055,
        1.7860963344573975,
        1.7296439409255981,
        1.8326826095581055,
        1.5605950355529785,
        1.4168193340301514,
        1.2490276098251343,
        1.2962241172790527,
        1.2252907752990723,
        1.3715571165084839,
        1.0189794301986694,
        1.0755202770233154,
        1.0212715864181519,
        1.0329850912094116,
        0.812700629234314,
        0.7742416262626648,
        0.8718973994255066,
        0.7649257183074951,
        0.8065376877784729,
        0.6926462650299072,
        0.7058577537536621,
        0.7434597611427307,
        0.6938305497169495,
        0.6392671465873718,
        0.5985918641090393,
        0.5805460810661316,
        0.616490364074707,
        0.6224163174629211,
        0.6032975316047668,
        0.5999622941017151,
        0.6442457437515259,
        0.6185493469238281,
        0.6503710746765137,
        0.5379765033721924,
        0.5724260210990906,
        0.5568966269493103,
        0.5338173508644104,
        0.5574061274528503,
        0.5380236506462097,
        0.5177854299545288,
        0.4848416745662689,
        0.519814670085907,
        0.5152491927146912,
        0.5210803747177124,
        0.5096455812454224,
        0.5545399785041809,
        0.5248253345489502,
        0.4910539388656616,
        0.46554088592529297,
        0.5014154314994812,
        0.5068382024765015,
        0.540829598903656,
        0.4777694344520569,
        0.47349855303764343,
        0.4823348820209503,
        0.4785587787628174,
        0.5095759034156799,
        0.4506594240665436,
        0.5204108357429504,
        0.48620352149009705,
        0.495935320854187,
        0.46127140522003174,
        0.44376105070114136,
        0.49438467621803284,
        0.4958277642726898,
        0.45247727632522583,
        0.45025917887687683,
        0.4734492003917694,
        0.48000118136405945,
        0.5110825300216675,
        0.469598650932312,
        0.4430125653743744,
        0.4721081554889679,
        0.42469266057014465,
        0.5266108512878418,
        0.5015981197357178
    ],
    "val_loss": [
        61.90187072753906,
        34.41147994995117,
        44.994407653808594,
        45.09210205078125,
        33.53299331665039,
        22.39674949645996,
        26.746002197265625,
        25.903820037841797,
        24.38650894165039,
        18.388782501220703,
        16.685314178466797,
        14.23859977722168,
        16.658048629760742,
        13.222121238708496,
        11.669561386108398,
        9.788602828979492,
        10.73851490020752,
        9.780534744262695,
        12.118990898132324,
        9.100876808166504,
        7.853326320648193,
        6.9126200675964355,
        8.33624267578125,
        7.205368518829346,
        7.611476421356201,
        6.745340347290039,
        6.133918762207031,
        5.608753204345703,
        6.102974891662598,
        6.769838809967041,
        5.141153335571289,
        4.277571201324463,
        4.958994388580322,
        3.3136701583862305,
        3.072476863861084,
        2.9339399337768555,
        2.7243762016296387,
        2.432617664337158,
        2.2722043991088867,
        3.0734198093414307,
        2.5289807319641113,
        2.2855064868927,
        1.4225945472717285,
        1.60641610622406,
        1.748297095298767,
        1.9924250841140747,
        1.354836344718933,
        1.5351248979568481,
        1.4620312452316284,
        2.017723798751831,
        1.2679049968719482,
        0.9753604531288147,
        1.0596727132797241,
        0.9371614456176758,
        0.9104754328727722,
        1.1363831758499146,
        0.82132887840271,
        0.9933574795722961,
        1.1251713037490845,
        0.880156934261322,
        0.9920707941055298,
        0.7428410053253174,
        0.6604093909263611,
        0.698832631111145,
        0.6200778484344482,
        1.0205821990966797,
        0.9304835200309753,
        0.9057548642158508,
        0.737015426158905,
        0.8214408159255981,
        0.6993634104728699,
        0.7674975991249084,
        0.7437378168106079,
        0.7982543706893921,
        0.9128425121307373,
        0.9660234451293945,
        0.87263423204422,
        0.6949052214622498,
        0.6733543872833252,
        0.6128472089767456,
        0.7371437549591064,
        0.7002742290496826,
        0.6512373685836792,
        0.6540324687957764,
        0.7410361766815186,
        0.644675612449646,
        0.747475266456604,
        0.7303171753883362,
        0.6174820065498352,
        0.6355934739112854,
        0.6454765200614929,
        0.5545346736907959,
        0.8463202118873596,
        0.7199281454086304,
        0.6722204685211182,
        0.6832461953163147,
        0.6704845428466797,
        0.5947146415710449,
        0.5919164419174194,
        0.5592762231826782,
        0.7252817749977112,
        0.6170376539230347,
        0.7230280041694641,
        0.6660642623901367,
        0.5634945631027222,
        0.5886754989624023,
        0.5904513597488403,
        0.6688181161880493,
        0.6203039288520813,
        0.6361539363861084,
        0.5845082402229309,
        0.719410240650177,
        0.6196582317352295,
        0.6798169016838074,
        0.6291062831878662,
        0.6229645609855652,
        0.6670807003974915
    ]
}