{
    "epoch": [
        0,
        1,
        2,
        3,
        4,
        5,
        6,
        7,
        8,
        9,
        10,
        11,
        12,
        13,
        14,
        15,
        16,
        17,
        18,
        19,
        20,
        21,
        22,
        23,
        24,
        25,
        26,
        27,
        28,
        29,
        30,
        31,
        32,
        33,
        34,
        35,
        36,
        37,
        38,
        39,
        40,
        41,
        42,
        43,
        44,
        45,
        46,
        47,
        48,
        49,
        50,
        51,
        52,
        53,
        54,
        55,
        56,
        57,
        58,
        59,
        60,
        61,
        62,
        63,
        64,
        65,
        66,
        67,
        68,
        69,
        70,
        71,
        72,
        73,
        74,
        75,
        76,
        77,
        78,
        79,
        80,
        81,
        82,
        83,
        84,
        85,
        86,
        87,
        88,
        89,
        90,
        91,
        92,
        93,
        94,
        95,
        96,
        97,
        98,
        99,
        100,
        101,
        102,
        103,
        104,
        105,
        106,
        107,
        108,
        109,
        110,
        111
    ],
    "train_loss": [
        30275.7890625,
        26932.677734375,
        26700.658203125,
        17782.69140625,
        16546.166015625,
        17481.3828125,
        18468.560546875,
        13227.0419921875,
        13263.982421875,
        11038.3916015625,
        10753.7802734375,
        10424.982421875,
        8271.9912109375,
        8500.263671875,
        7255.49560546875,
        8485.94140625,
        7505.80517578125,
        5990.21337890625,
        5520.50390625,
        4751.74365234375,
        5291.33447265625,
        5226.361328125,
        4879.5341796875,
        3819.920166015625,
        3405.27880859375,
        4050.913330078125,
        3770.788818359375,
        3231.18310546875,
        2706.591552734375,
        2343.171142578125,
        2698.690185546875,
        2516.838623046875,
        2266.646484375,
        1492.9781494140625,
        1493.0880126953125,
        1932.1798095703125,
        1717.390869140625,
        1339.3275146484375,
        1086.962646484375,
        1076.807373046875,
        1092.4349365234375,
        1122.093017578125,
        913.3944702148438,
        714.2474975585938,
        783.6091918945312,
        863.8076782226562,
        763.4683227539062,
        581.9708862304688,
        491.54058837890625,
        515.5612182617188,
        461.44781494140625,
        496.7887268066406,
        333.4938049316406,
        364.587158203125,
        334.42333984375,
        332.43182373046875,
        292.178466796875,
        216.95831298828125,
        206.23475646972656,
        231.94122314453125,
        180.5006103515625,
        161.07330322265625,
        159.3725128173828,
        147.41615295410156,
        149.28952026367188,
        121.05876922607422,
        104.95722198486328,
        98.27769470214844,
        95.38166046142578,
        74.15078735351562,
        72.66459655761719,
        72.94111633300781,
        76.35115051269531,
        54.126129150390625,
        50.01108169555664,
        49.73432540893555,
        40.7599983215332,
        39.10653305053711,
        32.71913528442383,
        30.531824111938477,
        38.125911712646484,
        30.740503311157227,
        23.39940643310547,
        24.866748809814453,
        24.758394241333008,
        22.04521942138672,
        14.594883918762207,
        16.154037475585938,
        18.414241790771484,
        13.027371406555176,
        11.26452922821045,
        10.481402397155762,
        11.240330696105957,
        10.488402366638184,
        7.867367267608643,
        6.267001628875732,
        8.428044319152832,
        7.230732440948486,
        5.795447826385498,
        6.014238357543945,
        6.139032363891602,
        4.732231616973877,
        3.82891583442688,
        4.611331462860107,
        3.951752185821533,
        4.045701503753662,
        3.9268319606781006,
        3.4641382694244385,
        3.601156234741211,
        3.359741449356079,
        2.698213577270508,
        2.8227334022521973
    ],
    "val_loss": [
        35584.55859375,
        38529.37890625,
        31498.572265625,
        21982.9296875,
        21221.515625,
        20233.005859375,
        20969.64453125,
        15545.7939453125,
        16121.875,
        12604.166015625,
        10921.9501953125,
        12452.001953125,
        9132.087890625,
        9204.849609375,
        8763.0224609375,
        11050.0009765625,
        7024.62109375,
        6469.1953125,
        5616.58203125,
        6380.33056640625,
        6499.1474609375,
        6477.19384765625,
        5617.16552734375,
        5068.9873046875,
        3682.12841796875,
        4408.17529296875,
        4552.88232421875,
        3680.5126953125,
        3578.547119140625,
        3204.914306640625,
        3261.618896484375,
        3430.12255859375,
        2601.4921875,
        2346.330078125,
        2272.0185546875,
        2384.760498046875,
        2561.979248046875,
        1812.44677734375,
        1839.4613037109375,
        1641.4896240234375,
        1611.8963623046875,
        1421.048828125,
        1448.3497314453125,
        1166.799072265625,
        1211.6033935546875,
        1488.892578125,
        1165.1561279296875,
        1129.93798828125,
        855.8900146484375,
        1172.395263671875,
        841.3358154296875,
        835.3704223632812,
        895.7554321289062,
        861.0155029296875,
        847.916259765625,
        963.8781127929688,
        720.0294189453125,
        677.2880249023438,
        565.6030883789062,
        651.8900756835938,
        549.9528198242188,
        635.8582763671875,
        637.8553466796875,
        578.542236328125,
        641.240234375,
        588.308349609375,
        567.6452026367188,
        511.6972351074219,
        478.86578369140625,
        485.8294982910156,
        498.6402587890625,
        516.0651245117188,
        575.025390625,
        570.6416015625,
        511.63641357421875,
        467.31524658203125,
        496.3090515136719,
        436.3248596191406,
        456.8337707519531,
        507.08038330078125,
        502.7281799316406,
        433.78857421875,
        466.1797790527344,
        500.0010986328125,
        472.9058532714844,
        445.71630859375,
        428.4114685058594,
        480.7535705566406,
        474.5473327636719,
        466.62335205078125,
        460.3403015136719,
        471.0374450683594,
        453.0014343261719,
        448.247802734375,
        454.16693115234375,
        452.5608825683594,
        465.2697448730469,
        454.067138671875,
        468.728515625,
        436.5155029296875,
        432.68951416015625,
        456.0814514160156,
        452.5205993652344,
        438.1944274902344,
        454.41082763671875,
        465.4508056640625,
        448.22113037109375,
        436.2352600097656,
        448.66229248046875,
        441.7525329589844,
        444.9474182128906,
        454.241455078125
    ]
}