{
    "epoch": [
        0,
        1,
        2,
        3,
        4,
        5,
        6,
        7,
        8,
        9,
        10,
        11,
        12,
        13,
        14,
        15,
        16,
        17,
        18,
        19,
        20,
        21,
        22,
        23,
        24,
        25,
        26,
        27,
        28,
        29,
        30,
        31,
        32,
        33,
        34,
        35,
        36,
        37,
        38,
        39,
        40,
        41,
        42,
        43,
        44,
        45,
        46,
        47,
        48,
        49,
        50,
        51,
        52,
        53,
        54,
        55,
        56,
        57,
        58,
        59,
        60,
        61,
        62,
        63,
        64,
        65,
        66,
        67,
        68,
        69,
        70,
        71,
        72,
        73,
        74,
        75,
        76,
        77,
        78,
        79,
        80,
        81,
        82,
        83,
        84,
        85,
        86,
        87,
        88,
        89,
        90,
        91,
        92,
        93,
        94,
        95,
        96,
        97,
        98,
        99,
        100,
        101,
        102,
        103,
        104,
        105,
        106,
        107,
        108,
        109,
        110,
        111,
        112,
        113,
        114,
        115,
        116,
        117,
        118,
        119,
        120,
        121,
        122,
        123,
        124,
        125,
        126,
        127,
        128,
        129,
        130,
        131,
        132,
        133,
        134,
        135,
        136,
        137,
        138,
        139,
        140,
        141,
        142,
        143,
        144,
        145,
        146,
        147,
        148,
        149,
        150,
        151,
        152,
        153,
        154,
        155,
        156,
        157,
        158,
        159,
        160,
        161,
        162
    ],
    "train_loss": [
        95.53678131103516,
        38.357234954833984,
        19.23504638671875,
        15.247259140014648,
        21.26554298400879,
        24.717849731445312,
        25.436120986938477,
        22.126205444335938,
        18.57285499572754,
        16.954729080200195,
        14.067283630371094,
        14.072986602783203,
        10.084881782531738,
        10.400764465332031,
        9.708621978759766,
        8.222411155700684,
        7.937905788421631,
        9.429301261901855,
        10.436075210571289,
        10.427825927734375,
        8.34920597076416,
        7.214290142059326,
        5.937285423278809,
        4.083462238311768,
        3.998220205307007,
        4.441181659698486,
        4.674141883850098,
        5.271571636199951,
        5.738431453704834,
        4.455275535583496,
        3.8630919456481934,
        3.5897297859191895,
        3.0028090476989746,
        3.2572550773620605,
        3.2611265182495117,
        3.252591133117676,
        3.7597744464874268,
        3.1161458492279053,
        3.131211757659912,
        2.4422693252563477,
        2.3486623764038086,
        2.669863224029541,
        2.302042007446289,
        2.450047016143799,
        2.2866995334625244,
        1.8969943523406982,
        2.229299545288086,
        2.161912202835083,
        2.0459001064300537,
        2.1295034885406494,
        1.6957296133041382,
        1.6342341899871826,
        1.5689762830734253,
        1.7542798519134521,
        1.7634658813476562,
        1.9417357444763184,
        1.7051547765731812,
        1.602473258972168,
        1.4334721565246582,
        1.3478705883026123,
        1.271045207977295,
        1.2782566547393799,
        1.1411035060882568,
        1.1723779439926147,
        1.0826983451843262,
        1.1484791040420532,
        1.1540019512176514,
        1.0505350828170776,
        1.1723358631134033,
        0.9547386169433594,
        1.057384967803955,
        0.9568169713020325,
        1.0480576753616333,
        0.898377537727356,
        0.9079779982566833,
        1.0698614120483398,
        0.8545764684677124,
        0.9291759729385376,
        0.8764916658401489,
        0.8598167896270752,
        0.8401973843574524,
        0.78957200050354,
        0.8129951357841492,
        0.6825070381164551,
        0.7418913841247559,
        0.7190083265304565,
        0.7328996658325195,
        0.7056586742401123,
        0.6398233771324158,
        0.6128767728805542,
        0.6537913084030151,
        0.7663241028785706,
        0.5175741314888,
        0.5607776641845703,
        0.6131995320320129,
        0.5137792229652405,
        0.5758567452430725,
        0.5086769461631775,
        0.516671359539032,
        0.5278381705284119,
        0.5776970982551575,
        0.5597994923591614,
        0.47871702909469604,
        0.5102951526641846,
        0.48123857378959656,
        0.4669663608074188,
        0.5279776453971863,
        0.45322027802467346,
        0.4800834059715271,
        0.5241943001747131,
        0.4615077078342438,
        0.4532250165939331,
        0.4171059727668762,
        0.4134208559989929,
        0.38457196950912476,
        0.3997160494327545,
        0.44314950704574585,
        0.4408329129219055,
        0.47117850184440613,
        0.36866825819015503,
        0.3873564898967743,
        0.4537627100944519,
        0.4064929485321045,
        0.39212465286254883,
        0.38261860609054565,
        0.4289698302745819,
        0.39328330755233765,
        0.35950493812561035,
        0.36428090929985046,
        0.3633856177330017,
        0.33198586106300354,
        0.379197359085083,
        0.34965386986732483,
        0.39746764302253723,
        0.3391436040401459,
        0.3505505621433258,
        0.35125523805618286,
        0.3634377717971802,
        0.3553523123264313,
        0.3640824258327484,
        0.342164009809494,
        0.34621670842170715,
        0.3546367883682251,
        0.3620695471763611,
        0.35802167654037476,
        0.32710525393486023,
        0.31977006793022156,
        0.34453922510147095,
        0.33843234181404114,
        0.3501332402229309,
        0.3330482244491577,
        0.34381580352783203,
        0.3449166715145111,
        0.29835590720176697,
        0.3106127083301544,
        0.3187310993671417,
        0.32859018445014954,
        0.33349356055259705,
        0.33373212814331055,
        0.31843817234039307,
        0.32854047417640686,
        0.3271411955356598,
        0.30900275707244873
    ],