{
    "epoch": [
        0,
        1,
        2,
        3,
        4,
        5,
        6,
        7,
        8,
        9,
        10,
        11,
        12,
        13,
        14,
        15,
        16,
        17,
        18,
        19,
        20,
        21,
        22,
        23,
        24,
        25,
        26,
        27,
        28,
        29,
        30,
        31,
        32,
        33,
        34,
        35,
        36,
        37,
        38,
        39,
        40,
        41,
        42,
        43,
        44,
        45,
        46,
        47,
        48,
        49,
        50,
        51,
        52,
        53,
        54,
        55,
        56,
        57,
        58,
        59,
        60,
        61,
        62,
        63,
        64,
        65,
        66,
        67,
        68,
        69,
        70,
        71,
        72,
        73,
        74,
        75,
        76,
        77,
        78,
        79,
        80,
        81,
        82,
        83,
        84,
        85,
        86,
        87,
        88,
        89,
        90,
        91,
        92,
        93,
        94,
        95,
        96,
        97,
        98,
        99,
        100,
        101,
        102,
        103,
        104,
        105,
        106,
        107,
        108,
        109,
        110,
        111,
        112,
        113,
        114,
        115,
        116,
        117,
        118,
        119,
        120,
        121,
        122,
        123,
        124,
        125,
        126,
        127,
        128,
        129,
        130,
        131,
        132
    ],
    "train_loss": [
        47.11476135253906,
        19.451065063476562,
        13.176676750183105,
        15.258837699890137,
        17.13096046447754,
        19.72799301147461,
        16.477262496948242,
        13.7969388961792,
        10.196064949035645,
        6.834456920623779,
        7.324005126953125,
        7.373822212219238,
        8.088582038879395,
        9.469731330871582,
        8.89660930633545,
        7.978196620941162,
        5.329381465911865,
        4.083678245544434,
        3.8465895652770996,
        4.266390800476074,
        5.014039039611816,
        4.89651346206665,
        4.5814409255981445,
        3.777266502380371,
        3.4589343070983887,
        2.6792690753936768,
        2.676734685897827,
        2.5520451068878174,
        2.7400457859039307,
        2.688724994659424,
        2.746441125869751,
        2.7061822414398193,
        2.3431179523468018,
        2.1817426681518555,
        1.9771708250045776,
        1.7422138452529907,
        1.8982641696929932,
        1.9635777473449707,
        1.8739761114120483,
        1.7647180557250977,
        1.4753657579421997,
        1.3668525218963623,
        1.4781415462493896,
        1.2743810415267944,
        1.4490200281143188,
        1.3238749504089355,
        1.4172476530075073,
        1.3858938217163086,
        1.3286802768707275,
        1.043526530265808,
        1.0829174518585205,
        1.1443644762039185,
        1.0450868606567383,
        1.0494661331176758,
        0.9555440545082092,
        0.8559281826019287,
        0.7982812523841858,
        0.8863149881362915,
        0.8868532180786133,
        0.8822401762008667,
        0.7807339429855347,
        0.7139619588851929,
        0.6709833741188049,
        0.6339467763900757,
        0.7456154823303223,
        0.7037351131439209,
        0.6781309247016907,
        0.6789656281471252,
        0.7018525004386902,
        0.6208751797676086,
        0.6589819192886353,
        0.6003299951553345,
        0.6154702305793762,
        0.5926462411880493,
        0.6565178632736206,
        0.5691584944725037,
        0.5702328085899353,
        0.5482621192932129,
        0.5835086703300476,
        0.5112529397010803,
        0.5163094997406006,
        0.48712748289108276,
        0.48016005754470825,
        0.46409955620765686,
        0.5461230278015137,
        0.5635907053947449,
        0.5532358288764954,
        0.41695645451545715,
        0.4389771521091461,
        0.43970680236816406,
        0.46995052695274353,
        0.39215514063835144,
        0.45610955357551575,
        0.388263076543808,
        0.45432907342910767,
        0.42022621631622314,
        0.4752598702907562,
        0.4753522574901581,
        0.4119337201118469,
        0.3803727924823761,
        0.40329936146736145,
        0.39631572365760803,
        0.4065621495246887,
        0.3714369535446167,
        0.40889671444892883,
        0.41126102209091187,
        0.37483662366867065,
        0.4065168499946594,
        0.3977581262588501,
        0.37834101915359497,
        0.3730368912220001,
        0.37920141220092773,
        0.357072651386261,
        0.41611403226852417,
        0.3705180287361145,
        0.3505612313747406,
        0.38068872690200806,
        0.39403605461120605,
        0.3824761211872101,
        0.3359696865081787,
        0.40817782282829285,
        0.3479747474193573,
        0.3413175046443939,
        0.35358303785324097,
        0.36293825507164,
        0.32742542028427124,
        0.36238858103752136,
        0.3672044277191162,
        0.3567315936088562,
        0.35834941267967224,
        0.33044904470443726,
        0.35415974259376526,
        0.38775816559791565
    ],