{
    "epoch": [
        0,
        1,
        2,
        3,
        4,
        5,
        6,
        7,
        8,
        9,
        10,
        11,
        12,
        13,
        14,
        15,
        16,
        17,
        18,
        19,
        20,
        21,
        22,
        23,
        24,
        25,
        26,
        27,
        28,
        29,
        30,
        31,
        32,
        33,
        34,
        35,
        36,
        37,
        38,
        39,
        40,
        41,
        42,
        43,
        44,
        45,
        46,
        47,
        48,
        49,
        50,
        51,
        52,
        53,
        54,
        55,
        56,
        57,
        58,
        59,
        60,
        61,
        62,
        63,
        64,
        65,
        66,
        67,
        68,
        69,
        70,
        71,
        72,
        73,
        74,
        75,
        76,
        77,
        78,
        79,
        80,
        81,
        82,
        83,
        84,
        85,
        86,
        87,
        88,
        89,
        90,
        91,
        92,
        93,
        94,
        95,
        96,
        97,
        98,
        99,
        100,
        101,
        102,
        103,
        104,
        105,
        106,
        107,
        108,
        109,
        110,
        111,
        112,
        113,
        114,
        115,
        116,
        117,
        118,
        119
    ],
    "train_loss": [
        57844.54296875,
        24076.087890625,
        19867.81640625,
        27400.51171875,
        29839.48046875,
        24399.541015625,
        16012.1337890625,
        12290.259765625,
        12793.015625,
        13283.201171875,
        16762.62109375,
        13557.818359375,
        12767.6064453125,
        9069.58203125,
        7689.373046875,
        7697.35107421875,
        7441.9208984375,
        8151.44677734375,
        8907.0947265625,
        8188.935546875,
        6238.32763671875,
        5046.3330078125,
        4437.90673828125,
        4954.46826171875,
        5813.3876953125,
        5578.7958984375,
        4817.06396484375,
        3875.865966796875,
        3850.79150390625,
        3039.9462890625,
        3356.908203125,
        3146.12451171875,
        3235.408447265625,
        3224.1669921875,
        2170.2890625,
        2244.4384765625,
        1747.2403564453125,
        2050.44921875,
        2216.04248046875,
        2263.37890625,
        1835.7467041015625,
        1445.3072509765625,
        1474.2464599609375,
        1603.772705078125,
        1535.5484619140625,
        1482.29931640625,
        1255.595458984375,
        1138.0574951171875,
        1142.68359375,
        1033.396728515625,
        1069.9471435546875,
        973.2553100585938,
        1037.2135009765625,
        1055.74365234375,
        775.1480712890625,
        715.0053100585938,
        715.7979125976562,
        682.8492431640625,
        684.85693359375,
        645.2362670898438,
        466.9019470214844,
        490.2349548339844,
        473.8822326660156,
        467.8783264160156,
        418.69036865234375,
        412.7147521972656,
        362.9820251464844,
        331.54095458984375,
        329.7965393066406,
        350.51031494140625,
        303.83642578125,
        303.2627258300781,
        241.8822784423828,
        284.79339599609375,
        230.2540283203125,
        229.41615295410156,
        222.7847900390625,
        177.64248657226562,
        186.47413635253906,
        155.3855438232422,
        151.09219360351562,
        171.5209503173828,
        148.3711700439453,
        134.835205078125,
        135.66802978515625,
        112.7105484008789,
        109.76020050048828,
        101.55130767822266,
        90.107421875,
        87.63809204101562,
        104.28656768798828,
        81.67647552490234,
        71.33401489257812,
        54.89385986328125,
        64.49299621582031,
        59.0740966796875,
        51.359619140625,
        46.85423278808594,
        46.26335144042969,
        41.766666412353516,
        41.67416000366211,
        37.9332160949707,
        38.6761474609375,
        32.30811309814453,
        28.139638900756836,
        27.334199905395508,
        26.00439453125,
        21.266815185546875,
        19.640859603881836,
        17.2161865234375,
        19.509946823120117,
        15.97915267944336,
        16.178892135620117,
        12.868370056152344,
        12.418701171875,
        12.22733211517334,
        11.59618854522705,
        11.207460403442383,
        9.469806671142578,
        9.693436622619629
    ],
    "val_loss": [
        73697.0,
        27177.734375,
        21640.24609375,
        31919.85546875,
        34137.81640625,
        29711.421875,
        17851.8671875,
        12338.1083984375,
        11938.95703125,
        19948.556640625,
        16742.763671875,
        16405.822265625,
        20922.15234375,
        13365.7744140625,
        9295.18359375,
        9379.5859375,
        8383.4140625,
        9638.365234375,
        10945.724609375,
        7976.05126953125,
        6240.56298828125,
        6570.29052734375,
        6555.515625,
        7966.869140625,
        8688.8720703125,
        6822.03515625,
        6431.8125,
        5471.96142578125,
        4543.32275390625,
        4443.7431640625,
        4001.429443359375,
        3775.0087890625,
        4152.58935546875,
        5371.0595703125,
        3730.187255859375,
        3222.71875,
        4055.126953125,
        3667.439697265625,
        3554.5029296875,
        4343.10546875,
        3189.260009765625,
        2944.237548828125,
        3065.612548828125,
        2439.366455078125,
        2834.617919921875,
        2601.658447265625,
        2324.097412109375,
        1718.068603515625,
        2746.650146484375,
        2618.832763671875,
        2958.76513671875,
        2022.5364990234375,
        2531.295166015625,
        1916.6763916015625,
        1946.103759765625,
        1543.7095947265625,
        1714.9521484375,
        1872.346435546875,
        1680.454345703125,
        1588.4957275390625,
        1693.71337890625,
        1924.847412109375,
        2033.372802734375,
        1906.03125,
        1703.5869140625,
        1817.7843017578125,
        1566.556884765625,
        1373.2147216796875,
        1441.1343994140625,
        1219.51123046875,
        1306.660888671875,
        1318.048828125,
        1690.6884765625,
        1771.3577880859375,
        1196.775634765625,
        1371.89306640625,
        1526.5616455078125,
        1522.6361083984375,
        1404.9075927734375,
        1325.419189453125,
        1469.1552734375,
        1332.41064453125,
        1347.281494140625,
        1271.80078125,
        1232.001953125,
        1264.575927734375,
        1421.515869140625,
        1305.296875,
        1207.5482177734375,
        1224.2777099609375,
        1259.188720703125,
        1211.74267578125,
        1168.1214599609375,
        1243.0047607421875,
        1112.644287109375,
        1197.7891845703125,
        1147.6505126953125,
        1274.6414794921875,
        1252.0230712890625,
        1214.04931640625,
        1258.4046630859375,
        1175.5020751953125,
        1295.0574951171875,
        1212.8902587890625,
        1206.01708984375,
        1165.7191162109375,
        1213.449462890625,
        1258.46630859375,
        1174.9874267578125,
        1134.8607177734375,
        1188.2769775390625,
        1137.5006103515625,
        1179.619384765625,
        1187.30419921875,
        1169.7020263671875,
        1167.5186767578125,
        1217.5518798828125,
        1220.753173828125,
        1258.567626953125,
        1160.6551513671875
    ]
}