{
    "effect_pehe": 8.393911361694336,
    "effect_mae": 1.0161995887756348
}