{
    "effect_pehe": 18.016319274902344,
    "effect_mae": 11.522669792175293
}