{
    "effect_pehe": 4.373941421508789,
    "effect_mae": 1.331897497177124
}