{
    "effect_pehe": 8.501383781433105,
    "effect_mae": 6.872350692749023
}