{
    "effect_pehe": 5.113669395446777,
    "effect_mae": 3.121415138244629
}