{
    "effect_pehe": 4.373941421508789,
    "effect_mae": 1.3318977355957031
}