{
    "epoch": [
        0,
        1,
        2,
        3,
        4,
        5,
        6,
        7,
        8,
        9,
        10,
        11,
        12,
        13,
        14,
        15,
        16,
        17,
        18,
        19,
        20,
        21,
        22,
        23,
        24,
        25,
        26,
        27,
        28,
        29,
        30,
        31,
        32,
        33,
        34,
        35,
        36,
        37,
        38,
        39,
        40,
        41,
        42,
        43,
        44,
        45,
        46,
        47,
        48,
        49,
        50,
        51,
        52,
        53,
        54,
        55,
        56,
        57,
        58,
        59,
        60,
        61,
        62,
        63,
        64,
        65,
        66,
        67,
        68,
        69,
        70,
        71,
        72,
        73,
        74,
        75,
        76,
        77,
        78,
        79,
        80,
        81,
        82,
        83,
        84,
        85,
        86,
        87,
        88,
        89,
        90,
        91,
        92,
        93,
        94,
        95,
        96,
        97,
        98,
        99,
        100,
        101,
        102,
        103,
        104,
        105,
        106,
        107,
        108,
        109,
        110,
        111,
        112,
        113,
        114,
        115,
        116,
        117,
        118,
        119,
        120,
        121,
        122,
        123,
        124,
        125,
        126,
        127
    ],
    "train_loss": [
        147.2246856689453,
        117.66401672363281,
        100.10492706298828,
        81.32395935058594,
        80.4996109008789,
        70.60631561279297,
        53.784812927246094,
        40.290523529052734,
        42.114158630371094,
        42.34363555908203,
        35.2291259765625,
        31.506093978881836,
        24.350852966308594,
        22.539533615112305,
        27.89851188659668,
        23.395654678344727,
        18.921159744262695,
        16.163148880004883,
        16.205093383789062,
        17.131393432617188,
        15.25698184967041,
        11.268131256103516,
        9.493193626403809,
        10.768062591552734,
        11.797151565551758,
        10.42268180847168,
        9.281538009643555,
        7.443509101867676,
        7.568824768066406,
        8.41127872467041,
        7.353846549987793,
        5.469003200531006,
        5.501166820526123,
        5.029769420623779,
        5.5765533447265625,
        4.524315357208252,
        3.2758748531341553,
        3.7945165634155273,
        4.105090141296387,
        3.3749001026153564,
        3.034475803375244,
        2.476046323776245,
        2.568416118621826,
        2.4772143363952637,
        2.275280237197876,
        2.1165568828582764,
        1.8136175870895386,
        1.984161138534546,
        1.9758695363998413,
        1.6324105262756348,
        1.4618972539901733,
        1.5669150352478027,
        1.680364966392517,
        1.278415322303772,
        1.1660269498825073,
        1.1416583061218262,
        1.1010158061981201,
        0.951184093952179,
        0.8875861763954163,
        0.8888064622879028,
        0.9320070743560791,
        0.7676871418952942,
        0.7553679943084717,
        0.7226533889770508,
        0.7713946104049683,
        0.6880688667297363,
        0.6484435200691223,
        0.6077828407287598,
        0.6894273161888123,
        0.6505632400512695,
        0.5818606615066528,
        0.5982542634010315,
        0.6121984720230103,
        0.5397367477416992,
        0.5148689150810242,
        0.516488254070282,
        0.5580355525016785,
        0.5027826428413391,
        0.46278902888298035,
        0.4791012108325958,
        0.47930097579956055,
        0.4505256414413452,
        0.4502074718475342,
        0.45370247960090637,
        0.454602986574173,
        0.4201582968235016,
        0.4345305860042572,
        0.4166722893714905,
        0.44319814443588257,
        0.4175482988357544,
        0.4139062166213989,
        0.4442990720272064,
        0.4074903130531311,
        0.4325677454471588,
        0.41833025217056274,
        0.39268043637275696,
        0.4041661024093628,
        0.423147052526474,
        0.39754071831703186,
        0.4352900981903076,
        0.3958667814731598,
        0.40949198603630066,
        0.45698344707489014,
        0.39428895711898804,
        0.4026733338832855,
        0.40751567482948303,
        0.435722678899765,
        0.40521907806396484,
        0.4000115394592285,
        0.39317694306373596,
        0.41139331459999084,
        0.4050593078136444,
        0.4182571768760681,
        0.40673139691352844,
        0.3976495563983917,
        0.4668267071247101,
        0.3859443962574005,
        0.39094704389572144,
        0.411663293838501,
        0.4163130521774292,
        0.38742250204086304,
        0.4168505370616913,
        0.3916786313056946,
        0.40108972787857056,
        0.3712393045425415,
        0.4224860668182373,
        0.39889994263648987,
        0.39317014813423157
    ],