{
    "effect_pehe": 6.495409965515137,
    "effect_mae": 1.3553776741027832
}