{
    "effect_pehe": 11.932649612426758,
    "effect_mae": 0.2785062789916992
}