{
    "effect_pehe": 5.9911603927612305,
    "effect_mae": 0.03452587127685547
}