{
    "effect_pehe": 5.918176174163818,
    "effect_mae": 1.3573732376098633
}