{
    "effect_pehe": 5.992468357086182,
    "effect_mae": 0.17737483978271484
}