{
    "effect_pehe": 8.723438262939453,
    "effect_mae": 1.3372931480407715
}