{
    "effect_pehe": 10.133196830749512,
    "effect_mae": 0.8652701377868652
}