{
    "effect_pehe": 5.9583306312561035,
    "effect_mae": 0.6851639747619629
}