{
    "effect_pehe": 8.978678703308105,
    "effect_mae": 0.9068727493286133
}