{
    "effect_pehe": 5.745267868041992,
    "effect_mae": 0.9041376113891602
}