{
    "effect_pehe": 6.475980281829834,
    "effect_mae": 0.5356111526489258
}