{
    "effect_pehe": 7.855912208557129,
    "effect_mae": 0.7364964485168457
}