{
    "effect_pehe": 5.296268463134766,
    "effect_mae": 0.44736814498901367
}