{
    "effect_pehe": 8.029531478881836,
    "effect_mae": 0.6191873550415039
}