{
    "effect_pehe": 6.595927715301514,
    "effect_mae": 0.31806305050849915
}