{
    "epoch": [
        0,
        1,
        2,
        3,
        4,
        5,
        6,
        7,
        8,
        9,
        10,
        11,
        12,
        13,
        14,
        15,
        16,
        17,
        18,
        19,
        20,
        21,
        22,
        23,
        24,
        25,
        26,
        27,
        28,
        29,
        30,
        31,
        32,
        33,
        34,
        35,
        36,
        37,
        38,
        39,
        40,
        41,
        42,
        43,
        44,
        45,
        46,
        47,
        48,
        49,
        50,
        51,
        52,
        53,
        54,
        55,
        56,
        57,
        58,
        59,
        60,
        61,
        62,
        63,
        64,
        65,
        66,
        67,
        68,
        69,
        70,
        71,
        72,
        73,
        74,
        75,
        76,
        77,
        78,
        79,
        80,
        81,
        82,
        83,
        84,
        85,
        86,
        87,
        88,
        89,
        90,
        91,
        92,
        93,
        94,
        95,
        96,
        97,
        98,
        99,
        100,
        101,
        102,
        103,
        104,
        105,
        106,
        107,
        108,
        109,
        110,
        111,
        112,
        113,
        114,
        115,
        116,
        117,
        118,
        119,
        120,
        121,
        122
    ],
    "train_loss": [
        16.45821762084961,
        16.421817779541016,
        16.386234283447266,
        16.350662231445312,
        16.31221580505371,
        16.269102096557617,
        16.223644256591797,
        16.171451568603516,
        16.103979110717773,
        16.02593421936035,
        15.943378448486328,
        15.843716621398926,
        15.727567672729492,
        15.589707374572754,
        15.435074806213379,
        15.26688003540039,
        15.069439888000488,
        14.82287883758545,
        14.591896057128906,
        14.293863296508789,
        13.957878112792969,
        13.619440078735352,
        13.18416976928711,
        12.750916481018066,
        12.227579116821289,
        11.630196571350098,
        10.975109100341797,
        10.295770645141602,
        9.505818367004395,
        8.681307792663574,
        7.823250770568848,
        6.908783435821533,
        5.9699859619140625,
        5.032896041870117,
        4.0960283279418945,
        3.4260382652282715,
        2.795893669128418,
        2.415761709213257,
        2.1518590450286865,
        2.2523365020751953,
        2.2409677505493164,
        2.3258800506591797,
        2.0853793621063232,
        1.760110855102539,
        1.4459240436553955,
        1.2356600761413574,
        1.0231268405914307,
        0.7824665904045105,
        0.8404372930526733,
        0.763619601726532,
        0.8593534231185913,
        0.8683195114135742,
        0.9324185252189636,
        0.838253378868103,
        0.8403178453445435,
        0.7220715880393982,
        0.6881537437438965,
        0.6163373589515686,
        0.5823354125022888,
        0.5438058972358704,
        0.5173218250274658,
        0.43846839666366577,
        0.47778216004371643,
        0.4665893018245697,
        0.420195072889328,
        0.4248068928718567,
        0.3740119934082031,
        0.37252023816108704,
        0.3415340781211853,
        0.2952097952365875,
        0.29195985198020935,
        0.28555798530578613,
        0.2903238534927368,
        0.2775958776473999,
        0.2737181484699249,
        0.24906428158283234,
        0.26194465160369873,
        0.24089683592319489,
        0.23095707595348358,
        0.2133786529302597,
        0.21208925545215607,
        0.2063373625278473,
        0.18572744727134705,
        0.19427654147148132,
        0.1800771951675415,
        0.1813710778951645,
        0.16915814578533173,
        0.16373112797737122,
        0.15499989688396454,
        0.15533041954040527,
        0.14870017766952515,
        0.14229248464107513,
        0.14197731018066406,
        0.13847284018993378,
        0.13310199975967407,
        0.13454091548919678,
        0.12521116435527802,
        0.11724191159009933,
        0.1178320124745369,
        0.11037856340408325,
        0.10853366553783417,
        0.10058165341615677,
        0.10405939817428589,
        0.10151553899049759,
        0.09268941730260849,
        0.09898312389850616,
        0.08844327181577682,
        0.08498799055814743,
        0.08442410081624985,
        0.08600781857967377,
        0.08213753253221512,
        0.08060881495475769,
        0.07584889978170395,
        0.0747784972190857,
        0.0715649202466011,
        0.07156573235988617,
        0.0694897323846817,
        0.06796663999557495,
        0.06234916299581528,
        0.06169554963707924,
        0.06428287923336029,
        0.06546029448509216,
        0.058789901435375214
    ],