{
    "epoch": [
        0,
        1,
        2,
        3,
        4,
        5,
        6,
        7,
        8,
        9,
        10,
        11,
        12,
        13,
        14,
        15,
        16,
        17,
        18,
        19,
        20,
        21,
        22,
        23,
        24,
        25,
        26,
        27,
        28,
        29,
        30,
        31,
        32,
        33,
        34,
        35,
        36,
        37,
        38,
        39,
        40,
        41,
        42,
        43,
        44,
        45,
        46,
        47,
        48,
        49,
        50,
        51,
        52,
        53,
        54,
        55,
        56,
        57,
        58,
        59,
        60,
        61,
        62,
        63,
        64,
        65,
        66,
        67,
        68,
        69,
        70,
        71,
        72,
        73,
        74,
        75,
        76,
        77,
        78,
        79,
        80,
        81,
        82,
        83,
        84,
        85,
        86,
        87,
        88,
        89,
        90,
        91,
        92,
        93,
        94,
        95,
        96,
        97,
        98,
        99,
        100,
        101,
        102,
        103,
        104,
        105,
        106,
        107,
        108,
        109,
        110,
        111,
        112,
        113,
        114,
        115,
        116,
        117,
        118,
        119,
        120,
        121,
        122,
        123,
        124,
        125,
        126,
        127,
        128,
        129,
        130,
        131,
        132,
        133,
        134,
        135,
        136,
        137,
        138,
        139,
        140,
        141,
        142,
        143,
        144,
        145,
        146,
        147,
        148,
        149,
        150,
        151,
        152,
        153,
        154,
        155,
        156,
        157,
        158,
        159,
        160,
        161,
        162,
        163,
        164,
        165,
        166,
        167,
        168,
        169,
        170,
        171,
        172,
        173,
        174,
        175,
        176,
        177,
        178,
        179,
        180,
        181,
        182,
        183,
        184,
        185,
        186,
        187,
        188,
        189
    ],
    "train_loss": [
        32.941829681396484,
        32.90022659301758,
        32.85951232910156,
        32.819557189941406,
        32.77632141113281,
        32.723690032958984,
        32.67392349243164,
        32.60475158691406,
        32.52736282348633,
        32.436805725097656,
        32.32221603393555,
        32.19656753540039,
        32.041927337646484,
        31.84685516357422,
        31.647851943969727,
        31.38547134399414,
        31.083782196044922,
        30.755725860595703,
        30.365737915039062,
        29.93216896057129,
        29.422582626342773,
        28.81954002380371,
        28.158517837524414,
        27.397785186767578,
        26.566165924072266,
        25.54604721069336,
        24.455297470092773,
        23.215198516845703,
        21.892078399658203,
        20.317123413085938,
        18.71784782409668,
        16.949710845947266,
        15.13726806640625,
        13.309820175170898,
        11.427460670471191,
        9.600282669067383,
        8.03612232208252,
        6.726321220397949,
        5.867784023284912,
        5.256390571594238,
        4.956220626831055,
        4.835151195526123,
        4.7114152908325195,
        4.231273651123047,
        3.6681244373321533,
        3.367281198501587,
        2.927811861038208,
        2.469684600830078,
        2.3240413665771484,
        2.1301934719085693,
        1.8677258491516113,
        1.9947234392166138,
        1.8462375402450562,
        1.8464170694351196,
        1.6972987651824951,
        1.6181546449661255,
        1.4892895221710205,
        1.3923918008804321,
        1.2882922887802124,
        1.1330838203430176,
        1.1218371391296387,
        1.036609411239624,
        0.9535878896713257,
        0.9772729277610779,
        0.8892147541046143,
        0.8565284609794617,
        0.830191969871521,
        0.7806224226951599,
        0.7082461714744568,
        0.6658415794372559,
        0.5935144424438477,
        0.6199317574501038,
        0.5972122550010681,
        0.5487841963768005,
        0.5398938655853271,
        0.5128214955329895,
        0.4939185380935669,
        0.46005263924598694,
        0.460610568523407,
        0.4123474657535553,
        0.39504361152648926,
        0.3728195130825043,
        0.38012492656707764,
        0.38695502281188965,
        0.34384840726852417,
        0.34135666489601135,
        0.31209036707878113,
        0.3045857548713684,
        0.29502493143081665,
        0.2880767285823822,
        0.28130412101745605,
        0.2549622058868408,
        0.2573438584804535,
        0.2456633448600769,
        0.23840001225471497,
        0.23183001577854156,
        0.21933159232139587,
        0.2111341953277588,
        0.2134164571762085,
        0.19297584891319275,
        0.18785181641578674,
        0.17959505319595337,
        0.1737547367811203,
        0.162847638130188,
        0.16884037852287292,
        0.17448800802230835,
        0.15729954838752747,
        0.1590431183576584,
        0.14946237206459045,
        0.1569811999797821,
        0.1353498101234436,
        0.13649065792560577,
        0.1291535645723343,
        0.13468420505523682,
        0.12623253464698792,
        0.13247671723365784,
        0.12334272265434265,
        0.11809225380420685,
        0.11633924394845963,
        0.10811208188533783,
        0.11545291543006897,
        0.10475696623325348,
        0.11208952963352203,
        0.09875816106796265,
        0.09940788894891739,
        0.0976320281624794,
        0.09931255131959915,
        0.08646386116743088,
        0.09154902398586273,
        0.08417294174432755,
        0.0872734934091568,
        0.0816580131649971,
        0.08633799105882645,
        0.08058056235313416,
        0.08255480974912643,
        0.0794094055891037,
        0.08012206852436066,
        0.0728238895535469,
        0.07344036549329758,
        0.07388053089380264,
        0.06713784486055374,
        0.0684417113661766,
        0.06507845968008041,
        0.07033199816942215,
        0.06404958665370941,
        0.06239566206932068,
        0.05870295688509941,
        0.06081018224358559,
        0.05674850940704346,
        0.05696917697787285,
        0.05947270616889,
        0.054945576936006546,
        0.055564165115356445,
        0.049942437559366226,
        0.052074555307626724,
        0.05481033772230148,
        0.05748993530869484,
        0.05229323357343674,
        0.045986730605363846,
        0.04628223553299904,
        0.04986433684825897,
        0.051131393760442734,
        0.0420415997505188,
        0.040951818227767944,
        0.03951490297913551,
        0.03776244819164276,
        0.041066378355026245,
        0.03820127993822098,
        0.03763565793633461,
        0.03712960705161095,
        0.03716568648815155,
        0.039668966084718704,
        0.03784652426838875,
        0.03416856750845909,
        0.036070697009563446,
        0.038211338222026825,
        0.03529028967022896,
        0.03416918218135834,
        0.030866727232933044,
        0.03433750942349434,
        0.03152452036738396,
        0.02893119491636753,
        0.03038063459098339,
        0.031185902655124664,
        0.03659685701131821,
        0.02709166705608368,
        0.026212545111775398,
        0.028086133301258087,
        0.026312431320548058,
        0.025266842916607857
    ],