{
    "effect_pehe": 4.839719772338867,
    "effect_mae": 0.4990580081939697
}