{
    "effect_pehe": 5.0899834632873535,
    "effect_mae": 2.3802905082702637
}