{
    "effect_pehe": 6.077362537384033,
    "effect_mae": 4.280447959899902
}