{
    "effect_pehe": 14.681797956754298,
    "effect_mae": 6.667705143380403
}