{
    "effect_pehe": 12.36728929214608,
    "effect_mae": 5.572287642731966
}