{
    "effect_pehe": 5.678554058074951,
    "effect_mae": 1.2712321281433105
}