{
    "effect_pehe": 4.896541118621826,
    "effect_mae": 1.487088918685913
}}