{
    "effect_pehe": 6.232385158538818,
    "effect_mae": 3.633117198944092
}