{
    "effect_pehe": 4.623753547668457,
    "effect_mae": 0.5853894352912903
}