{
    "effect_pehe": 4.04500150680542,
    "effect_mae": 1.1018072366714478
}