{
    "effect_pehe": 3.325488567352295,
    "effect_mae": 0.9003300070762634
}