{
    "effect_pehe": 5.138158798217773,
    "effect_mae": 1.0317198038101196
}