{
    "effect_pehe": 3.5748634338378906,
    "effect_mae": 0.19712117314338684
}