{
    "epoch": [
        0,
        1,
        2,
        3,
        4,
        5,
        6,
        7,
        8,
        9,
        10,
        11,
        12,
        13,
        14,
        15,
        16,
        17,
        18,
        19,
        20,
        21,
        22,
        23,
        24,
        25,
        26,
        27,
        28,
        29,
        30,
        31,
        32,
        33,
        34,
        35,
        36,
        37,
        38,
        39,
        40,
        41,
        42,
        43,
        44,
        45,
        46,
        47,
        48,
        49,
        50,
        51,
        52,
        53,
        54,
        55,
        56,
        57,
        58,
        59,
        60,
        61,
        62,
        63,
        64,
        65,
        66,
        67,
        68,
        69,
        70,
        71,
        72,
        73,
        74,
        75,
        76,
        77,
        78,
        79,
        80,
        81,
        82,
        83,
        84,
        85,
        86,
        87,
        88,
        89,
        90,
        91,
        92,
        93,
        94,
        95,
        96,
        97,
        98,
        99,
        100,
        101,
        102,
        103,
        104,
        105,
        106,
        107,
        108,
        109,
        110,
        111,
        112,
        113,
        114,
        115,
        116,
        117,
        118,
        119,
        120,
        121,
        122,
        123,
        124,
        125,
        126,
        127,
        128,
        129,
        130,
        131,
        132,
        133,
        134,
        135,
        136,
        137,
        138,
        139,
        140,
        141,
        142,
        143,
        144,
        145,
        146,
        147,
        148,
        149,
        150,
        151,
        152,
        153,
        154,
        155,
        156,
        157,
        158,
        159,
        160,
        161,
        162,
        163,
        164,
        165,
        166,
        167,
        168,
        169,
        170,
        171,
        172,
        173,
        174,
        175,
        176
    ],
    "train_loss": [
        189.48768615722656,
        188.93199157714844,
        188.34556579589844,
        187.70408630371094,
        187.01351928710938,
        186.258056640625,
        185.42672729492188,
        184.50161743164062,
        183.46209716796875,
        182.30482482910156,
        181.00738525390625,
        179.54148864746094,
        177.95716857910156,
        176.2208709716797,
        174.36065673828125,
        172.34007263183594,
        170.17474365234375,
        167.8744354248047,
        165.39157104492188,
        162.7154541015625,
        159.8045654296875,
        156.65672302246094,
        153.29837036132812,
        149.71414184570312,
        145.90432739257812,
        141.9490966796875,
        137.83865356445312,
        133.63223266601562,
        129.29164123535156,
        124.97772216796875,
        120.49565124511719,
        115.92764282226562,
        111.40341186523438,
        106.7943115234375,
        102.19908142089844,
        97.71382904052734,
        93.3528823852539,
        89.15018463134766,
        85.36582946777344,
        81.8852310180664,
        79.03398132324219,
        76.72940826416016,
        74.97976684570312,
        73.76493072509766,
        72.8309555053711,
        72.1937255859375,
        71.75653839111328,
        71.37517547607422,
        71.08879852294922,
        70.8409423828125,
        70.65072631835938,
        70.4674072265625,
        70.14260864257812,
        69.97196197509766,
        69.55889129638672,
        69.20283508300781,
        68.79863739013672,
        68.23933410644531,
        67.74285125732422,
        67.30423736572266,
        66.89025115966797,
        66.58802795410156,
        66.27032470703125,
        66.10087585449219,
        65.8616943359375,
        65.70249938964844,
        65.50680541992188,
        65.28630828857422,
        65.14183807373047,
        64.95024108886719,
        64.86990356445312,
        64.61053466796875,
        64.5929183959961,
        64.51516723632812,
        64.32085418701172,
        64.20893096923828,
        64.10957336425781,
        64.01409912109375,
        63.777400970458984,
        63.668121337890625,
        63.6095085144043,
        63.466312408447266,
        63.28990173339844,
        63.192771911621094,
        63.12259292602539,
        63.065834045410156,
        62.90723419189453,
        62.8620719909668,
        62.842044830322266,
        62.671077728271484,
        62.60163116455078,
        62.55891036987305,
        62.450927734375,
        62.33290100097656,
        62.31171798706055,
        62.061927795410156,
        62.06612014770508,
        62.0799560546875,
        61.94647216796875,
        61.725257873535156,
        61.7921142578125,
        61.6256217956543,
        61.44565200805664,
        61.360321044921875,
        61.261207580566406,
        61.18205261230469,
        61.085269927978516,
        61.068363189697266,
        60.99567413330078,
        60.85038375854492,
        60.73314666748047,
        60.60286331176758,
        60.64980697631836,
        60.447574615478516,
        60.386470794677734,
        60.26737976074219,
        60.155418395996094,
        60.01152420043945,
        59.991355895996094,
        59.7828483581543,
        59.67005920410156,
        59.611366271972656,
        59.494163513183594,
        59.29548645019531,
        59.4093017578125,
        59.08476638793945,
        58.95174026489258,
        58.65947723388672,
        58.563682556152344,
        58.499324798583984,
        58.27542495727539,
        58.194759368896484,
        57.80622863769531,
        57.72454071044922,
        57.75567626953125,
        57.440208435058594,
        57.40424346923828,
        57.145530700683594,
        56.85907745361328,
        56.76435852050781,
        56.48457717895508,
        56.12803268432617,
        56.20719528198242,
        55.860713958740234,
        55.50654983520508,
        55.23127365112305,
        54.800086975097656,
        54.90899658203125,
        54.451725006103516,
        54.316383361816406,
        53.78458786010742,
        53.51222229003906,
        53.22474670410156,
        53.08998489379883,
        52.86479568481445,
        52.799598693847656,
        51.958438873291016,
        52.45436477661133,
        52.145652770996094,
        51.485862731933594,
        51.483245849609375,
        50.4637336730957,
        50.757991790771484,
        50.30539321899414,
        50.23421096801758,
        49.94755554199219,
        49.250308990478516,
        49.39881134033203,
        48.388343811035156,
        48.64625549316406,
        47.26991271972656,
        47.1193962097168,
        47.04097366333008,
        46.633731842041016,
        46.74077224731445,
        46.00358581542969,
        45.31055450439453
    ],