{
    "effect_pehe": 19.61510467529297,
    "effect_mae": 4.018840312957764
}