{
    "effect_pehe": 5.164193630218506,
    "effect_mae": 1.1797349452972412
}