{
    "effect_pehe": 5.42525053024292,
    "effect_mae": 0.8822073936462402
}