{
    "epoch": [
        0,
        1,
        2,
        3,
        4,
        5,
        6,
        7,
        8,
        9,
        10,
        11,
        12,
        13,
        14,
        15,
        16,
        17,
        18,
        19,
        20,
        21,
        22,
        23,
        24,
        25,
        26,
        27,
        28,
        29,
        30,
        31,
        32,
        33,
        34,
        35,
        36,
        37,
        38,
        39,
        40,
        41,
        42,
        43,
        44,
        45,
        46,
        47,
        48,
        49,
        50,
        51,
        52,
        53,
        54,
        55,
        56,
        57,
        58,
        59,
        60,
        61,
        62,
        63,
        64,
        65,
        66,
        67,
        68,
        69,
        70,
        71,
        72,
        73,
        74,
        75,
        76,
        77,
        78,
        79,
        80,
        81,
        82,
        83,
        84,
        85,
        86,
        87,
        88,
        89,
        90,
        91,
        92,
        93,
        94,
        95,
        96,
        97,
        98,
        99,
        100,
        101,
        102,
        103,
        104,
        105,
        106,
        107,
        108,
        109,
        110,
        111,
        112,
        113,
        114,
        115,
        116,
        117,
        118,
        119,
        120,
        121,
        122,
        123,
        124,
        125,
        126,
        127,
        128,
        129,
        130,
        131,
        132,
        133,
        134,
        135,
        136,
        137,
        138,
        139,
        140,
        141,
        142,
        143,
        144,
        145,
        146,
        147,
        148,
        149,
        150,
        151,
        152,
        153,
        154,
        155,
        156,
        157,
        158,
        159,
        160,
        161,
        162,
        163
    ],
    "train_loss": [
        39.76994323730469,
        39.596290588378906,
        39.42532730102539,
        39.24644470214844,
        39.0537223815918,
        38.84050750732422,
        38.5994873046875,
        38.320899963378906,
        38.00803756713867,
        37.640628814697266,
        37.21489334106445,
        36.71517562866211,
        36.13701248168945,
        35.46186065673828,
        34.687049865722656,
        33.78449249267578,
        32.772796630859375,
        31.710786819458008,
        30.589750289916992,
        29.535072326660156,
        28.776304244995117,
        28.367969512939453,
        28.28200340270996,
        28.382755279541016,
        28.478681564331055,
        28.474010467529297,
        28.122283935546875,
        27.71651268005371,
        27.342687606811523,
        27.07488441467285,
        26.98054313659668,
        26.94491195678711,
        26.97138023376465,
        27.03640365600586,
        27.061391830444336,
        27.023479461669922,
        26.923147201538086,
        26.783649444580078,
        26.591468811035156,
        26.321754455566406,
        26.17058563232422,
        25.96719741821289,
        25.771020889282227,
        25.664764404296875,
        25.515623092651367,
        25.420663833618164,
        25.27140998840332,
        25.076631546020508,
        24.910072326660156,
        24.732635498046875,
        24.51237678527832,
        24.32314682006836,
        24.10983657836914,
        23.92251968383789,
        23.634397506713867,
        23.376094818115234,
        23.034364700317383,
        22.79439353942871,
        22.448871612548828,
        22.154966354370117,
        21.787288665771484,
        21.453153610229492,
        21.070823669433594,
        20.697946548461914,
        20.252613067626953,
        19.821739196777344,
        19.355913162231445,
        18.91015625,
        18.46352195739746,
        18.019468307495117,
        17.584030151367188,
        17.15079689025879,
        16.720754623413086,
        16.322677612304688,
        15.971909523010254,
        15.670145034790039,
        15.401658058166504,
        15.184247970581055,
        15.001429557800293,
        14.86661434173584,
        14.762511253356934,
        14.683794975280762,
        14.611804962158203,
        14.555246353149414,
        14.498610496520996,
        14.427411079406738,
        14.355552673339844,
        14.275233268737793,
        14.19851303100586,
        14.121237754821777,
        14.048248291015625,
        13.980877876281738,
        13.92138671875,
        13.872432708740234,
        13.828753471374512,
        13.799651145935059,
        13.769100189208984,
        13.740795135498047,
        13.715367317199707,
        13.682466506958008,
        13.643166542053223,
        13.604669570922852,
        13.559959411621094,
        13.513842582702637,
        13.466595649719238,
        13.411138534545898,
        13.36075496673584,
        13.302328109741211,
        13.259702682495117,
        13.219969749450684,
        13.152236938476562,
        13.08318042755127,
        13.039694786071777,
        12.955448150634766,
        12.897866249084473,
        12.837048530578613,
        12.76624584197998,
        12.704217910766602,
        12.646021842956543,
        12.56364631652832,
        12.504169464111328,
        12.439281463623047,
        12.340953826904297,
        12.317394256591797,
        12.285873413085938,
        12.253150939941406,
        12.205313682556152,
        12.192830085754395,
        12.09653377532959,
        12.1080961227417,
        12.094554901123047,
        12.008910179138184,
        12.021994590759277,
        11.981522560119629,
        12.006305694580078,
        11.96589469909668,
        11.86465835571289,
        11.874091148376465,
        11.859827041625977,
        11.783287048339844,
        11.763609886169434,
        11.76392650604248,
        11.724803924560547,
        11.676823616027832,
        11.684593200683594,
        11.654616355895996,
        11.61599349975586,
        11.58881664276123,
        11.592958450317383,
        11.505999565124512,
        11.48525333404541,
        11.487814903259277,
        11.436142921447754,
        11.43852424621582,
        11.3554048538208,
        11.377763748168945,
        11.364156723022461,
        11.310832023620605,
        11.290133476257324,
        11.260600090026855,
        11.260847091674805,
        11.20805549621582,
        11.186357498168945,
        11.144424438476562
    ],