{
    "effect_pehe": 5.43292236328125,
    "effect_mae": 0.9210014343261719
}