{
    "effect_pehe": 4.284638404846191,
    "effect_mae": 0.6628444194793701
}