{
    "effect_pehe": 5.125615119934082,
    "effect_mae": 1.1284644603729248
}