{
    "effect_pehe": 4.6263580322265625,
    "effect_mae": 1.1383585929870605
}