{
    "effect_pehe": 7.310263156890869,
    "effect_mae": 3.292024612426758
}