{
    "effect_pehe": 4.473179817199707,
    "effect_mae": 1.465912103652954
}