{
    "epoch": [
        0,
        1,
        2,
        3,
        4,
        5,
        6,
        7,
        8,
        9,
        10,
        11,
        12,
        13,
        14,
        15,
        16,
        17,
        18,
        19,
        20,
        21,
        22,
        23,
        24,
        25,
        26,
        27,
        28,
        29,
        30,
        31,
        32,
        33,
        34,
        35,
        36,
        37,
        38,
        39,
        40,
        41,
        42,
        43,
        44,
        45,
        46,
        47,
        48,
        49,
        50,
        51,
        52,
        53,
        54,
        55,
        56,
        57,
        58,
        59,
        60,
        61,
        62,
        63,
        64,
        65,
        66,
        67,
        68,
        69,
        70,
        71,
        72,
        73,
        74,
        75,
        76,
        77,
        78,
        79,
        80,
        81,
        82,
        83,
        84,
        85,
        86,
        87,
        88,
        89,
        90,
        91,
        92,
        93,
        94,
        95,
        96,
        97,
        98,
        99,
        100,
        101,
        102,
        103,
        104,
        105,
        106,
        107,
        108,
        109,
        110,
        111,
        112,
        113,
        114,
        115,
        116,
        117,
        118,
        119,
        120,
        121,
        122,
        123,
        124,
        125,
        126,
        127,
        128,
        129,
        130,
        131,
        132,
        133,
        134,
        135,
        136,
        137,
        138,
        139,
        140,
        141,
        142,
        143,
        144,
        145,
        146,
        147,
        148,
        149,
        150,
        151,
        152,
        153,
        154,
        155,
        156,
        157,
        158,
        159,
        160,
        161,
        162,
        163,
        164,
        165,
        166,
        167,
        168,
        169,
        170,
        171,
        172,
        173,
        174,
        175,
        176,
        177,
        178,
        179,
        180,
        181,
        182,
        183,
        184,
        185,
        186,
        187,
        188,
        189
    ],
    "train_loss": [
        33.798831939697266,
        33.57335662841797,
        33.36139678955078,
        33.15016555786133,
        32.925804138183594,
        32.671356201171875,
        32.37880325317383,
        32.0307502746582,
        31.622051239013672,
        31.14724349975586,
        30.588380813598633,
        29.928016662597656,
        29.141704559326172,
        28.213041305541992,
        27.11257553100586,
        25.826677322387695,
        24.3568058013916,
        22.6751766204834,
        20.846435546875,
        18.895259857177734,
        16.954065322875977,
        15.192980766296387,
        13.692832946777344,
        12.659102439880371,
        12.304121017456055,
        12.668475151062012,
        13.42599868774414,
        13.753030776977539,
        13.382061004638672,
        12.668679237365723,
        11.911734580993652,
        11.41136646270752,
        11.230584144592285,
        11.207513809204102,
        11.301945686340332,
        11.438761711120605,
        11.554365158081055,
        11.57491683959961,
        11.449885368347168,
        11.28417682647705,
        11.033790588378906,
        10.709931373596191,
        10.387986183166504,
        10.124305725097656,
        9.895357131958008,
        9.736400604248047,
        9.636463165283203,
        9.615873336791992,
        9.564484596252441,
        9.4694242477417,
        9.280051231384277,
        9.072660446166992,
        8.792512893676758,
        8.56730842590332,
        8.331683158874512,
        8.11244010925293,
        7.920931816101074,
        7.714451789855957,
        7.532538890838623,
        7.296429634094238,
        7.054393291473389,
        6.781746864318848,
        6.529114723205566,
        6.289027690887451,
        6.02542781829834,
        5.798173904418945,
        5.576221466064453,
        5.37677526473999,
        5.167985916137695,
        4.959416389465332,
        4.756481647491455,
        4.581617832183838,
        4.426786422729492,
        4.286822319030762,
        4.179262638092041,
        4.0617194175720215,
        3.9558188915252686,
        3.8547921180725098,
        3.7618026733398438,
        3.675706624984741,
        3.595872640609741,
        3.516613006591797,
        3.4414186477661133,
        3.367048501968384,
        3.2999329566955566,
        3.230426788330078,
        3.17484712600708,
        3.1219799518585205,
        3.080394983291626,
        3.0380191802978516,
        3.0055129528045654,
        2.974246025085449,
        2.9475433826446533,
        2.9271531105041504,
        2.9030568599700928,
        2.886467695236206,
        2.8674392700195312,
        2.8479843139648438,
        2.8312361240386963,
        2.810453414916992,
        2.787684202194214,
        2.771496057510376,
        2.7476112842559814,
        2.7294704914093018,
        2.706869125366211,
        2.6839122772216797,
        2.658921957015991,
        2.6422033309936523,
        2.619062900543213,
        2.6084773540496826,
        2.5891880989074707,
        2.5707433223724365,
        2.5589027404785156,
        2.534291982650757,
        2.52205753326416,
        2.5090792179107666,
        2.4940133094787598,
        2.484316110610962,
        2.473970890045166,
        2.4669394493103027,
        2.4647068977355957,
        2.448925256729126,
        2.443758010864258,
        2.4311466217041016,
        2.4243531227111816,
        2.416707992553711,
        2.4237756729125977,
        2.405024766921997,
        2.402846574783325,
        2.3893015384674072,
        2.38603138923645,
        2.3815014362335205,
        2.383469343185425,
        2.371513605117798,
        2.367149829864502,
        2.3659634590148926,
        2.357121229171753,
        2.3571574687957764,
        2.336095094680786,
        2.340167999267578,
        2.331861972808838,
        2.326883554458618,
        2.313525676727295,
        2.3079280853271484,
        2.2989351749420166,
        2.2910547256469727,
        2.2943027019500732,
        2.2823688983917236,
        2.2743215560913086,
        2.274991512298584,
        2.261726140975952,
        2.25262451171875,
        2.2517101764678955,
        2.2511203289031982,
        2.237529754638672,
        2.23085618019104,
        2.218655824661255,
        2.216294765472412,
        2.2087581157684326,
        2.2010626792907715,
        2.195329189300537,
        2.183178424835205,
        2.1837592124938965,
        2.1767001152038574,
        2.171191692352295,
        2.165221691131592,
        2.1569433212280273,
        2.1553151607513428,
        2.1516876220703125,
        2.1441287994384766,
        2.139289140701294,
        2.1350862979888916,
        2.1181468963623047,
        2.114220142364502,
        2.106759786605835,
        2.112858772277832,
        2.098752737045288,
        2.106473207473755,
        2.09255313873291,
        2.0898594856262207,
        2.080249309539795,
        2.067352294921875,
        2.0628535747528076,
        2.0604565143585205,
        2.0579748153686523,
        2.046372652053833,
        2.05110502243042,
        2.043804883956909,
        2.039759635925293,
        2.0327823162078857
    ],