{
    "effect_pehe": 4.863614559173584,
    "effect_mae": 3.3112335205078125
}