{
    "effect_pehe": 15.712100811457253,
    "effect_mae": 11.76309445429473
}