{
    "effect_pehe": 8.128411685938831,
    "effect_mae": 5.3620925018674015
}