{
    "effect_pehe": 8.136153216479721,
    "effect_mae": 5.402757150884935
}