{
    "effect_pehe": 5.7612696927822915,
    "effect_mae": 3.712588319997407
}