{
    "effect_pehe": 6.110714512035272,
    "effect_mae": 4.281238853523682
}