{
    "effect_pehe": 8.237752038818897,
    "effect_mae": 6.327320397521643
}