{
    "effect_pehe": 8.678396605090734,
    "effect_mae": 6.313118024206573
}