{
    "effect_pehe": 13.496477226955406,
    "effect_mae": 10.01500282806211
}