{
    "effect_pehe": 7.056546688079834,
    "effect_mae": 1.7411613464355469
}