{
    "effect_pehe": 8.661422729492188,
    "effect_mae": 0.8478727340698242
}