{
    "effect_pehe": 4.806396007537842,
    "effect_mae": 0.6583242416381836
}