{
    "effect_pehe": 7.876874923706055,
    "effect_mae": 0.27936458587646484
}