{
    "effect_pehe": 5.816474914550781,
    "effect_mae": 0.017200946807861328
}