{
    "effect_pehe": 15.732237815856934,
    "effect_mae": 0.9830923080444336
}