{
    "effect_pehe": 8.013069152832031,
    "effect_mae": 0.4541134834289551
}