{
    "effect_pehe": 5.560401439666748,
    "effect_mae": 0.020329952239990234
}