{
    "effect_pehe": 6.375350475311279,
    "effect_mae": 0.264005184173584
}