{
    "effect_pehe": 6.781798839569092,
    "effect_mae": 0.3324775695800781
}