{
    "effect_pehe": 7.2015061378479,
    "effect_mae": 0.7409439086914062
}