{
    "effect_pehe": 6.276383399963379,
    "effect_mae": 1.709571361541748
}