{
    "effect_pehe": 7.136993885040283,
    "effect_mae": 0.22680091857910156
}