{
    "effect_pehe": 5.819947719573975,
    "effect_mae": 0.5946297645568848
}