{
    "effect_pehe": 8.163076400756836,
    "effect_mae": 1.1192293167114258
}