{
    "effect_pehe": 5.988739490509033,
    "effect_mae": 2.0231773853302
}