{
    "effect_pehe": 4.281806945800781,
    "effect_mae": 0.23894217610359192
}