{
    "effect_pehe": 5.224274158477783,
    "effect_mae": 1.3777618408203125
}