{
    "effect_pehe": 5.34902286529541,
    "effect_mae": 1.4018588066101074
}