{
    "effect_pehe": 4.9338274002075195,
    "effect_mae": 1.095678687095642
}