{
    "epoch": [
        0,
        1,
        2,
        3,
        4,
        5,
        6,
        7,
        8,
        9,
        10,
        11,
        12,
        13,
        14,
        15,
        16,
        17,
        18,
        19,
        20,
        21,
        22,
        23,
        24,
        25,
        26,
        27,
        28,
        29,
        30,
        31,
        32,
        33,
        34,
        35,
        36,
        37,
        38,
        39,
        40,
        41,
        42,
        43,
        44,
        45,
        46,
        47,
        48,
        49,
        50,
        51,
        52,
        53,
        54,
        55,
        56,
        57,
        58,
        59,
        60,
        61,
        62,
        63,
        64,
        65,
        66,
        67,
        68,
        69,
        70,
        71,
        72,
        73,
        74,
        75,
        76,
        77,
        78,
        79
    ],
    "train_loss": [
        5.0271077156066895,
        2.948129653930664,
        2.465115785598755,
        3.0655786991119385,
        3.163316249847412,
        2.663936138153076,
        2.1178038120269775,
        1.8944019079208374,
        1.7813613414764404,
        1.910485863685608,
        2.0348410606384277,
        1.941213607788086,
        1.6804848909378052,
        1.5121018886566162,
        1.4363001585006714,
        1.4537200927734375,
        1.4814316034317017,
        1.4813553094863892,
        1.4804906845092773,
        1.4262502193450928,
        1.2723418474197388,
        1.273703694343567,
        1.2294081449508667,
        1.2899624109268188,
        1.2658061981201172,
        1.2932912111282349,
        1.2327969074249268,
        1.1734176874160767,
        1.0915849208831787,
        1.0672727823257446,
        1.1635767221450806,
        1.1267286539077759,
        1.146350622177124,
        1.0784692764282227,
        1.0844862461090088,
        1.0626356601715088,
        1.0542351007461548,
        1.078871488571167,
        1.0497533082962036,
        1.0451197624206543,
        1.0365012884140015,
        1.0392117500305176,
        1.0119950771331787,
        1.042017936706543,
        1.0088523626327515,
        1.011235237121582,
        1.017828106880188,
        1.0049922466278076,
        1.009398341178894,
        1.024101734161377,
        0.9898229837417603,
        1.0052155256271362,
        0.9788106679916382,
        0.9747119545936584,
        0.9699699878692627,
        0.9777502417564392,
        0.9920851588249207,
        0.9795109629631042,
        0.9715728163719177,
        0.9851041436195374,
        0.9827621579170227,
        0.9690890908241272,
        0.9550310969352722,
        0.9659342169761658,
        0.9734463095664978,
        0.9680445194244385,
        0.9553431868553162,
        0.9593820571899414,
        0.9595091342926025,
        0.9628905653953552,
        0.9398460388183594,
        0.9630179405212402,
        0.9521056413650513,
        0.9478693604469299,
        0.9554901123046875,
        0.9478172659873962,
        0.9415207505226135,
        0.9451053142547607,
        0.9415379762649536,
        0.952376127243042
    ],
    "val_loss": [
        4.481308937072754,
        3.1641123294830322,
        2.200613498687744,
        2.950857400894165,
        2.9333748817443848,
        2.650578260421753,
        1.9903154373168945,
        1.825792670249939,
        1.6955037117004395,
        1.726564884185791,
        1.9377588033676147,
        1.7629584074020386,
        1.5615946054458618,
        1.408800482749939,
        1.3633177280426025,
        1.3403266668319702,
        1.4445396661758423,
        1.4880682229995728,
        1.4477612972259521,
        1.3728413581848145,
        1.1950997114181519,
        1.1251095533370972,
        1.1389970779418945,
        1.1875309944152832,
        1.1161086559295654,
        1.073641300201416,
        1.078110694885254,
        1.0931261777877808,
        1.0308642387390137,
        1.0365791320800781,
        1.0633288621902466,
        1.0424110889434814,
        1.0659247636795044,
        1.0778981447219849,
        0.9839587807655334,
        0.9900349378585815,
        0.9730523824691772,
        0.9565392136573792,
        0.9497252106666565,
        0.957697868347168,
        0.94423907995224,
        0.9347785711288452,
        0.9427980184555054,
        0.9437588453292847,
        0.9325114488601685,
        0.9208753705024719,
        0.9363141655921936,
        0.8823317885398865,
        0.9083513021469116,
        0.9103311896324158,
        0.9066449403762817,
        0.9202820658683777,
        0.8929293155670166,
        0.9083752036094666,
        0.8571305274963379,
        0.8914926052093506,
        0.9110187292098999,
        0.9197466969490051,
        0.8969079256057739,
        0.8936082720756531,
        0.9295803904533386,
        0.8852429389953613,
        0.8969533443450928,
        0.8797621726989746,
        0.8825282454490662,
        0.8775938153266907,
        0.8856896758079529,
        0.8841513395309448,
        0.8762409687042236,
        0.8829148411750793,
        0.8720817565917969,
        0.8753556609153748,
        0.8799296021461487,
        0.8768524527549744,
        0.8602032661437988,
        0.8830121159553528,
        0.8706607818603516,
        0.8586896061897278,
        0.8903003334999084,
        0.89374840259552
    ]
}