{
    "effect_pehe": 4.915835857391357,
    "effect_mae": 0.5774961709976196
}