{
    "effect_pehe": 5.038044452667236,
    "effect_mae": 0.5737622976303101
}