{
    "epoch": [
        0,
        1,
        2,
        3,
        4,
        5,
        6,
        7,
        8,
        9,
        10,
        11,
        12,
        13,
        14,
        15,
        16,
        17,
        18,
        19,
        20,
        21,
        22,
        23,
        24,
        25,
        26,
        27,
        28,
        29,
        30,
        31,
        32,
        33,
        34,
        35,
        36,
        37,
        38,
        39,
        40,
        41,
        42,
        43,
        44,
        45,
        46,
        47,
        48,
        49,
        50,
        51,
        52,
        53,
        54,
        55,
        56,
        57,
        58,
        59,
        60,
        61,
        62,
        63,
        64,
        65,
        66,
        67,
        68,
        69,
        70,
        71,
        72,
        73,
        74,
        75,
        76,
        77,
        78,
        79,
        80,
        81,
        82,
        83,
        84,
        85,
        86,
        87,
        88,
        89,
        90,
        91,
        92,
        93,
        94,
        95,
        96,
        97,
        98,
        99,
        100,
        101,
        102,
        103,
        104,
        105,
        106,
        107,
        108,
        109,
        110,
        111,
        112,
        113,
        114,
        115,
        116,
        117,
        118,
        119
    ],
    "train_loss": [
        6.161463737487793,
        4.428513526916504,
        3.597440481185913,
        3.071269989013672,
        2.4764976501464844,
        2.1612653732299805,
        2.187133312225342,
        2.1406257152557373,
        1.9953211545944214,
        1.982957363128662,
        1.9113556146621704,
        1.917399525642395,
        1.7271167039871216,
        1.649150013923645,
        1.530190110206604,
        1.4428272247314453,
        1.3394525051116943,
        1.2832075357437134,
        1.2280045747756958,
        1.2201905250549316,
        1.2085106372833252,
        1.2310333251953125,
        1.2117083072662354,
        1.1932430267333984,
        1.1731781959533691,
        1.1746848821640015,
        1.1711667776107788,
        1.147194266319275,
        1.138744831085205,
        1.1053762435913086,
        1.0531353950500488,
        1.0537470579147339,
        1.0528696775436401,
        1.0278189182281494,
        1.011555552482605,
        0.9907762408256531,
        1.00464928150177,
        1.0077310800552368,
        1.0015852451324463,
        0.9881502985954285,
        0.9839069247245789,
        0.9745708107948303,
        0.9765028953552246,
        0.9767394661903381,
        0.9716550707817078,
        0.9648135304450989,
        0.9509550333023071,
        0.9630737900733948,
        0.9683701992034912,
        0.9754682779312134,
        0.9618761539459229,
        0.9655091166496277,
        0.9581171274185181,
        0.9494746327400208,
        0.9537772536277771,
        0.9464171528816223,
        0.9546880125999451,
        0.9513634443283081,
        0.9518011808395386,
        0.9407586455345154,
        0.9575905799865723,
        0.9483489990234375,
        0.9456499814987183,
        0.9534950852394104,
        0.939611554145813,
        0.943969190120697,
        0.9575878977775574,
        0.9474419951438904,
        0.9441410899162292,
        0.944966733455658,
        0.9453067779541016,
        0.9339933395385742,
        0.9451394081115723,
        0.9489692449569702,
        0.945171594619751,
        0.944693922996521,
        0.9419872760772705,
        0.9368672966957092,
        0.9359220862388611,
        0.9403904676437378,
        0.9487099647521973,
        0.9409058690071106,
        0.9367441534996033,
        0.9300922155380249,
        0.9392433762550354,
        0.9436110258102417,
        0.940089225769043,
        0.9398440718650818,
        0.9384899139404297,
        0.9496868848800659,
        0.9413231015205383,
        0.9355649948120117,
        0.9459642767906189,
        0.9421918392181396,
        0.9358876943588257,
        0.9382367134094238,
        0.9430112838745117,
        0.9457798600196838,
        0.939100980758667,
        0.9321829676628113,
        0.9369914531707764,
        0.9489725232124329,
        0.9333019256591797,
        0.9476568698883057,
        0.9442853331565857,
        0.9417464137077332,
        0.9421759843826294,
        0.9447243213653564,
        0.9409825801849365,
        0.9474676847457886,
        0.9472845196723938,
        0.9503335356712341,
        0.9334204196929932,
        0.946799099445343,
        0.9398081302642822,
        0.9431132674217224,
        0.9431333541870117,
        0.9297531247138977,
        0.9361674785614014,
        0.9431560635566711
    ],