{
    "epoch": [
        0,
        1,
        2,
        3,
        4,
        5,
        6,
        7,
        8,
        9,
        10,
        11,
        12,
        13,
        14,
        15,
        16,
        17,
        18,
        19,
        20,
        21,
        22,
        23,
        24,
        25,
        26,
        27,
        28,
        29,
        30,
        31,
        32,
        33,
        34,
        35,
        36,
        37,
        38,
        39,
        40,
        41,
        42,
        43,
        44,
        45,
        46,
        47,
        48,
        49,
        50,
        51,
        52,
        53,
        54,
        55,
        56,
        57,
        58,
        59,
        60,
        61,
        62,
        63,
        64,
        65,
        66,
        67,
        68,
        69,
        70,
        71,
        72,
        73,
        74,
        75,
        76,
        77,
        78,
        79,
        80,
        81,
        82,
        83,
        84,
        85,
        86,
        87,
        88,
        89,
        90,
        91,
        92,
        93,
        94,
        95,
        96,
        97,
        98,
        99,
        100,
        101,
        102,
        103,
        104,
        105,
        106,
        107,
        108,
        109,
        110,
        111,
        112,
        113,
        114,
        115,
        116,
        117,
        118,
        119,
        120,
        121,
        122,
        123,
        124,
        125,
        126,
        127,
        128,
        129
    ],
    "train_loss": [
        8.22074031829834,
        5.6290764808654785,
        5.049806594848633,
        4.879776477813721,
        4.063736915588379,
        3.3043248653411865,
        2.794217824935913,
        2.660182237625122,
        2.542522668838501,
        2.5429911613464355,
        2.5274393558502197,
        2.410719871520996,
        2.2649381160736084,
        2.1309597492218018,
        1.9011561870574951,
        1.9212818145751953,
        1.9690388441085815,
        1.8680542707443237,
        1.7677267789840698,
        1.5892351865768433,
        1.5704700946807861,
        1.506278395652771,
        1.566976547241211,
        1.4411166906356812,
        1.4250227212905884,
        1.37565279006958,
        1.2983105182647705,
        1.2640284299850464,
        1.1947603225708008,
        1.206772804260254,
        1.2120006084442139,
        1.1925495862960815,
        1.1423180103302002,
        1.1357825994491577,
        1.1317079067230225,
        1.084951400756836,
        1.0971230268478394,
        1.0862525701522827,
        1.0767914056777954,
        1.0306422710418701,
        1.0242552757263184,
        1.0229711532592773,
        1.023110032081604,
        1.001524806022644,
        0.9815421104431152,
        0.994051992893219,
        0.9818084836006165,
        0.9842502474784851,
        0.9670976996421814,
        0.9788397550582886,
        0.9630205035209656,
        0.9654750823974609,
        0.9758920073509216,
        0.979210376739502,
        0.9623568654060364,
        0.9549021124839783,
        0.9492974877357483,
        0.9417529702186584,
        0.9409496188163757,
        0.9435110092163086,
        0.9431272745132446,
        0.9424511194229126,
        0.9469359517097473,
        0.9362022280693054,
        0.9403731226921082,
        0.9470388889312744,
        0.9527463316917419,
        0.9287943840026855,
        0.9281225204467773,
        0.9318096041679382,
        0.9301238059997559,
        0.9365012645721436,
        0.9317992925643921,
        0.9447727799415588,
        0.932466447353363,
        0.9294432401657104,
        0.9176848530769348,
        0.9223818778991699,
        0.9200242757797241,
        0.9219691157341003,
        0.9266614317893982,
        0.9220344424247742,
        0.9243587851524353,
        0.9227437973022461,
        0.9276009798049927,
        0.9315581917762756,
        0.9376738667488098,
        0.9276846647262573,
        0.918750524520874,
        0.9277706742286682,
        0.9275906682014465,
        0.9275258779525757,
        0.9207766652107239,
        0.9169811606407166,
        0.917382001876831,
        0.9172241687774658,
        0.9263644218444824,
        0.9247007966041565,
        0.9295518398284912,
        0.9269205927848816,
        0.9312862157821655,
        0.9247535467147827,
        0.9282039403915405,
        0.9231851696968079,
        0.9199702143669128,
        0.9218522310256958,
        0.9293959736824036,
        0.9280330538749695,
        0.9281682372093201,
        0.9189677238464355,
        0.9173161387443542,
        0.9205535054206848,
        0.9237946271896362,
        0.930121898651123,
        0.9319273829460144,
        0.9279892444610596,
        0.9100046157836914,
        0.9139590263366699,
        0.9184091687202454,
        0.9220584034919739,
        0.9200559854507446,
        0.9172614216804504,
        0.9241750240325928,
        0.9175828099250793,
        0.9191309213638306,
        0.9268906712532043,
        0.91074138879776,
        0.9230022430419922,
        0.9200648665428162,
        0.9229467511177063
    ],