{
    "effect_pehe": 4.640720367431641,
    "effect_mae": 0.20975100994110107
}