{
    "effect_pehe": 6.321809475612779,
    "effect_mae": 5.084277439819699
}