{
    "effect_pehe": 5.31161098861911,
    "effect_mae": 4.23733542868142
}