{
    "effect_pehe": 3.965885718497531,
    "effect_mae": 3.155271894108685
}