{
    "effect_pehe": 4.1744597861724575,
    "effect_mae": 3.2556299433680396
}