{
    "effect_pehe": 4.322116962508583,
    "effect_mae": 3.412378426075594
}