{
    "effect_pehe": 3.1899391084759166,
    "effect_mae": 2.5638033414456647
}