{
    "effect_pehe": 2.831773990560544,
    "effect_mae": 2.238078982310543
}