{
    "effect_pehe": 7.692739795114089,
    "effect_mae": 4.810367496775768
}