{
    "effect_pehe": 10.774056999872553,
    "effect_mae": 6.2436438628544115
}