{
    "effect_pehe": 7.997385969275693,
    "effect_mae": 5.630692329994662
}