{
    "effect_pehe": 11.190206691510115,
    "effect_mae": 7.045006843072319
}