{
    "effect_pehe": 5.643323630912384,
    "effect_mae": 3.574674290450424
}