{
    "effect_pehe": 9.5822866022716,
    "effect_mae": 5.910497071609985
}