{
    "effect_pehe": 6.079549164071648,
    "effect_mae": 5.0778467699652285
}