{
    "effect_pehe": 3.404987425368662,
    "effect_mae": 2.7032960746573376
}