{
    "effect_pehe": 3.4979945724360975,
    "effect_mae": 2.7952003464170008
}