{
    "effect_pehe": 2.7435898145622093,
    "effect_mae": 2.1577799468795513
}