{
    "effect_pehe": 4.014748113115331,
    "effect_mae": 3.1602689053100375
}