{
    "effect_pehe": 4.108683701668883,
    "effect_mae": 3.3418031297770545
}