{
    "effect_pehe": 6.208863258361816,
    "effect_mae": 2.5409321784973145
}