{
    "effect_pehe": 18.750062942504883,
    "effect_mae": 2.226816177368164
}