{
    "effect_pehe": 18.63455581665039,
    "effect_mae": 0.06422901153564453
}