{
    "effect_pehe": 7.983880519866943,
    "effect_mae": 1.4094133377075195
}