{
    "effect_pehe": 22.15087127685547,
    "effect_mae": 1.2582473754882812
}