{
    "effect_pehe": 3.975954055786133,
    "effect_mae": 0.7572081089019775
}