{
    "effect_pehe": 3.879671096801758,
    "effect_mae": 1.401477575302124
}