{
    "effect_pehe": 4.270622730255127,
    "effect_mae": 0.9922177791595459
}