{
    "effect_pehe": 6.343818664550781,
    "effect_mae": 0.9530220031738281
}