{
    "effect_pehe": 19.41071891784668,
    "effect_mae": 0.5394124984741211
}