{
    "effect_pehe": 12.814156532287598,
    "effect_mae": 0.4182605743408203
}