{
    "effect_pehe": 18.401424407958984,
    "effect_mae": 2.796224594116211
}