{
    "effect_pehe": 8.279212951660156,
    "effect_mae": 1.0726556777954102
}