{
    "effect_pehe": 4.269077777862549,
    "effect_mae": 0.9635941982269287
}