{
    "effect_pehe": 6.422464370727539,
    "effect_mae": 1.2433977127075195
}