{
    "effect_pehe": 3.7466015815734863,
    "effect_mae": 0.8148870468139648
}