{
    "effect_pehe": 3.929600238800049,
    "effect_mae": 1.4193174839019775
}