{
    "effect_pehe": 4.5715155601501465,
    "effect_mae": 0.5629973411560059
}