{
    "effect_pehe": 6.041755199432373,
    "effect_mae": 2.237851142883301
}