{
    "effect_pehe": 9.321922302246094,
    "effect_mae": 0.19679641723632812
}