{
    "effect_pehe": 6.3213791847229,
    "effect_mae": 1.2418794631958008
}