{
    "effect_pehe": 8.243825912475586,
    "effect_mae": 3.6354446411132812
}