{
    "effect_pehe": 7.719883441925049,
    "effect_mae": 3.266942024230957
}