{
    "effect_pehe": 8.057374000549316,
    "effect_mae": 3.2573676109313965
}