{
    "effect_pehe": 7.0345916748046875,
    "effect_mae": 2.4541826248168945
}