{
    "epoch": [
        0,
        1,
        2,
        3,
        4,
        5,
        6,
        7,
        8,
        9,
        10,
        11,
        12,
        13,
        14,
        15,
        16,
        17,
        18,
        19,
        20,
        21,
        22,
        23,
        24,
        25,
        26,
        27,
        28,
        29,
        30,
        31,
        32,
        33,
        34,
        35,
        36,
        37,
        38,
        39,
        40,
        41,
        42,
        43,
        44,
        45,
        46,
        47,
        48,
        49,
        50,
        51,
        52,
        53,
        54,
        55,
        56,
        57,
        58,
        59,
        60,
        61,
        62,
        63,
        64,
        65,
        66,
        67,
        68,
        69,
        70,
        71,
        72,
        73,
        74,
        75,
        76,
        77,
        78,
        79,
        80,
        81,
        82,
        83,
        84,
        85,
        86,
        87,
        88,
        89,
        90,
        91,
        92,
        93,
        94,
        95,
        96,
        97,
        98,
        99,
        100,
        101,
        102,
        103,
        104,
        105,
        106,
        107,
        108,
        109,
        110,
        111,
        112,
        113,
        114,
        115,
        116,
        117
    ],
    "train_loss": [
        60.52440643310547,
        27.360340118408203,
        29.002962112426758,
        28.39618492126465,
        26.278152465820312,
        18.878475189208984,
        14.316509246826172,
        12.231024742126465,
        13.370327949523926,
        14.558034896850586,
        14.187891960144043,
        12.391302108764648,
        9.59486198425293,
        8.99327564239502,
        8.245572090148926,
        7.830967426300049,
        8.842293739318848,
        6.897136211395264,
        5.947669506072998,
        4.7064595222473145,
        4.298022270202637,
        4.564217567443848,
        4.950994491577148,
        5.706528663635254,
        3.5713512897491455,
        4.024397850036621,
        2.9250948429107666,
        3.2610740661621094,
        3.3333704471588135,
        2.8176658153533936,
        2.7544310092926025,
        2.623688220977783,
        2.2534713745117188,
        1.960867166519165,
        2.0795490741729736,
        2.0959067344665527,
        1.7782083749771118,
        2.1881134510040283,
        1.822914958000183,
        1.881298542022705,
        1.6393362283706665,
        1.3993580341339111,
        1.2796522378921509,
        1.4308314323425293,
        1.3339594602584839,
        1.6842889785766602,
        1.253305435180664,
        1.088643193244934,
        1.2638070583343506,
        1.0245773792266846,
        1.1347473859786987,
        0.8939382433891296,
        0.9975403547286987,
        0.7990754842758179,
        0.9044070839881897,
        0.7214512825012207,
        0.9554848074913025,
        0.82175213098526,
        0.8208427429199219,
        0.7769291400909424,
        0.8155498504638672,
        0.7104589343070984,
        0.7733892202377319,
        0.677929699420929,
        0.634722888469696,
        0.6354596018791199,
        0.6002411842346191,
        0.6017080545425415,
        0.5225989818572998,
        0.5959923267364502,
        0.5318353772163391,
        0.5365094542503357,
        0.6083319187164307,
        0.5322405099868774,
        0.5832304358482361,
        0.45765936374664307,
        0.5386503338813782,
        0.5964106321334839,
        0.5685102939605713,
        0.46275395154953003,
        0.5293138027191162,
        0.4799749255180359,
        0.48374882340431213,
        0.5037239789962769,
        0.45601513981819153,
        0.5303311944007874,
        0.431614488363266,
        0.44566208124160767,
        0.5195415616035461,
        0.47614264488220215,
        0.497546911239624,
        0.4348432123661041,
        0.4873754382133484,
        0.4755386710166931,
        0.4371544122695923,
        0.4024016559123993,
        0.47161227464675903,
        0.4348091185092926,
        0.42924708127975464,
        0.39854153990745544,
        0.45582833886146545,
        0.440584659576416,
        0.477704793214798,
        0.3990599811077118,
        0.4330947697162628,
        0.40736714005470276,
        0.3927397131919861,
        0.45278942584991455,
        0.40723809599876404,
        0.38325443863868713,
        0.35014379024505615,
        0.42711159586906433,
        0.425772100687027,
        0.4155295193195343,
        0.3893590569496155,
        0.4098988175392151,
        0.39532333612442017,
        0.36084985733032227
    ],