{
    "effect_pehe": 14.119260787963867,
    "effect_mae": 6.2859673500061035
}