{
    "effect_pehe": 6.359183311462402,
    "effect_mae": 0.8895978927612305
}