{
    "effect_pehe": 8.163965225219727,
    "effect_mae": 4.2851409912109375
}