{
    "effect_pehe": 8.1138277053833,
    "effect_mae": 1.5179119110107422
}