{
    "epoch": [
        0,
        1,
        2,
        3,
        4,
        5,
        6,
        7,
        8,
        9,
        10,
        11,
        12,
        13,
        14,
        15,
        16,
        17,
        18,
        19,
        20,
        21,
        22,
        23,
        24,
        25,
        26,
        27,
        28,
        29,
        30,
        31,
        32,
        33,
        34,
        35,
        36,
        37,
        38,
        39,
        40,
        41,
        42,
        43,
        44,
        45,
        46,
        47,
        48,
        49,
        50,
        51,
        52,
        53,
        54,
        55,
        56,
        57,
        58,
        59,
        60,
        61,
        62,
        63,
        64,
        65,
        66,
        67,
        68,
        69,
        70,
        71,
        72,
        73,
        74,
        75,
        76,
        77,
        78,
        79,
        80,
        81,
        82,
        83,
        84,
        85,
        86,
        87,
        88,
        89,
        90,
        91,
        92,
        93,
        94,
        95,
        96,
        97,
        98,
        99,
        100,
        101,
        102,
        103,
        104,
        105,
        106,
        107,
        108,
        109,
        110,
        111,
        112,
        113,
        114,
        115,
        116,
        117,
        118,
        119,
        120,
        121,
        122,
        123,
        124,
        125,
        126,
        127,
        128,
        129,
        130,
        131,
        132,
        133,
        134,
        135,
        136,
        137,
        138,
        139,
        140,
        141,
        142,
        143,
        144,
        145,
        146,
        147,
        148,
        149,
        150,
        151,
        152,
        153,
        154,
        155,
        156,
        157,
        158
    ],
    "train_loss": [
        96.57125854492188,
        51.60429763793945,
        79.0344467163086,
        57.880672454833984,
        41.18398666381836,
        29.710254669189453,
        32.80665969848633,
        45.72862243652344,
        34.864871978759766,
        27.82990837097168,
        21.08550262451172,
        22.14274024963379,
        21.364547729492188,
        26.031675338745117,
        20.419748306274414,
        15.442912101745605,
        15.101879119873047,
        14.74288272857666,
        15.931385040283203,
        15.48787784576416,
        13.690885543823242,
        11.532668113708496,
        10.588950157165527,
        10.791003227233887,
        11.256489753723145,
        10.692609786987305,
        9.55555248260498,
        7.772741794586182,
        8.077458381652832,
        8.344772338867188,
        8.706265449523926,
        7.294393539428711,
        5.858734607696533,
        5.366289138793945,
        5.719363212585449,
        5.218973636627197,
        4.567514896392822,
        5.4797468185424805,
        4.862516403198242,
        4.595385551452637,
        3.9292490482330322,
        4.191371917724609,
        3.8624489307403564,
        3.2749974727630615,
        2.863314628601074,
        2.8990871906280518,
        2.8431930541992188,
        2.876018524169922,
        2.4968979358673096,
        2.6452531814575195,
        2.0544068813323975,
        1.974183440208435,
        2.429194450378418,
        1.856607437133789,
        1.7160451412200928,
        1.7116347551345825,
        1.9598795175552368,
        1.5960602760314941,
        1.48354172706604,
        1.3659164905548096,
        1.3741704225540161,
        1.3780843019485474,
        1.1645100116729736,
        1.2589175701141357,
        1.151715636253357,
        1.2492624521255493,
        1.0914522409439087,
        1.0749108791351318,
        1.0239298343658447,
        0.9695785641670227,
        0.872368574142456,
        0.7419115900993347,
        0.806121826171875,
        0.7884806394577026,
        0.7605206370353699,
        0.7944156527519226,
        0.7058854103088379,
        0.6376073360443115,
        0.6791881918907166,
        0.6819831728935242,
        0.5792735815048218,
        0.6422469615936279,
        0.6277472972869873,
        0.5602426528930664,
        0.5146644115447998,
        0.571100115776062,
        0.619854748249054,
        0.507012128829956,
        0.5252302885055542,
        0.6154220104217529,
        0.4979506731033325,
        0.5012773871421814,
        0.5041307806968689,
        0.5211358070373535,
        0.4597919285297394,
        0.46733903884887695,
        0.5409954190254211,
        0.43213075399398804,
        0.45808932185173035,
        0.43640872836112976,
        0.42590707540512085,
        0.4581380784511566,
        0.4463219940662384,
        0.4582541286945343,
        0.45873987674713135,
        0.41929519176483154,
        0.4012271463871002,
        0.4370845854282379,
        0.4409649074077606,
        0.4546903967857361,
        0.42240995168685913,
        0.45398980379104614,
        0.41134607791900635,
        0.46805498003959656,
        0.4007767140865326,
        0.39661380648612976,
        0.42049434781074524,
        0.426283597946167,
        0.4554923176765442,
        0.4218880236148834,
        0.38538169860839844,
        0.4171079099178314,
        0.4039383828639984,
        0.4154946208000183,
        0.4457862079143524,
        0.409686803817749,
        0.40620318055152893,
        0.3957567512989044,
        0.43203774094581604,
        0.41402485966682434,
        0.4203571081161499,
        0.3956182599067688,
        0.4012042284011841,
        0.405476838350296,
        0.4183303415775299,
        0.4183938801288605,
        0.40075260400772095,
        0.3868288993835449,
        0.3885822296142578,
        0.3958253264427185,
        0.40700873732566833,
        0.42503786087036133,
        0.40289759635925293,
        0.38585737347602844,
        0.3810437321662903,
        0.41401034593582153,
        0.4025675356388092,
        0.38164252042770386,
        0.43776994943618774,
        0.4284024238586426,
        0.42825403809547424,
        0.38821035623550415,
        0.4173714816570282,
        0.4039505422115326,
        0.438739150762558,
        0.4131283462047577,
        0.4015371799468994,
        0.4289195239543915,
        0.39292481541633606
    ],