{
    "effect_pehe": 15.789122581481934,
    "effect_mae": 13.180593490600586
}