{
    "effect_pehe": 8.895852088928223,
    "effect_mae": 3.5192461013793945
}