{
    "effect_pehe": 9.226062774658203,
    "effect_mae": 1.0394783020019531
}