{
    "effect_pehe": 11.812661170959473,
    "effect_mae": 1.649815559387207
}