{
    "effect_pehe": 1.8498374223709106,
    "effect_mae": 0.8985439538955688
}