{
    "effect_pehe": 1.3512154817581177,
    "effect_mae": 0.4864025115966797
}