{
    "effect_pehe": 2.0969655513763428,
    "effect_mae": 0.627017617225647
}