{
    "effect_pehe": 2.564265012741089,
    "effect_mae": 1.265481948852539
}