{
    "effect_pehe": 2.5189762115478516,
    "effect_mae": 0.034580230712890625
}