{
    "effect_pehe": 3.1432979106903076,
    "effect_mae": 0.018274545669555664
}