{
    "effect_pehe": 1.975249171257019,
    "effect_mae": 0.5001749992370605
}