{
    "effect_pehe": 4.188741683959961,
    "effect_mae": 2.5823869705200195
}