{
    "effect_pehe": 0.7909241318702698,
    "effect_mae": 0.09057188034057617
}