{
    "effect_pehe": 1.4740315675735474,
    "effect_mae": 0.5467312335968018
}