{
    "effect_pehe": 1.277674913406372,
    "effect_mae": 0.15864300727844238
}