{
    "effect_pehe": 1.3635879755020142,
    "effect_mae": 0.19595658779144287
}