{
    "effect_pehe": 3.659717559814453,
    "effect_mae": 1.1796393394470215
}