{
    "effect_pehe": 1.1224900484085083,
    "effect_mae": 0.08945250511169434
}