{
    "effect_pehe": 6.4187140464782715,
    "effect_mae": 1.1290324926376343
}