{
    "epoch": [
        0,
        1,
        2,
        3,
        4,
        5,
        6,
        7,
        8,
        9,
        10,
        11,
        12,
        13,
        14,
        15,
        16,
        17,
        18,
        19,
        20,
        21,
        22,
        23,
        24,
        25,
        26,
        27,
        28,
        29,
        30,
        31,
        32,
        33,
        34,
        35,
        36,
        37,
        38,
        39,
        40,
        41,
        42,
        43,
        44,
        45,
        46,
        47,
        48,
        49,
        50,
        51,
        52,
        53,
        54,
        55,
        56,
        57,
        58,
        59,
        60,
        61,
        62,
        63,
        64,
        65,
        66,
        67,
        68,
        69,
        70,
        71,
        72,
        73,
        74,
        75,
        76,
        77,
        78,
        79,
        80,
        81,
        82,
        83,
        84,
        85,
        86,
        87,
        88,
        89,
        90,
        91,
        92,
        93,
        94,
        95,
        96,
        97,
        98,
        99,
        100,
        101,
        102,
        103,
        104,
        105,
        106,
        107,
        108,
        109,
        110,
        111,
        112,
        113,
        114,
        115,
        116,
        117,
        118,
        119,
        120,
        121,
        122,
        123,
        124,
        125,
        126,
        127,
        128,
        129,
        130,
        131,
        132,
        133,
        134,
        135,
        136,
        137,
        138,
        139,
        140,
        141,
        142,
        143,
        144,
        145,
        146,
        147,
        148,
        149,
        150,
        151,
        152,
        153,
        154,
        155,
        156,
        157,
        158,
        159,
        160,
        161,
        162,
        163,
        164,
        165,
        166,
        167,
        168,
        169,
        170,
        171,
        172,
        173,
        174,
        175,
        176,
        177,
        178,
        179,
        180,
        181
    ],
    "train_loss": [
        52.536598205566406,
        52.43119812011719,
        52.320411682128906,
        52.206966400146484,
        52.08692932128906,
        51.95744705200195,
        51.820560455322266,
        51.664798736572266,
        51.47824478149414,
        51.28049087524414,
        51.04912567138672,
        50.795684814453125,
        50.48040008544922,
        50.14480972290039,
        49.75139617919922,
        49.30098342895508,
        48.81751251220703,
        48.24765396118164,
        47.58625030517578,
        46.862213134765625,
        46.05116271972656,
        45.11357498168945,
        44.06553268432617,
        42.87868118286133,
        41.62508010864258,
        40.22211837768555,
        38.60499572753906,
        37.00519561767578,
        35.166351318359375,
        33.28436279296875,
        31.347837448120117,
        29.340085983276367,
        27.269935607910156,
        25.441898345947266,
        23.49506378173828,
        21.72726058959961,
        20.152400970458984,
        18.640655517578125,
        17.28667449951172,
        16.084243774414062,
        15.077986717224121,
        14.252077102661133,
        13.428839683532715,
        12.768754005432129,
        12.246236801147461,
        11.82481575012207,
        11.303807258605957,
        10.953897476196289,
        10.481667518615723,
        10.006156921386719,
        9.450363159179688,
        8.946029663085938,
        8.44552993774414,
        7.9539570808410645,
        7.472048282623291,
        7.009838104248047,
        6.60419225692749,
        6.2006354331970215,
        5.837955951690674,
        5.393435001373291,
        4.964040279388428,
        4.5261549949646,
        4.073832035064697,
        3.6245458126068115,
        3.270378828048706,
        2.908207654953003,
        2.590683937072754,
        2.3097429275512695,
        2.0630266666412354,
        1.852089762687683,
        1.636529803276062,
        1.451823115348816,
        1.2850154638290405,
        1.1726136207580566,
        1.0796241760253906,
        0.9964066743850708,
        0.9542911648750305,
        0.8734166622161865,
        0.8173745274543762,
        0.7519795298576355,
        0.7125001549720764,
        0.6621125936508179,
        0.6330260038375854,
        0.6046580076217651,
        0.553272545337677,
        0.5542150735855103,
        0.519839882850647,
        0.47976797819137573,
        0.4301994740962982,
        0.43591660261154175,
        0.40181964635849,
        0.3788548707962036,
        0.3641720712184906,
        0.34189850091934204,
        0.3211197853088379,
        0.3125440776348114,
        0.28769487142562866,
        0.2786445617675781,
        0.2741917371749878,
        0.24306875467300415,
        0.24541831016540527,
        0.22614483535289764,
        0.20876921713352203,
        0.21537072956562042,
        0.20135268568992615,
        0.19736428558826447,
        0.18656985461711884,
        0.17894312739372253,
        0.1722612977027893,
        0.16503439843654633,
        0.1571112722158432,
        0.14651666581630707,
        0.13795684278011322,
        0.1368299126625061,
        0.12983578443527222,
        0.13720645010471344,
        0.12596909701824188,
        0.11539915204048157,
        0.12172456830739975,
        0.10461283475160599,
        0.10450343787670135,
        0.10228155553340912,
        0.10081012547016144,
        0.09793955087661743,
        0.09392916411161423,
        0.09054972231388092,
        0.09081786125898361,
        0.09364007413387299,
        0.08187297731637955,
        0.08200016617774963,
        0.07744161784648895,
        0.07846833765506744,
        0.0697401612997055,
        0.0637023076415062,
        0.0692213624715805,
        0.0661373883485794,
        0.06614870578050613,
        0.06939130276441574,
        0.06839650869369507,
        0.057823196053504944,
        0.05895472317934036,
        0.05579632893204689,
        0.05295237898826599,
        0.05181786045432091,
        0.047143712639808655,
        0.04908085986971855,
        0.05339866876602173,
        0.05754043161869049,
        0.05029250308871269,
        0.045136187225580215,
        0.04385283961892128,
        0.04886947572231293,
        0.047942645847797394,
        0.041448380798101425,
        0.041051849722862244,
        0.046657852828502655,
        0.04725630208849907,
        0.04320405051112175,
        0.037127573043107986,
        0.04574907571077347,
        0.04133356735110283,
        0.032544706016778946,
        0.035321369767189026,
        0.03346550464630127,
        0.03148771822452545,
        0.030781863257288933,
        0.028892939910292625,
        0.02900795266032219,
        0.029397636651992798,
        0.03247609734535217,
        0.033209849148988724,
        0.02980489656329155,
        0.022554166615009308,
        0.03478698059916496,
        0.030173074454069138,
        0.024341773241758347,
        0.029663337394595146,
        0.025670049712061882,
        0.022271517664194107,
        0.02412686124444008,
        0.029394200071692467,
        0.022962793707847595
    ],