{
    "epoch": [
        0,
        1,
        2,
        3,
        4,
        5,
        6,
        7,
        8,
        9,
        10,
        11,
        12,
        13,
        14,
        15,
        16,
        17,
        18,
        19,
        20,
        21,
        22,
        23,
        24,
        25,
        26,
        27,
        28,
        29,
        30,
        31,
        32,
        33,
        34,
        35,
        36,
        37,
        38,
        39,
        40,
        41,
        42,
        43,
        44,
        45,
        46,
        47,
        48,
        49,
        50,
        51,
        52,
        53,
        54,
        55,
        56,
        57,
        58,
        59,
        60,
        61,
        62,
        63,
        64,
        65,
        66,
        67,
        68,
        69,
        70,
        71,
        72,
        73,
        74,
        75,
        76,
        77,
        78,
        79,
        80,
        81,
        82,
        83,
        84,
        85,
        86,
        87,
        88,
        89,
        90,
        91,
        92,
        93,
        94,
        95,
        96,
        97,
        98,
        99,
        100,
        101,
        102,
        103,
        104,
        105,
        106,
        107,
        108,
        109,
        110,
        111,
        112,
        113,
        114,
        115,
        116,
        117,
        118,
        119,
        120,
        121,
        122,
        123,
        124,
        125,
        126,
        127,
        128,
        129,
        130,
        131,
        132,
        133,
        134,
        135,
        136,
        137,
        138,
        139,
        140,
        141,
        142,
        143,
        144,
        145,
        146,
        147,
        148,
        149,
        150,
        151,
        152,
        153,
        154,
        155,
        156,
        157,
        158,
        159,
        160,
        161,
        162,
        163,
        164
    ],
    "train_loss": [
        26.86634635925293,
        26.806005477905273,
        26.753124237060547,
        26.69609832763672,
        26.65086555480957,
        26.604450225830078,
        26.545177459716797,
        26.485851287841797,
        26.42115592956543,
        26.344451904296875,
        26.261268615722656,
        26.155784606933594,
        26.03628158569336,
        25.904083251953125,
        25.74549102783203,
        25.580873489379883,
        25.3648624420166,
        25.137075424194336,
        24.873390197753906,
        24.582609176635742,
        24.22223472595215,
        23.8397159576416,
        23.396333694458008,
        22.908395767211914,
        22.358375549316406,
        21.722248077392578,
        21.053020477294922,
        20.281049728393555,
        19.43343734741211,
        18.503774642944336,
        17.496841430664062,
        16.441665649414062,
        15.285009384155273,
        14.033132553100586,
        12.814522743225098,
        11.508830070495605,
        10.234635353088379,
        8.98534870147705,
        7.778891086578369,
        6.725927829742432,
        5.818972587585449,
        5.045320987701416,
        4.414736270904541,
        3.9183478355407715,
        3.528809070587158,
        3.179147720336914,
        2.858325719833374,
        2.5691654682159424,
        2.3275089263916016,
        2.0906286239624023,
        1.91911780834198,
        1.7548466920852661,
        1.6480727195739746,
        1.5493779182434082,
        1.4680496454238892,
        1.335905909538269,
        1.2245757579803467,
        1.0745947360992432,
        0.9502328634262085,
        0.8287253975868225,
        0.7602778673171997,
        0.711087167263031,
        0.6458398103713989,
        0.6381394267082214,
        0.5849524736404419,
        0.5620253682136536,
        0.5207856893539429,
        0.4900822937488556,
        0.458749383687973,
        0.41540980339050293,
        0.3885335922241211,
        0.37143656611442566,
        0.34054824709892273,
        0.31660783290863037,
        0.3041801452636719,
        0.2963579297065735,
        0.27520737051963806,
        0.25939783453941345,
        0.24635927379131317,
        0.22708307206630707,
        0.2211969792842865,
        0.19927647709846497,
        0.1870010942220688,
        0.1778670996427536,
        0.1695331484079361,
        0.16696889698505402,
        0.15727128088474274,
        0.14580897986888885,
        0.13844352960586548,
        0.13462558388710022,
        0.12441134452819824,
        0.11613117903470993,
        0.11336442828178406,
        0.1051272451877594,
        0.10120877623558044,
        0.09783589839935303,
        0.09180637449026108,
        0.09137840569019318,
        0.08950392156839371,
        0.08121442794799805,
        0.07343389838933945,
        0.07280378043651581,
        0.07483440637588501,
        0.0668579563498497,
        0.0671578198671341,
        0.06660714000463486,
        0.06032445654273033,
        0.056864116340875626,
        0.05363960191607475,
        0.05259905382990837,
        0.05115722119808197,
        0.048910126090049744,
        0.04689401760697365,
        0.04409720376133919,
        0.044041480869054794,
        0.04123954847455025,
        0.040207430720329285,
        0.04095818102359772,
        0.03568156063556671,
        0.03595108911395073,
        0.0349900908768177,
        0.035443469882011414,
        0.03350459039211273,
        0.033040065318346024,
        0.03119412437081337,
        0.028693266212940216,
        0.028170298784971237,
        0.02710987813770771,
        0.026195164769887924,
        0.02748543582856655,
        0.026001572608947754,
        0.02599957399070263,
        0.021535158157348633,
        0.024488162249326706,
        0.020652851089835167,
        0.022944601252675056,
        0.021562660112977028,
        0.020345523953437805,
        0.020611081272363663,
        0.018713204190135002,
        0.018136776983737946,
        0.01825757883489132,
        0.019409215077757835,
        0.016594313085079193,
        0.014549619518220425,
        0.0162928719073534,
        0.015154320746660233,
        0.01452384889125824,
        0.014349926263093948,
        0.01588301919400692,
        0.012867909856140614,
        0.013244843110442162,
        0.013656023889780045,
        0.01311683002859354,
        0.012206772342324257,
        0.013141525909304619,
        0.012266440317034721,
        0.012688425369560719,
        0.011332583613693714,
        0.010960404761135578,
        0.011398731730878353,
        0.010012850165367126,
        0.010762383230030537,
        0.009326486848294735,
        0.00953044556081295
    ],