{
    "epoch": [
        0,
        1,
        2,
        3,
        4,
        5,
        6,
        7,
        8,
        9,
        10,
        11,
        12,
        13,
        14,
        15,
        16,
        17,
        18,
        19,
        20,
        21,
        22,
        23,
        24,
        25,
        26,
        27,
        28,
        29,
        30,
        31,
        32,
        33,
        34,
        35,
        36,
        37,
        38,
        39,
        40,
        41,
        42,
        43,
        44,
        45,
        46,
        47,
        48,
        49,
        50,
        51,
        52,
        53,
        54,
        55,
        56,
        57,
        58,
        59,
        60,
        61,
        62,
        63,
        64,
        65,
        66,
        67,
        68,
        69,
        70,
        71,
        72,
        73,
        74,
        75,
        76,
        77,
        78,
        79,
        80,
        81,
        82,
        83,
        84,
        85,
        86,
        87,
        88,
        89,
        90,
        91,
        92,
        93,
        94,
        95,
        96,
        97,
        98,
        99,
        100,
        101,
        102,
        103,
        104,
        105,
        106,
        107,
        108,
        109,
        110,
        111,
        112,
        113,
        114,
        115,
        116,
        117,
        118,
        119,
        120,
        121,
        122,
        123,
        124,
        125,
        126,
        127,
        128,
        129,
        130,
        131,
        132,
        133,
        134,
        135,
        136,
        137,
        138,
        139,
        140,
        141,
        142,
        143,
        144,
        145,
        146,
        147,
        148,
        149,
        150,
        151,
        152,
        153,
        154,
        155,
        156,
        157,
        158,
        159,
        160,
        161,
        162,
        163,
        164,
        165,
        166
    ],
    "train_loss": [
        38.59756851196289,
        38.52830123901367,
        38.46029281616211,
        38.386905670166016,
        38.31486892700195,
        38.237525939941406,
        38.15109634399414,
        38.054412841796875,
        37.932029724121094,
        37.81327438354492,
        37.66170120239258,
        37.495819091796875,
        37.28925323486328,
        37.07425308227539,
        36.83119583129883,
        36.53780746459961,
        36.182701110839844,
        35.81888198852539,
        35.381710052490234,
        34.90536880493164,
        34.36322021484375,
        33.77196502685547,
        33.075157165527344,
        32.30656433105469,
        31.471948623657227,
        30.5594425201416,
        29.587120056152344,
        28.473398208618164,
        27.297510147094727,
        26.01235008239746,
        24.675052642822266,
        23.278879165649414,
        21.76589584350586,
        20.198837280273438,
        18.638015747070312,
        17.040496826171875,
        15.424234390258789,
        13.894194602966309,
        12.163949012756348,
        10.684054374694824,
        9.203651428222656,
        7.874474048614502,
        6.696522235870361,
        5.764706611633301,
        5.060299396514893,
        4.496530532836914,
        4.209273338317871,
        3.968714475631714,
        3.773139238357544,
        3.514355421066284,
        3.2051329612731934,
        2.8371829986572266,
        2.4805567264556885,
        2.1821367740631104,
        1.9553861618041992,
        1.8410632610321045,
        1.707340121269226,
        1.585893154144287,
        1.4781947135925293,
        1.3013732433319092,
        1.1474329233169556,
        1.0085532665252686,
        0.9038982391357422,
        0.826298177242279,
        0.7715084552764893,
        0.7442837953567505,
        0.6998382806777954,
        0.6593690514564514,
        0.5982839465141296,
        0.5452763438224792,
        0.5090205669403076,
        0.4897896349430084,
        0.46368345618247986,
        0.4420640170574188,
        0.4358844757080078,
        0.39801502227783203,
        0.3793681561946869,
        0.360476553440094,
        0.31231826543807983,
        0.2993404269218445,
        0.2809218168258667,
        0.2879374027252197,
        0.25750622153282166,
        0.25518926978111267,
        0.24049551784992218,
        0.22185365855693817,
        0.2045350968837738,
        0.18574611842632294,
        0.18873091042041779,
        0.17831771075725555,
        0.17467930912971497,
        0.16312995553016663,
        0.1675545871257782,
        0.1523270159959793,
        0.14048314094543457,
        0.12861235439777374,
        0.12879586219787598,
        0.12698283791542053,
        0.12373358011245728,
        0.11881175637245178,
        0.10989250242710114,
        0.11231185495853424,
        0.10227556526660919,
        0.10149981081485748,
        0.10031155496835709,
        0.09695633500814438,
        0.09016786515712738,
        0.08705316483974457,
        0.08122983574867249,
        0.08474712818861008,
        0.08469559997320175,
        0.07791335880756378,
        0.07318003475666046,
        0.07627880573272705,
        0.07308641076087952,
        0.06591848284006119,
        0.06817340105772018,
        0.06118705868721008,
        0.06252340972423553,
        0.057839371263980865,
        0.06245032325387001,
        0.058923471719026566,
        0.05439871922135353,
        0.055150244385004044,
        0.052097972482442856,
        0.049421872943639755,
        0.047439735382795334,
        0.052056118845939636,
        0.04522059112787247,
        0.04689296707510948,
        0.038300611078739166,
        0.03759003058075905,
        0.04030382260680199,
        0.03895832598209381,
        0.04162444546818733,
        0.034543227404356,
        0.03897919878363609,
        0.03455844148993492,
        0.034630537033081055,
        0.03365139290690422,
        0.032187242060899734,
        0.0322442390024662,
        0.03151017799973488,
        0.03142077848315239,
        0.02808191440999508,
        0.028580239042639732,
        0.02684285305440426,
        0.028577614575624466,
        0.02619720809161663,
        0.027432862669229507,
        0.02727525494992733,
        0.024990584701299667,
        0.02502252347767353,
        0.022668462246656418,
        0.025157049298286438,
        0.023203255608677864,
        0.026094472035765648,
        0.020806867629289627,
        0.02205081842839718,
        0.01857304945588112,
        0.02196635492146015,
        0.019133305177092552,
        0.01918204501271248,
        0.019896406680345535,
        0.01970086805522442,
        0.017548464238643646,
        0.01676379144191742
    ],