{
    "effect_pehe": 1.406820297241211,
    "effect_mae": 0.08613839745521545
}