{
    "effect_pehe": 1.4855502843856812,
    "effect_mae": 0.04011771082878113
}