{
    "effect_pehe": 3.608065605163574,
    "effect_mae": 0.3224549889564514
}