{
    "effect_pehe": 1.0335091352462769,
    "effect_mae": 0.05714768171310425
}