{
    "effect_pehe": 2.2697465419769287,
    "effect_mae": 0.3961838185787201
}