{
    "effect_pehe": 1.2161346673965454,
    "effect_mae": 0.1129051148891449
}