{
    "effect_pehe": 3.392375946044922,
    "effect_mae": 0.360828697681427
}