{
    "effect_pehe": 3.2981462478637695,
    "effect_mae": 0.4092235565185547
}