{
    "effect_pehe": 2.2556190490722656,
    "effect_mae": 0.08850887417793274
}