{
    "effect_pehe": 2.486954689025879,
    "effect_mae": 0.05390876531600952
}