{
    "effect_pehe": 1.7567219734191895,
    "effect_mae": 0.26074814796447754
}