{
    "effect_pehe": 2.193916082382202,
    "effect_mae": 0.21311092376708984
}