{
    "effect_pehe": 13.584917974176992,
    "effect_mae": 10.039065701503803
}