{
    "effect_pehe": 8.718181895094062,
    "effect_mae": 5.694175515013891
}