{
    "effect_pehe": 9.338952300400802,
    "effect_mae": 6.97304228338362
}