{
    "effect_pehe": 6.15391424195005,
    "effect_mae": 4.17545545408814
}