{
    "effect_pehe": 8.518705992472448,
    "effect_mae": 5.986417728071653
}