{
    "effect_pehe": 5.619688158278407,
    "effect_mae": 3.5040814051437534
}