{
    "effect_pehe": 8.129880894358017,
    "effect_mae": 5.472958180386795
}