{
    "effect_pehe": 9.38847364231305,
    "effect_mae": 6.576796082222613
}