{
    "effect_pehe": 10.047087473788348,
    "effect_mae": 7.628653446560345
}