{
    "effect_pehe": 5.8260404523547304,
    "effect_mae": 3.8873291318260024
}