{
    "effect_pehe": 4.617148399353027,
    "effect_mae": 0.6248494386672974
}