{
    "effect_pehe": 4.015158176422119,
    "effect_mae": 0.1246042251586914
}