{
    "effect_pehe": 5.120262145996094,
    "effect_mae": 0.411823034286499
}