{
    "effect_pehe": 7.42525085966776,
    "effect_mae": 4.69296211259319
}