{
    "effect_pehe": 9.153887963873803,
    "effect_mae": 6.621134777594192
}