{
    "effect_pehe": 5.1971092666502905,
    "effect_mae": 3.619163311783877
}