{
    "effect_pehe": 5.897461925053545,
    "effect_mae": 3.9841949778546195
}