{
    "effect_pehe": 6.61291622344397,
    "effect_mae": 5.086825713104288
}