{
    "effect_pehe": 10.828239787173338,
    "effect_mae": 8.278076735608549
}