{
    "effect_pehe": 5.26558555798215,
    "effect_mae": 3.9342658026377295
}