{
    "effect_pehe": 6.10484778075604,
    "effect_mae": 4.209635787982934
}