{
    "effect_pehe": 8.759998532579738,
    "effect_mae": 6.701533189466004
}