{
    "effect_pehe": 5.665732590078129,
    "effect_mae": 3.5998593540388857
}