{
    "effect_pehe": 8.599599593177821,
    "effect_mae": 6.407526520542693
}