{
    "effect_pehe": 10.260884958375756,
    "effect_mae": 7.671456565943856
}