{
    "effect_pehe": 5.739299848667644,
    "effect_mae": 4.70719548582758
}