{
    "effect_pehe": 5.823639260253674,
    "effect_mae": 4.79750715862537
}