{
    "effect_pehe": 3.9118251083598707,
    "effect_mae": 3.074434841580575
}