{
    "effect_pehe": 7.124729624514536,
    "effect_mae": 5.880860776234207
}