{
    "effect_pehe": 5.326439720467631,
    "effect_mae": 4.217781492044332
}