{
    "effect_pehe": 4.666606242341814,
    "effect_mae": 3.6896208149047816
}