{
    "effect_pehe": 6.6221828923703985,
    "effect_mae": 5.652166767068239
}