{
    "effect_pehe": 2.4960983111249706,
    "effect_mae": 1.9668878018312808
}