{
    "effect_pehe": 3.5106742771255655,
    "effect_mae": 2.7187986763668155
}