{
    "effect_pehe": 0.7765293717384338,
    "effect_mae": 0.04975271224975586
}