{
    "effect_pehe": 0.7920143604278564,
    "effect_mae": 0.09527623653411865
}