{
    "effect_pehe": 0.7930383682250977,
    "effect_mae": 0.01745319366455078
}