{
    "effect_pehe": 0.8185958862304688,
    "effect_mae": 0.04667520523071289
}