{
    "effect_pehe": 1.2754719257354736,
    "effect_mae": 0.27473902702331543
}