{
    "effect_pehe": 2.484837293624878,
    "effect_mae": 1.37957763671875
}