{
    "effect_pehe": 1.618594765663147,
    "effect_mae": 0.18719244003295898
}