{
    "effect_pehe": 2.903735399246216,
    "effect_mae": 0.8210131525993347
}