{
    "effect_pehe": 1.9346494674682617,
    "effect_mae": 0.35223883390426636
}