{
    "effect_pehe": 2.6724905967712402,
    "effect_mae": 1.5432076454162598
}