{
    "effect_pehe": 2.4739162921905518,
    "effect_mae": 0.7547937631607056
}