{
    "effect_pehe": 1.558794617652893,
    "effect_mae": 0.21482014656066895
}