{
    "effect_pehe": 1.9210635423660278,
    "effect_mae": 0.7045912742614746
}