{
    "effect_pehe": 2.847872018814087,
    "effect_mae": 0.6047676801681519
}