{
    "effect_pehe": 2.0791988372802734,
    "effect_mae": 0.44650065898895264
}