{
    "effect_pehe": 1.7905573844909668,
    "effect_mae": 0.028856277465820312
}