{
    "effect_pehe": 0.8184174299240112,
    "effect_mae": 0.004862189292907715
}