{
    "effect_pehe": 1.762511134147644,
    "effect_mae": 0.6537199020385742
}