{
    "effect_pehe": 2.711608648300171,
    "effect_mae": 0.1380833387374878
}