{
    "effect_pehe": 1.3392446041107178,
    "effect_mae": 0.2567688226699829
}