{
    "effect_pehe": 17.084709842895315,
    "effect_mae": 13.149166063646584
}