{
    "effect_pehe": 26.094650619468958,
    "effect_mae": 23.506189408436285
}