{
    "effect_pehe": 11.923037301861445,
    "effect_mae": 8.828215802683447
}