{
    "effect_pehe": 11.820611953735352,
    "effect_mae": 4.122179985046387
}