{
    "effect_pehe": 18.885169982910156,
    "effect_mae": 5.4311628341674805
}