{
    "effect_pehe": 16.55550765991211,
    "effect_mae": 4.807561874389648
}