{
    "effect_pehe": 13.894600868225098,
    "effect_mae": 0.5545101165771484
}