{
    "effect_pehe": 18.07723617553711,
    "effect_mae": 5.280731201171875
}