{
    "effect_pehe": 19.954784393310547,
    "effect_mae": 6.861148834228516
}