{
    "effect_pehe": 13.752224922180176,
    "effect_mae": 1.1938953399658203
}