{
    "effect_pehe": 11.491671562194824,
    "effect_mae": 3.6822662353515625
}