{
    "effect_pehe": 19.3176326751709,
    "effect_mae": 2.2560291290283203
}