{
    "effect_pehe": 18.355762481689453,
    "effect_mae": 0.40436840057373047
}