{
    "effect_pehe": 13.507355690002441,
    "effect_mae": 3.648594379425049
}