{
    "effect_pehe": 11.972015380859375,
    "effect_mae": 4.006269454956055
}