{
    "effect_pehe": 3.734704711079869,
    "effect_mae": 3.062146055007471
}