{
    "effect_pehe": 3.8132562047395027,
    "effect_mae": 3.0003697690838065
}