{
    "effect_pehe": 4.780951938674415,
    "effect_mae": 3.840558597206509
}