{
    "effect_pehe": 5.50925199416856,
    "effect_mae": 4.478470901409071
}