{
    "effect_pehe": 3.604146319677788,
    "effect_mae": 2.8893778135366324
}