{
    "effect_pehe": 3.9543170720909426,
    "effect_mae": 3.131662320851342
}