{
    "effect_pehe": 3.80379414515973,
    "effect_mae": 2.9786209651549163
}