{
    "effect_pehe": 7.102500509692969,
    "effect_mae": 6.12552207816147
}