{
    "effect_pehe": 3.6918551571254783,
    "effect_mae": 2.9247767376299834
}