{
    "effect_pehe": 4.896877242996516,
    "effect_mae": 3.9056814027166067
}