{
    "effect_pehe": 3.04095890823161,
    "effect_mae": 2.411008444932129
}