{
    "effect_pehe": 4.034633636474609,
    "effect_mae": 0.5035260319709778
}