{
    "effect_pehe": 5.590938091278076,
    "effect_mae": 2.7755751609802246
}