{
    "effect_pehe": 4.025910377502441,
    "effect_mae": 0.439494788646698
}