{
    "effect_pehe": 4.442216873168945,
    "effect_mae": 1.414320468902588
}