{
    "effect_pehe": 4.990240097045898,
    "effect_mae": 1.4378671646118164
}