{
    "effect_pehe": 4.505882263183594,
    "effect_mae": 0.1288304328918457
}