{
    "effect_pehe": 4.920273303985596,
    "effect_mae": 0.7455205917358398
}