{
    "effect_pehe": 4.862948894500732,
    "effect_mae": 1.5540409088134766
}