{
    "effect_pehe": 9.10619426088066,
    "effect_mae": 6.897004178108476
}