{
    "effect_pehe": 11.18180674995098,
    "effect_mae": 8.424595588099844
}