{
    "effect_pehe": 13.661213857270576,
    "effect_mae": 9.568663264617125
}