{
    "effect_pehe": 17.01758706602446,
    "effect_mae": 15.599171291811048
}