{
    "effect_pehe": 8.711071714042074,
    "effect_mae": 6.848553068593619
}