{
    "effect_pehe": 2.0936362743377686,
    "effect_mae": 0.04220643639564514
}