{
    "effect_pehe": 1.2610398530960083,
    "effect_mae": 0.022995054721832275
}