{
    "effect_pehe": 2.0124058723449707,
    "effect_mae": 0.4499959945678711
}