{
    "effect_pehe": 1.0536482334136963,
    "effect_mae": 0.11618229746818542
}