{
    "effect_pehe": 1.2931071519851685,
    "effect_mae": 0.18479233980178833
}