{
    "effect_pehe": 2.194114923477173,
    "effect_mae": 0.2101864516735077
}