{
    "effect_pehe": 1.9425514936447144,
    "effect_mae": 0.28946688771247864
}