{
    "effect_pehe": 3.4299721717834473,
    "effect_mae": 0.2255389392375946
}