{
    "effect_pehe": 1.1899006366729736,
    "effect_mae": 0.2702820599079132
}