{
    "effect_pehe": 0.7782288193702698,
    "effect_mae": 0.06243780255317688
}