{
    "effect_pehe": 1.3597804307937622,
    "effect_mae": 0.03387218713760376
}