{
    "effect_pehe": 0.7996030449867249,
    "effect_mae": 0.008097231388092041
}