{
    "effect_pehe": 1.8697599172592163,
    "effect_mae": 0.13811975717544556
}