{
    "effect_pehe": 1.0723694562911987,
    "effect_mae": 0.06481897830963135
}