{
    "effect_pehe": 0.7746941447257996,
    "effect_mae": 0.01620692014694214
}