{
    "effect_pehe": 7.100459098815918,
    "effect_mae": 0.72021484375
}