{
    "effect_pehe": 10.613764762878418,
    "effect_mae": 1.6731810569763184
}