{
    "effect_pehe": 9.294419288635254,
    "effect_mae": 0.6483545303344727
}