{
    "effect_pehe": 6.017751693725586,
    "effect_mae": 0.7007098197937012
}