{
    "effect_pehe": 8.267585754394531,
    "effect_mae": 0.4202766418457031
}