{
    "effect_pehe": 7.850382328033447,
    "effect_mae": 1.0759410858154297
}