{
    "effect_pehe": 6.203080177307129,
    "effect_mae": 0.987795352935791
}