{
    "effect_pehe": 15.58444881439209,
    "effect_mae": 0.9073848724365234
}