{
    "effect_pehe": 8.612746238708496,
    "effect_mae": 0.8867349624633789
}