{
    "effect_pehe": 9.121598243713379,
    "effect_mae": 1.716207504272461
}