{
    "effect_pehe": 10.404305458068848,
    "effect_mae": 0.9456672668457031
}