{
    "effect_pehe": 8.84121036529541,
    "effect_mae": 0.7807760238647461
}