{
    "effect_pehe": 6.937566757202148,
    "effect_mae": 0.2601780891418457
}