{
    "effect_pehe": 1134.488525390625,
    "effect_mae": 1053.8994140625
}