{
    "effect_pehe": 4.972646236419678,
    "effect_mae": 1.537471055984497
}