{
    "effect_pehe": 5.305680274963379,
    "effect_mae": 0.8133461475372314
}