{
    "effect_pehe": 4.39296293258667,
    "effect_mae": 0.0818902850151062
}