{
    "epoch": [
        0,
        1,
        2,
        3,
        4,
        5,
        6,
        7,
        8,
        9,
        10,
        11,
        12,
        13,
        14,
        15,
        16,
        17,
        18,
        19,
        20,
        21,
        22,
        23,
        24,
        25,
        26,
        27,
        28,
        29,
        30,
        31,
        32,
        33,
        34,
        35,
        36,
        37,
        38,
        39,
        40,
        41,
        42,
        43,
        44,
        45,
        46,
        47,
        48,
        49,
        50,
        51,
        52,
        53,
        54,
        55,
        56,
        57,
        58,
        59,
        60,
        61,
        62,
        63,
        64,
        65,
        66,
        67,
        68,
        69,
        70,
        71,
        72,
        73,
        74,
        75,
        76,
        77,
        78,
        79,
        80,
        81,
        82,
        83,
        84,
        85,
        86,
        87,
        88,
        89,
        90,
        91,
        92,
        93,
        94,
        95,
        96,
        97,
        98,
        99,
        100,
        101,
        102,
        103,
        104,
        105,
        106,
        107,
        108,
        109,
        110,
        111,
        112,
        113,
        114,
        115,
        116,
        117,
        118,
        119,
        120,
        121,
        122,
        123,
        124,
        125,
        126,
        127,
        128,
        129,
        130,
        131,
        132,
        133,
        134,
        135,
        136,
        137,
        138,
        139,
        140,
        141,
        142,
        143,
        144,
        145,
        146,
        147,
        148,
        149,
        150,
        151,
        152,
        153,
        154,
        155,
        156,
        157,
        158,
        159,
        160,
        161,
        162,
        163,
        164,
        165,
        166,
        167,
        168,
        169,
        170,
        171,
        172,
        173
    ],
    "train_loss": [
        48.70964431762695,
        21.963674545288086,
        11.157697677612305,
        11.164573669433594,
        16.00290298461914,
        19.906360626220703,
        17.492250442504883,
        13.673785209655762,
        9.47789192199707,
        6.606448650360107,
        6.098974227905273,
        6.607743740081787,
        7.96009635925293,
        8.673258781433105,
        8.485160827636719,
        7.203498363494873,
        5.917154788970947,
        4.689912796020508,
        3.841252326965332,
        4.109593868255615,
        4.240309238433838,
        5.236344814300537,
        4.8719401359558105,
        4.360014915466309,
        3.8669588565826416,
        3.119314670562744,
        2.8066623210906982,
        2.8851425647735596,
        2.859969139099121,
        3.327890157699585,
        3.153918504714966,
        2.986726760864258,
        2.649048328399658,
        2.483348846435547,
        2.191624164581299,
        2.2920076847076416,
        2.2093818187713623,
        2.313357353210449,
        2.4378929138183594,
        2.1412177085876465,
        2.0030508041381836,
        1.8812485933303833,
        1.7837002277374268,
        1.8046414852142334,
        1.8604371547698975,
        1.9343281984329224,
        1.796566367149353,
        1.709818959236145,
        1.6166926622390747,
        1.6067112684249878,
        1.574251413345337,
        1.535395860671997,
        1.5775189399719238,
        1.512068271636963,
        1.4895615577697754,
        1.451666235923767,
        1.3984613418579102,
        1.3593039512634277,
        1.3603192567825317,
        1.3347716331481934,
        1.3812915086746216,
        1.391897439956665,
        1.3124243021011353,
        1.3948335647583008,
        1.3269953727722168,
        1.2927861213684082,
        1.2923797369003296,
        1.304063320159912,
        1.2491083145141602,
        1.2461447715759277,
        1.2402119636535645,
        1.1942402124404907,
        1.1971238851547241,
        1.2100130319595337,
        1.1860153675079346,
        1.1287248134613037,
        1.1733661890029907,
        1.1622669696807861,
        1.1496669054031372,
        1.153537392616272,
        1.1015406847000122,
        1.1403330564498901,
        1.1060329675674438,
        1.1055595874786377,
        1.1075338125228882,
        1.0828858613967896,
        1.0645942687988281,
        1.0701278448104858,
        1.047987937927246,
        1.0587025880813599,
        1.0516717433929443,
        1.0254292488098145,
        1.0419057607650757,
        1.0318782329559326,
        1.023890495300293,
        1.0237610340118408,
        1.0113946199417114,
        1.0316760540008545,
        1.0048909187316895,
        1.0122406482696533,
        1.0168155431747437,
        1.0149623155593872,
        0.997343897819519,
        0.9973570704460144,
        1.0045217275619507,
        1.0032438039779663,
        0.9772242307662964,
        0.9904789328575134,
        0.9783541560173035,
        0.9696070551872253,
        0.9752056002616882,
        0.9652495980262756,
        0.9897806644439697,
        0.9641789197921753,
        0.965404748916626,
        0.9611105918884277,
        0.9650730490684509,
        0.9611135125160217,
        0.9587676525115967,
        0.9449447393417358,
        0.9557499289512634,
        0.9513306021690369,
        0.9460393190383911,
        0.947597324848175,
        0.9572158455848694,
        0.9451051354408264,
        0.9464239478111267,
        0.9386736154556274,
        0.9428960084915161,
        0.9486778974533081,
        0.923952579498291,
        0.9334160089492798,
        0.9409894943237305,
        0.9352020621299744,
        0.9219711422920227,
        0.9233607053756714,
        0.9251078367233276,
        0.9313377141952515,
        0.9328069686889648,
        0.9244558215141296,
        0.9265367984771729,
        0.9336373805999756,
        0.9177536964416504,
        0.9323269724845886,
        0.9190282225608826,
        0.9285695552825928,
        0.9295894503593445,
        0.9264799356460571,
        0.9387210011482239,
        0.9190213084220886,
        0.9218702912330627,
        0.9213073253631592,
        0.9092850685119629,
        0.9200453162193298,
        0.9139007329940796,
        0.9321252703666687,
        0.9188241958618164,
        0.9203401803970337,
        0.9170239567756653,
        0.9311506748199463,
        0.912291944026947,
        0.9177805781364441,
        0.9182527661323547,
        0.914449155330658,
        0.9152231216430664,
        0.9221031069755554,
        0.9150699377059937,
        0.9232496619224548,
        0.9032714366912842,
        0.9238842129707336,
        0.9188374280929565,
        0.9094097018241882,
        0.9141413569450378,
        0.9139438271522522
    ],