{
    "effect_pehe": 4.205691337585449,
    "effect_mae": 0.600455641746521
}