{
    "effect_pehe": 5.275918483734131,
    "effect_mae": 0.7977100610733032
}