{
    "effect_pehe": 5.470299243927002,
    "effect_mae": 1.4172040224075317
}