{
    "epoch": [
        0,
        1,
        2,
        3,
        4,
        5,
        6,
        7,
        8,
        9,
        10,
        11,
        12,
        13,
        14,
        15,
        16,
        17,
        18,
        19,
        20,
        21,
        22,
        23,
        24,
        25,
        26,
        27,
        28,
        29,
        30,
        31,
        32,
        33,
        34,
        35,
        36,
        37,
        38,
        39,
        40,
        41,
        42,
        43,
        44,
        45,
        46,
        47,
        48,
        49,
        50,
        51,
        52,
        53,
        54,
        55,
        56,
        57,
        58,
        59,
        60,
        61,
        62,
        63,
        64,
        65,
        66,
        67,
        68,
        69,
        70,
        71,
        72,
        73,
        74,
        75,
        76,
        77,
        78,
        79,
        80,
        81,
        82,
        83,
        84,
        85,
        86,
        87,
        88,
        89,
        90,
        91,
        92,
        93,
        94,
        95,
        96,
        97,
        98,
        99,
        100,
        101,
        102,
        103,
        104,
        105,
        106,
        107,
        108,
        109,
        110,
        111,
        112,
        113,
        114,
        115,
        116,
        117,
        118,
        119,
        120,
        121,
        122,
        123,
        124,
        125,
        126,
        127,
        128,
        129,
        130,
        131,
        132,
        133,
        134,
        135,
        136,
        137,
        138,
        139,
        140,
        141,
        142,
        143,
        144,
        145,
        146,
        147,
        148,
        149,
        150,
        151,
        152,
        153,
        154,
        155,
        156,
        157,
        158,
        159,
        160,
        161,
        162,
        163,
        164,
        165,
        166,
        167,
        168,
        169,
        170,
        171,
        172,
        173,
        174,
        175,
        176,
        177,
        178,
        179,
        180,
        181,
        182
    ],
    "train_loss": [
        5895.02001953125,
        4107.44140625,
        3617.8515625,
        3654.25634765625,
        3472.8349609375,
        2887.106689453125,
        2094.921630859375,
        1871.80908203125,
        1865.8212890625,
        1939.05908203125,
        1844.1651611328125,
        1581.6737060546875,
        1331.6683349609375,
        1201.699462890625,
        1173.10986328125,
        1115.9696044921875,
        1086.397216796875,
        977.9959106445312,
        890.7652587890625,
        741.3983154296875,
        638.1319580078125,
        606.522705078125,
        635.926513671875,
        655.9994506835938,
        557.9232788085938,
        488.05841064453125,
        436.927734375,
        425.5716247558594,
        399.3749694824219,
        376.69598388671875,
        361.85931396484375,
        339.697509765625,
        285.3218078613281,
        252.62831115722656,
        237.43910217285156,
        252.3948211669922,
        237.0011749267578,
        215.58543395996094,
        180.49803161621094,
        162.8035888671875,
        166.9180908203125,
        153.92994689941406,
        144.24501037597656,
        124.04236602783203,
        108.45350646972656,
        99.30213928222656,
        90.8580093383789,
        90.28278350830078,
        82.6550521850586,
        74.3672103881836,
        62.20464324951172,
        59.12321090698242,
        60.612648010253906,
        54.361976623535156,
        47.91071319580078,
        42.27540588378906,
        38.83108139038086,
        36.4881591796875,
        34.34834671020508,
        33.837406158447266,
        28.710107803344727,
        25.91946792602539,
        25.153175354003906,
        23.577266693115234,
        20.98691749572754,
        18.94342803955078,
        18.12087059020996,
        15.299980163574219,
        14.275663375854492,
        14.1003999710083,
        12.054912567138672,
        10.684869766235352,
        9.539078712463379,
        9.725802421569824,
        9.063945770263672,
        8.096210479736328,
        7.401449203491211,
        6.837498664855957,
        6.1418890953063965,
        6.031136989593506,
        5.619439601898193,
        5.127295970916748,
        4.602054119110107,
        4.550492763519287,
        4.40946626663208,
        3.963778495788574,
        3.57511830329895,
        3.4550461769104004,
        3.3702361583709717,
        3.3103883266448975,
        2.867572784423828,
        2.6459755897521973,
        2.399399757385254,
        2.3282418251037598,
        2.259133815765381,
        2.0548770427703857,
        1.9577611684799194,
        1.9202584028244019,
        1.8175694942474365,
        1.8154913187026978,
        1.7021801471710205,
        1.5763294696807861,
        1.5124832391738892,
        1.4877996444702148,
        1.486716628074646,
        1.386289358139038,
        1.3390189409255981,
        1.3680050373077393,
        1.3141204118728638,
        1.29108726978302,
        1.252199411392212,
        1.1951920986175537,
        1.2043492794036865,
        1.2165528535842896,
        1.1928473711013794,
        1.1425751447677612,
        1.1358153820037842,
        1.1385444402694702,
        1.1390252113342285,
        1.0923423767089844,
        1.1015303134918213,
        1.0982670783996582,
        1.1021181344985962,
        1.0898492336273193,
        1.073075532913208,
        1.0754985809326172,
        1.082394003868103,
        1.0494067668914795,
        1.0589054822921753,
        1.0587968826293945,
        1.0631427764892578,
        1.0503079891204834,
        1.0663366317749023,
        1.0608315467834473,
        1.0409185886383057,
        1.0443729162216187,
        1.045284390449524,
        1.0490596294403076,
        1.0555719137191772,
        1.0511339902877808,
        1.0315840244293213,
        1.0486140251159668,
        1.0397937297821045,
        1.043094515800476,
        1.045698881149292,
        1.0522806644439697,
        1.0419888496398926,
        1.0355015993118286,
        1.0520479679107666,
        1.0371265411376953,
        1.0430736541748047,
        1.0417534112930298,
        1.0558961629867554,
        1.050033450126648,
        1.0325868129730225,
        1.0381848812103271,
        1.0413546562194824,
        1.043169379234314,
        1.0392179489135742,
        1.0470821857452393,
        1.0336267948150635,
        1.0409138202667236,
        1.0390161275863647,
        1.0386521816253662,
        1.0230563879013062,
        1.043113350868225,
        1.0296930074691772,
        1.0389792919158936,
        1.0504534244537354,
        1.0388537645339966,
        1.0474975109100342,
        1.037360429763794,
        1.0337903499603271,
        1.0383129119873047,
        1.034165859222412,
        1.0376390218734741,
        1.0283148288726807,
        1.0268200635910034,
        1.0332058668136597,
        1.0371888875961304,
        1.0411138534545898,
        1.0268023014068604,
        1.032975196838379
    ],