{
    "effect_pehe": 4.966206073760986,
    "effect_mae": 0.12005218863487244
}