{
    "effect_pehe": 4.844695568084717,
    "effect_mae": 0.436493843793869
}