{
    "effect_pehe": 4.106195449829102,
    "effect_mae": 0.804395318031311
}