{
    "effect_pehe": 5.60172700881958,
    "effect_mae": 2.903477430343628
}