{
    "effect_pehe": 5.666265487670898,
    "effect_mae": 0.6882851123809814
}