{
    "effect_pehe": 8.323469161987305,
    "effect_mae": 0.04929161071777344
}