{
    "effect_pehe": 17.018001556396484,
    "effect_mae": 0.36976146697998047
}