{
    "effect_pehe": 7.519556045532227,
    "effect_mae": 2.135815143585205
}