{
    "effect_pehe": 9.99088191986084,
    "effect_mae": 0.35682010650634766
}