{
    "effect_pehe": 10.130254745483398,
    "effect_mae": 0.48693370819091797
}