{
    "effect_pehe": 13.625500679016113,
    "effect_mae": 1.3193473815917969
}