{
    "effect_pehe": 6.069272518157959,
    "effect_mae": 4.217581272125244
}