{
    "effect_pehe": 24.89742660522461,
    "effect_mae": 2.6067028045654297
}