{
    "effect_pehe": 9.829609870910645,
    "effect_mae": 1.7293925285339355
}