{
    "effect_pehe": 8.02428913116455,
    "effect_mae": 2.989673137664795
}