{
    "effect_pehe": 11.416301727294922,
    "effect_mae": 1.3072710037231445
}