{
    "effect_pehe": 4.3009033203125,
    "effect_mae": 0.8223848342895508
}