{
    "effect_pehe": 4.190481185913086,
    "effect_mae": 2.150631904602051
}