{
    "effect_pehe": 6.21136474609375,
    "effect_mae": 3.299149990081787
}