{
    "effect_pehe": 3.46762548051948,
    "effect_mae": 2.757709454603916
}