{
    "effect_pehe": 1.8145357614983266,
    "effect_mae": 1.4374787757481093
}