{
    "effect_pehe": 3.7408040819373545,
    "effect_mae": 2.99893475339528
}