{
    "effect_pehe": 2.882850533865537,
    "effect_mae": 2.3047631563681388
}