{
    "effect_pehe": 1.913808979511352,
    "effect_mae": 1.5131257932465687
}