{
    "effect_pehe": 2.2606334016894536,
    "effect_mae": 1.750727988852596
}