{
    "effect_pehe": 5.223866939544678,
    "effect_mae": 2.872793197631836
}