{
    "effect_pehe": 4.798109531402588,
    "effect_mae": 0.2599959373474121
}