{
    "effect_pehe": 4.468264102935791,
    "effect_mae": 2.709712028503418
}