{
    "effect_pehe": 5.355013847351074,
    "effect_mae": 3.909660816192627
}