{
    "effect_pehe": 5.013051509857178,
    "effect_mae": 1.1146845817565918
}