{
    "effect_pehe": 5.7633490562438965,
    "effect_mae": 2.2577459812164307
}