{
    "effect_pehe": 5.1935038566589355,
    "effect_mae": 2.006969451904297
}