{
    "effect_pehe": 4.530563831329346,
    "effect_mae": 0.3830089271068573
}