{
    "effect_pehe": 4.828266620635986,
    "effect_mae": 0.37514781951904297
}