{
    "effect_pehe": 3.919931411743164,
    "effect_mae": 0.17465245723724365
}