{
    "effect_pehe": 4.979187965393066,
    "effect_mae": 0.5091124176979065
}