{
    "effect_pehe": 6.186374187469482,
    "effect_mae": 1.1538963317871094
}