{
    "effect_pehe": 4.499075889587402,
    "effect_mae": 1.1913443803787231
}