{
    "effect_pehe": 4.627784252166748,
    "effect_mae": 0.4096717834472656
}