{
    "effect_pehe": 8.37248706817627,
    "effect_mae": 0.7446146011352539
}