{
    "effect_pehe": 6.631739139556885,
    "effect_mae": 1.3136396408081055
}