{
    "effect_pehe": 3.194193124771118,
    "effect_mae": 0.26747703552246094
}