{
    "effect_pehe": 21.190345764160156,
    "effect_mae": 0.6267862319946289
}