{
    "effect_pehe": 8.45766830444336,
    "effect_mae": 1.4546575546264648
}