{
    "effect_pehe": 6.806896209716797,
    "effect_mae": 0.9812784194946289
}