{
    "effect_pehe": 11.418967247009277,
    "effect_mae": 1.300384521484375
}