{
    "effect_pehe": 5.276402473449707,
    "effect_mae": 2.5389792919158936
}