{
    "effect_pehe": 6.792178153991699,
    "effect_mae": 0.9508500099182129
}