{
    "effect_pehe": 5.385468482971191,
    "effect_mae": 0.9107375144958496
}