{
    "effect_pehe": 4.268245220184326,
    "effect_mae": 0.21798229217529297
}