{
    "effect_pehe": 5.147270202636719,
    "effect_mae": 0.2536430358886719
}