{
    "effect_pehe": 8.835845947265625,
    "effect_mae": 2.091702461242676
}