{
    "epoch": [
        0,
        1,
        2,
        3,
        4,
        5,
        6,
        7,
        8,
        9,
        10,
        11,
        12,
        13,
        14,
        15,
        16,
        17,
        18,
        19,
        20,
        21,
        22,
        23,
        24,
        25,
        26,
        27,
        28,
        29,
        30,
        31,
        32,
        33,
        34,
        35,
        36,
        37,
        38,
        39,
        40,
        41,
        42,
        43,
        44,
        45,
        46,
        47,
        48,
        49,
        50,
        51,
        52,
        53,
        54,
        55,
        56,
        57,
        58,
        59,
        60,
        61,
        62,
        63,
        64,
        65,
        66,
        67,
        68,
        69,
        70,
        71,
        72,
        73,
        74,
        75,
        76,
        77,
        78,
        79,
        80,
        81,
        82,
        83,
        84,
        85,
        86,
        87,
        88,
        89,
        90,
        91,
        92,
        93,
        94,
        95,
        96,
        97,
        98,
        99,
        100,
        101,
        102,
        103,
        104,
        105,
        106,
        107,
        108,
        109,
        110,
        111,
        112,
        113,
        114,
        115,
        116,
        117,
        118,
        119,
        120,
        121,
        122,
        123,
        124,
        125,
        126,
        127,
        128,
        129,
        130,
        131,
        132,
        133,
        134,
        135
    ],
    "train_loss": [
        72.07444763183594,
        26.31614112854004,
        18.189014434814453,
        25.50739860534668,
        34.001304626464844,
        33.98181915283203,
        20.396038055419922,
        13.17113971710205,
        9.492026329040527,
        13.026140213012695,
        14.447922706604004,
        16.747079849243164,
        15.468507766723633,
        11.590374946594238,
        8.434066772460938,
        6.462114334106445,
        6.88139533996582,
        7.700360298156738,
        8.485442161560059,
        7.9009270668029785,
        6.890047550201416,
        6.213932991027832,
        5.119139671325684,
        3.485588788986206,
        4.626150608062744,
        5.46135950088501,
        4.938525676727295,
        5.766098976135254,
        4.170826435089111,
        3.8319144248962402,
        3.0713915824890137,
        3.4740185737609863,
        3.4395787715911865,
        3.4720253944396973,
        3.6727285385131836,
        3.476048231124878,
        2.8983542919158936,
        2.4512906074523926,
        2.5921425819396973,
        2.8532016277313232,
        2.8951690196990967,
        2.51284122467041,
        2.2158775329589844,
        1.8340483903884888,
        1.8656814098358154,
        2.2901008129119873,
        2.210386276245117,
        1.8942631483078003,
        1.7133105993270874,
        1.816010594367981,
        1.7101750373840332,
        1.5305469036102295,
        1.6674399375915527,
        1.5430251359939575,
        1.6046597957611084,
        1.503596544265747,
        1.1569545269012451,
        1.5335267782211304,
        1.3832159042358398,
        1.359178900718689,
        1.2337576150894165,
        1.275622010231018,
        1.2304610013961792,
        1.0792920589447021,
        1.190631628036499,
        1.3520030975341797,
        0.9984731078147888,
        1.0506080389022827,
        0.8868488669395447,
        0.8820340633392334,
        0.9837039709091187,
        0.9968251585960388,
        0.9192923903465271,
        0.8465695977210999,
        0.9197519421577454,
        0.813252329826355,
        0.8300678730010986,
        0.7678554654121399,
        0.7437194585800171,
        0.7489986419677734,
        0.8897649049758911,
        0.7646750807762146,
        0.7371768951416016,
        0.7973645925521851,
        0.7110397815704346,
        0.6695857048034668,
        0.7297968864440918,
        0.5976336598396301,
        0.6741342544555664,
        0.6968104839324951,
        0.621191143989563,
        0.6911121010780334,
        0.5990197062492371,
        0.7029513716697693,
        0.7113407254219055,
        0.6377766132354736,
        0.6128910183906555,
        0.6231051683425903,
        0.5473477840423584,
        0.6083976030349731,
        0.6633461117744446,
        0.5742697715759277,
        0.5955150723457336,
        0.6370143890380859,
        0.5783337950706482,
        0.6423505544662476,
        0.6084398627281189,
        0.5990796089172363,
        0.5298121571540833,
        0.5897624492645264,
        0.5234006643295288,
        0.605545699596405,
        0.5141753554344177,
        0.515709400177002,
        0.5846832394599915,
        0.5190462470054626,
        0.5046382546424866,
        0.49449241161346436,
        0.49390822649002075,
        0.49742570519447327,
        0.4838867783546448,
        0.5361084938049316,
        0.5296446084976196,
        0.5030830502510071,
        0.4934135973453522,
        0.49285513162612915,
        0.5328803658485413,
        0.4869365096092224,
        0.5030966997146606,
        0.48440688848495483,
        0.465989887714386,
        0.49389946460723877,
        0.48305970430374146,
        0.4630390405654907,
        0.4648124873638153,
        0.5075621604919434
    ],