{
    "effect_pehe": 7.407415390014648,
    "effect_mae": 1.52485990524292
}