{
    "epoch": [
        0,
        1,
        2,
        3,
        4,
        5,
        6,
        7,
        8,
        9,
        10,
        11,
        12,
        13,
        14,
        15,
        16,
        17,
        18,
        19,
        20,
        21,
        22,
        23,
        24,
        25,
        26,
        27,
        28,
        29,
        30,
        31,
        32,
        33,
        34,
        35,
        36,
        37,
        38,
        39,
        40,
        41,
        42,
        43,
        44,
        45,
        46,
        47,
        48,
        49,
        50,
        51,
        52,
        53,
        54,
        55,
        56,
        57,
        58,
        59,
        60,
        61,
        62,
        63,
        64,
        65,
        66,
        67,
        68,
        69,
        70,
        71,
        72,
        73,
        74,
        75,
        76,
        77,
        78,
        79,
        80,
        81,
        82,
        83,
        84,
        85,
        86,
        87,
        88,
        89,
        90,
        91,
        92,
        93,
        94,
        95,
        96,
        97,
        98,
        99,
        100,
        101,
        102,
        103,
        104,
        105,
        106,
        107,
        108,
        109,
        110,
        111,
        112,
        113,
        114,
        115,
        116,
        117,
        118,
        119,
        120,
        121,
        122,
        123,
        124,
        125,
        126,
        127,
        128,
        129,
        130,
        131,
        132,
        133,
        134,
        135,
        136,
        137,
        138,
        139,
        140,
        141,
        142,
        143,
        144,
        145,
        146,
        147,
        148,
        149,
        150,
        151,
        152,
        153,
        154,
        155,
        156,
        157,
        158,
        159,
        160,
        161,
        162,
        163,
        164,
        165,
        166,
        167,
        168,
        169,
        170,
        171,
        172,
        173,
        174,
        175,
        176,
        177,
        178,
        179,
        180,
        181,
        182,
        183,
        184,
        185,
        186,
        187,
        188,
        189,
        190,
        191
    ],
    "train_loss": [
        200.0797576904297,
        67.67471313476562,
        25.969318389892578,
        25.51822280883789,
        54.92983627319336,
        65.74364471435547,
        68.766357421875,
        49.844383239746094,
        39.656978607177734,
        22.73932456970215,
        16.50453758239746,
        22.56643295288086,
        32.114356994628906,
        36.20023727416992,
        34.591678619384766,
        30.170795440673828,
        22.343582153320312,
        13.399154663085938,
        14.042062759399414,
        13.642620086669922,
        13.963945388793945,
        21.56932830810547,
        18.30646324157715,
        16.152109146118164,
        14.344205856323242,
        14.44260025024414,
        11.63138198852539,
        10.596646308898926,
        12.39284896850586,
        13.14156436920166,
        12.134405136108398,
        10.892491340637207,
        11.041592597961426,
        10.608206748962402,
        8.69818115234375,
        8.648578643798828,
        7.56507682800293,
        7.49345064163208,
        6.829813003540039,
        8.652762413024902,
        8.024704933166504,
        7.428033351898193,
        7.080577373504639,
        7.714163303375244,
        6.908080577850342,
        6.46292781829834,
        5.541502952575684,
        5.280088424682617,
        6.025634765625,
        4.886462688446045,
        4.5913920402526855,
        4.569291591644287,
        4.394293785095215,
        4.854491710662842,
        5.400967121124268,
        4.497828483581543,
        4.295073509216309,
        3.9451985359191895,
        3.879225969314575,
        4.396356105804443,
        3.6553518772125244,
        3.220435380935669,
        3.7594945430755615,
        3.0927910804748535,
        3.073840618133545,
        3.43335223197937,
        3.163069009780884,
        3.481659173965454,
        2.5647776126861572,
        2.288743257522583,
        2.914698839187622,
        2.524322509765625,
        2.592817783355713,
        2.4080467224121094,
        2.1436216831207275,
        2.2643020153045654,
        2.7932729721069336,
        2.3147976398468018,
        1.8928985595703125,
        2.139404773712158,
        2.1768205165863037,
        1.8971672058105469,
        2.080451726913452,
        1.9368952512741089,
        2.073927879333496,
        1.5880683660507202,
        1.5302670001983643,
        1.4930522441864014,
        1.5405457019805908,
        1.572730302810669,
        1.560217022895813,
        1.5875896215438843,
        1.340506672859192,
        1.570455551147461,
        1.3930293321609497,
        1.3134715557098389,
        1.2458446025848389,
        1.250778317451477,
        1.2149007320404053,
        1.2903635501861572,
        1.259389877319336,
        1.2912490367889404,
        1.2960125207901,
        1.1478902101516724,
        0.9274284243583679,
        1.1432216167449951,
        1.092024326324463,
        1.0015250444412231,
        0.9690735936164856,
        1.0235836505889893,
        1.0030726194381714,
        1.0706490278244019,
        0.9267445802688599,
        0.9156588912010193,
        0.971447229385376,
        0.9925135970115662,
        0.8735977411270142,
        0.9920154809951782,
        0.8453530073165894,
        0.8563815951347351,
        0.8168546557426453,
        0.8170120716094971,
        0.8456144332885742,
        0.8281804919242859,
        0.7380021214485168,
        0.7961471080780029,
        0.786402702331543,
        0.7493950128555298,
        0.8409354090690613,
        0.7442130446434021,
        0.7783751487731934,
        0.7250217795372009,
        0.7420312762260437,
        0.7073401212692261,
        0.7502950429916382,
        0.7421854138374329,
        0.765836238861084,
        0.7308112978935242,
        0.6449037194252014,
        0.6926094889640808,
        0.702764093875885,
        0.7478045225143433,
        0.7144088745117188,
        0.6961055994033813,
        0.644314706325531,
        0.693680465221405,
        0.7154826521873474,
        0.6593228578567505,
        0.6393585801124573,
        0.6216205954551697,
        0.6784433722496033,
        0.6362141370773315,
        0.6422169208526611,
        0.654318630695343,
        0.6061257123947144,
        0.6121526956558228,
        0.5899142622947693,
        0.5942733883857727,
        0.605566143989563,
        0.6393290162086487,
        0.5856462717056274,
        0.59432053565979,
        0.65346360206604,
        0.5856693387031555,
        0.5972644686698914,
        0.6324310898780823,
        0.5890679359436035,
        0.5967861413955688,
        0.5746151804924011,
        0.577881932258606,
        0.5941823720932007,
        0.6035798192024231,
        0.5911579132080078,
        0.6170309782028198,
        0.595317006111145,
        0.587554395198822,
        0.5762227177619934,
        0.5297679901123047,
        0.5555905103683472,
        0.5702444314956665,
        0.5638865232467651,
        0.5955464839935303,
        0.5448547005653381,
        0.5894179940223694,
        0.5473490953445435,
        0.5520418882369995,
        0.5717207193374634,
        0.5682043433189392,
        0.5856878161430359,
        0.5586583614349365,
        0.5820033550262451,
        0.5639060735702515
    ],