{
    "effect_pehe": 7.934567928314209,
    "effect_mae": 2.693570137023926
}