{
    "epoch": [
        0,
        1,
        2,
        3,
        4,
        5,
        6,
        7,
        8,
        9,
        10,
        11,
        12,
        13,
        14,
        15,
        16,
        17,
        18,
        19,
        20,
        21,
        22,
        23,
        24,
        25,
        26,
        27,
        28,
        29,
        30,
        31,
        32,
        33,
        34,
        35,
        36,
        37,
        38,
        39,
        40,
        41,
        42,
        43,
        44,
        45,
        46,
        47,
        48,
        49,
        50,
        51,
        52,
        53,
        54,
        55,
        56,
        57,
        58,
        59,
        60,
        61,
        62,
        63,
        64,
        65,
        66,
        67,
        68,
        69,
        70,
        71,
        72,
        73,
        74,
        75,
        76,
        77,
        78,
        79,
        80,
        81,
        82,
        83,
        84,
        85,
        86,
        87,
        88,
        89,
        90,
        91,
        92,
        93,
        94,
        95,
        96,
        97,
        98,
        99,
        100,
        101,
        102,
        103,
        104,
        105,
        106,
        107,
        108,
        109,
        110,
        111,
        112,
        113,
        114,
        115,
        116,
        117,
        118,
        119
    ],
    "train_loss": [
        41.29513168334961,
        37.02726364135742,
        41.24629592895508,
        36.915008544921875,
        23.5633487701416,
        22.8216609954834,
        24.265867233276367,
        26.409236907958984,
        20.078821182250977,
        12.159077644348145,
        15.502950668334961,
        14.124761581420898,
        11.52476978302002,
        10.056610107421875,
        13.522027015686035,
        8.538370132446289,
        10.688095092773438,
        9.378625869750977,
        8.941767692565918,
        6.433567047119141,
        6.546605587005615,
        8.401304244995117,
        7.085366249084473,
        6.888309478759766,
        6.067127227783203,
        5.160430431365967,
        5.229679107666016,
        4.986106872558594,
        5.514148712158203,
        4.248778343200684,
        3.8886849880218506,
        3.100742816925049,
        4.725654602050781,
        4.0835371017456055,
        3.0287981033325195,
        2.5168516635894775,
        3.341125249862671,
        3.5046544075012207,
        2.749368190765381,
        2.1572020053863525,
        1.9922586679458618,
        2.203634738922119,
        2.9988315105438232,
        2.3415582180023193,
        2.110222578048706,
        1.918140172958374,
        2.182938575744629,
        1.6798427104949951,
        1.9341684579849243,
        1.807286262512207,
        1.3702116012573242,
        1.168080449104309,
        1.769195795059204,
        1.397765874862671,
        1.0157235860824585,
        1.0378494262695312,
        1.1351810693740845,
        0.9265927076339722,
        0.8631746172904968,
        0.896269679069519,
        0.8842544555664062,
        0.7818055152893066,
        0.9439055919647217,
        0.9460232853889465,
        0.8331194519996643,
        0.9771708846092224,
        0.6907920241355896,
        0.7112430930137634,
        0.7094032764434814,
        0.824723482131958,
        0.6247895359992981,
        0.736133873462677,
        0.6924030184745789,
        0.6459560394287109,
        0.6526487469673157,
        0.6023962497711182,
        0.6581085920333862,
        0.6158974170684814,
        0.5904254913330078,
        0.6227474808692932,
        0.5176681280136108,
        0.6096279621124268,
        0.5648499131202698,
        0.5467032790184021,
        0.6130243539810181,
        0.5778090357780457,
        0.5616828203201294,
        0.5751747488975525,
        0.521462619304657,
        0.49446389079093933,
        0.5393213033676147,
        0.547654390335083,
        0.5026828050613403,
        0.5128440856933594,
        0.4792204201221466,
        0.5093221664428711,
        0.5285186767578125,
        0.4913128912448883,
        0.5026080012321472,
        0.48230743408203125,
        0.44909989833831787,
        0.5489932894706726,
        0.4949592053890228,
        0.48787522315979004,
        0.4910700023174286,
        0.48152458667755127,
        0.5453152656555176,
        0.48567673563957214,
        0.4682839810848236,
        0.5049557685852051,
        0.46935364603996277,
        0.4830349385738373,
        0.5030457973480225,
        0.48827365040779114,
        0.47731664776802063,
        0.4946677088737488,
        0.5311338901519775,
        0.5149258971214294,
        0.49448588490486145,
        0.47512444853782654
    ],