{
    "effect_pehe": 12.182574272155762,
    "effect_mae": 2.706475257873535
}