{
    "effect_pehe": 8.893363952636719,
    "effect_mae": 3.4087276458740234
}