{
    "epoch": [
        0,
        1,
        2,
        3,
        4,
        5,
        6,
        7,
        8,
        9,
        10,
        11,
        12,
        13,
        14,
        15,
        16,
        17,
        18,
        19,
        20,
        21,
        22,
        23,
        24,
        25,
        26,
        27,
        28,
        29,
        30,
        31,
        32,
        33,
        34,
        35,
        36,
        37,
        38,
        39,
        40,
        41,
        42,
        43,
        44,
        45,
        46,
        47,
        48,
        49,
        50,
        51,
        52,
        53,
        54,
        55,
        56,
        57,
        58,
        59,
        60,
        61,
        62,
        63,
        64,
        65,
        66,
        67,
        68,
        69,
        70,
        71,
        72,
        73,
        74,
        75,
        76,
        77,
        78,
        79,
        80,
        81,
        82,
        83,
        84,
        85,
        86,
        87,
        88,
        89,
        90,
        91,
        92,
        93,
        94,
        95,
        96,
        97,
        98,
        99,
        100,
        101,
        102,
        103,
        104,
        105,
        106,
        107,
        108,
        109,
        110,
        111,
        112,
        113,
        114,
        115,
        116,
        117,
        118,
        119,
        120,
        121,
        122,
        123,
        124,
        125,
        126,
        127,
        128,
        129,
        130,
        131,
        132,
        133,
        134,
        135,
        136,
        137,
        138,
        139,
        140,
        141,
        142,
        143,
        144,
        145,
        146,
        147,
        148,
        149,
        150,
        151,
        152,
        153,
        154,
        155,
        156,
        157,
        158,
        159,
        160,
        161,
        162,
        163,
        164
    ],
    "train_loss": [
        48.80241394042969,
        26.987281799316406,
        28.38068962097168,
        34.65272903442383,
        36.0711784362793,
        28.53309440612793,
        15.790146827697754,
        15.534099578857422,
        19.85258674621582,
        21.29221534729004,
        18.20034408569336,
        14.794683456420898,
        9.847969055175781,
        10.18941593170166,
        10.927227020263672,
        17.27158546447754,
        10.181573867797852,
        8.287145614624023,
        7.408512592315674,
        7.182957649230957,
        9.779561042785645,
        8.09865951538086,
        7.594257354736328,
        6.856115818023682,
        5.144938945770264,
        5.597630500793457,
        5.638371467590332,
        5.608569145202637,
        5.221531391143799,
        6.091586589813232,
        4.850283145904541,
        3.7442221641540527,
        3.9438090324401855,
        4.130758285522461,
        3.193770170211792,
        3.4266738891601562,
        3.539003610610962,
        2.837131977081299,
        2.4384446144104004,
        2.9002559185028076,
        2.7563085556030273,
        2.781334161758423,
        2.0991432666778564,
        2.384432554244995,
        2.4305105209350586,
        1.96938157081604,
        1.9704530239105225,
        1.9972403049468994,
        1.7573524713516235,
        1.623627781867981,
        1.4677232503890991,
        1.482577919960022,
        1.5760555267333984,
        1.6133692264556885,
        1.252517819404602,
        1.1760942935943604,
        1.1936674118041992,
        1.1577612161636353,
        1.1320042610168457,
        1.0947585105895996,
        1.2399080991744995,
        0.862730860710144,
        0.795293390750885,
        0.851378321647644,
        0.9274554252624512,
        0.8259868025779724,
        0.7363361716270447,
        0.8520752787590027,
        0.8101303577423096,
        0.680280327796936,
        0.6572332978248596,
        0.6621596217155457,
        0.6492751836776733,
        0.6938989162445068,
        0.684843897819519,
        0.57503342628479,
        0.6278603672981262,
        0.6148251295089722,
        0.6109613180160522,
        0.6192963123321533,
        0.5694748759269714,
        0.564302384853363,
        0.5222798585891724,
        0.5316845178604126,
        0.4701709747314453,
        0.4689508080482483,
        0.47751304507255554,
        0.47811976075172424,
        0.48406073451042175,
        0.4151599109172821,
        0.41798943281173706,
        0.45251452922821045,
        0.42460328340530396,
        0.4375963807106018,
        0.5012271404266357,
        0.41860124468803406,
        0.40781787037849426,
        0.4055078625679016,
        0.4106329083442688,
        0.35675179958343506,
        0.397577166557312,
        0.3518543541431427,
        0.43079522252082825,
        0.3645195960998535,
        0.3417240083217621,
        0.3385465741157532,
        0.41700875759124756,
        0.3695298731327057,
        0.3356197774410248,
        0.3518714904785156,
        0.33853644132614136,
        0.3717027008533478,
        0.36503633856773376,
        0.3185728192329407,
        0.3433397114276886,
        0.30644866824150085,
        0.3449060320854187,
        0.3340917229652405,
        0.3281770348548889,
        0.3244909644126892,
        0.35392284393310547,
        0.3513270318508148,
        0.3228164315223694,
        0.31274163722991943,
        0.3403617739677429,
        0.32673129439353943,
        0.31456586718559265,
        0.3159480690956116,
        0.304588258266449,
        0.3075332045555115,
        0.31519728899002075,
        0.30949392914772034,
        0.30305370688438416,
        0.2997419238090515,
        0.3136635720729828,
        0.3146631717681885,
        0.3047381639480591,
        0.33205723762512207,
        0.3023722469806671,
        0.3124496638774872,
        0.329271137714386,
        0.31335142254829407,
        0.31158238649368286,
        0.3028130829334259,
        0.29626035690307617,
        0.2856171727180481,
        0.3017670214176178,
        0.3029051423072815,
        0.2817046642303467,
        0.28203314542770386,
        0.2829466760158539,
        0.30138733983039856,
        0.28778135776519775,
        0.28619280457496643,
        0.30871185660362244,
        0.30081140995025635,
        0.2852955460548401,
        0.28119656443595886,
        0.28379976749420166,
        0.28147459030151367,
        0.2724827527999878,
        0.2881448566913605,
        0.28173762559890747,
        0.28900906443595886,
        0.2946138381958008
    ],