{
    "effect_pehe": 10.280451774597168,
    "effect_mae": 4.857629776000977
}