{
    "effect_pehe": 7.468605041503906,
    "effect_mae": 2.084998607635498
}