{
    "effect_pehe": 9.548177719116211,
    "effect_mae": 0.5186691284179688
}