{
    "effect_pehe": 9.054435729980469,
    "effect_mae": 6.426673412322998
}