{
    "effect_pehe": 3.0967818593719785,
    "effect_mae": 2.44871419820669
}