{
    "effect_pehe": 2.9893808568238143,
    "effect_mae": 2.3767715762774237
}