{
    "effect_pehe": 2.238658474328923,
    "effect_mae": 1.746902246881143
}