{
    "effect_pehe": 4.4422855108338055,
    "effect_mae": 3.5570452992064854
}