{
    "effect_pehe": 5.323342655212185,
    "effect_mae": 4.267322472927606
}