{
    "effect_pehe": 3.512515675935283,
    "effect_mae": 2.8415709728583125
}