{
    "effect_pehe": 0.8381426930427551,
    "effect_mae": 0.07304391264915466
}