{
    "effect_pehe": 0.7583446502685547,
    "effect_mae": 0.021178841590881348
}