{
    "effect_pehe": 2.7981841564178467,
    "effect_mae": 0.133305162191391
}