{
    "effect_pehe": 1.8165031671524048,
    "effect_mae": 0.1614270806312561
}