{
    "effect_pehe": 3.115816116333008,
    "effect_mae": 0.533821165561676
}