{
    "effect_pehe": 1.9510365724563599,
    "effect_mae": 0.42636188864707947
}