{
    "effect_pehe": 0.7586461305618286,
    "effect_mae": 0.017162859439849854
}