{
    "effect_pehe": 1.0096296072006226,
    "effect_mae": 0.1044967770576477
}