{
    "effect_pehe": 1.5601482391357422,
    "effect_mae": 0.20260590314865112
}