{
    "effect_pehe": 2.4743740558624268,
    "effect_mae": 0.056148648262023926
}