{
    "effect_pehe": 1.9428741931915283,
    "effect_mae": 0.030332624912261963
}