{
    "effect_pehe": 6.391373634338379,
    "effect_mae": 1.9170520305633545
}