{
    "effect_pehe": 7.315573215484619,
    "effect_mae": 0.5482038855552673
}