{
    "effect_pehe": 7.62583589553833,
    "effect_mae": 0.6026475429534912
}