{
    "epoch": [
        0,
        1,
        2,
        3,
        4,
        5,
        6,
        7,
        8,
        9,
        10,
        11,
        12,
        13,
        14,
        15,
        16,
        17,
        18,
        19,
        20,
        21,
        22,
        23,
        24,
        25,
        26,
        27,
        28,
        29,
        30,
        31,
        32,
        33,
        34,
        35,
        36,
        37,
        38,
        39,
        40,
        41,
        42,
        43,
        44,
        45,
        46,
        47,
        48,
        49,
        50,
        51,
        52,
        53,
        54,
        55,
        56,
        57,
        58,
        59,
        60,
        61,
        62,
        63,
        64,
        65,
        66,
        67,
        68,
        69,
        70,
        71,
        72,
        73,
        74,
        75,
        76,
        77,
        78,
        79,
        80,
        81,
        82,
        83,
        84,
        85,
        86,
        87,
        88,
        89,
        90,
        91,
        92,
        93,
        94,
        95,
        96,
        97,
        98,
        99,
        100,
        101,
        102,
        103,
        104,
        105,
        106,
        107,
        108,
        109,
        110,
        111,
        112,
        113,
        114,
        115,
        116
    ],
    "train_loss": [
        46.850379943847656,
        46.786659240722656,
        46.72578048706055,
        46.664886474609375,
        46.59819030761719,
        46.52760314941406,
        46.449405670166016,
        46.35849380493164,
        46.254539489746094,
        46.135066986083984,
        46.00424575805664,
        45.85056686401367,
        45.669471740722656,
        45.460872650146484,
        45.21869659423828,
        44.936519622802734,
        44.60911560058594,
        44.23147964477539,
        43.79523849487305,
        43.31000518798828,
        42.76626205444336,
        42.13764953613281,
        41.45265197753906,
        40.670188903808594,
        39.82564926147461,
        38.88288116455078,
        37.8216438293457,
        36.677799224853516,
        35.45428466796875,
        34.095428466796875,
        32.64152145385742,
        31.076168060302734,
        29.442607879638672,
        27.743356704711914,
        25.947402954101562,
        24.093921661376953,
        22.29624366760254,
        20.496856689453125,
        18.773637771606445,
        17.131269454956055,
        15.672689437866211,
        14.357436180114746,
        13.258389472961426,
        12.340108871459961,
        11.732905387878418,
        11.28511905670166,
        10.902750015258789,
        10.595508575439453,
        10.311749458312988,
        9.982412338256836,
        9.60106372833252,
        9.34917163848877,
        9.117924690246582,
        8.985383033752441,
        8.971020698547363,
        8.94062614440918,
        8.899480819702148,
        8.842795372009277,
        8.741972923278809,
        8.631766319274902,
        8.484122276306152,
        8.427633285522461,
        8.369404792785645,
        8.320396423339844,
        8.252538681030273,
        8.216818809509277,
        8.152070045471191,
        8.044933319091797,
        7.981455326080322,
        7.9302473068237305,
        7.8995585441589355,
        7.853320598602295,
        7.837259292602539,
        7.772861957550049,
        7.750446319580078,
        7.681644916534424,
        7.669445037841797,
        7.640610694885254,
        7.586877822875977,
        7.5790605545043945,
        7.534193992614746,
        7.5090861320495605,
        7.453586101531982,
        7.42126989364624,
        7.396886825561523,
        7.372708320617676,
        7.3301682472229,
        7.317213535308838,
        7.280274868011475,
        7.243236064910889,
        7.2183098793029785,
        7.198173522949219,
        7.158860206604004,
        7.151124954223633,
        7.107927322387695,
        7.099890232086182,
        7.054825782775879,
        7.031358242034912,
        7.011050224304199,
        6.97907829284668,
        6.95431661605835,
        6.946662902832031,
        6.905375003814697,
        6.904279708862305,
        6.869440078735352,
        6.8506760597229,
        6.830918312072754,
        6.799571990966797,
        6.782866954803467,
        6.7393317222595215,
        6.732460975646973,
        6.719402313232422,
        6.688261032104492,
        6.6681084632873535,
        6.641368865966797,
        6.612894535064697,
        6.592061996459961
    ],
    "val_loss": [
        49.94149398803711,
        49.888572692871094,
        49.838111877441406,
        49.78571701049805,
        49.7330322265625,
        49.67136001586914,
        49.6011962890625,
        49.52134704589844,
        49.41900634765625,
        49.313045501708984,
        49.19184494018555,
        49.039737701416016,
        48.85832214355469,
        48.66166687011719,
        48.414649963378906,
        48.1319465637207,
        47.79890060424805,
        47.40804672241211,
        46.998268127441406,
        46.50355529785156,
        45.93055725097656,
        45.30174255371094,
        44.61795425415039,
        43.83385467529297,
        42.96751403808594,
        42.03641891479492,
        40.990779876708984,
        39.803306579589844,
        38.56244659423828,
        37.18451690673828,
        35.697509765625,
        34.144657135009766,
        32.41190719604492,
        30.63323402404785,
        28.783355712890625,
        26.91254997253418,
        24.989303588867188,
        23.037857055664062,
        21.198631286621094,
        19.400569915771484,
        17.826457977294922,
        16.3736629486084,
        15.061655044555664,
        14.17224407196045,
        13.382696151733398,
        12.820825576782227,
        12.343729019165039,
        11.956995964050293,
        11.526053428649902,
        11.114413261413574,
        10.743473052978516,
        10.428855895996094,
        10.23534870147705,
        10.196053504943848,
        10.151646614074707,
        10.23080062866211,
        10.199474334716797,
        10.06266975402832,
        9.944961547851562,
        9.813057899475098,
        9.644327163696289,
        9.512136459350586,
        9.481208801269531,
        9.410514831542969,
        9.411827087402344,
        9.379308700561523,
        9.353096008300781,
        9.291947364807129,
        9.375282287597656,
        9.294513702392578,
        9.321155548095703,
        9.346681594848633,
        9.306374549865723,
        9.325434684753418,
        9.292387962341309,
        9.26054859161377,
        9.23108196258545,
        9.188265800476074,
        9.168049812316895,
        9.142362594604492,
        9.144362449645996,
        9.131650924682617,
        9.126317977905273,
        9.104751586914062,
        9.107088088989258,
        9.058210372924805,
        9.060359954833984,
        9.072314262390137,
        9.050895690917969,
        9.081923484802246,
        9.04755973815918,
        8.998095512390137,
        9.056574821472168,
        9.037158012390137,
        9.061681747436523,
        9.027504920959473,
        9.032262802124023,
        9.027599334716797,
        9.01807689666748,
        9.036614418029785,
        9.046217918395996,
        9.053544044494629,
        9.070898056030273,
        9.06423282623291,
        9.07658576965332,
        9.091608047485352,
        9.05965518951416,
        9.031316757202148,
        9.070320129394531,
        9.065171241760254,
        9.058292388916016,
        9.048187255859375,
        9.114243507385254,
        9.051409721374512,
        9.06493854522705,
        9.052659034729004,
        9.06228256225586
    ]
}