{
    "epoch": [
        0,
        1,
        2,
        3,
        4,
        5,
        6,
        7,
        8,
        9,
        10,
        11,
        12,
        13,
        14,
        15,
        16,
        17,
        18,
        19,
        20,
        21,
        22,
        23,
        24,
        25,
        26,
        27,
        28,
        29,
        30,
        31,
        32,
        33,
        34,
        35,
        36,
        37,
        38,
        39,
        40,
        41,
        42,
        43,
        44,
        45,
        46,
        47,
        48,
        49,
        50,
        51,
        52,
        53,
        54,
        55,
        56,
        57,
        58,
        59,
        60,
        61,
        62,
        63,
        64,
        65,
        66,
        67,
        68,
        69,
        70,
        71,
        72,
        73,
        74,
        75,
        76,
        77,
        78,
        79,
        80,
        81,
        82,
        83,
        84,
        85,
        86,
        87,
        88,
        89,
        90,
        91,
        92,
        93,
        94,
        95,
        96,
        97,
        98,
        99,
        100,
        101,
        102,
        103,
        104,
        105,
        106,
        107,
        108,
        109,
        110,
        111,
        112,
        113,
        114,
        115,
        116,
        117,
        118,
        119,
        120,
        121,
        122,
        123,
        124,
        125,
        126,
        127,
        128,
        129,
        130,
        131,
        132
    ],
    "train_loss": [
        50.631324768066406,
        50.55545425415039,
        50.47901153564453,
        50.400936126708984,
        50.32121658325195,
        50.232078552246094,
        50.13740539550781,
        50.027225494384766,
        49.90476608276367,
        49.762577056884766,
        49.602535247802734,
        49.40956115722656,
        49.19349670410156,
        48.93909454345703,
        48.65544891357422,
        48.32974624633789,
        47.95186996459961,
        47.51123046875,
        47.009368896484375,
        46.4395637512207,
        45.79922866821289,
        45.0689811706543,
        44.23984909057617,
        43.30801773071289,
        42.29024124145508,
        41.14687728881836,
        39.86494827270508,
        38.476348876953125,
        36.94677734375,
        35.30712890625,
        33.52340316772461,
        31.613231658935547,
        29.628158569335938,
        27.505538940429688,
        25.326011657714844,
        23.12790870666504,
        20.9489803314209,
        18.824935913085938,
        16.831886291503906,
        15.003371238708496,
        13.353902816772461,
        11.966547012329102,
        10.800162315368652,
        9.874551773071289,
        9.153301239013672,
        8.59365177154541,
        8.092252731323242,
        7.660863399505615,
        7.24105978012085,
        6.809911251068115,
        6.407224655151367,
        6.063628673553467,
        5.812222957611084,
        5.605800628662109,
        5.482537269592285,
        5.420705318450928,
        5.35886812210083,
        5.277071952819824,
        5.204056262969971,
        5.099218845367432,
        4.985878944396973,
        4.897731304168701,
        4.830091953277588,
        4.813411235809326,
        4.759407997131348,
        4.72377347946167,
        4.665668487548828,
        4.6048407554626465,
        4.550307750701904,
        4.490523338317871,
        4.432358264923096,
        4.399910926818848,
        4.370270252227783,
        4.335948944091797,
        4.296551704406738,
        4.248513221740723,
        4.236170768737793,
        4.197775363922119,
        4.154544830322266,
        4.145126819610596,
        4.114267826080322,
        4.083003997802734,
        4.0500264167785645,
        4.030278205871582,
        4.001186370849609,
        3.9928414821624756,
        3.964769124984741,
        3.9647605419158936,
        3.93617844581604,
        3.9127695560455322,
        3.892544746398926,
        3.8795785903930664,
        3.860053300857544,
        3.8403472900390625,
        3.8284366130828857,
        3.7904248237609863,
        3.7940571308135986,
        3.7794206142425537,
        3.752244234085083,
        3.741281747817993,
        3.7330827713012695,
        3.7118232250213623,
        3.7066240310668945,
        3.6878957748413086,
        3.670560598373413,
        3.6647207736968994,
        3.641596555709839,
        3.6440446376800537,
        3.6256537437438965,
        3.6083195209503174,
        3.5936522483825684,
        3.5881128311157227,
        3.5662460327148438,
        3.5709071159362793,
        3.53926944732666,
        3.5366318225860596,
        3.5157365798950195,
        3.521547794342041,
        3.499204397201538,
        3.4869234561920166,
        3.48178768157959,
        3.4669089317321777,
        3.4534008502960205,
        3.4460020065307617,
        3.440992832183838,
        3.4248597621917725,
        3.4241929054260254,
        3.417370319366455,
        3.412588119506836,
        3.3845934867858887,
        3.358391761779785,
        3.373945713043213,
        3.3491196632385254
    ],