{
    "effect_pehe": 6.665867805480957,
    "effect_mae": 0.2766830325126648
}