{
    "effect_pehe": 7.0595855712890625,
    "effect_mae": 1.8001455068588257
}