{
    "effect_pehe": 7.449835300445557,
    "effect_mae": 0.7431787252426147
}