{
    "effect_pehe": 6.190149307250977,
    "effect_mae": 1.0419089794158936
}