{
    "effect_pehe": 8.213797569274902,
    "effect_mae": 1.3027122020721436
}