{
    "effect_pehe": 6.316003322601318,
    "effect_mae": 0.830608606338501
}