{
    "effect_pehe": 8.326804161071777,
    "effect_mae": 0.5069175958633423
}