{
    "effect_pehe": 7.738414764404297,
    "effect_mae": 0.35099971294403076
}