{
    "epoch": [
        0,
        1,
        2,
        3,
        4,
        5,
        6,
        7,
        8,
        9,
        10,
        11,
        12,
        13,
        14,
        15,
        16,
        17,
        18,
        19,
        20,
        21,
        22,
        23,
        24,
        25,
        26,
        27,
        28,
        29,
        30,
        31,
        32,
        33,
        34,
        35,
        36,
        37,
        38,
        39,
        40,
        41,
        42,
        43,
        44,
        45,
        46,
        47,
        48,
        49,
        50,
        51,
        52,
        53,
        54,
        55,
        56,
        57,
        58,
        59,
        60,
        61,
        62,
        63,
        64,
        65,
        66,
        67,
        68,
        69,
        70,
        71,
        72,
        73,
        74,
        75,
        76,
        77,
        78,
        79,
        80,
        81,
        82,
        83,
        84,
        85,
        86,
        87,
        88,
        89,
        90,
        91,
        92,
        93,
        94,
        95,
        96,
        97,
        98,
        99,
        100,
        101,
        102,
        103,
        104,
        105,
        106,
        107,
        108,
        109,
        110,
        111,
        112,
        113,
        114,
        115,
        116,
        117,
        118,
        119,
        120,
        121,
        122,
        123,
        124,
        125,
        126,
        127,
        128,
        129,
        130,
        131,
        132,
        133,
        134,
        135,
        136,
        137,
        138
    ],
    "train_loss": [
        47.861785888671875,
        47.794830322265625,
        47.72688674926758,
        47.65788650512695,
        47.583683013916016,
        47.50374984741211,
        47.41414260864258,
        47.315181732177734,
        47.199119567871094,
        47.06224060058594,
        46.907833099365234,
        46.72323989868164,
        46.51674270629883,
        46.27375793457031,
        46.0008430480957,
        45.6778678894043,
        45.31101989746094,
        44.89059829711914,
        44.40849685668945,
        43.87305450439453,
        43.26856231689453,
        42.59423828125,
        41.84685134887695,
        41.016265869140625,
        40.09848403930664,
        39.07530975341797,
        37.96586990356445,
        36.75996780395508,
        35.44664764404297,
        34.082767486572266,
        32.628665924072266,
        31.086305618286133,
        29.519615173339844,
        27.875513076782227,
        26.249149322509766,
        24.594615936279297,
        22.95936393737793,
        21.358028411865234,
        19.819957733154297,
        18.34999656677246,
        16.97242546081543,
        15.68481731414795,
        14.554839134216309,
        13.520102500915527,
        12.5848970413208,
        11.747133255004883,
        10.976694107055664,
        10.310489654541016,
        9.701165199279785,
        9.122912406921387,
        8.569478988647461,
        8.086971282958984,
        7.678044319152832,
        7.2847137451171875,
        6.915719985961914,
        6.657461166381836,
        6.474061489105225,
        6.313735008239746,
        6.217684268951416,
        6.169162750244141,
        6.096014976501465,
        5.990228176116943,
        5.897473335266113,
        5.807139873504639,
        5.718784809112549,
        5.670534610748291,
        5.613989353179932,
        5.57366943359375,
        5.530464172363281,
        5.463832855224609,
        5.399714469909668,
        5.331547260284424,
        5.289113998413086,
        5.260187149047852,
        5.233079433441162,
        5.183052062988281,
        5.139449119567871,
        5.104038238525391,
        5.052498817443848,
        5.027989387512207,
        4.995877265930176,
        4.974248886108398,
        4.944363117218018,
        4.9160871505737305,
        4.888307094573975,
        4.848839282989502,
        4.82289457321167,
        4.806187152862549,
        4.791708469390869,
        4.772361755371094,
        4.755737781524658,
        4.727932453155518,
        4.708311557769775,
        4.674220085144043,
        4.661561489105225,
        4.644786834716797,
        4.6282572746276855,
        4.604457855224609,
        4.58590841293335,
        4.578105926513672,
        4.545875549316406,
        4.531518459320068,
        4.515483379364014,
        4.508315086364746,
        4.476231098175049,
        4.472404956817627,
        4.442246437072754,
        4.446523666381836,
        4.43650484085083,
        4.432553291320801,
        4.393283843994141,
        4.375456809997559,
        4.361431121826172,
        4.342576503753662,
        4.328551292419434,
        4.312361717224121,
        4.304681777954102,
        4.289368629455566,
        4.283430099487305,
        4.2554030418396,
        4.235989093780518,
        4.237522602081299,
        4.217922210693359,
        4.200825214385986,
        4.188873767852783,
        4.17542839050293,
        4.163248062133789,
        4.148705959320068,
        4.143186569213867,
        4.13440465927124,
        4.097726821899414,
        4.093675136566162,
        4.096226692199707,
        4.058384418487549,
        4.050621509552002,
        4.043999195098877,
        4.026312351226807,
        4.010341167449951,
        4.006359100341797
    ],