{
    "effect_pehe": 7.9359564781188965,
    "effect_mae": 0.2751230299472809
}