{
    "effect_pehe": 7.152094841003418,
    "effect_mae": 1.2200431823730469
}