{
    "effect_pehe": 4.825440406799316,
    "effect_mae": 0.9850168228149414
}