{
    "effect_pehe": 3.523587226867676,
    "effect_mae": 0.9540133476257324
}