{
    "effect_pehe": 5.619098663330078,
    "effect_mae": 0.8221325874328613
}