{
    "effect_pehe": 8.761063575744629,
    "effect_mae": 1.2612113952636719
}