{
    "effect_pehe": 9.02018928527832,
    "effect_mae": 1.4002056121826172
}