{
    "effect_pehe": 9.489583969116211,
    "effect_mae": 0.6302566528320312
}