{
    "effect_pehe": 3.592723898674103,
    "effect_mae": 2.8530740017584835
}