{
    "effect_pehe": 3.434387530198403,
    "effect_mae": 2.7358472882594986
}