{
    "effect_pehe": 3.965990392231884,
    "effect_mae": 3.1406581452436293
}