{
    "effect_pehe": 4.696645419933814,
    "effect_mae": 3.70236641842209
}