{
    "effect_pehe": 3.4125622144025503,
    "effect_mae": 2.651761047790908
}