{
    "effect_pehe": 4.306470642219451,
    "effect_mae": 3.4562245834614505
}