{
    "effect_pehe": 3.3921679745119406,
    "effect_mae": 2.662212253368041
}