{
    "effect_pehe": 3.4605960823231965,
    "effect_mae": 2.7515546925265237
}