{
    "effect_pehe": 3.5596272344918227,
    "effect_mae": 2.8443645114156393
}