{
    "effect_pehe": 4.193799396680291,
    "effect_mae": 3.3731697208015468
}