{
    "effect_pehe": 11.257596015930176,
    "effect_mae": 1.3626527786254883
}