{
    "effect_pehe": 13.607279777526855,
    "effect_mae": 1.9584670066833496
}