{
    "effect_pehe": 4.997387409210205,
    "effect_mae": 3.131103515625
}