{
    "effect_pehe": 10.716753005981445,
    "effect_mae": 2.30161714553833
}