{
    "effect_pehe": 14.773619651794434,
    "effect_mae": 2.514087677001953
}