{
    "effect_pehe": 9.340103149414062,
    "effect_mae": 0.3153572082519531
}