{
    "effect_pehe": 6.93493127822876,
    "effect_mae": 2.845716714859009
}