{
    "effect_pehe": 6.636926651000977,
    "effect_mae": 3.5443227291107178
}