{
    "effect_pehe": 12.641077041625977,
    "effect_mae": 1.3519554138183594
}