{
    "effect_pehe": 9.220321655273438,
    "effect_mae": 3.097940444946289
}