{
    "effect_pehe": 9.721284866333008,
    "effect_mae": 0.2081460952758789
}