{
    "effect_pehe": 9.421703338623047,
    "effect_mae": 0.6134567260742188
}