{
    "effect_pehe": 6.076056003570557,
    "effect_mae": 0.8262176513671875
}