{
    "effect_pehe": 9.357327196364086,
    "effect_mae": 6.705949917028485
}