{
    "effect_pehe": 5.118292299771769,
    "effect_mae": 3.5551497184569003
}