{
    "effect_pehe": 6.7325318589587395,
    "effect_mae": 4.81163194279958
}