{
    "effect_pehe": 15.654498700248018,
    "effect_mae": 11.265861734066334
}