{
    "effect_pehe": 6.003814106135968,
    "effect_mae": 4.108266008286713
}