{
    "effect_pehe": 7.602086159123234,
    "effect_mae": 5.798089309698182
}