{
    "effect_pehe": 8.358865359669439,
    "effect_mae": 5.9886824570350345
}