{
    "effect_pehe": 9.470646998102005,
    "effect_mae": 6.83751124610693
}