{
    "effect_pehe": 9.423423013350234,
    "effect_mae": 7.1366733635605515
}