{
    "effect_pehe": 4.160590092068042,
    "effect_mae": 3.308188912824033
}