{
    "effect_pehe": 5.767093117967609,
    "effect_mae": 4.58711790641469
}