{
    "effect_pehe": 5.180701639141348,
    "effect_mae": 4.081997443951604
}