{
    "effect_pehe": 7.3071575536088424,
    "effect_mae": 6.2552118670779375
}