{
    "effect_pehe": 7.9187632723386505,
    "effect_mae": 6.879809482065294
}