{
    "effect_pehe": 6.692512912826949,
    "effect_mae": 5.30915479102432
}