{
    "effect_pehe": 4.786673199912568,
    "effect_mae": 3.794493882935499
}