{
    "effect_pehe": 6.506716818454629,
    "effect_mae": 5.351402029302247
}