{
    "effect_pehe": 6.974364356634472,
    "effect_mae": 5.634797339374769
}