{
    "effect_pehe": 6.817156364263011,
    "effect_mae": 5.660677147420316
}