{
    "effect_pehe": 8.477834329274387,
    "effect_mae": 7.211883536500406
}