{
    "effect_pehe": 4.02419188368497,
    "effect_mae": 3.193077229522619
}