{
    "effect_pehe": 4.932718276977539,
    "effect_mae": 1.388838291168213
}