{
    "effect_pehe": 11.77039236414432,
    "effect_mae": 4.912027650406474
}