{
    "effect_pehe": 15.555672093632069,
    "effect_mae": 8.305993859656684
}