{
    "effect_pehe": 13.322371577056876,
    "effect_mae": 7.219296075963744
}