{
    "effect_pehe": 14.139497654126115,
    "effect_mae": 6.362820837777832
}