{
    "effect_pehe": 1.2641453742980957,
    "effect_mae": 0.12672173976898193
}