{
    "effect_pehe": 3.365273952484131,
    "effect_mae": 0.407800555229187
}