{
    "effect_pehe": 3.0871191024780273,
    "effect_mae": 0.5095840692520142
}