{
    "effect_pehe": 1.1530557870864868,
    "effect_mae": 0.20754626393318176
}