{
    "effect_pehe": 2.1324331760406494,
    "effect_mae": 0.1497790813446045
}