{
    "effect_pehe": 0.802783191204071,
    "effect_mae": 0.041841983795166016
}