{
    "effect_pehe": 1.1838237047195435,
    "effect_mae": 0.09026771783828735
}