{
    "effect_pehe": 1.8649576902389526,
    "effect_mae": 0.11110055446624756
}