{
    "effect_pehe": 2.178859233856201,
    "effect_mae": 0.13416334986686707
}