{
    "effect_pehe": 1.1703615188598633,
    "effect_mae": 0.1877952218055725
}