{
    "effect_pehe": 4.940494724841462,
    "effect_mae": 3.8904815910457984
}