{
    "effect_pehe": 4.780811508819984,
    "effect_mae": 3.835144649068631
}