{
    "effect_pehe": 4.362383514974826,
    "effect_mae": 3.4628502180563556
}