{
    "effect_pehe": 3.2152638118727435,
    "effect_mae": 2.5820119100579193
}