{
    "effect_pehe": 4.451913202221931,
    "effect_mae": 3.5400449072435136
}