{
    "epoch": [
        0,
        1,
        2,
        3,
        4,
        5,
        6,
        7,
        8,
        9,
        10,
        11,
        12,
        13,
        14,
        15,
        16,
        17,
        18,
        19,
        20,
        21,
        22,
        23,
        24,
        25,
        26,
        27,
        28,
        29,
        30,
        31,
        32,
        33,
        34,
        35,
        36,
        37,
        38,
        39,
        40,
        41,
        42,
        43,
        44,
        45,
        46,
        47,
        48,
        49,
        50,
        51,
        52,
        53,
        54,
        55,
        56,
        57,
        58,
        59,
        60,
        61,
        62,
        63,
        64,
        65,
        66,
        67,
        68,
        69,
        70,
        71,
        72,
        73,
        74,
        75,
        76,
        77,
        78,
        79,
        80,
        81,
        82,
        83,
        84,
        85,
        86,
        87,
        88,
        89,
        90
    ],
    "train_loss": [
        319.2166748046875,
        318.91241455078125,
        318.60418701171875,
        318.2858581542969,
        317.9488830566406,
        317.5975341796875,
        317.245361328125,
        316.8711853027344,
        316.4691467285156,
        316.0365295410156,
        315.581787109375,
        315.08807373046875,
        314.5457763671875,
        313.93841552734375,
        313.2698974609375,
        312.5048828125,
        311.6617431640625,
        310.7134704589844,
        309.6701354980469,
        308.5049133300781,
        307.1946105957031,
        305.7481994628906,
        304.189208984375,
        302.4349670410156,
        300.5430603027344,
        298.45635986328125,
        296.2032775878906,
        293.8136901855469,
        291.1630859375,
        288.37005615234375,
        285.40765380859375,
        282.2395324707031,
        278.913330078125,
        275.48956298828125,
        271.87603759765625,
        268.0905456542969,
        264.321533203125,
        260.4197692871094,
        256.51953125,
        252.77821350097656,
        249.0191650390625,
        245.5937957763672,
        242.30836486816406,
        239.31381225585938,
        236.83950805664062,
        234.68898010253906,
        232.90206909179688,
        231.63131713867188,
        230.69354248046875,
        230.0762481689453,
        229.42239379882812,
        228.8476104736328,
        228.51597595214844,
        227.75381469726562,
        227.32940673828125,
        226.70138549804688,
        226.2406463623047,
        225.78713989257812,
        225.4397735595703,
        225.40560913085938,
        225.50762939453125,
        225.3970489501953,
        225.45895385742188,
        225.45376586914062,
        225.5450897216797,
        225.28977966308594,
        225.3269500732422,
        225.17942810058594,
        224.76707458496094,
        224.95181274414062,
        224.6400909423828,
        224.56700134277344,
        224.52545166015625,
        224.4051971435547,
        224.43809509277344,
        224.253662109375,
        223.89060974121094,
        223.8418731689453,
        223.8009490966797,
        223.66761779785156,
        223.45790100097656,
        223.4677276611328,
        223.31802368164062,
        223.05995178222656,
        222.691650390625,
        222.6424102783203,
        222.30429077148438,
        221.91415405273438,
        221.64215087890625,
        221.45858764648438,
        221.2000732421875
    ],
    "val_loss": [
        328.3971862792969,
        328.0887756347656,
        327.7796936035156,
        327.4486083984375,
        327.1073303222656,
        326.7572937011719,
        326.3868713378906,
        326.0018310546875,
        325.6040954589844,
        325.15277099609375,
        324.6890869140625,
        324.1905517578125,
        323.6352844238281,
        323.0251770019531,
        322.3480224609375,
        321.57489013671875,
        320.7371826171875,
        319.7667236328125,
        318.7312316894531,
        317.5559387207031,
        316.28155517578125,
        314.844970703125,
        313.29931640625,
        311.61572265625,
        309.7508850097656,
        307.7809753417969,
        305.6302795410156,
        303.34442138671875,
        300.9693298339844,
        298.4571838378906,
        295.7886962890625,
        293.0154113769531,
        290.0455322265625,
        287.1078796386719,
        284.1051330566406,
        281.0865783691406,
        278.0844421386719,
        275.1045227050781,
        272.3998107910156,
        269.75982666015625,
        267.4162292480469,
        265.30206298828125,
        263.6937255859375,
        262.19354248046875,
        261.3440856933594,
        260.6509094238281,
        260.15869140625,
        259.6682434082031,
        258.9333801269531,
        258.20269775390625,
        257.109375,
        255.2010040283203,
        253.33380126953125,
        250.82435607910156,
        248.6520233154297,
        246.45204162597656,
        244.28778076171875,
        242.54611206054688,
        241.204345703125,
        240.14431762695312,
        239.2304229736328,
        238.6395721435547,
        238.2056884765625,
        237.95542907714844,
        237.90646362304688,
        237.48141479492188,
        237.52671813964844,
        237.57080078125,
        237.48789978027344,
        237.63174438476562,
        237.4915313720703,
        237.59210205078125,
        237.8376007080078,
        237.77891540527344,
        238.11224365234375,
        238.07546997070312,
        238.3291015625,
        238.3162384033203,
        238.02955627441406,
        238.20245361328125,
        238.37985229492188,
        238.2610321044922,
        238.00425720214844,
        238.36590576171875,
        238.42364501953125,
        238.47251892089844,
        238.2811279296875,
        238.43434143066406,
        238.48585510253906,
        238.53408813476562,
        238.4608917236328
    ]
}