{
    "effect_pehe": 15.999502182006836,
    "effect_mae": 1.5929865837097168
}