{
    "effect_pehe": 19.312318801879883,
    "effect_mae": 0.4990663528442383
}