{
    "effect_pehe": 12.936123847961426,
    "effect_mae": 6.2525177001953125
}