{
    "effect_pehe": 14.6816987991333,
    "effect_mae": 4.973722457885742
}