{
    "effect_pehe": 27.963321685791016,
    "effect_mae": 0.12549114227294922
}