{
    "epoch": [
        0,
        1,
        2,
        3,
        4,
        5,
        6,
        7,
        8,
        9,
        10,
        11,
        12,
        13,
        14,
        15,
        16,
        17,
        18,
        19,
        20,
        21,
        22,
        23,
        24,
        25,
        26,
        27,
        28,
        29,
        30,
        31,
        32,
        33,
        34,
        35,
        36,
        37,
        38,
        39,
        40,
        41,
        42,
        43,
        44,
        45,
        46,
        47,
        48,
        49,
        50,
        51,
        52,
        53,
        54,
        55,
        56,
        57,
        58,
        59,
        60,
        61,
        62,
        63,
        64,
        65,
        66,
        67,
        68,
        69,
        70,
        71,
        72,
        73,
        74,
        75,
        76,
        77,
        78,
        79,
        80,
        81,
        82,
        83,
        84,
        85,
        86,
        87,
        88,
        89,
        90,
        91,
        92
    ],
    "train_loss": [
        433.6512756347656,
        433.2659606933594,
        432.8803405761719,
        432.48974609375,
        432.1039123535156,
        431.7052001953125,
        431.28558349609375,
        430.8514099121094,
        430.4065246582031,
        429.9400939941406,
        429.4518737792969,
        428.9246826171875,
        428.3572692871094,
        427.7463684082031,
        427.0648498535156,
        426.3125915527344,
        425.48492431640625,
        424.5572509765625,
        423.5426940917969,
        422.4233703613281,
        421.1753234863281,
        419.8197937011719,
        418.306396484375,
        416.64520263671875,
        414.8481750488281,
        412.91314697265625,
        410.7572021484375,
        408.4718933105469,
        406.0198669433594,
        403.3249816894531,
        400.4438781738281,
        397.45159912109375,
        394.1213684082031,
        390.7611389160156,
        387.1436767578125,
        383.26483154296875,
        379.34051513671875,
        375.18853759765625,
        371.07879638671875,
        366.671142578125,
        362.2403869628906,
        357.7707214355469,
        353.3818054199219,
        349.0489196777344,
        344.8836669921875,
        340.9831848144531,
        337.3265686035156,
        333.8423156738281,
        330.7483215332031,
        328.1301574707031,
        325.9203186035156,
        323.83489990234375,
        322.5123596191406,
        321.414794921875,
        320.9162902832031,
        320.8597412109375,
        320.52593994140625,
        320.5262451171875,
        320.43450927734375,
        320.38726806640625,
        319.75091552734375,
        319.68316650390625,
        319.36273193359375,
        319.00103759765625,
        318.9820556640625,
        318.8739013671875,
        318.9180603027344,
        318.8240051269531,
        318.8416442871094,
        318.5727844238281,
        318.58209228515625,
        318.33294677734375,
        318.2894287109375,
        318.05126953125,
        317.7835998535156,
        317.9049377441406,
        317.78448486328125,
        317.79351806640625,
        317.69952392578125,
        317.34674072265625,
        317.4742431640625,
        317.3714599609375,
        317.0564880371094,
        316.9956970214844,
        317.06689453125,
        316.9076843261719,
        316.6528015136719,
        316.7916564941406,
        316.62493896484375,
        316.3660888671875,
        316.2110595703125,
        316.0542297363281,
        315.8186340332031
    ],
    "val_loss": [
        377.20721435546875,
        376.8206481933594,
        376.427978515625,
        376.0335693359375,
        375.6397399902344,
        375.234130859375,
        374.8186340332031,
        374.3683166503906,
        373.9105529785156,
        373.4380187988281,
        372.9366149902344,
        372.4136047363281,
        371.82373046875,
        371.2044372558594,
        370.51483154296875,
        369.7137756347656,
        368.8861083984375,
        367.9252014160156,
        366.855712890625,
        365.69537353515625,
        364.366943359375,
        362.94024658203125,
        361.3333435058594,
        359.5702819824219,
        357.6977844238281,
        355.58831787109375,
        353.284423828125,
        350.70635986328125,
        348.0459289550781,
        345.08404541015625,
        341.9361877441406,
        338.4747009277344,
        334.9051818847656,
        331.07000732421875,
        326.91241455078125,
        322.7479248046875,
        318.2972717285156,
        313.5908508300781,
        308.9359130859375,
        304.1139221191406,
        299.2897033691406,
        294.588623046875,
        289.9082946777344,
        285.3927001953125,
        281.0009460449219,
        276.8774108886719,
        273.2684631347656,
        270.1527404785156,
        267.40771484375,
        265.35528564453125,
        263.9548645019531,
        262.623291015625,
        262.13812255859375,
        261.7145080566406,
        261.95660400390625,
        262.2655029296875,
        262.0903015136719,
        262.9585876464844,
        262.4189758300781,
        262.22637939453125,
        262.046630859375,
        261.46649169921875,
        261.0257873535156,
        260.0993957519531,
        259.8835754394531,
        259.8009033203125,
        259.5881042480469,
        259.58538818359375,
        259.6271667480469,
        260.1015319824219,
        260.21575927734375,
        260.19598388671875,
        260.8247985839844,
        261.6519775390625,
        262.7698059082031,
        263.33612060546875,
        264.5097961425781,
        266.0731506347656,
        266.5024108886719,
        268.07843017578125,
        269.1929016113281,
        270.3544006347656,
        271.8484191894531,
        272.8611145019531,
        273.4246520996094,
        274.3133850097656,
        275.0910949707031,
        275.92559814453125,
        276.8392333984375,
        277.53448486328125,
        278.5692443847656,
        279.5832214355469,
        280.6911926269531
    ]
}