{
    "effect_pehe": 16.579118728637695,
    "effect_mae": 3.665778636932373
}