{
    "effect_pehe": 22.67624855041504,
    "effect_mae": 4.086112022399902
}