{
    "effect_pehe": 64.72434997558594,
    "effect_mae": 5.4931535720825195
}