{
    "effect_pehe": 17.874317169189453,
    "effect_mae": 1.008051872253418
}