{
    "effect_pehe": 14.6375732421875,
    "effect_mae": 6.662596702575684
}