{
    "effect_pehe": 1.3126274347305298,
    "effect_mae": 0.032503098249435425
}