{
    "effect_pehe": 1.4824711084365845,
    "effect_mae": 0.09520077705383301
}