{
    "effect_pehe": 1.762459397315979,
    "effect_mae": 0.05011516809463501
}