{
    "effect_pehe": 2.4549927711486816,
    "effect_mae": 0.03470364212989807
}