{
    "effect_pehe": 0.8191735744476318,
    "effect_mae": 0.007318615913391113
}