{
    "effect_pehe": 0.7848889231681824,
    "effect_mae": 0.027039259672164917
}