{
    "effect_pehe": 3.186276912689209,
    "effect_mae": 0.3868162930011749
}