{
    "effect_pehe": 3.293837785720825,
    "effect_mae": 0.3073742985725403
}