{
    "effect_pehe": 1.924190640449524,
    "effect_mae": 0.015083909034729004
}