{
    "effect_pehe": 1.1418119668960571,
    "effect_mae": 0.18608197569847107
}