{
    "effect_pehe": 2.115879535675049,
    "effect_mae": 0.3618772625923157
}