{
    "effect_pehe": 1.0234214067459106,
    "effect_mae": 0.10362330079078674
}