{
    "effect_pehe": 0.8089197278022766,
    "effect_mae": 0.018705368041992188
}