{
    "effect_pehe": 2.7025949954986572,
    "effect_mae": 0.03888067603111267
}