{
    "effect_pehe": 0.7814397811889648,
    "effect_mae": 0.007474839687347412
}