{
    "effect_pehe": 7.961706638336182,
    "effect_mae": 1.1026101112365723
}