{
    "effect_pehe": 8.655645370483398,
    "effect_mae": 0.8494596481323242
}