{
    "effect_pehe": 7.972217082977295,
    "effect_mae": 1.0031213760375977
}