{
    "effect_pehe": 8.127795219421387,
    "effect_mae": 0.7025365829467773
}