{
    "effect_pehe": 7.519121170043945,
    "effect_mae": 0.30803585052490234
}