{
    "effect_pehe": 5.840260982513428,
    "effect_mae": 0.5988211631774902
}