{
    "effect_pehe": 8.961270332336426,
    "effect_mae": 0.3385753631591797
}