{
    "effect_pehe": 6.278232097625732,
    "effect_mae": 1.7155842781066895
}