{
    "effect_pehe": 8.32168197631836,
    "effect_mae": 0.45486927032470703
}