{
    "effect_pehe": 10.516036033630371,
    "effect_mae": 0.3793010711669922
}