{
    "effect_pehe": 5.445129871368408,
    "effect_mae": 0.20477676391601562
}