{
    "effect_pehe": 6.301140785217285,
    "effect_mae": 0.737185001373291
}