{
    "effect_pehe": 12.767809867858887,
    "effect_mae": 8.915010452270508
}