{
    "effect_pehe": 5.695770263671875,
    "effect_mae": 4.446299076080322
}