{
    "effect_pehe": 12.989006042480469,
    "effect_mae": 2.2384347915649414
}