{
    "effect_pehe": 10.044650077819824,
    "effect_mae": 7.447811126708984
}