{
    "effect_pehe": 10.759543418884277,
    "effect_mae": 5.635066509246826
}