{
    "effect_pehe": 13.599163055419922,
    "effect_mae": 10.92298698425293
}