{
    "effect_pehe": 5.738745212554932,
    "effect_mae": 4.488356113433838
}