{
    "effect_pehe": 44.50710678100586,
    "effect_mae": 8.494714736938477
}