{
    "effect_pehe": 6.053812503814697,
    "effect_mae": 4.011427879333496
}