{
    "effect_pehe": 16.340356826782227,
    "effect_mae": 3.7162885665893555
}