{
    "effect_pehe": 47.533993594900615,
    "effect_mae": 34.94038555153096
}