{
    "effect_pehe": 27.65992798329552,
    "effect_mae": 16.215737164298794
}