{
    "effect_pehe": 27.35793145100585,
    "effect_mae": 20.606403898501284
}