{
    "effect_pehe": 50.42735668475971,
    "effect_mae": 27.417010517870025
}