{
    "effect_pehe": 12.984163786054875,
    "effect_mae": 7.691828222615151
}