{
    "effect_pehe": 15644.394652648432,
    "effect_mae": 4305.874627672488
}