{
    "effect_pehe": 28.345995949182406,
    "effect_mae": 16.311139903079454
}