{
    "effect_pehe": 9.789544105529785,
    "effect_mae": 5.567959785461426
}