{
    "effect_pehe": 7.8578715324401855,
    "effect_mae": 3.582176685333252
}