{
    "epoch": [
        0,
        1,
        2,
        3,
        4,
        5,
        6,
        7,
        8,
        9,
        10,
        11,
        12,
        13,
        14,
        15,
        16,
        17,
        18,
        19,
        20,
        21,
        22,
        23,
        24,
        25,
        26,
        27,
        28,
        29,
        30,
        31,
        32,
        33,
        34,
        35,
        36,
        37,
        38,
        39,
        40,
        41,
        42,
        43,
        44,
        45,
        46,
        47,
        48,
        49,
        50,
        51,
        52,
        53,
        54,
        55,
        56,
        57,
        58,
        59,
        60,
        61,
        62,
        63,
        64,
        65,
        66,
        67,
        68,
        69,
        70,
        71,
        72,
        73,
        74,
        75,
        76,
        77,
        78,
        79,
        80,
        81,
        82,
        83,
        84,
        85,
        86,
        87,
        88,
        89,
        90,
        91,
        92,
        93,
        94,
        95,
        96,
        97,
        98,
        99,
        100,
        101,
        102,
        103,
        104,
        105,
        106,
        107,
        108,
        109,
        110,
        111,
        112,
        113,
        114,
        115,
        116,
        117,
        118,
        119,
        120,
        121,
        122,
        123,
        124,
        125,
        126,
        127,
        128,
        129,
        130,
        131,
        132,
        133,
        134,
        135,
        136,
        137,
        138,
        139,
        140,
        141,
        142,
        143,
        144,
        145,
        146,
        147,
        148,
        149,
        150,
        151,
        152,
        153,
        154,
        155,
        156,
        157,
        158,
        159,
        160
    ],
    "train_loss": [
        44.42245101928711,
        40.98682403564453,
        46.181209564208984,
        33.87790298461914,
        28.69282341003418,
        30.00839614868164,
        25.220922470092773,
        23.18256378173828,
        18.95018768310547,
        19.936826705932617,
        17.26395034790039,
        14.628806114196777,
        14.275797843933105,
        14.028287887573242,
        12.655784606933594,
        13.339402198791504,
        10.535898208618164,
        11.5021390914917,
        11.197515487670898,
        9.286454200744629,
        8.8613862991333,
        6.8388848304748535,
        7.37779426574707,
        7.287026882171631,
        6.191483020782471,
        5.332839012145996,
        4.931969165802002,
        4.853940486907959,
        4.6070380210876465,
        4.252795219421387,
        4.415143966674805,
        3.4431235790252686,
        3.1605224609375,
        2.877338409423828,
        2.883272886276245,
        2.9506280422210693,
        2.6084115505218506,
        2.738649606704712,
        2.2217273712158203,
        2.194213628768921,
        2.2543537616729736,
        1.9828866720199585,
        1.7424211502075195,
        1.6525803804397583,
        1.5858161449432373,
        1.3756229877471924,
        1.6609340906143188,
        1.4648598432540894,
        1.2507052421569824,
        1.317966341972351,
        1.3798450231552124,
        1.4886912107467651,
        1.2286670207977295,
        1.1210134029388428,
        1.0383169651031494,
        1.068641185760498,
        1.0728569030761719,
        0.8949494957923889,
        0.8040854334831238,
        1.0150948762893677,
        0.7953531742095947,
        0.7996106743812561,
        0.8276100754737854,
        0.7859196066856384,
        0.658668041229248,
        0.7896620631217957,
        0.7057892680168152,
        0.6915475726127625,
        0.7424640655517578,
        0.6389656662940979,
        0.6837047934532166,
        0.6540024876594543,
        0.6169511079788208,
        0.6258804202079773,
        0.6574673056602478,
        0.6347941160202026,
        0.6293962597846985,
        0.6287444829940796,
        0.6558035016059875,
        0.5711096525192261,
        0.6315702795982361,
        0.659607470035553,
        0.5991923213005066,
        0.5955318212509155,
        0.602817177772522,
        0.6234745383262634,
        0.5858761668205261,
        0.5955651998519897,
        0.5761244297027588,
        0.5955025553703308,
        0.6221145987510681,
        0.5477981567382812,
        0.6084943413734436,
        0.5212169885635376,
        0.5657358765602112,
        0.5291651487350464,
        0.5544589757919312,
        0.6057161092758179,
        0.551464319229126,
        0.5415142774581909,
        0.5344832539558411,
        0.5713120698928833,
        0.5607770681381226,
        0.5699472427368164,
        0.5341169834136963,
        0.5618544220924377,
        0.54153972864151,
        0.538673996925354,
        0.5204218626022339,
        0.5606790781021118,
        0.5067294239997864,
        0.49495261907577515,
        0.535427987575531,
        0.5714764595031738,
        0.5116541385650635,
        0.5520987510681152,
        0.5256284475326538,
        0.508834958076477,
        0.5247747898101807,
        0.4985732436180115,
        0.5208017826080322,
        0.5176883339881897,
        0.4910823702812195,
        0.5610182881355286,
        0.514436662197113,
        0.5353760719299316,
        0.542140007019043,
        0.5078161358833313,
        0.49433615803718567,
        0.5036472082138062,
        0.5569700002670288,
        0.49021297693252563,
        0.5106046199798584,
        0.5235205888748169,
        0.48237186670303345,
        0.5087906122207642,
        0.522556722164154,
        0.49153703451156616,
        0.47966501116752625,
        0.5442104935646057,
        0.5102295279502869,
        0.5311206579208374,
        0.5834965109825134,
        0.4936284124851227,
        0.5031782984733582,
        0.5159241557121277,
        0.5411607027053833,
        0.5091503858566284,
        0.5365010499954224,
        0.5034215450286865,
        0.504891037940979,
        0.5059347748756409,
        0.5087581276893616,
        0.5215851664543152,
        0.47197237610816956,
        0.4950643479824066,
        0.5080757737159729,
        0.49787217378616333,
        0.5195440053939819,
        0.5270481705665588,
        0.526949405670166
    ],