{
    "effect_pehe": 11.032328605651855,
    "effect_mae": 1.6774682998657227
}