{
    "epoch": [
        0,
        1,
        2,
        3,
        4,
        5,
        6,
        7,
        8,
        9,
        10,
        11,
        12,
        13,
        14,
        15,
        16,
        17,
        18,
        19,
        20,
        21,
        22,
        23,
        24,
        25,
        26,
        27,
        28,
        29,
        30,
        31,
        32,
        33,
        34,
        35,
        36,
        37,
        38,
        39,
        40,
        41,
        42,
        43,
        44,
        45,
        46,
        47,
        48,
        49,
        50,
        51,
        52,
        53,
        54,
        55,
        56,
        57,
        58,
        59,
        60,
        61,
        62,
        63,
        64,
        65,
        66,
        67,
        68,
        69,
        70,
        71,
        72,
        73,
        74,
        75,
        76,
        77,
        78,
        79,
        80,
        81,
        82,
        83,
        84,
        85,
        86,
        87,
        88,
        89,
        90,
        91,
        92,
        93,
        94,
        95,
        96,
        97,
        98,
        99,
        100,
        101,
        102,
        103,
        104,
        105,
        106,
        107,
        108,
        109,
        110,
        111,
        112,
        113,
        114,
        115,
        116,
        117,
        118,
        119,
        120,
        121,
        122,
        123,
        124,
        125,
        126,
        127,
        128,
        129,
        130,
        131,
        132,
        133,
        134,
        135,
        136,
        137,
        138,
        139,
        140,
        141,
        142,
        143,
        144,
        145,
        146,
        147,
        148,
        149,
        150,
        151,
        152,
        153,
        154,
        155,
        156,
        157,
        158,
        159,
        160,
        161,
        162,
        163,
        164,
        165,
        166,
        167,
        168,
        169,
        170,
        171,
        172,
        173,
        174,
        175,
        176,
        177,
        178,
        179,
        180,
        181,
        182,
        183,
        184,
        185,
        186,
        187,
        188
    ],
    "train_loss": [
        100.2962646484375,
        39.10192108154297,
        44.33477020263672,
        47.008094787597656,
        50.388214111328125,
        35.37694549560547,
        20.95087432861328,
        24.311927795410156,
        24.686050415039062,
        26.729162216186523,
        26.260038375854492,
        20.484853744506836,
        18.06149673461914,
        16.447242736816406,
        14.977532386779785,
        14.87156867980957,
        13.142891883850098,
        16.133163452148438,
        15.933196067810059,
        10.887041091918945,
        10.621546745300293,
        9.78508472442627,
        9.862325668334961,
        10.149519920349121,
        11.644936561584473,
        7.511338233947754,
        7.1152753829956055,
        6.572906970977783,
        6.751838684082031,
        6.423022270202637,
        6.94529914855957,
        5.7073774337768555,
        6.370257377624512,
        5.1803789138793945,
        4.9641194343566895,
        4.5668721199035645,
        4.654134750366211,
        4.0649638175964355,
        4.628881454467773,
        4.146239280700684,
        4.020120143890381,
        3.4715538024902344,
        3.721912384033203,
        3.153942346572876,
        3.3041491508483887,
        2.7310121059417725,
        2.528569221496582,
        2.8300180435180664,
        2.396989345550537,
        2.5536818504333496,
        2.444855213165283,
        2.1582183837890625,
        1.9292738437652588,
        2.3100085258483887,
        2.181389331817627,
        1.9948911666870117,
        1.7681761980056763,
        1.7883126735687256,
        1.5255024433135986,
        1.6756805181503296,
        1.7049306631088257,
        1.4014546871185303,
        1.4280017614364624,
        1.4502860307693481,
        1.3256176710128784,
        1.418681263923645,
        1.4713107347488403,
        1.1477373838424683,
        1.1956019401550293,
        1.1082539558410645,
        1.1400580406188965,
        1.1558842658996582,
        1.272527813911438,
        1.1648178100585938,
        1.0075117349624634,
        1.1181186437606812,
        1.0800718069076538,
        0.9089795351028442,
        1.030730128288269,
        0.890039324760437,
        0.8617557287216187,
        1.0040390491485596,
        0.9472166299819946,
        0.8254263997077942,
        0.8020334243774414,
        0.8954917788505554,
        0.7790607810020447,
        0.9088865518569946,
        0.7968279123306274,
        0.8255606889724731,
        0.7424226403236389,
        0.7558202147483826,
        0.7438548803329468,
        0.7685897350311279,
        0.7528579235076904,
        0.6849676966667175,
        0.7197850346565247,
        0.642750084400177,
        0.939598560333252,
        0.7880165576934814,
        0.6711991429328918,
        0.7162989974021912,
        0.6948757767677307,
        0.6719858050346375,
        0.7320189476013184,
        0.6981671452522278,
        0.6323539614677429,
        0.6732171177864075,
        0.6317901015281677,
        0.6664457321166992,
        0.6651560664176941,
        0.6461582183837891,
        0.6887725591659546,
        0.6040279865264893,
        0.627968966960907,
        0.6189922094345093,
        0.634768009185791,
        0.6362060308456421,
        0.5903760194778442,
        0.6759796738624573,
        0.6611346006393433,
        0.6431577801704407,
        0.6443303227424622,
        0.578376054763794,
        0.6045808792114258,
        0.6282122731208801,
        0.5966273546218872,
        0.6350577473640442,
        0.6446795463562012,
        0.6032525300979614,
        0.5828832983970642,
        0.601597785949707,
        0.6133608818054199,
        0.6050875186920166,
        0.6191040873527527,
        0.6280437707901001,
        0.6308110952377319,
        0.6400195956230164,
        0.5798646211624146,
        0.6541454792022705,
        0.6095845699310303,
        0.6006189584732056,
        0.5701828598976135,
        0.6124778985977173,
        0.6156972050666809,
        0.6513268947601318,
        0.6183357238769531,
        0.5955795049667358,
        0.586898684501648,
        0.559552013874054,
        0.565036952495575,
        0.5648605823516846,
        0.5906891226768494,
        0.5781465172767639,
        0.5697932839393616,
        0.5780735611915588,
        0.5758107900619507,
        0.6117551922798157,
        0.5953198075294495,
        0.5889706611633301,
        0.5750622749328613,
        0.5904586315155029,
        0.6158472299575806,
        0.5645723342895508,
        0.5490962266921997,
        0.6143763065338135,
        0.5867847204208374,
        0.5848578810691833,
        0.6017846465110779,
        0.5872816443443298,
        0.5797304511070251,
        0.5810637474060059,
        0.5998070240020752,
        0.563502848148346,
        0.5440829992294312,
        0.6232568025588989,
        0.5740386247634888,
        0.5614044666290283,
        0.5828600525856018,
        0.5834987759590149,
        0.5878493785858154,
        0.5615866780281067,
        0.5838924050331116,
        0.575947642326355,
        0.554665744304657,
        0.5628833174705505,
        0.5817083716392517,
        0.5947731733322144,
        0.5748171210289001
    ],