{
    "epoch": [
        0,
        1,
        2,
        3,
        4,
        5,
        6,
        7,
        8,
        9,
        10,
        11,
        12,
        13,
        14,
        15,
        16,
        17,
        18,
        19,
        20,
        21,
        22,
        23,
        24,
        25,
        26,
        27,
        28,
        29,
        30,
        31,
        32,
        33,
        34,
        35,
        36,
        37,
        38,
        39,
        40,
        41,
        42,
        43,
        44,
        45,
        46,
        47,
        48,
        49,
        50,
        51,
        52,
        53,
        54,
        55,
        56,
        57,
        58,
        59,
        60,
        61,
        62,
        63,
        64,
        65,
        66,
        67,
        68,
        69,
        70,
        71,
        72,
        73,
        74,
        75,
        76,
        77,
        78,
        79,
        80,
        81,
        82,
        83,
        84,
        85,
        86,
        87,
        88,
        89,
        90,
        91,
        92,
        93,
        94,
        95,
        96,
        97,
        98,
        99,
        100,
        101,
        102,
        103,
        104,
        105,
        106,
        107,
        108,
        109,
        110,
        111,
        112,
        113,
        114,
        115,
        116,
        117,
        118,
        119,
        120,
        121,
        122,
        123,
        124,
        125,
        126,
        127,
        128,
        129,
        130,
        131,
        132,
        133,
        134,
        135,
        136,
        137,
        138,
        139,
        140,
        141,
        142,
        143,
        144,
        145,
        146,
        147,
        148,
        149,
        150,
        151,
        152,
        153,
        154,
        155,
        156,
        157,
        158,
        159,
        160,
        161,
        162,
        163,
        164,
        165,
        166,
        167,
        168,
        169,
        170,
        171,
        172,
        173,
        174,
        175,
        176,
        177,
        178,
        179,
        180,
        181,
        182,
        183,
        184,
        185,
        186,
        187,
        188,
        189,
        190
    ],
    "train_loss": [
        211.2648468017578,
        91.76912689208984,
        61.389217376708984,
        74.01927947998047,
        95.29217529296875,
        104.00981140136719,
        90.65290069580078,
        66.76036834716797,
        44.98039627075195,
        38.989295959472656,
        47.35978698730469,
        56.353084564208984,
        64.06407928466797,
        51.113685607910156,
        46.83197021484375,
        32.4489860534668,
        28.518966674804688,
        23.81548309326172,
        26.607925415039062,
        33.331050872802734,
        31.984102249145508,
        33.7979621887207,
        27.69904899597168,
        24.45339012145996,
        20.63452911376953,
        17.973413467407227,
        17.950042724609375,
        21.370737075805664,
        20.458436965942383,
        18.68834114074707,
        21.047685623168945,
        18.98479652404785,
        15.880422592163086,
        15.561962127685547,
        13.571282386779785,
        16.33331871032715,
        15.27544116973877,
        13.4688720703125,
        14.417076110839844,
        14.149455070495605,
        11.463525772094727,
        11.309786796569824,
        11.219510078430176,
        11.69222354888916,
        11.977886199951172,
        10.567687034606934,
        8.490559577941895,
        8.728920936584473,
        7.326071262359619,
        10.163968086242676,
        8.385095596313477,
        8.175673484802246,
        8.676262855529785,
        6.944247245788574,
        6.845353603363037,
        5.989773750305176,
        6.244761943817139,
        5.765946865081787,
        5.872812271118164,
        6.454811096191406,
        5.468254089355469,
        4.861860275268555,
        5.629898548126221,
        4.532223701477051,
        4.862814426422119,
        5.07063627243042,
        4.83076810836792,
        3.8190977573394775,
        3.818446159362793,
        3.7776970863342285,
        3.63277268409729,
        3.9880101680755615,
        3.216390609741211,
        3.420506715774536,
        3.0077571868896484,
        2.553339719772339,
        3.119288682937622,
        2.760537624359131,
        2.906165599822998,
        2.598933458328247,
        2.2503485679626465,
        2.8313233852386475,
        2.327394962310791,
        1.987836241722107,
        2.2888293266296387,
        2.0242412090301514,
        1.9307327270507812,
        1.7760337591171265,
        1.8454675674438477,
        2.165313482284546,
        1.9680798053741455,
        2.045133590698242,
        1.6301987171173096,
        1.664596438407898,
        1.6590614318847656,
        1.5713504552841187,
        1.5103473663330078,
        1.5447365045547485,
        1.6843233108520508,
        1.4684346914291382,
        1.5965309143066406,
        1.434625267982483,
        1.2975239753723145,
        1.234561562538147,
        1.178303837776184,
        1.396122694015503,
        1.1690826416015625,
        1.2892894744873047,
        1.1276775598526,
        1.2631945610046387,
        1.1093213558197021,
        1.0844403505325317,
        1.0680081844329834,
        0.9723277688026428,
        1.0096989870071411,
        0.989199697971344,
        1.0256505012512207,
        1.014565348625183,
        0.9329841732978821,
        1.0153089761734009,
        0.8562944531440735,
        0.9359356760978699,
        0.8637248277664185,
        0.7992485165596008,
        0.862506091594696,
        0.8561346530914307,
        0.7720133066177368,
        0.9748101830482483,
        0.7576038837432861,
        0.6781229972839355,
        0.6542341113090515,
        0.6759189963340759,
        0.715448796749115,
        0.6230432391166687,
        0.70147705078125,
        0.6045395135879517,
        0.6243928670883179,
        0.6169297695159912,
        0.6445116996765137,
        0.6626788377761841,
        0.578108549118042,
        0.5856873393058777,
        0.6088680028915405,
        0.6897904872894287,
        0.5689661502838135,
        0.560689389705658,
        0.6076467037200928,
        0.5566052794456482,
        0.5873667001724243,
        0.5988302826881409,
        0.5737475752830505,
        0.5195174217224121,
        0.4934353232383728,
        0.5682101249694824,
        0.5200796127319336,
        0.5286803245544434,
        0.5565221309661865,
        0.5591700077056885,
        0.5714221596717834,
        0.48604723811149597,
        0.5128569006919861,
        0.5006106495857239,
        0.49749091267585754,
        0.518426239490509,
        0.5022242069244385,
        0.5190404057502747,
        0.5223000049591064,
        0.47400906682014465,
        0.5197122693061829,
        0.5079190135002136,
        0.46290335059165955,
        0.5109147429466248,
        0.49811851978302,
        0.4800736606121063,
        0.48286202549934387,
        0.4483809471130371,
        0.4732511639595032,
        0.45450347661972046,
        0.4500187635421753,
        0.4823221266269684,
        0.5074945688247681,
        0.49871036410331726,
        0.4562526345252991,
        0.4894023835659027,
        0.44133850932121277,
        0.4196138083934784,
        0.4628521203994751,
        0.4536023736000061,
        0.4498670697212219,
        0.47027572989463806,
        0.46686315536499023
    ],