{
    "epoch": [
        0,
        1,
        2,
        3,
        4,
        5,
        6,
        7,
        8,
        9,
        10,
        11,
        12,
        13,
        14,
        15,
        16,
        17,
        18,
        19,
        20,
        21,
        22,
        23,
        24,
        25,
        26,
        27,
        28,
        29,
        30,
        31,
        32,
        33,
        34,
        35,
        36,
        37,
        38,
        39,
        40,
        41,
        42,
        43,
        44,
        45,
        46,
        47,
        48,
        49,
        50,
        51,
        52,
        53,
        54,
        55,
        56,
        57,
        58,
        59,
        60,
        61,
        62,
        63,
        64,
        65,
        66,
        67,
        68,
        69,
        70,
        71,
        72,
        73,
        74,
        75,
        76,
        77,
        78,
        79,
        80,
        81,
        82,
        83,
        84,
        85,
        86,
        87,
        88,
        89,
        90,
        91,
        92,
        93,
        94,
        95,
        96,
        97,
        98,
        99,
        100,
        101,
        102,
        103,
        104,
        105,
        106,
        107,
        108,
        109,
        110,
        111,
        112,
        113,
        114,
        115,
        116,
        117,
        118,
        119,
        120,
        121,
        122,
        123,
        124,
        125,
        126,
        127,
        128,
        129,
        130,
        131,
        132,
        133,
        134,
        135,
        136,
        137,
        138,
        139,
        140,
        141,
        142,
        143,
        144,
        145,
        146,
        147,
        148,
        149,
        150,
        151,
        152,
        153,
        154,
        155,
        156,
        157
    ],
    "train_loss": [
        116.28627014160156,
        93.47856903076172,
        94.99656677246094,
        64.6883544921875,
        62.210628509521484,
        68.43537902832031,
        67.84335327148438,
        59.957786560058594,
        50.727725982666016,
        48.049156188964844,
        48.711368560791016,
        44.42452621459961,
        34.90263366699219,
        36.543128967285156,
        28.910266876220703,
        31.36090660095215,
        27.20124053955078,
        23.80249786376953,
        22.249427795410156,
        22.62348747253418,
        24.025177001953125,
        26.564563751220703,
        20.46038055419922,
        16.95819664001465,
        17.3994083404541,
        20.116331100463867,
        15.221256256103516,
        14.38008975982666,
        11.391425132751465,
        11.002683639526367,
        11.39525032043457,
        9.60472297668457,
        8.730705261230469,
        7.477273941040039,
        9.07840633392334,
        7.962360858917236,
        6.514866828918457,
        6.296618938446045,
        6.171747207641602,
        6.892337799072266,
        4.884246349334717,
        4.134639739990234,
        4.117142677307129,
        4.534307956695557,
        4.7349042892456055,
        4.04779052734375,
        3.7186567783355713,
        3.35284161567688,
        3.8741085529327393,
        3.7258431911468506,
        2.8010430335998535,
        2.5286660194396973,
        2.348543882369995,
        2.583163261413574,
        2.3188207149505615,
        1.988715410232544,
        2.146656036376953,
        2.2186691761016846,
        1.8340423107147217,
        1.6558942794799805,
        1.5951545238494873,
        1.996890664100647,
        1.4685423374176025,
        1.4009740352630615,
        1.4778509140014648,
        1.3925846815109253,
        1.3845983743667603,
        1.4534670114517212,
        1.1778286695480347,
        1.2461869716644287,
        1.0809170007705688,
        1.0065399408340454,
        1.1561570167541504,
        1.1277472972869873,
        1.0640363693237305,
        0.9704539179801941,
        1.013800024986267,
        0.9349063634872437,
        0.8647816181182861,
        0.8057416677474976,
        0.9369409084320068,
        0.8629208207130432,
        0.7409276962280273,
        0.7234824895858765,
        0.8096737861633301,
        0.7394160628318787,
        0.7770546078681946,
        0.6911781430244446,
        0.7271140813827515,
        0.7439996004104614,
        0.7205195426940918,
        0.7047162055969238,
        0.7459391355514526,
        0.6909785270690918,
        0.6842812895774841,
        0.7182821035385132,
        0.6804335117340088,
        0.6593934297561646,
        0.6939033269882202,
        0.6504964232444763,
        0.6330339908599854,
        0.6384977698326111,
        0.6432906985282898,
        0.6512342095375061,
        0.6093299984931946,
        0.6182803511619568,
        0.5915682911872864,
        0.6374076008796692,
        0.6144826412200928,
        0.6604781746864319,
        0.624664306640625,
        0.6718550324440002,
        0.6260537505149841,
        0.6080417633056641,
        0.600739061832428,
        0.6125903725624084,
        0.598198413848877,
        0.6189642548561096,
        0.580555260181427,
        0.6040346026420593,
        0.6008375287055969,
        0.5841234922409058,
        0.5895861983299255,
        0.583236575126648,
        0.5934789776802063,
        0.5792931914329529,
        0.5531127452850342,
        0.6085241436958313,
        0.5963083505630493,
        0.6185620427131653,
        0.5699366927146912,
        0.5944571495056152,
        0.5870654582977295,
        0.5821718573570251,
        0.5688859224319458,
        0.5691509246826172,
        0.5773361921310425,
        0.5934981107711792,
        0.5973337292671204,
        0.5825545787811279,
        0.5544552206993103,
        0.5721497535705566,
        0.5608105063438416,
        0.5702024102210999,
        0.5585334897041321,
        0.5859267115592957,
        0.5653741359710693,
        0.5929797291755676,
        0.5698468685150146,
        0.5927527546882629,
        0.5496329069137573,
        0.5514464974403381,
        0.5874513983726501,
        0.5730252861976624,
        0.5786845684051514,
        0.5330226421356201,
        0.5819083452224731,
        0.5576502680778503
    ],