{
    "effect_pehe": 9.815457344055176,
    "effect_mae": 3.497661590576172
}