{
    "effect_pehe": 9.16516399383545,
    "effect_mae": 1.8923029899597168
}