{
    "effect_pehe": 7.703148365020752,
    "effect_mae": 3.7766475677490234
}