{
    "effect_pehe": 11.086211204528809,
    "effect_mae": 4.942025184631348
}