{
    "effect_pehe": 6.75921106338501,
    "effect_mae": 0.903742790222168
}