{
    "effect_pehe": 7.2836833000183105,
    "effect_mae": 0.14333534240722656
}