{
    "effect_pehe": 6.221149444580078,
    "effect_mae": 0.35508108139038086
}