{
    "effect_pehe": 8.415635108947754,
    "effect_mae": 0.8637189865112305
}