{
    "effect_pehe": 8.127699851989746,
    "effect_mae": 1.146233081817627
}