{
    "effect_pehe": 7.6900553703308105,
    "effect_mae": 0.07350349426269531
}