{
    "effect_pehe": 7.159687519073486,
    "effect_mae": 0.7208623886108398
}