{
    "effect_pehe": 3.835140416166023,
    "effect_mae": 3.0815051444239345
}