{
    "effect_pehe": 6.604130582558001,
    "effect_mae": 5.509167677726801
}