{
    "effect_pehe": 2.8432066261185596,
    "effect_mae": 2.2239855861519966
}