{
    "effect_pehe": 3.8652759912510617,
    "effect_mae": 3.1311656901286984
}