{
    "effect_pehe": 3.183779909138053,
    "effect_mae": 2.536600299084491
}