{
    "effect_pehe": 18.550669807121235,
    "effect_mae": 11.29782649240052
}