{
    "effect_pehe": 13.163916515132746,
    "effect_mae": 5.690345568023179
}