{
    "effect_pehe": 20.16166476096962,
    "effect_mae": 11.356979829538435
}