{
    "effect_pehe": 4.908280849456787,
    "effect_mae": 0.7297267913818359
}