{
    "effect_pehe": 9.803984642028809,
    "effect_mae": 1.650481939315796
}