{
    "effect_pehe": 4.221168518066406,
    "effect_mae": 0.32290542125701904
}