{
    "epoch": [
        0,
        1,
        2,
        3,
        4,
        5,
        6,
        7,
        8,
        9,
        10,
        11,
        12,
        13,
        14,
        15,
        16,
        17,
        18,
        19,
        20,
        21,
        22,
        23,
        24,
        25,
        26,
        27,
        28,
        29,
        30,
        31,
        32,
        33,
        34,
        35,
        36,
        37,
        38,
        39,
        40,
        41,
        42,
        43,
        44,
        45,
        46,
        47,
        48,
        49,
        50,
        51,
        52,
        53,
        54,
        55,
        56,
        57,
        58,
        59,
        60,
        61,
        62,
        63,
        64,
        65,
        66,
        67,
        68,
        69,
        70,
        71,
        72,
        73,
        74,
        75,
        76,
        77,
        78,
        79,
        80,
        81,
        82,
        83,
        84,
        85,
        86,
        87,
        88,
        89,
        90,
        91,
        92,
        93,
        94,
        95,
        96,
        97,
        98,
        99,
        100,
        101,
        102,
        103,
        104,
        105,
        106,
        107,
        108,
        109,
        110,
        111,
        112,
        113,
        114,
        115,
        116,
        117,
        118,
        119,
        120
    ],
    "train_loss": [
        5.199789524078369,
        3.591559648513794,
        3.5652153491973877,
        3.4628074169158936,
        3.012732982635498,
        2.6574838161468506,
        2.2984390258789062,
        2.0720834732055664,
        2.07824969291687,
        2.0839498043060303,
        2.0029125213623047,
        1.7766010761260986,
        1.5607919692993164,
        1.5465861558914185,
        1.6538314819335938,
        1.677145004272461,
        1.603405237197876,
        1.4611918926239014,
        1.3858765363693237,
        1.394766092300415,
        1.4153107404708862,
        1.4243414402008057,
        1.3789728879928589,
        1.2793561220169067,
        1.3123691082000732,
        1.2218014001846313,
        1.200501561164856,
        1.2009220123291016,
        1.184222936630249,
        1.1848150491714478,
        1.117797613143921,
        1.1413648128509521,
        1.069300651550293,
        1.094160795211792,
        1.0676970481872559,
        1.0557727813720703,
        1.0454086065292358,
        1.0279889106750488,
        1.030432105064392,
        1.0217185020446777,
        1.0342625379562378,
        1.000760555267334,
        0.9939424991607666,
        0.985216498374939,
        0.9952895641326904,
        1.010273814201355,
        0.9701927304267883,
        0.9633434414863586,
        0.9833096861839294,
        0.9592617154121399,
        0.9395433068275452,
        0.9555705189704895,
        0.9526070356369019,
        0.9495721459388733,
        0.9442097544670105,
        0.9479494690895081,
        0.9376351833343506,
        0.9461200833320618,
        0.9246506094932556,
        0.9421403408050537,
        0.9377915859222412,
        0.9372402429580688,
        0.9265732765197754,
        0.9329208135604858,
        0.9326077103614807,
        0.9257272481918335,
        0.9318250417709351,
        0.9273236393928528,
        0.9254878759384155,
        0.9175699353218079,
        0.9255860447883606,
        0.9231957197189331,
        0.9270163178443909,
        0.9281893372535706,
        0.9230905175209045,
        0.9244568943977356,
        0.9278147220611572,
        0.9259401559829712,
        0.9402071237564087,
        0.9111230969429016,
        0.910464346408844,
        0.9226056933403015,
        0.928342878818512,
        0.9259456396102905,
        0.9223736524581909,
        0.9240472316741943,
        0.9212345480918884,
        0.9198948740959167,
        0.9150347709655762,
        0.9208866953849792,
        0.914668083190918,
        0.91472989320755,
        0.9117469191551208,
        0.912757396697998,
        0.9132311940193176,
        0.9241671562194824,
        0.9181473851203918,
        0.914049506187439,
        0.9290760159492493,
        0.9145565629005432,
        0.9163296818733215,
        0.9149758219718933,
        0.9262341856956482,
        0.9263685941696167,
        0.9283668398857117,
        0.9139955043792725,
        0.9174501895904541,
        0.9165319204330444,
        0.9184965491294861,
        0.9300332069396973,
        0.9282874464988708,
        0.9159865975379944,
        0.9110075831413269,
        0.9232197403907776,
        0.9199278354644775,
        0.918451726436615,
        0.9280056953430176,
        0.9245043992996216,
        0.9239798784255981,
        0.9100562334060669,
        0.913086473941803
    ],