{
    "effect_pehe": 5.148841857910156,
    "effect_mae": 2.056114912033081
}