{
    "effect_pehe": 4.880418300628662,
    "effect_mae": 0.32366544008255005
}