{
    "effect_pehe": 2.5716191282567804,
    "effect_mae": 2.0496031125169787
}