{
    "effect_pehe": 2.951929177776908,
    "effect_mae": 2.3673500457688275
}