{
    "effect_pehe": 2.3267760210882384,
    "effect_mae": 1.833570527308458
}