{
    "effect_pehe": 4.952692031860352,
    "effect_mae": 1.0217539072036743
}