{
    "effect_pehe": 4.8927693367004395,
    "effect_mae": 1.126371145248413
}