{
    "effect_pehe": 5.615128040313721,
    "effect_mae": 0.7024447917938232
}