{
    "epoch": [
        0,
        1,
        2,
        3,
        4,
        5,
        6,
        7,
        8,
        9,
        10,
        11,
        12,
        13,
        14,
        15,
        16,
        17,
        18,
        19,
        20,
        21,
        22,
        23,
        24,
        25,
        26,
        27,
        28,
        29,
        30,
        31,
        32,
        33,
        34,
        35,
        36,
        37,
        38,
        39,
        40,
        41,
        42,
        43,
        44,
        45,
        46,
        47,
        48,
        49,
        50,
        51,
        52,
        53,
        54,
        55,
        56,
        57,
        58,
        59,
        60,
        61,
        62,
        63,
        64,
        65,
        66,
        67,
        68,
        69,
        70,
        71,
        72,
        73,
        74,
        75,
        76,
        77,
        78,
        79,
        80,
        81,
        82,
        83,
        84,
        85,
        86,
        87,
        88,
        89,
        90,
        91,
        92,
        93,
        94,
        95,
        96,
        97,
        98,
        99,
        100,
        101,
        102,
        103,
        104,
        105,
        106,
        107,
        108,
        109,
        110,
        111,
        112,
        113,
        114,
        115,
        116,
        117,
        118,
        119,
        120,
        121,
        122,
        123,
        124,
        125,
        126,
        127,
        128,
        129,
        130,
        131,
        132,
        133,
        134,
        135,
        136,
        137,
        138,
        139
    ],
    "train_loss": [
        24.392070770263672,
        24.362468719482422,
        24.333330154418945,
        24.301467895507812,
        24.26433753967285,
        24.22339630126953,
        24.175443649291992,
        24.118122100830078,
        24.053157806396484,
        23.973979949951172,
        23.877641677856445,
        23.766611099243164,
        23.63680076599121,
        23.48536491394043,
        23.31035041809082,
        23.1081600189209,
        22.869558334350586,
        22.597793579101562,
        22.289695739746094,
        21.93168067932129,
        21.523841857910156,
        21.064300537109375,
        20.535884857177734,
        19.943342208862305,
        19.295190811157227,
        18.54927635192871,
        17.726512908935547,
        16.827838897705078,
        15.858376502990723,
        14.79664421081543,
        13.666360855102539,
        12.511160850524902,
        11.350706100463867,
        10.198118209838867,
        9.09570598602295,
        8.148726463317871,
        7.357834815979004,
        6.837128639221191,
        6.538909912109375,
        6.412220478057861,
        6.435479164123535,
        6.374380111694336,
        6.1232380867004395,
        5.860830783843994,
        5.558591842651367,
        5.339947700500488,
        5.05751371383667,
        4.828429698944092,
        4.7212371826171875,
        4.650461673736572,
        4.730297088623047,
        4.758033275604248,
        4.772319316864014,
        4.651551723480225,
        4.61570930480957,
        4.492993354797363,
        4.335306644439697,
        4.305903911590576,
        4.242255210876465,
        4.180806636810303,
        4.115494728088379,
        4.108765602111816,
        4.100152492523193,
        4.117270469665527,
        4.123929500579834,
        4.035715103149414,
        3.9918389320373535,
        3.922654390335083,
        3.8913493156433105,
        3.8534157276153564,
        3.8453361988067627,
        3.844547748565674,
        3.8037543296813965,
        3.7620933055877686,
        3.760986089706421,
        3.7439537048339844,
        3.699906587600708,
        3.673784017562866,
        3.66015362739563,
        3.6619606018066406,
        3.6569697856903076,
        3.594532012939453,
        3.609747886657715,
        3.5903172492980957,
        3.5611696243286133,
        3.5579118728637695,
        3.5668745040893555,
        3.5261611938476562,
        3.5149614810943604,
        3.494844675064087,
        3.4795665740966797,
        3.478717565536499,
        3.461582899093628,
        3.423640012741089,
        3.4385387897491455,
        3.41629958152771,
        3.398186445236206,
        3.394374370574951,
        3.373380661010742,
        3.380916118621826,
        3.350229024887085,
        3.339919090270996,
        3.333148241043091,
        3.310091733932495,
        3.324208974838257,
        3.301661729812622,
        3.2836122512817383,
        3.2762844562530518,
        3.268620491027832,
        3.275867462158203,
        3.2505524158477783,
        3.2243268489837646,
        3.2225892543792725,
        3.2401583194732666,
        3.2236931324005127,
        3.206737518310547,
        3.190666437149048,
        3.1778407096862793,
        3.1901936531066895,
        3.159271001815796,
        3.1539924144744873,
        3.132006883621216,
        3.1405293941497803,
        3.1107029914855957,
        3.137044906616211,
        3.1106643676757812,
        3.113590717315674,
        3.088921070098877,
        3.0924761295318604,
        3.0643227100372314,
        3.0669801235198975,
        3.043337345123291,
        3.033660411834717,
        3.0279650688171387,
        3.0323314666748047,
        3.047516345977783,
        3.048556089401245,
        3.0149126052856445,
        2.989807605743408,
        2.9791555404663086
    ],