{
    "epoch": [
        0,
        1,
        2,
        3,
        4,
        5,
        6,
        7,
        8,
        9,
        10,
        11,
        12,
        13,
        14,
        15,
        16,
        17,
        18,
        19,
        20,
        21,
        22,
        23,
        24,
        25,
        26,
        27,
        28,
        29,
        30,
        31,
        32,
        33,
        34,
        35,
        36,
        37,
        38,
        39,
        40,
        41,
        42,
        43,
        44,
        45,
        46,
        47,
        48,
        49,
        50,
        51,
        52,
        53,
        54,
        55,
        56,
        57,
        58,
        59,
        60,
        61,
        62,
        63,
        64,
        65,
        66,
        67,
        68,
        69,
        70,
        71,
        72,
        73,
        74,
        75,
        76,
        77,
        78,
        79,
        80,
        81,
        82,
        83,
        84,
        85,
        86,
        87,
        88,
        89,
        90,
        91
    ],
    "train_loss": [
        19.499126434326172,
        19.472312927246094,
        19.443601608276367,
        19.409761428833008,
        19.371944427490234,
        19.3278751373291,
        19.276094436645508,
        19.21558952331543,
        19.142297744750977,
        19.057350158691406,
        18.959726333618164,
        18.84454917907715,
        18.713985443115234,
        18.562170028686523,
        18.390819549560547,
        18.191383361816406,
        17.966550827026367,
        17.70493507385254,
        17.413753509521484,
        17.078569412231445,
        16.698345184326172,
        16.27076530456543,
        15.79274845123291,
        15.263983726501465,
        14.692485809326172,
        14.053773880004883,
        13.375547409057617,
        12.644676208496094,
        11.914779663085938,
        11.120396614074707,
        10.333854675292969,
        9.5736722946167,
        8.825501441955566,
        8.184731483459473,
        7.675537109375,
        7.3318915367126465,
        7.17540168762207,
        7.137168884277344,
        7.206709861755371,
        7.182259559631348,
        7.07674503326416,
        6.793900966644287,
        6.584813594818115,
        6.423145771026611,
        6.182995319366455,
        6.141772747039795,
        6.109565258026123,
        6.213508605957031,
        6.238035678863525,
        6.20831298828125,
        6.227238655090332,
        6.116529941558838,
        6.061248302459717,
        6.0190324783325195,
        5.925136566162109,
        5.835506439208984,
        5.793115139007568,
        5.777931213378906,
        5.782086372375488,
        5.744776725769043,
        5.7489848136901855,
        5.732664108276367,
        5.693852424621582,
        5.654901504516602,
        5.607558250427246,
        5.568911075592041,
        5.552652359008789,
        5.512764930725098,
        5.53024959564209,
        5.5119500160217285,
        5.476377487182617,
        5.457671642303467,
        5.4497599601745605,
        5.402449131011963,
        5.388485908508301,
        5.368478298187256,
        5.329626083374023,
        5.320248126983643,
        5.317009925842285,
        5.29029655456543,
        5.294822692871094,
        5.258082389831543,
        5.233028411865234,
        5.2167863845825195,
        5.203370571136475,
        5.195554256439209,
        5.172691345214844,
        5.150141716003418,
        5.139712333679199,
        5.130327224731445,
        5.104433536529541,
        5.072830677032471
    ],
    "val_loss": [
        19.6353702545166,
        19.61709213256836,
        19.59701156616211,
        19.574356079101562,
        19.546722412109375,
        19.51457977294922,
        19.47407341003418,
        19.423999786376953,
        19.363887786865234,
        19.291780471801758,
        19.205106735229492,
        19.106050491333008,
        18.992319107055664,
        18.859729766845703,
        18.704570770263672,
        18.52963638305664,
        18.322132110595703,
        18.097496032714844,
        17.834487915039062,
        17.540925979614258,
        17.19369888305664,
        16.82185935974121,
        16.406164169311523,
        15.910983085632324,
        15.40590763092041,
        14.836688041687012,
        14.237580299377441,
        13.592561721801758,
        12.928603172302246,
        12.166182518005371,
        11.452082633972168,
        10.68387508392334,
        9.97679615020752,
        9.36309814453125,
        8.854371070861816,
        8.566329956054688,
        8.338642120361328,
        8.39991569519043,
        8.35884952545166,
        8.405447959899902,
        8.419737815856934,
        8.049976348876953,
        7.880090236663818,
        7.588034629821777,
        7.4941182136535645,
        7.485049247741699,
        7.340155124664307,
        7.554523468017578,
        7.480037212371826,
        7.40836238861084,
        7.504243850708008,
        7.493409156799316,
        7.286874771118164,
        7.458080291748047,
        7.435822010040283,
        7.302311897277832,
        7.320703506469727,
        7.294637680053711,
        7.343477725982666,
        7.22459602355957,
        7.266696453094482,
        7.245011806488037,
        7.139963626861572,
        7.179963111877441,
        7.191693305969238,
        7.0702948570251465,
        6.9908976554870605,
        7.068249702453613,
        7.049563884735107,
        7.000378608703613,
        6.994792938232422,
        7.0402703285217285,
        7.090689182281494,
        7.019357204437256,
        7.028866767883301,
        7.114660263061523,
        7.043946743011475,
        7.0484843254089355,
        7.083610534667969,
        7.090183258056641,
        7.132260322570801,
        7.074737548828125,
        7.117757320404053,
        7.086357116699219,
        7.107921123504639,
        7.056617259979248,
        7.123630523681641,
        7.012746334075928,
        7.094485282897949,
        7.084311485290527,
        7.069352626800537,
        7.065706729888916
    ]
}