{
    "epoch": [
        0,
        1,
        2,
        3,
        4,
        5,
        6,
        7,
        8,
        9,
        10,
        11,
        12,
        13,
        14,
        15,
        16,
        17,
        18,
        19,
        20,
        21,
        22,
        23,
        24,
        25,
        26,
        27,
        28,
        29,
        30,
        31,
        32,
        33,
        34,
        35,
        36,
        37,
        38,
        39,
        40,
        41,
        42,
        43,
        44,
        45,
        46,
        47,
        48,
        49,
        50,
        51,
        52,
        53,
        54,
        55,
        56,
        57,
        58,
        59,
        60,
        61,
        62,
        63,
        64,
        65,
        66,
        67,
        68,
        69,
        70,
        71,
        72,
        73,
        74,
        75,
        76,
        77,
        78,
        79,
        80,
        81,
        82,
        83,
        84,
        85,
        86,
        87,
        88,
        89,
        90,
        91,
        92,
        93,
        94,
        95,
        96,
        97,
        98,
        99,
        100,
        101,
        102,
        103
    ],
    "train_loss": [
        19.11494255065918,
        19.08908462524414,
        19.062349319458008,
        19.032730102539062,
        18.999752044677734,
        18.96210479736328,
        18.919296264648438,
        18.867185592651367,
        18.80916976928711,
        18.74190330505371,
        18.663583755493164,
        18.572586059570312,
        18.471317291259766,
        18.350557327270508,
        18.215490341186523,
        18.05693817138672,
        17.879018783569336,
        17.678346633911133,
        17.45125961303711,
        17.199934005737305,
        16.917125701904297,
        16.611127853393555,
        16.266260147094727,
        15.890162467956543,
        15.4720458984375,
        15.02025318145752,
        14.513336181640625,
        13.97646713256836,
        13.399571418762207,
        12.801729202270508,
        12.165907859802246,
        11.539131164550781,
        10.902459144592285,
        10.278213500976562,
        9.690961837768555,
        9.154471397399902,
        8.717930793762207,
        8.39663028717041,
        8.198176383972168,
        8.064777374267578,
        8.09266185760498,
        8.05807113647461,
        8.002649307250977,
        7.882594585418701,
        7.48563814163208,
        7.256620407104492,
        6.929091930389404,
        6.856523513793945,
        6.810304641723633,
        6.7815046310424805,
        6.818825721740723,
        6.86973237991333,
        6.769685745239258,
        6.6866230964660645,
        6.630475997924805,
        6.5478291511535645,
        6.414844036102295,
        6.353046894073486,
        6.312780857086182,
        6.25692892074585,
        6.291359901428223,
        6.253824234008789,
        6.230606555938721,
        6.2174391746521,
        6.1116943359375,
        6.070538520812988,
        6.058183193206787,
        6.0091681480407715,
        5.988973140716553,
        5.971160411834717,
        5.978015899658203,
        5.956171035766602,
        5.932401657104492,
        5.868076801300049,
        5.861051559448242,
        5.861655235290527,
        5.798835754394531,
        5.784464359283447,
        5.776566982269287,
        5.766923904418945,
        5.738282680511475,
        5.727405548095703,
        5.718547821044922,
        5.691202640533447,
        5.655535697937012,
        5.627217769622803,
        5.637157440185547,
        5.602020740509033,
        5.593031883239746,
        5.5724406242370605,
        5.561872959136963,
        5.541781902313232,
        5.541043281555176,
        5.498054504394531,
        5.495368957519531,
        5.465473651885986,
        5.4478440284729,
        5.455995559692383,
        5.44335412979126,
        5.407257556915283,
        5.413322925567627,
        5.394250869750977,
        5.373252868652344,
        5.360077381134033
    ],
    "val_loss": [
        20.811731338500977,
        20.77440071105957,
        20.734764099121094,
        20.691682815551758,
        20.64325714111328,
        20.588520050048828,
        20.525251388549805,
        20.453378677368164,
        20.37094497680664,
        20.279788970947266,
        20.176471710205078,
        20.051836013793945,
        19.914262771606445,
        19.75932502746582,
        19.579343795776367,
        19.37320899963379,
        19.15921401977539,
        18.901260375976562,
        18.615249633789062,
        18.284515380859375,
        17.9354248046875,
        17.574420928955078,
        17.152437210083008,
        16.692707061767578,
        16.20881462097168,
        15.684220314025879,
        15.119354248046875,
        14.544898986816406,
        13.916560173034668,
        13.271541595458984,
        12.583778381347656,
        11.946186065673828,
        11.304391860961914,
        10.630599021911621,
        10.004556655883789,
        9.4871826171875,
        9.008776664733887,
        8.786581993103027,
        8.55584716796875,
        8.508877754211426,
        8.511443138122559,
        8.478772163391113,
        8.322382926940918,
        8.408150672912598,
        7.913320064544678,
        7.716430187225342,
        7.574497222900391,
        7.507527828216553,
        7.486810684204102,
        7.634052276611328,
        7.713503837585449,
        7.792817115783691,
        7.810996055603027,
        7.732873439788818,
        7.812445163726807,
        7.565911293029785,
        7.5532355308532715,
        7.503888130187988,
        7.315189838409424,
        7.548669815063477,
        7.35784912109375,
        7.402713298797607,
        7.430899620056152,
        7.31192684173584,
        7.3616766929626465,
        7.270449161529541,
        7.236293792724609,
        7.24377965927124,
        7.250945091247559,
        7.2094526290893555,
        7.272024631500244,
        7.280413627624512,
        7.238868713378906,
        7.218418121337891,
        7.217647552490234,
        7.1624369621276855,
        7.160016059875488,
        7.175410747528076,
        7.138128280639648,
        7.18608283996582,
        7.200528144836426,
        7.169469833374023,
        7.205742835998535,
        7.138903617858887,
        7.222254753112793,
        7.1752448081970215,
        7.139731407165527,
        7.177182674407959,
        7.155066013336182,
        7.189448356628418,
        7.209962844848633,
        7.168030261993408,
        7.200824737548828,
        7.170507907867432,
        7.167822360992432,
        7.243617057800293,
        7.256206035614014,
        7.171280384063721,
        7.269520282745361,
        7.195348262786865,
        7.241550922393799,
        7.219693183898926,
        7.265862941741943,
        7.233578681945801
    ]
}