{
    "epoch": [
        0,
        1,
        2,
        3,
        4,
        5,
        6,
        7,
        8,
        9,
        10,
        11,
        12,
        13,
        14,
        15,
        16,
        17,
        18,
        19,
        20,
        21,
        22,
        23,
        24,
        25,
        26,
        27,
        28,
        29,
        30,
        31,
        32,
        33,
        34,
        35,
        36,
        37,
        38,
        39,
        40,
        41,
        42,
        43,
        44,
        45,
        46,
        47,
        48,
        49,
        50,
        51,
        52,
        53,
        54,
        55,
        56,
        57,
        58,
        59,
        60,
        61,
        62,
        63,
        64,
        65,
        66,
        67,
        68,
        69,
        70,
        71,
        72,
        73,
        74,
        75,
        76,
        77,
        78,
        79,
        80,
        81,
        82,
        83,
        84,
        85,
        86,
        87,
        88,
        89,
        90,
        91,
        92,
        93,
        94,
        95,
        96,
        97,
        98,
        99,
        100,
        101,
        102,
        103,
        104,
        105,
        106,
        107,
        108,
        109,
        110,
        111,
        112,
        113,
        114,
        115,
        116,
        117,
        118,
        119,
        120,
        121,
        122,
        123,
        124,
        125,
        126,
        127,
        128,
        129,
        130,
        131,
        132,
        133,
        134,
        135,
        136,
        137,
        138,
        139,
        140,
        141,
        142,
        143,
        144,
        145,
        146,
        147,
        148,
        149,
        150,
        151,
        152,
        153
    ],
    "train_loss": [
        47.14653396606445,
        47.077545166015625,
        47.00745391845703,
        46.938053131103516,
        46.86495590209961,
        46.78586959838867,
        46.69923400878906,
        46.60013198852539,
        46.48704528808594,
        46.35674285888672,
        46.20369338989258,
        46.029823303222656,
        45.82691955566406,
        45.5880012512207,
        45.31672668457031,
        44.98767852783203,
        44.613861083984375,
        44.16996383666992,
        43.664527893066406,
        43.084068298339844,
        42.4394416809082,
        41.7464485168457,
        40.96583938598633,
        40.09149169921875,
        39.129940032958984,
        38.13912582397461,
        36.98298263549805,
        35.70042037963867,
        34.33553695678711,
        32.78801345825195,
        31.15382194519043,
        29.34288215637207,
        27.494110107421875,
        25.56064796447754,
        23.58333969116211,
        21.567718505859375,
        19.6757869720459,
        17.806411743164062,
        16.187070846557617,
        14.670634269714355,
        13.498590469360352,
        12.892014503479004,
        12.486716270446777,
        12.478519439697266,
        12.684481620788574,
        12.6450777053833,
        12.465171813964844,
        11.763084411621094,
        11.065007209777832,
        10.296003341674805,
        9.677838325500488,
        9.065004348754883,
        8.68525505065918,
        8.661539077758789,
        8.725845336914062,
        8.744842529296875,
        8.854822158813477,
        8.879335403442383,
        8.738656997680664,
        8.636190414428711,
        8.364022254943848,
        8.151028633117676,
        7.926564693450928,
        7.733232021331787,
        7.623265266418457,
        7.613576412200928,
        7.579475402832031,
        7.607187747955322,
        7.615278244018555,
        7.616626739501953,
        7.525514125823975,
        7.442028522491455,
        7.3328423500061035,
        7.243284225463867,
        7.1512603759765625,
        7.164238452911377,
        7.061493873596191,
        7.066142559051514,
        7.056259632110596,
        6.999360084533691,
        6.997216701507568,
        6.945174217224121,
        6.9040207862854,
        6.903989791870117,
        6.843259811401367,
        6.757332801818848,
        6.781188488006592,
        6.699930191040039,
        6.682332992553711,
        6.6806464195251465,
        6.663344860076904,
        6.645062446594238,
        6.620005130767822,
        6.617206573486328,
        6.596560478210449,
        6.539139747619629,
        6.514079570770264,
        6.4940104484558105,
        6.496730327606201,
        6.464218616485596,
        6.418593406677246,
        6.4140214920043945,
        6.3930439949035645,
        6.393667221069336,
        6.350733757019043,
        6.319882869720459,
        6.309848785400391,
        6.298740386962891,
        6.240805149078369,
        6.209906578063965,
        6.228077411651611,
        6.221626281738281,
        6.1708598136901855,
        6.175642967224121,
        6.172220230102539,
        6.160635948181152,
        6.096524715423584,
        6.1160454750061035,
        6.094050884246826,
        6.094523906707764,
        6.092318058013916,
        6.032796859741211,
        6.020616054534912,
        6.0133466720581055,
        5.99783992767334,
        5.974132061004639,
        5.954513072967529,
        5.933405876159668,
        5.919582366943359,
        5.8877387046813965,
        5.889281749725342,
        5.903170585632324,
        5.844233989715576,
        5.839672565460205,
        5.814678192138672,
        5.809093952178955,
        5.797795295715332,
        5.8057661056518555,
        5.791810989379883,
        5.7711005210876465,
        5.7496724128723145,
        5.740926265716553,
        5.68787145614624,
        5.6619062423706055,
        5.681985378265381,
        5.648609638214111,
        5.630624294281006,
        5.62807559967041,
        5.659152984619141,
        5.609799385070801,
        5.591448783874512,
        5.570234775543213,
        5.596888065338135,
        5.564956188201904
    ],