{
    "effect_pehe": 5.413014888763428,
    "effect_mae": 1.029842495918274
}