{
    "effect_pehe": 4.8115434646606445,
    "effect_mae": 0.6944477558135986
}