{
    "effect_pehe": 5.215717315673828,
    "effect_mae": 0.2201824188232422
}