{
    "effect_pehe": 17.837299346923828,
    "effect_mae": 1.0912137031555176
}