{
    "effect_pehe": 29.587955474853516,
    "effect_mae": 5.858182907104492
}