{
    "effect_pehe": 17.673288345336914,
    "effect_mae": 8.056879043579102
}