{
    "effect_pehe": 18.95355796813965,
    "effect_mae": 4.5741868019104
}