{
    "effect_pehe": 187.59237670898438,
    "effect_mae": 5.382826328277588
}