{
    "epoch": [
        0,
        1,
        2,
        3,
        4,
        5,
        6,
        7,
        8,
        9,
        10,
        11,
        12,
        13,
        14,
        15,
        16,
        17,
        18,
        19,
        20,
        21,
        22,
        23,
        24,
        25,
        26,
        27,
        28,
        29,
        30,
        31,
        32,
        33,
        34,
        35,
        36,
        37,
        38,
        39,
        40,
        41,
        42,
        43,
        44,
        45,
        46,
        47,
        48,
        49,
        50,
        51,
        52,
        53,
        54,
        55,
        56,
        57,
        58,
        59,
        60,
        61,
        62,
        63,
        64,
        65,
        66,
        67,
        68,
        69,
        70,
        71,
        72,
        73,
        74,
        75,
        76,
        77,
        78,
        79,
        80,
        81,
        82,
        83,
        84,
        85,
        86,
        87,
        88,
        89,
        90,
        91,
        92,
        93
    ],
    "train_loss": [
        333.16314697265625,
        332.7008056640625,
        332.28411865234375,
        331.8734130859375,
        331.4585266113281,
        331.03802490234375,
        330.5957946777344,
        330.13726806640625,
        329.63519287109375,
        329.10980224609375,
        328.57073974609375,
        327.9978942871094,
        327.3612365722656,
        326.6373596191406,
        325.8326721191406,
        324.9382629394531,
        323.9032287597656,
        322.728759765625,
        321.4277648925781,
        319.9418640136719,
        318.2754821777344,
        316.4510192871094,
        314.4847412109375,
        312.3192138671875,
        309.983642578125,
        307.44915771484375,
        304.7100524902344,
        301.793701171875,
        298.6338195800781,
        295.2179870605469,
        291.6630859375,
        287.8471984863281,
        283.8919372558594,
        279.7247009277344,
        275.409423828125,
        270.9347839355469,
        266.40386962890625,
        261.6234436035156,
        256.80572509765625,
        251.9203338623047,
        247.04937744140625,
        242.2609405517578,
        237.405029296875,
        232.80836486816406,
        228.44805908203125,
        224.4956817626953,
        220.78875732421875,
        217.498291015625,
        214.998779296875,
        212.7141571044922,
        210.92311096191406,
        209.63824462890625,
        208.54669189453125,
        207.6966552734375,
        206.9717254638672,
        206.46554565429688,
        206.0020294189453,
        205.42530822753906,
        204.74305725097656,
        204.26565551757812,
        203.94017028808594,
        203.65516662597656,
        203.4609832763672,
        203.33941650390625,
        203.29261779785156,
        203.357177734375,
        203.18727111816406,
        203.0457000732422,
        202.8150634765625,
        202.712890625,
        202.4423370361328,
        202.36358642578125,
        202.15896606445312,
        202.26490783691406,
        201.89654541015625,
        201.85263061523438,
        201.6396942138672,
        201.70068359375,
        201.53872680664062,
        201.52882385253906,
        201.4281463623047,
        201.20413208007812,
        201.02357482910156,
        201.10275268554688,
        200.8408660888672,
        200.73773193359375,
        200.72642517089844,
        200.64321899414062,
        200.56637573242188,
        200.23175048828125,
        200.31747436523438,
        200.1234893798828,
        200.07913208007812,
        199.8567352294922
    ],
    "val_loss": [
        350.6777648925781,
        350.2231140136719,
        349.80828857421875,
        349.39959716796875,
        348.97540283203125,
        348.54296875,
        348.0879211425781,
        347.6099548339844,
        347.092041015625,
        346.55157470703125,
        345.9906921386719,
        345.39569091796875,
        344.7424621582031,
        344.0001220703125,
        343.1549072265625,
        342.2205505371094,
        341.153076171875,
        339.934814453125,
        338.5560302734375,
        336.9888610839844,
        335.2773742675781,
        333.3476257324219,
        331.3144226074219,
        328.9721374511719,
        326.50823974609375,
        323.863037109375,
        320.9144592285156,
        317.80377197265625,
        314.47174072265625,
        310.9288330078125,
        307.1891174316406,
        303.30792236328125,
        299.08233642578125,
        294.88665771484375,
        290.4488525390625,
        285.97003173828125,
        281.34722900390625,
        276.7098693847656,
        272.27557373046875,
        267.64007568359375,
        263.3564758300781,
        259.1042785644531,
        255.38072204589844,
        251.9647674560547,
        249.08389282226562,
        246.65704345703125,
        244.7174835205078,
        243.504150390625,
        242.8460235595703,
        242.44493103027344,
        242.3031005859375,
        242.27590942382812,
        241.9214630126953,
        241.72666931152344,
        241.14772033691406,
        239.85264587402344,
        238.60055541992188,
        236.49154663085938,
        234.69680786132812,
        232.58511352539062,
        230.74671936035156,
        229.37742614746094,
        227.9109344482422,
        227.34410095214844,
        226.51832580566406,
        226.2091522216797,
        226.11985778808594,
        225.8722381591797,
        225.7003631591797,
        226.09646606445312,
        226.2441864013672,
        226.9370880126953,
        227.2166290283203,
        227.9896697998047,
        228.60247802734375,
        229.28114318847656,
        229.48895263671875,
        230.1678466796875,
        230.48634338378906,
        230.8976593017578,
        231.0069122314453,
        231.08407592773438,
        231.13148498535156,
        231.1985321044922,
        231.1864013671875,
        231.23876953125,
        231.47230529785156,
        231.48300170898438,
        231.884033203125,
        232.566162109375,
        233.04681396484375,
        233.46913146972656,
        234.0967254638672,
        234.90383911132812
    ]
}