{
    "epoch": [
        0,
        1,
        2,
        3,
        4,
        5,
        6,
        7,
        8,
        9,
        10,
        11,
        12,
        13,
        14,
        15,
        16,
        17,
        18,
        19,
        20,
        21,
        22,
        23,
        24,
        25,
        26,
        27,
        28,
        29,
        30,
        31,
        32,
        33,
        34,
        35,
        36,
        37,
        38,
        39,
        40,
        41,
        42,
        43,
        44,
        45,
        46,
        47,
        48,
        49,
        50,
        51,
        52,
        53,
        54,
        55,
        56,
        57,
        58,
        59,
        60,
        61,
        62,
        63,
        64,
        65,
        66,
        67,
        68,
        69,
        70,
        71,
        72,
        73,
        74,
        75,
        76,
        77,
        78,
        79,
        80,
        81,
        82,
        83,
        84,
        85,
        86,
        87,
        88,
        89,
        90,
        91,
        92,
        93,
        94,
        95,
        96
    ],
    "train_loss": [
        311.0968322753906,
        310.85205078125,
        310.62115478515625,
        310.3917541503906,
        310.1653747558594,
        309.9436950683594,
        309.7116394042969,
        309.4649353027344,
        309.1976318359375,
        308.9189453125,
        308.60101318359375,
        308.2679443359375,
        307.9025573730469,
        307.49169921875,
        307.0418395996094,
        306.5351257324219,
        305.96435546875,
        305.3215026855469,
        304.59808349609375,
        303.7991943359375,
        302.8807067871094,
        301.8619079589844,
        300.67449951171875,
        299.3935852050781,
        297.9481201171875,
        296.4044189453125,
        294.67919921875,
        292.8395080566406,
        290.8256530761719,
        288.65631103515625,
        286.31463623046875,
        283.7562255859375,
        281.0787658691406,
        278.21282958984375,
        275.0814208984375,
        271.8944091796875,
        268.4697570800781,
        264.8791198730469,
        261.26348876953125,
        257.45037841796875,
        253.5695343017578,
        249.7830352783203,
        245.99945068359375,
        242.1770477294922,
        238.7439727783203,
        235.4327850341797,
        232.47506713867188,
        229.87722778320312,
        227.8572540283203,
        226.27450561523438,
        225.1558837890625,
        224.4763641357422,
        223.96568298339844,
        223.72544860839844,
        223.56671142578125,
        223.11154174804688,
        222.63633728027344,
        222.16610717773438,
        221.5520477294922,
        220.9727783203125,
        220.7023468017578,
        220.36778259277344,
        220.2159423828125,
        220.16156005859375,
        220.2307586669922,
        220.25282287597656,
        220.25680541992188,
        220.28927612304688,
        220.14413452148438,
        219.9370574951172,
        219.7526092529297,
        219.63377380371094,
        219.34783935546875,
        219.3956298828125,
        219.32559204101562,
        219.24276733398438,
        219.07476806640625,
        219.02247619628906,
        218.84779357910156,
        218.47142028808594,
        218.45777893066406,
        218.24366760253906,
        218.14544677734375,
        218.00326538085938,
        217.83590698242188,
        217.77276611328125,
        217.43157958984375,
        217.201416015625,
        216.68576049804688,
        216.59609985351562,
        216.343994140625,
        215.820068359375,
        215.6064453125,
        215.23245239257812,
        214.68246459960938,
        214.2951202392578,
        213.80831909179688
    ],
    "val_loss": [
        316.3069152832031,
        316.06243896484375,
        315.8308410644531,
        315.6011657714844,
        315.37762451171875,
        315.1614074707031,
        314.9275817871094,
        314.6925048828125,
        314.4280700683594,
        314.1410827636719,
        313.8432312011719,
        313.5100402832031,
        313.1461181640625,
        312.7311706542969,
        312.30194091796875,
        311.8000183105469,
        311.25653076171875,
        310.62432861328125,
        309.93212890625,
        309.13006591796875,
        308.2746276855469,
        307.2813720703125,
        306.1877746582031,
        304.95184326171875,
        303.6356201171875,
        302.1785583496094,
        300.5713195800781,
        298.9034118652344,
        297.0825500488281,
        295.2262878417969,
        293.155029296875,
        290.92620849609375,
        288.6026916503906,
        286.327392578125,
        283.8844909667969,
        281.48162841796875,
        278.757568359375,
        276.1812438964844,
        273.68048095703125,
        271.2801208496094,
        268.86480712890625,
        266.6154479980469,
        264.49151611328125,
        262.5401916503906,
        261.0890197753906,
        259.6827697753906,
        258.78240966796875,
        257.91943359375,
        257.3059387207031,
        257.03033447265625,
        256.4884948730469,
        256.3996276855469,
        255.1947784423828,
        253.63162231445312,
        251.6832275390625,
        249.35447692871094,
        246.81080627441406,
        244.00247192382812,
        241.14401245117188,
        238.4879608154297,
        236.5745849609375,
        234.60769653320312,
        233.62005615234375,
        232.1614990234375,
        231.83795166015625,
        231.3788604736328,
        230.8037872314453,
        230.776611328125,
        230.59571838378906,
        230.16433715820312,
        230.13389587402344,
        230.08233642578125,
        230.25341796875,
        230.24354553222656,
        230.1811981201172,
        230.4639892578125,
        230.65362548828125,
        230.72686767578125,
        230.81956481933594,
        230.9181671142578,
        230.89773559570312,
        231.0083770751953,
        230.62294006347656,
        230.92604064941406,
        230.9240264892578,
        230.904541015625,
        231.1436767578125,
        231.15866088867188,
        231.0776824951172,
        231.3920135498047,
        231.10838317871094,
        231.1767578125,
        231.10166931152344,
        231.1710205078125,
        230.70989990234375,
        230.59625244140625,
        230.12892150878906
    ]
}