{
    "effect_pehe": 16.32465934753418,
    "effect_mae": 3.0764503479003906
}