{
    "effect_pehe": 23.820846557617188,
    "effect_mae": 6.605794906616211
}