{
    "epoch": [
        0,
        1,
        2,
        3,
        4,
        5,
        6,
        7,
        8,
        9,
        10,
        11,
        12,
        13,
        14,
        15,
        16,
        17,
        18,
        19,
        20,
        21,
        22,
        23,
        24,
        25,
        26,
        27,
        28,
        29,
        30,
        31,
        32,
        33,
        34,
        35,
        36,
        37,
        38,
        39,
        40,
        41,
        42,
        43,
        44,
        45,
        46,
        47,
        48,
        49,
        50,
        51,
        52,
        53,
        54,
        55,
        56,
        57,
        58,
        59,
        60,
        61,
        62,
        63,
        64,
        65,
        66,
        67,
        68,
        69,
        70,
        71,
        72,
        73,
        74,
        75,
        76,
        77,
        78,
        79,
        80,
        81,
        82,
        83,
        84,
        85,
        86,
        87,
        88,
        89,
        90,
        91,
        92,
        93,
        94,
        95,
        96,
        97,
        98,
        99,
        100,
        101
    ],
    "train_loss": [
        1086.975341796875,
        1086.4144287109375,
        1085.8719482421875,
        1085.3326416015625,
        1084.7862548828125,
        1084.21142578125,
        1083.6055908203125,
        1082.96435546875,
        1082.2818603515625,
        1081.547607421875,
        1080.749267578125,
        1079.874755859375,
        1078.91650390625,
        1077.855224609375,
        1076.687744140625,
        1075.363525390625,
        1073.91162109375,
        1072.27001953125,
        1070.4156494140625,
        1068.2977294921875,
        1066.00439453125,
        1063.3717041015625,
        1060.431640625,
        1057.2047119140625,
        1053.6436767578125,
        1049.722412109375,
        1045.4268798828125,
        1040.7467041015625,
        1035.63330078125,
        1030.159912109375,
        1024.1925048828125,
        1017.7726440429688,
        1010.96533203125,
        1003.572265625,
        995.7821044921875,
        987.6344604492188,
        979.0983276367188,
        970.1026611328125,
        960.7737426757812,
        951.031982421875,
        941.0855712890625,
        930.9544067382812,
        920.5106811523438,
        910.3087158203125,
        899.7791137695312,
        889.399658203125,
        879.6847534179688,
        869.9009399414062,
        860.9362182617188,
        852.4526977539062,
        844.8936157226562,
        837.9716186523438,
        831.7754516601562,
        827.0103759765625,
        822.6240234375,
        819.5994873046875,
        816.9521484375,
        814.397705078125,
        812.5765991210938,
        810.981201171875,
        808.7692260742188,
        807.0555419921875,
        805.6641235351562,
        804.135009765625,
        802.4561767578125,
        802.0169067382812,
        801.2149658203125,
        800.9661254882812,
        800.7639770507812,
        800.5026245117188,
        800.6119384765625,
        800.4315185546875,
        800.3866577148438,
        799.6331176757812,
        799.7352294921875,
        799.2921752929688,
        799.3724365234375,
        799.1820678710938,
        799.44189453125,
        798.8458251953125,
        798.9257202148438,
        798.4837036132812,
        798.0482788085938,
        797.8621215820312,
        797.7291259765625,
        797.774169921875,
        797.498291015625,
        796.8506469726562,
        797.08154296875,
        796.7763671875,
        796.5654907226562,
        795.8419189453125,
        795.6963500976562,
        795.5645751953125,
        795.025634765625,
        794.7119140625,
        794.46240234375,
        794.3525390625,
        793.7514038085938,
        793.22412109375,
        792.747802734375,
        792.325927734375
    ],
    "val_loss": [
        1250.2620849609375,
        1249.68896484375,
        1249.1357421875,
        1248.5814208984375,
        1248.019775390625,
        1247.425537109375,
        1246.8043212890625,
        1246.1478271484375,
        1245.4398193359375,
        1244.6759033203125,
        1243.8328857421875,
        1242.900146484375,
        1241.9241943359375,
        1240.8359375,
        1239.54052734375,
        1238.1746826171875,
        1236.6212158203125,
        1234.9041748046875,
        1232.9732666015625,
        1230.85693359375,
        1228.38134765625,
        1225.6998291015625,
        1222.6722412109375,
        1219.4373779296875,
        1215.8897705078125,
        1212.095947265625,
        1207.8433837890625,
        1203.430908203125,
        1198.8983154296875,
        1193.9150390625,
        1188.89111328125,
        1183.6204833984375,
        1178.27392578125,
        1173.1602783203125,
        1167.809814453125,
        1162.294677734375,
        1157.076904296875,
        1152.1805419921875,
        1147.125244140625,
        1142.6644287109375,
        1138.0926513671875,
        1134.43212890625,
        1131.1263427734375,
        1128.684326171875,
        1126.6773681640625,
        1125.6904296875,
        1125.4166259765625,
        1125.9056396484375,
        1127.3272705078125,
        1129.0948486328125,
        1131.1234130859375,
        1133.88720703125,
        1134.8768310546875,
        1135.5643310546875,
        1135.1949462890625,
        1132.5435791015625,
        1129.3447265625,
        1123.3255615234375,
        1114.5411376953125,
        1104.2108154296875,
        1094.1357421875,
        1081.723876953125,
        1071.2261962890625,
        1060.099853515625,
        1048.9898681640625,
        1041.380859375,
        1033.88623046875,
        1026.91455078125,
        1021.3867797851562,
        1018.3023071289062,
        1014.75830078125,
        1012.318603515625,
        1010.0599365234375,
        1010.1639404296875,
        1008.2175903320312,
        1008.2549438476562,
        1007.6691284179688,
        1008.8147583007812,
        1007.7545166015625,
        1008.6790161132812,
        1009.3282470703125,
        1009.9459838867188,
        1009.9903564453125,
        1011.70703125,
        1011.58544921875,
        1012.9345703125,
        1013.6785278320312,
        1013.71337890625,
        1015.2018432617188,
        1016.4249267578125,
        1018.1862182617188,
        1019.5360107421875,
        1020.234130859375,
        1022.879150390625,
        1023.904052734375,
        1027.0330810546875,
        1028.710693359375,
        1030.642333984375,
        1033.2940673828125,
        1035.0223388671875,
        1037.7835693359375,
        1040.1455078125
    ]
}