{
    "epoch": [
        0,
        1,
        2,
        3,
        4,
        5,
        6,
        7,
        8,
        9,
        10,
        11,
        12,
        13,
        14,
        15,
        16,
        17,
        18,
        19,
        20,
        21,
        22,
        23,
        24,
        25,
        26,
        27,
        28,
        29,
        30,
        31,
        32,
        33,
        34,
        35,
        36,
        37,
        38,
        39,
        40,
        41,
        42,
        43,
        44,
        45,
        46,
        47,
        48,
        49,
        50,
        51,
        52,
        53,
        54,
        55,
        56,
        57,
        58,
        59,
        60,
        61,
        62,
        63,
        64,
        65,
        66,
        67,
        68,
        69,
        70,
        71,
        72,
        73,
        74,
        75,
        76,
        77,
        78,
        79,
        80,
        81,
        82,
        83,
        84,
        85,
        86,
        87,
        88,
        89,
        90,
        91,
        92,
        93,
        94,
        95,
        96,
        97,
        98,
        99,
        100,
        101,
        102,
        103,
        104,
        105,
        106,
        107,
        108,
        109,
        110,
        111,
        112,
        113,
        114,
        115,
        116,
        117,
        118,
        119,
        120,
        121,
        122,
        123,
        124,
        125,
        126,
        127,
        128,
        129,
        130,
        131,
        132,
        133,
        134,
        135,
        136,
        137
    ],
    "train_loss": [
        160.3323974609375,
        116.46578979492188,
        118.22591400146484,
        94.72593688964844,
        76.97371673583984,
        62.85275650024414,
        61.415435791015625,
        52.13987731933594,
        47.98442840576172,
        39.5632209777832,
        40.618228912353516,
        32.30715560913086,
        31.472557067871094,
        30.729087829589844,
        28.633386611938477,
        29.23575782775879,
        25.52550506591797,
        20.464847564697266,
        18.87710952758789,
        19.940410614013672,
        18.504552841186523,
        15.63619613647461,
        12.46220874786377,
        13.201436996459961,
        10.675078392028809,
        10.17659854888916,
        10.249927520751953,
        7.761176109313965,
        7.754161834716797,
        7.312957763671875,
        6.1872406005859375,
        6.114445209503174,
        5.081796646118164,
        4.5476837158203125,
        4.1533050537109375,
        3.940274477005005,
        3.5675268173217773,
        3.0703015327453613,
        2.4972407817840576,
        2.567871570587158,
        2.2609801292419434,
        2.3937551975250244,
        1.9840375185012817,
        2.1340534687042236,
        1.9028619527816772,
        1.7309669256210327,
        1.69545316696167,
        1.55443274974823,
        1.53376305103302,
        1.3079770803451538,
        1.3457283973693848,
        1.2259060144424438,
        1.125380039215088,
        1.0227835178375244,
        0.8948137760162354,
        0.9082880020141602,
        0.934684157371521,
        0.8857266306877136,
        0.830777108669281,
        0.8023505210876465,
        0.8205952644348145,
        0.746491014957428,
        0.7327358722686768,
        0.6795644164085388,
        0.7271608710289001,
        0.7078491449356079,
        0.6557902693748474,
        0.6513140201568604,
        0.6201910972595215,
        0.5989067554473877,
        0.6082350015640259,
        0.6125910878181458,
        0.6015876531600952,
        0.5732628703117371,
        0.5773701071739197,
        0.5986590385437012,
        0.5413886308670044,
        0.5507885813713074,
        0.5590083599090576,
        0.5339423418045044,
        0.5588282346725464,
        0.5147427320480347,
        0.5448170900344849,
        0.5455385446548462,
        0.587932288646698,
        0.5466620326042175,
        0.5368262529373169,
        0.5240923166275024,
        0.5249938368797302,
        0.5314613580703735,
        0.4939086437225342,
        0.5345266461372375,
        0.5233323574066162,
        0.5280046463012695,
        0.5464643239974976,
        0.5081061124801636,
        0.5293409824371338,
        0.5347115397453308,
        0.5237132906913757,
        0.5047234296798706,
        0.5269294381141663,
        0.5186700224876404,
        0.5403207540512085,
        0.5398588180541992,
        0.5195136666297913,
        0.5373292565345764,
        0.543664813041687,
        0.5487756729125977,
        0.49262741208076477,
        0.5281729698181152,
        0.5436665415763855,
        0.4926674962043762,
        0.5651768445968628,
        0.522408127784729,
        0.5381428003311157,
        0.5163213014602661,
        0.5529271364212036,
        0.5579690337181091,
        0.5528506636619568,
        0.5004398226737976,
        0.5317667126655579,
        0.5544331073760986,
        0.5302223563194275,
        0.5160751342773438,
        0.5693338513374329,
        0.5012635588645935,
        0.4987172782421112,
        0.5083912014961243,
        0.547431468963623,
        0.5184433460235596,
        0.5048946142196655,
        0.5130881071090698,
        0.5434000492095947,
        0.5114346742630005,
        0.5363348126411438,
        0.506858766078949,
        0.5185785889625549,
        0.5049535036087036
    ],