{
    "effect_pehe": 6.499255180358887,
    "effect_mae": 4.18572473526001
}