{
    "effect_pehe": 10.71997356414795,
    "effect_mae": 6.963597774505615
}