{
    "effect_pehe": 8.957456588745117,
    "effect_mae": 7.701220989227295
}