{
    "effect_pehe": 6.300518035888672,
    "effect_mae": 0.2987689971923828
}