{
    "effect_pehe": 4.776289463043213,
    "effect_mae": 2.3629565238952637
}