{
    "effect_pehe": 4.077792167663574,
    "effect_mae": 2.421257495880127
}