{
    "epoch": [
        0,
        1,
        2,
        3,
        4,
        5,
        6,
        7,
        8,
        9,
        10,
        11,
        12,
        13,
        14,
        15,
        16,
        17,
        18,
        19,
        20,
        21,
        22,
        23,
        24,
        25,
        26,
        27,
        28,
        29,
        30,
        31,
        32,
        33,
        34,
        35,
        36,
        37,
        38,
        39,
        40,
        41,
        42,
        43,
        44,
        45,
        46,
        47,
        48,
        49,
        50,
        51,
        52,
        53,
        54,
        55,
        56,
        57,
        58,
        59,
        60,
        61,
        62,
        63,
        64,
        65,
        66,
        67,
        68,
        69,
        70,
        71,
        72,
        73,
        74,
        75,
        76,
        77,
        78,
        79,
        80,
        81,
        82,
        83,
        84,
        85,
        86,
        87,
        88,
        89,
        90,
        91,
        92,
        93,
        94,
        95,
        96,
        97,
        98,
        99,
        100,
        101,
        102,
        103,
        104,
        105,
        106,
        107,
        108,
        109,
        110,
        111,
        112,
        113,
        114,
        115,
        116,
        117,
        118,
        119,
        120,
        121,
        122,
        123,
        124,
        125,
        126,
        127,
        128
    ],
    "train_loss": [
        171.50350952148438,
        196.47244262695312,
        148.82298278808594,
        116.7593002319336,
        121.71658325195312,
        114.15960693359375,
        93.76226806640625,
        76.50546264648438,
        73.5587158203125,
        75.43341827392578,
        68.81660461425781,
        58.772560119628906,
        55.79002380371094,
        57.53827667236328,
        61.6755485534668,
        47.40558624267578,
        39.8813362121582,
        42.89677810668945,
        38.06014633178711,
        32.62042999267578,
        30.760290145874023,
        29.247364044189453,
        24.801321029663086,
        27.233352661132812,
        23.325910568237305,
        21.287118911743164,
        17.421945571899414,
        17.79109764099121,
        16.254249572753906,
        15.63957405090332,
        13.846805572509766,
        13.838953018188477,
        11.990281105041504,
        11.771942138671875,
        10.410894393920898,
        8.953264236450195,
        8.919906616210938,
        8.00921630859375,
        6.935491561889648,
        6.325312614440918,
        5.626265525817871,
        5.7874064445495605,
        4.8775954246521,
        4.296727657318115,
        4.214372634887695,
        4.026218891143799,
        3.124868392944336,
        3.054056167602539,
        2.8781886100769043,
        2.8487188816070557,
        2.4461076259613037,
        2.1298463344573975,
        2.0025835037231445,
        2.1129233837127686,
        1.8490426540374756,
        1.6430842876434326,
        1.5199555158615112,
        1.4340897798538208,
        1.238542079925537,
        1.197748064994812,
        1.1594353914260864,
        1.0982481241226196,
        1.0166189670562744,
        0.9482468366622925,
        0.9336854815483093,
        0.8775192499160767,
        0.8874638080596924,
        0.8314885497093201,
        0.7744460701942444,
        0.7433516979217529,
        0.7417903542518616,
        0.6929639577865601,
        0.691020667552948,
        0.6521430611610413,
        0.6247934699058533,
        0.6567597389221191,
        0.634427011013031,
        0.6106715798377991,
        0.6314910650253296,
        0.6008492112159729,
        0.5968277454376221,
        0.5968025922775269,
        0.5931676030158997,
        0.5715271830558777,
        0.5640917420387268,
        0.5753272771835327,
        0.5629466772079468,
        0.5529776811599731,
        0.5365225672721863,
        0.5452803373336792,
        0.54902184009552,
        0.5446303486824036,
        0.5671587586402893,
        0.5226976275444031,
        0.5431792140007019,
        0.5459927916526794,
        0.5228414535522461,
        0.5209165215492249,
        0.5433641076087952,
        0.5374884009361267,
        0.53274005651474,
        0.5172476172447205,
        0.5119493007659912,
        0.5232371687889099,
        0.49724096059799194,
        0.5298894643783569,
        0.5376285314559937,
        0.524727463722229,
        0.5554272532463074,
        0.5394616723060608,
        0.523442268371582,
        0.518269419670105,
        0.5291554927825928,
        0.5282651782035828,
        0.5253221988677979,
        0.5300527811050415,
        0.5202344655990601,
        0.5482105612754822,
        0.5285910964012146,
        0.5351031422615051,
        0.5206472277641296,
        0.5199360251426697,
        0.558189332485199,
        0.5135756731033325,
        0.532587468624115,
        0.5286503434181213,
        0.5231980085372925,
        0.5507310628890991,
        0.5253602862358093
    ],