{
    "effect_pehe": 10.613216400146484,
    "effect_mae": 6.441822052001953
}