{
    "effect_pehe": 5.632862567901611,
    "effect_mae": 3.1041717529296875
}