{
    "effect_pehe": 14.58551025390625,
    "effect_mae": 1.6999926567077637
}