{
    "effect_pehe": 15.964404106140137,
    "effect_mae": 4.773015975952148
}