{
    "effect_pehe": 12.833106994628906,
    "effect_mae": 4.592952728271484
}