{
    "effect_pehe": 18.78982925415039,
    "effect_mae": 5.289222717285156
}