{
    "effect_pehe": 12.263940811157227,
    "effect_mae": 5.096926212310791
}