{
    "effect_pehe": 12.829851150512695,
    "effect_mae": 2.6824402809143066
}