{
    "effect_pehe": 13.82420539855957,
    "effect_mae": 1.9582786560058594
}