{
    "effect_pehe": 14.820894241333008,
    "effect_mae": 3.469480276107788
}