{
    "effect_pehe": 18.204605102539062,
    "effect_mae": 0.5180635452270508
}