{
    "effect_pehe": 11.688653945922852,
    "effect_mae": 4.054569244384766
}