{
    "effect_pehe": 0.7741470336914062,
    "effect_mae": 0.007405281066894531
}