{
    "effect_pehe": 2.909409761428833,
    "effect_mae": 1.7541742324829102
}