{
    "effect_pehe": 3.1089630126953125,
    "effect_mae": 0.11968231201171875
}