{
    "effect_pehe": 3.126681089401245,
    "effect_mae": 0.5992822647094727
}