{
    "effect_pehe": 0.8389502167701721,
    "effect_mae": 0.06933164596557617
}