{
    "effect_pehe": 1.498542070388794,
    "effect_mae": 0.6154226064682007
}