{
    "effect_pehe": 3.7347779273986816,
    "effect_mae": 1.3217089176177979
}