{
    "effect_pehe": 1.2557262182235718,
    "effect_mae": 0.18354953825473785
}