{
    "effect_pehe": 2.018561601638794,
    "effect_mae": 0.6092743873596191
}