{
    "effect_pehe": 0.7872101068496704,
    "effect_mae": 0.07384014129638672
}