{
    "effect_pehe": 0.803198516368866,
    "effect_mae": 0.08316969871520996
}