{
    "effect_pehe": 3.9560422897338867,
    "effect_mae": 1.1203508377075195
}