{
    "effect_pehe": 2.29140043258667,
    "effect_mae": 1.0277390480041504
}