{
    "effect_pehe": 2.990173816680908,
    "effect_mae": 0.44404762983322144
}