{
    "effect_pehe": 0.7921270132064819,
    "effect_mae": 0.013049840927124023
}