{
    "effect_pehe": 4.194102367779901,
    "effect_mae": 3.4457290576463264
}