{
    "effect_pehe": 3.6931643765241526,
    "effect_mae": 2.9490887893843394
}