{
    "effect_pehe": 3.3261756049907154,
    "effect_mae": 2.635436832540502
}