{
    "effect_pehe": 8.731532096862793,
    "effect_mae": 1.2063202857971191
}