{
    "effect_pehe": 7.563998222351074,
    "effect_mae": 0.7290587425231934
}