{
    "effect_pehe": 7.235090732574463,
    "effect_mae": 0.003772735595703125
}