{
    "effect_pehe": 5.541760444641113,
    "effect_mae": 0.36219072341918945
}