{
    "effect_pehe": 7.042666912078857,
    "effect_mae": 0.1918487548828125
}