{
    "effect_pehe": 7.313577175140381,
    "effect_mae": 1.357771873474121
}