{
    "effect_pehe": 9.273198127746582,
    "effect_mae": 0.6178379058837891
}