{
    "effect_pehe": 6.710771560668945,
    "effect_mae": 0.5059018135070801
}