{
    "effect_pehe": 8.088763236999512,
    "effect_mae": 0.5382084846496582
}