{
    "effect_pehe": 12.019819259643555,
    "effect_mae": 2.6015310287475586
}