{
    "effect_pehe": 9.541338920593262,
    "effect_mae": 0.7672901153564453
}