{
    "effect_pehe": 8.102107048034668,
    "effect_mae": 0.1527705192565918
}