{
    "effect_pehe": 6.388731479644775,
    "effect_mae": 1.2624716758728027
}