{
    "effect_pehe": 4.791582975448728,
    "effect_mae": 3.8060732317558212
}