{
    "effect_pehe": 5.345197307887808,
    "effect_mae": 4.2553956839782305
}