{
    "effect_pehe": 3.5074443074387633,
    "effect_mae": 2.7862845913276444
}