{
    "effect_pehe": 5.385785455469576,
    "effect_mae": 4.316259599841847
}