{
    "effect_pehe": 4.1348731751590115,
    "effect_mae": 3.3369756900659677
}