{
    "effect_pehe": 4.1187985353474525,
    "effect_mae": 3.283260071589985
}