{
    "effect_pehe": 4.468289960763869,
    "effect_mae": 3.6313902683704717
}