{
    "effect_pehe": 4.050770367948023,
    "effect_mae": 3.2236550280825416
}