{
    "effect_pehe": 6.491003443339098,
    "effect_mae": 5.362764728029522
}