{
    "effect_pehe": 3.5022637088647,
    "effect_mae": 2.7846810137874356
}