{
    "effect_pehe": 1.9866956440904189,
    "effect_mae": 1.5820024080692596
}