{
    "effect_pehe": 1.9751449123513998,
    "effect_mae": 1.555978802095002
}