{
    "effect_pehe": 2.5110709682046872,
    "effect_mae": 2.016044159212779
}