{
    "effect_pehe": 2.7677469059807565,
    "effect_mae": 2.206595728402277
}