{
    "effect_pehe": 2.9402228119438014,
    "effect_mae": 2.3247043756530386
}