{
    "effect_pehe": 1.690775469971805,
    "effect_mae": 1.3402931635830828
}