{
    "effect_pehe": 2.264359002117238,
    "effect_mae": 1.7942002022531651
}