{
    "effect_pehe": 2.263835187782015,
    "effect_mae": 1.7953422513690542
}