{
    "effect_pehe": 5.298553466796875,
    "effect_mae": 0.7265982627868652
}