{
    "effect_pehe": 5.735108852386475,
    "effect_mae": 4.446619987487793
}