{
    "effect_pehe": 9.729937553405762,
    "effect_mae": 2.9015140533447266
}