{
    "effect_pehe": 4.049892902374268,
    "effect_mae": 2.4521431922912598
}