{
    "effect_pehe": 10.937442779541016,
    "effect_mae": 4.761113166809082
}