{
    "effect_pehe": 4.8186726570129395,
    "effect_mae": 0.1325203776359558
}