{
    "effect_pehe": 5.530967712402344,
    "effect_mae": 0.16308721899986267
}