{
    "epoch": [
        0,
        1,
        2,
        3,
        4,
        5,
        6,
        7,
        8,
        9,
        10,
        11,
        12,
        13,
        14,
        15,
        16,
        17,
        18,
        19,
        20,
        21,
        22,
        23,
        24,
        25,
        26,
        27,
        28,
        29,
        30,
        31,
        32,
        33,
        34,
        35,
        36,
        37,
        38,
        39,
        40,
        41,
        42,
        43,
        44,
        45,
        46,
        47,
        48,
        49,
        50,
        51,
        52,
        53,
        54,
        55,
        56,
        57,
        58,
        59,
        60,
        61,
        62,
        63,
        64,
        65,
        66,
        67,
        68,
        69,
        70,
        71,
        72,
        73,
        74,
        75,
        76,
        77,
        78,
        79,
        80,
        81,
        82,
        83,
        84,
        85,
        86,
        87,
        88,
        89,
        90,
        91,
        92,
        93,
        94,
        95,
        96,
        97,
        98,
        99,
        100,
        101,
        102,
        103,
        104,
        105,
        106,
        107,
        108,
        109,
        110,
        111,
        112,
        113,
        114,
        115,
        116,
        117,
        118,
        119,
        120,
        121,
        122,
        123,
        124,
        125,
        126,
        127,
        128,
        129,
        130,
        131,
        132,
        133
    ],
    "train_loss": [
        11.499931335449219,
        23.908418655395508,
        13.773181915283203,
        14.538594245910645,
        15.390242576599121,
        13.97881031036377,
        9.889198303222656,
        7.60098934173584,
        6.734753608703613,
        7.796783924102783,
        6.92847204208374,
        5.666607856750488,
        5.277073860168457,
        4.165198802947998,
        5.483057975769043,
        5.519135475158691,
        5.155754089355469,
        3.6966347694396973,
        3.6976370811462402,
        3.8951849937438965,
        3.211016893386841,
        2.835756540298462,
        2.5635626316070557,
        2.6860740184783936,
        2.397624969482422,
        2.537398099899292,
        2.022923231124878,
        2.4271674156188965,
        2.1031785011291504,
        2.2458484172821045,
        1.9410159587860107,
        1.8245041370391846,
        1.7627497911453247,
        1.6710840463638306,
        1.58097243309021,
        1.492766261100769,
        1.4755609035491943,
        1.3304299116134644,
        1.2143326997756958,
        1.102344274520874,
        1.1938107013702393,
        1.3986457586288452,
        1.3221737146377563,
        1.202087640762329,
        1.1211295127868652,
        1.1812710762023926,
        1.239823579788208,
        1.2111691236495972,
        1.1533130407333374,
        1.15654718875885,
        1.1363178491592407,
        1.174096941947937,
        1.2282646894454956,
        1.0771290063858032,
        1.0650883913040161,
        1.0521107912063599,
        1.1073912382125854,
        0.999618411064148,
        1.0320857763290405,
        1.0648890733718872,
        1.0475306510925293,
        1.0067986249923706,
        1.0016775131225586,
        1.0227497816085815,
        1.0316803455352783,
        1.1013972759246826,
        1.040132999420166,
        0.9783386588096619,
        1.031197428703308,
        1.0315557718276978,
        1.0226926803588867,
        1.0781258344650269,
        0.9706176519393921,
        0.9345787763595581,
        1.0063260793685913,
        0.9612239003181458,
        1.007291316986084,
        0.9870980978012085,
        0.993039608001709,
        0.9814620614051819,
        0.9811582565307617,
        0.9947988986968994,
        0.9725690484046936,
        0.9613467454910278,
        0.9185805916786194,
        0.9852839708328247,
        1.002922773361206,
        1.0047736167907715,
        0.9831099510192871,
        0.9781262278556824,
        0.9444350004196167,
        0.9766860604286194,
        0.9656139016151428,
        0.9532303810119629,
        1.0028148889541626,
        0.9455450773239136,
        0.917144238948822,
        0.9522870779037476,
        0.9938546419143677,
        1.000738263130188,
        0.9498999118804932,
        0.987345278263092,
        0.9750995635986328,
        0.9490132927894592,
        0.9042715430259705,
        0.9820119738578796,
        0.9570921063423157,
        1.0099716186523438,
        0.9877987504005432,
        0.9779499769210815,
        1.0129002332687378,
        1.0019978284835815,
        0.950359582901001,
        0.9646254777908325,
        0.9514884948730469,
        0.9359045624732971,
        0.9880914092063904,
        0.9702091813087463,
        0.957134485244751,
        0.9344764351844788,
        0.972649335861206,
        0.9427074790000916,
        0.9826158285140991,
        1.0094590187072754,
        0.9468567967414856,
        0.9470575451850891,
        0.9638577699661255,
        0.9512975215911865,
        0.927956223487854,
        0.9899952411651611,
        0.9466440081596375,
        0.9828286170959473,
        0.9606849551200867,
        0.9405332207679749
    ],