{
    "effect_pehe": 5.3582024574279785,
    "effect_mae": 1.8256157636642456
}