{
    "effect_pehe": 7.782232761383057,
    "effect_mae": 3.1167149543762207
}