{
    "effect_pehe": 4.62183952331543,
    "effect_mae": 1.3278934955596924
}