{
    "effect_pehe": 4.3377817233557865,
    "effect_mae": 3.404382544201005
}