{
    "effect_pehe": 3.1181662085385295,
    "effect_mae": 2.511289789482176
}