{
    "effect_pehe": 4.385485163749532,
    "effect_mae": 3.5144109543920634
}