{
    "effect_pehe": 12.551450712921142,
    "effect_mae": 6.1122840321651415
}