{
    "effect_pehe": 15.932398498651704,
    "effect_mae": 9.192684599957323
}