{
    "effect_pehe": 13.822552968745596,
    "effect_mae": 6.710698482174775
}