{
    "effect_pehe": 13.29019905082357,
    "effect_mae": 7.089562655782992
}