{
    "effect_pehe": 16.294021756949217,
    "effect_mae": 7.339793964381148
}