{
    "effect_pehe": 15.750565323797446,
    "effect_mae": 10.344368166925316
}