{
    "effect_pehe": 15.787151742897217,
    "effect_mae": 10.44898564880002
}