{
    "effect_pehe": 4.4077416198816035,
    "effect_mae": 3.548800048314554
}