{
    "effect_pehe": 5.898121935460079,
    "effect_mae": 4.76564311833378
}