{
    "effect_pehe": 3.7016403144719963,
    "effect_mae": 2.938417273798219
}