{
    "effect_pehe": 5.382725417268207,
    "effect_mae": 4.315704488085262
}