{
    "effect_pehe": 7.28346586227417,
    "effect_mae": 0.11868953704833984
}