{
    "effect_pehe": 6.3699774742126465,
    "effect_mae": 1.1355509757995605
}