{
    "effect_pehe": 6.568546295166016,
    "effect_mae": 1.7095770835876465
}