{
    "effect_pehe": 5.958454132080078,
    "effect_mae": 0.718503475189209
}