{
    "effect_pehe": 6.678822040557861,
    "effect_mae": 0.7505722045898438
}