{
    "effect_pehe": 9.970947265625,
    "effect_mae": 0.6692781448364258
}