{
    "effect_pehe": 11.410751342773438,
    "effect_mae": 1.374516487121582
}