{
    "effect_pehe": 6.049199104309082,
    "effect_mae": 0.4749746322631836
}