{
    "effect_pehe": 13.323616981506348,
    "effect_mae": 5.372406959533691
}