{
    "effect_pehe": 5.355162143707275,
    "effect_mae": 1.0740652084350586
}