{
    "effect_pehe": 6.205785274505615,
    "effect_mae": 1.9947433471679688
}