{
    "effect_pehe": 47.54380798339844,
    "effect_mae": 4.533481597900391
}