{
    "effect_pehe": 14.130492210388184,
    "effect_mae": 6.078823089599609
}