{
    "effect_pehe": 17.660242080688477,
    "effect_mae": 7.293981552124023
}