{
    "epoch": [
        0,
        1,
        2,
        3,
        4,
        5,
        6,
        7,
        8,
        9,
        10,
        11,
        12,
        13,
        14,
        15,
        16,
        17,
        18,
        19,
        20,
        21,
        22,
        23,
        24,
        25,
        26,
        27,
        28,
        29,
        30,
        31,
        32,
        33,
        34,
        35,
        36,
        37,
        38,
        39,
        40,
        41,
        42,
        43,
        44,
        45,
        46,
        47,
        48,
        49,
        50,
        51,
        52,
        53,
        54,
        55,
        56,
        57,
        58,
        59,
        60,
        61,
        62,
        63,
        64,
        65,
        66,
        67,
        68,
        69,
        70,
        71,
        72,
        73,
        74,
        75,
        76,
        77,
        78,
        79,
        80,
        81,
        82,
        83,
        84,
        85
    ],
    "train_loss": [
        339.3730773925781,
        338.3321228027344,
        337.2656555175781,
        336.166015625,
        334.9952087402344,
        333.66217041015625,
        332.1178283691406,
        330.3096923828125,
        328.1488342285156,
        325.66925048828125,
        322.7533264160156,
        319.3492126464844,
        315.3079528808594,
        310.58953857421875,
        305.1343078613281,
        298.7859191894531,
        291.3967590332031,
        283.1690673828125,
        273.52679443359375,
        262.8799743652344,
        250.66600036621094,
        237.2842254638672,
        222.8406219482422,
        207.3336944580078,
        191.10379028320312,
        174.2670135498047,
        156.03115844726562,
        140.102294921875,
        126.35932159423828,
        114.68892669677734,
        108.41268920898438,
        104.01631927490234,
        99.53748321533203,
        93.76632690429688,
        84.9393081665039,
        77.09777069091797,
        70.34458923339844,
        66.08417510986328,
        64.2354507446289,
        64.10356903076172,
        65.2452163696289,
        65.25411224365234,
        65.51509857177734,
        64.53214263916016,
        64.05987548828125,
        63.52994155883789,
        63.56989669799805,
        61.94287872314453,
        61.860660552978516,
        61.69350814819336,
        60.898719787597656,
        60.68321990966797,
        60.566070556640625,
        60.07868194580078,
        59.428138732910156,
        59.58339309692383,
        59.92586135864258,
        59.347251892089844,
        59.14069366455078,
        59.02692794799805,
        57.33461380004883,
        57.49551773071289,
        56.76225662231445,
        56.68309783935547,
        56.20063781738281,
        56.127197265625,
        55.52865982055664,
        55.49382781982422,
        55.249271392822266,
        54.66917419433594,
        54.9674186706543,
        54.252349853515625,
        54.071109771728516,
        54.28514099121094,
        53.834144592285156,
        52.753082275390625,
        53.25007629394531,
        53.52919387817383,
        52.97520065307617,
        52.29480743408203,
        51.60430145263672,
        52.62907791137695,
        51.79947280883789,
        51.56829833984375,
        52.253265380859375,
        51.57736587524414
    ],
    "val_loss": [
        272.6217346191406,
        271.8636169433594,
        271.08343505859375,
        270.2743225097656,
        269.3948669433594,
        268.40606689453125,
        267.22198486328125,
        265.8448181152344,
        264.16015625,
        262.2021789550781,
        259.83905029296875,
        257.03863525390625,
        253.7211456298828,
        249.80715942382812,
        245.1053466796875,
        239.65989685058594,
        232.99497985839844,
        225.56048583984375,
        216.73098754882812,
        206.3321990966797,
        194.7032928466797,
        181.9307098388672,
        167.533935546875,
        152.0418243408203,
        135.46029663085938,
        119.20359802246094,
        103.28164672851562,
        88.63756561279297,
        77.28773498535156,
        70.61094665527344,
        68.4345474243164,
        70.26978302001953,
        71.03003692626953,
        68.47642517089844,
        64.16156005859375,
        55.95862579345703,
        51.030303955078125,
        46.43443298339844,
        44.322635650634766,
        43.94487380981445,
        44.01283645629883,
        43.337337493896484,
        43.42079162597656,
        43.05374526977539,
        43.889190673828125,
        43.160072326660156,
        43.27159118652344,
        44.54316329956055,
        43.0084228515625,
        42.59074401855469,
        43.152671813964844,
        42.56017303466797,
        42.19569396972656,
        42.33103561401367,
        42.060001373291016,
        40.51801681518555,
        41.33202362060547,
        41.39863204956055,
        40.444923400878906,
        39.83799743652344,
        39.39503860473633,
        40.41289138793945,
        40.06571578979492,
        40.4345703125,
        40.4915657043457,
        41.81406021118164,
        41.222679138183594,
        41.244651794433594,
        42.870845794677734,
        42.16865158081055,
        41.587127685546875,
        41.720863342285156,
        41.84580993652344,
        42.23575973510742,
        42.00602722167969,
        42.04051208496094,
        42.61798095703125,
        43.59989929199219,
        42.82524108886719,
        44.238037109375,
        44.558231353759766,
        44.46290969848633,
        44.70505905151367,
        44.77910614013672,
        45.07210159301758,
        43.749778747558594
    ]
}