{
    "epoch": [
        0,
        1,
        2,
        3,
        4,
        5,
        6,
        7,
        8,
        9,
        10,
        11,
        12,
        13,
        14,
        15,
        16,
        17,
        18,
        19,
        20,
        21,
        22,
        23,
        24,
        25,
        26,
        27,
        28,
        29,
        30,
        31,
        32,
        33,
        34,
        35,
        36,
        37,
        38,
        39,
        40,
        41,
        42,
        43,
        44,
        45,
        46,
        47,
        48,
        49,
        50,
        51,
        52,
        53,
        54,
        55,
        56,
        57,
        58,
        59,
        60,
        61,
        62,
        63,
        64,
        65,
        66,
        67,
        68,
        69,
        70,
        71,
        72,
        73,
        74,
        75,
        76,
        77,
        78,
        79,
        80,
        81,
        82,
        83,
        84,
        85,
        86,
        87,
        88,
        89,
        90,
        91,
        92,
        93,
        94,
        95,
        96,
        97,
        98,
        99,
        100,
        101,
        102,
        103,
        104,
        105,
        106,
        107,
        108,
        109,
        110,
        111,
        112,
        113,
        114,
        115,
        116,
        117,
        118,
        119,
        120,
        121,
        122,
        123,
        124,
        125,
        126,
        127,
        128,
        129,
        130,
        131,
        132,
        133,
        134,
        135,
        136,
        137,
        138,
        139,
        140,
        141,
        142,
        143,
        144,
        145
    ],
    "train_loss": [
        287.17364501953125,
        286.2848815917969,
        285.40966796875,
        284.50384521484375,
        283.5523376464844,
        282.5086364746094,
        281.3175354003906,
        279.959716796875,
        278.413330078125,
        276.6395568847656,
        274.58978271484375,
        272.2220153808594,
        269.5094299316406,
        266.34954833984375,
        262.7290344238281,
        258.64434814453125,
        254.02383422851562,
        248.80201721191406,
        242.9536590576172,
        236.22901916503906,
        229.09397888183594,
        220.84263610839844,
        211.79629516601562,
        202.0341796875,
        190.66078186035156,
        178.88182067871094,
        166.10372924804688,
        151.78604125976562,
        138.00856018066406,
        124.31288146972656,
        112.01641845703125,
        101.13569641113281,
        94.79141235351562,
        91.42476654052734,
        90.20996856689453,
        87.95507049560547,
        84.49983978271484,
        78.81365203857422,
        74.64122772216797,
        70.86338806152344,
        69.81867980957031,
        69.87235260009766,
        71.0579605102539,
        71.29505920410156,
        71.281494140625,
        71.7612075805664,
        70.37419891357422,
        69.43903350830078,
        67.36524200439453,
        67.1788558959961,
        66.58807373046875,
        66.45369720458984,
        66.00572204589844,
        66.53296661376953,
        66.24044799804688,
        65.93274688720703,
        66.05923461914062,
        65.24038696289062,
        64.25267028808594,
        64.43363952636719,
        64.01277923583984,
        64.38101196289062,
        64.0426254272461,
        64.0554428100586,
        64.47064971923828,
        63.54944610595703,
        63.501075744628906,
        62.75437545776367,
        63.22209167480469,
        63.35816955566406,
        62.73090362548828,
        62.598846435546875,
        62.55678176879883,
        62.472381591796875,
        62.388328552246094,
        62.46617126464844,
        62.61094284057617,
        62.24497604370117,
        62.14322280883789,
        62.29248046875,
        61.538360595703125,
        62.018890380859375,
        61.4429931640625,
        61.703880310058594,
        61.779266357421875,
        62.02880859375,
        61.523155212402344,
        61.97541046142578,
        61.265113830566406,
        61.2742919921875,
        60.759578704833984,
        61.420894622802734,
        60.50755310058594,
        61.2962532043457,
        61.080196380615234,
        60.7453498840332,
        60.81050491333008,
        60.83663558959961,
        60.34552001953125,
        59.96919631958008,
        60.50205612182617,
        60.12338638305664,
        60.324737548828125,
        59.86759948730469,
        59.76988220214844,
        60.05794906616211,
        59.95991516113281,
        59.56601333618164,
        59.20294189453125,
        59.743953704833984,
        59.2708625793457,
        59.25045394897461,
        59.19224166870117,
        59.23917007446289,
        58.50700378417969,
        58.95075988769531,
        58.57255172729492,
        58.038578033447266,
        58.600101470947266,
        58.10396957397461,
        58.21082305908203,
        57.95766830444336,
        57.937896728515625,
        57.66321563720703,
        57.49174118041992,
        58.04878234863281,
        57.438541412353516,
        57.310340881347656,
        57.079200744628906,
        56.88774871826172,
        56.262977600097656,
        56.5472526550293,
        55.85545349121094,
        56.067264556884766,
        56.03822326660156,
        56.11436080932617,
        55.7671012878418,
        55.402191162109375,
        55.38340759277344,
        55.31356430053711,
        54.53821563720703,
        54.997352600097656,
        54.46967315673828,
        54.719505310058594,
        53.94221878051758,
        54.021724700927734
    ],