{
    "effect_pehe": 10.256546974182129,
    "effect_mae": 3.9070606231689453
}