{
    "effect_pehe": 5.492877006530762,
    "effect_mae": 1.2988333702087402
}