{
    "effect_pehe": 6.703754901885986,
    "effect_mae": 0.8252854347229004
}