{
    "effect_pehe": 8.564979553222656,
    "effect_mae": 0.41485118865966797
}