{
    "effect_pehe": 5.680243492126465,
    "effect_mae": 1.5236620903015137
}