{
    "effect_pehe": 8.380966186523438,
    "effect_mae": 1.8769845962524414
}