{
    "effect_pehe": 8.684877395629883,
    "effect_mae": 2.4516592025756836
}