{
    "effect_pehe": 11.584871292114258,
    "effect_mae": 2.483637809753418
}