{
    "effect_pehe": 8.974852561950684,
    "effect_mae": 0.37221527099609375
}