{
    "effect_pehe": 5.714773178100586,
    "effect_mae": 0.9534001350402832
}