{
    "effect_pehe": 9.043198585510254,
    "effect_mae": 0.4499378204345703
}