{
    "effect_pehe": 8.298053741455078,
    "effect_mae": 0.7936553955078125
}