{
    "effect_pehe": 6.3466105461120605,
    "effect_mae": 0.991063117980957
}