{
    "effect_pehe": 8.724654197692871,
    "effect_mae": 1.214216709136963
}