{
    "effect_pehe": 9.864555358886719,
    "effect_mae": 0.5618176460266113
}