{
    "effect_pehe": 6.655335426330566,
    "effect_mae": 0.43026018142700195
}