{
    "effect_pehe": 7.775473594665527,
    "effect_mae": 1.2819404602050781
}