{
    "effect_pehe": 7.290699005126953,
    "effect_mae": 1.2136344909667969
}