{
    "epoch": [
        0,
        1,
        2,
        3,
        4,
        5,
        6,
        7,
        8,
        9,
        10,
        11,
        12,
        13,
        14,
        15,
        16,
        17,
        18,
        19,
        20,
        21,
        22,
        23,
        24,
        25,
        26,
        27,
        28,
        29,
        30,
        31,
        32,
        33,
        34,
        35,
        36,
        37,
        38,
        39,
        40,
        41,
        42,
        43,
        44,
        45,
        46,
        47,
        48,
        49,
        50,
        51,
        52,
        53,
        54,
        55,
        56,
        57,
        58,
        59,
        60,
        61,
        62,
        63,
        64,
        65,
        66,
        67,
        68,
        69,
        70,
        71,
        72,
        73,
        74,
        75,
        76,
        77,
        78,
        79,
        80,
        81,
        82,
        83,
        84,
        85,
        86,
        87,
        88,
        89,
        90,
        91,
        92,
        93,
        94,
        95,
        96,
        97,
        98,
        99,
        100,
        101,
        102,
        103,
        104,
        105,
        106,
        107,
        108,
        109,
        110,
        111,
        112,
        113,
        114,
        115,
        116,
        117,
        118,
        119,
        120,
        121,
        122,
        123,
        124,
        125,
        126,
        127,
        128,
        129,
        130,
        131,
        132,
        133,
        134,
        135,
        136,
        137,
        138,
        139,
        140,
        141,
        142,
        143,
        144,
        145,
        146,
        147,
        148,
        149,
        150,
        151,
        152,
        153,
        154,
        155,
        156,
        157,
        158,
        159,
        160,
        161,
        162,
        163,
        164,
        165,
        166,
        167,
        168,
        169,
        170,
        171,
        172,
        173,
        174,
        175,
        176,
        177,
        178,
        179,
        180,
        181,
        182,
        183
    ],
    "train_loss": [
        2104.37939453125,
        1052.1939697265625,
        1066.122802734375,
        1286.93359375,
        1068.8697509765625,
        759.5331420898438,
        523.48095703125,
        549.8912963867188,
        606.1273193359375,
        648.3973388671875,
        512.6124877929688,
        392.7476806640625,
        303.8587646484375,
        295.29443359375,
        339.56402587890625,
        356.0199279785156,
        323.47772216796875,
        271.2382507324219,
        219.55906677246094,
        197.4318389892578,
        208.8540496826172,
        217.70989990234375,
        231.92005920410156,
        184.44345092773438,
        145.68919372558594,
        139.1345977783203,
        136.70086669921875,
        139.77622985839844,
        140.50376892089844,
        128.63442993164062,
        107.83954620361328,
        89.99756622314453,
        93.44623565673828,
        89.52961730957031,
        89.2519760131836,
        87.84544372558594,
        81.07576751708984,
        66.4454345703125,
        65.23164367675781,
        68.68572998046875,
        66.69892120361328,
        60.091522216796875,
        51.9169921875,
        47.41769790649414,
        47.696720123291016,
        51.468013763427734,
        49.087791442871094,
        43.74796676635742,
        38.911537170410156,
        37.243770599365234,
        37.209632873535156,
        37.53115463256836,
        31.460792541503906,
        27.896255493164062,
        25.253395080566406,
        27.678932189941406,
        26.799013137817383,
        24.180105209350586,
        21.790815353393555,
        20.282445907592773,
        21.04855728149414,
        18.706422805786133,
        18.84860610961914,
        17.456003189086914,
        15.2265625,
        15.283823013305664,
        14.922985076904297,
        13.75621223449707,
        12.819111824035645,
        11.668055534362793,
        11.32175064086914,
        11.19752311706543,
        10.534399032592773,
        9.681259155273438,
        9.082270622253418,
        8.435798645019531,
        7.843132495880127,
        8.060997009277344,
        7.279250144958496,
        6.842987060546875,
        6.438501834869385,
        5.979271411895752,
        6.1227827072143555,
        5.1745452880859375,
        5.0295867919921875,
        5.018321990966797,
        4.729533672332764,
        4.346996784210205,
        4.013089179992676,
        3.975008249282837,
        3.936589479446411,
        3.781036853790283,
        3.3550667762756348,
        3.5246996879577637,
        3.2606139183044434,
        3.1916542053222656,
        3.1769113540649414,
        2.772458076477051,
        2.741849660873413,
        2.697328805923462,
        2.7447097301483154,
        2.5524983406066895,
        2.3655569553375244,
        2.253786087036133,
        2.2382864952087402,
        2.1657207012176514,
        2.047025442123413,
        2.011317014694214,
        1.935771107673645,
        1.9201749563217163,
        1.8997470140457153,
        1.8121137619018555,
        1.7983813285827637,
        1.708958625793457,
        1.6955288648605347,
        1.6794371604919434,
        1.641740322113037,
        1.6266326904296875,
        1.62526273727417,
        1.5202125310897827,
        1.5285041332244873,
        1.4825749397277832,
        1.4936808347702026,
        1.5000145435333252,
        1.4243719577789307,
        1.412542700767517,
        1.4133172035217285,
        1.4098542928695679,
        1.347590684890747,
        1.3483946323394775,
        1.3659733533859253,
        1.3467296361923218,
        1.3314502239227295,
        1.3284727334976196,
        1.343895435333252,
        1.2982456684112549,
        1.313637375831604,
        1.2937997579574585,
        1.2825970649719238,
        1.281147837638855,
        1.2977232933044434,
        1.2890993356704712,
        1.2741817235946655,
        1.2756965160369873,
        1.2788958549499512,
        1.2558213472366333,
        1.2541340589523315,
        1.2632869482040405,
        1.2462306022644043,
        1.2554302215576172,
        1.24253511428833,
        1.243299126625061,
        1.2307072877883911,
        1.2420576810836792,
        1.2330518960952759,
        1.2257015705108643,
        1.2328622341156006,
        1.2310727834701538,
        1.232132911682129,
        1.2264560461044312,
        1.2357655763626099,
        1.2290921211242676,
        1.2220536470413208,
        1.2300503253936768,
        1.224151611328125,
        1.2203227281570435,
        1.2157328128814697,
        1.2270094156265259,
        1.2218869924545288,
        1.2171341180801392,
        1.215362310409546,
        1.2229804992675781,
        1.2238457202911377,
        1.2187256813049316,
        1.2227925062179565,
        1.219106912612915,
        1.2126435041427612,
        1.2158535718917847,
        1.2170027494430542,
        1.220346212387085,
        1.2279669046401978,
        1.2274194955825806,
        1.207157850265503,
        1.2073700428009033
    ],