{
    "effect_pehe": 11.803050243438364,
    "effect_mae": 8.47431789519157
}