{
    "effect_pehe": 15.787168505271739,
    "effect_mae": 12.693815990058596
}