{
    "effect_pehe": 6.642531432313192,
    "effect_mae": 5.15216870178073
}