{
    "effect_pehe": 12.491905500985007,
    "effect_mae": 9.546466995517038
}