{
    "effect_pehe": 9.446516158746158,
    "effect_mae": 6.7113666728295565
}