{
    "effect_pehe": 9.474023020395263,
    "effect_mae": 7.002785312833452
}