{
    "effect_pehe": 5.11947774887085,
    "effect_mae": 0.45071887969970703
}