{
    "effect_pehe": 4.386155128479004,
    "effect_mae": 0.8526184558868408
}