{
    "effect_pehe": 3.3512842655181885,
    "effect_mae": 0.5792958736419678
}