{
    "effect_pehe": 4.928378105163574,
    "effect_mae": 1.1856589317321777
}