{
    "effect_pehe": 22.20406723022461,
    "effect_mae": 2.188009262084961
}