{
    "effect_pehe": 7.087009906768799,
    "effect_mae": 2.2251453399658203
}