{
    "effect_pehe": 4.687975883483887,
    "effect_mae": 1.4849750995635986
}