{
    "effect_pehe": 4.072882175445557,
    "effect_mae": 0.1708226203918457
}