{
    "effect_pehe": 6.064712047576904,
    "effect_mae": 1.2251982688903809
}