{
    "effect_pehe": 8.044888496398926,
    "effect_mae": 1.9480695724487305
}