{
    "effect_pehe": 3.0027137210966486,
    "effect_mae": 2.3677856615778325
}