{
    "effect_pehe": 2.6962233852178663,
    "effect_mae": 2.039548424127718
}