{
    "effect_pehe": 3.0820174950662773,
    "effect_mae": 2.4584844829793595
}