{
    "effect_pehe": 2.346577723618412,
    "effect_mae": 1.843505444909284
}