{
    "effect_pehe": 3.2113877100960275,
    "effect_mae": 2.527811639380957
}