{
    "effect_pehe": 3.0545737399601927,
    "effect_mae": 2.447102346305438
}