{
    "effect_pehe": 3.059021120878685,
    "effect_mae": 2.3982361192547987
}