{
    "effect_pehe": 2.5740174794629924,
    "effect_mae": 2.0330331812308415
}