{
    "effect_pehe": 3.3711171108395837,
    "effect_mae": 2.5928380367742623
}