{
    "effect_pehe": 2.4673218458095683,
    "effect_mae": 1.9452454955156178
}