{
    "effect_pehe": 2.382496574481973,
    "effect_mae": 1.9074189976610716
}