{
    "effect_pehe": 2.4144734837523365,
    "effect_mae": 1.8894755796697924
}