{
    "effect_pehe": 13.471370697021484,
    "effect_mae": 0.2424321174621582
}