{
    "effect_pehe": 15.984221458435059,
    "effect_mae": 4.936593055725098
}