{
    "effect_pehe": 18.640300750732422,
    "effect_mae": 4.712091445922852
}