{
    "effect_pehe": 13.486340522766113,
    "effect_mae": 0.1290116310119629
}