{
    "effect_pehe": 19.550750732421875,
    "effect_mae": 6.224905014038086
}