{
    "effect_pehe": 13.503413200378418,
    "effect_mae": 2.9320144653320312
}