{
    "effect_pehe": 1.2042896747589111,
    "effect_mae": 0.07176944613456726
}