{
    "effect_pehe": 3.310231924057007,
    "effect_mae": 0.45555076003074646
}