{
    "effect_pehe": 3.2445180416107178,
    "effect_mae": 0.10481500625610352
}