{
    "effect_pehe": 0.8064433336257935,
    "effect_mae": 0.02296048402786255
}