{
    "effect_pehe": 3.280881404876709,
    "effect_mae": 0.34332266449928284
}