{
    "effect_pehe": 8.400250574468261,
    "effect_mae": 5.42678429196212
}