{
    "effect_pehe": 16.749586571471948,
    "effect_mae": 12.550726323166131
}