{
    "effect_pehe": 10.195021079779886,
    "effect_mae": 7.129403669105892
}