{
    "effect_pehe": 5.249447716596098,
    "effect_mae": 3.890243575951872
}