{
    "effect_pehe": 13.281097370564696,
    "effect_mae": 9.513096235082708
}