{
    "effect_pehe": 10.090898397921421,
    "effect_mae": 7.8242558061689245
}