{
    "effect_pehe": 1.858969807624817,
    "effect_mae": 0.4188075363636017
}