{
    "effect_pehe": 1.9904394149780273,
    "effect_mae": 0.007715344429016113
}