{
    "effect_pehe": 0.7905064821243286,
    "effect_mae": 0.04096883535385132
}