{
    "effect_pehe": 1.9574633836746216,
    "effect_mae": 0.6461297273635864
}