{
    "effect_pehe": 4.274259567260742,
    "effect_mae": 0.9430310726165771
}