{
    "effect_pehe": 10.266925811767578,
    "effect_mae": 1.2813348770141602
}