{
    "effect_pehe": 18.25318145751953,
    "effect_mae": 2.543330192565918
}