{
    "effect_pehe": 8.66328239440918,
    "effect_mae": 0.580510139465332
}