{
    "effect_pehe": 6.416993618011475,
    "effect_mae": 1.2378511428833008
}