{
    "effect_pehe": 19.222951889038086,
    "effect_mae": 0.028387069702148438
}