{
    "effect_pehe": 8.208444595336914,
    "effect_mae": 0.8456907272338867
}