{
    "epoch": [
        0,
        1,
        2,
        3,
        4,
        5,
        6,
        7,
        8,
        9,
        10,
        11,
        12,
        13,
        14,
        15,
        16,
        17,
        18,
        19,
        20,
        21,
        22,
        23,
        24,
        25,
        26,
        27,
        28,
        29,
        30,
        31,
        32,
        33,
        34,
        35,
        36,
        37,
        38,
        39,
        40,
        41,
        42,
        43,
        44,
        45,
        46,
        47,
        48,
        49,
        50,
        51,
        52,
        53,
        54,
        55,
        56,
        57,
        58,
        59,
        60,
        61,
        62,
        63,
        64,
        65,
        66,
        67,
        68,
        69,
        70,
        71,
        72,
        73,
        74,
        75,
        76,
        77,
        78,
        79,
        80,
        81,
        82,
        83,
        84,
        85,
        86,
        87,
        88,
        89,
        90,
        91,
        92,
        93,
        94,
        95,
        96,
        97,
        98,
        99,
        100,
        101,
        102,
        103,
        104,
        105,
        106,
        107,
        108,
        109,
        110,
        111,
        112,
        113,
        114,
        115,
        116,
        117,
        118,
        119,
        120,
        121,
        122,
        123,
        124,
        125,
        126,
        127,
        128,
        129,
        130,
        131,
        132,
        133,
        134,
        135,
        136,
        137,
        138,
        139,
        140,
        141,
        142,
        143,
        144,
        145,
        146,
        147,
        148,
        149,
        150,
        151,
        152,
        153,
        154,
        155,
        156,
        157,
        158,
        159,
        160,
        161
    ],
    "train_loss": [
        49.24555587768555,
        20.580839157104492,
        17.69651985168457,
        21.750450134277344,
        24.610443115234375,
        20.814510345458984,
        14.70084285736084,
        10.388026237487793,
        8.070302963256836,
        10.579195022583008,
        14.28701114654541,
        11.944571495056152,
        9.94664192199707,
        7.697930812835693,
        6.339787006378174,
        5.481817722320557,
        5.60439920425415,
        5.270665645599365,
        5.830075740814209,
        5.2414116859436035,
        5.116119861602783,
        4.1887946128845215,
        3.4325015544891357,
        3.743584632873535,
        4.02979850769043,
        3.933164119720459,
        3.8436238765716553,
        3.7682206630706787,
        2.9896864891052246,
        2.703169584274292,
        3.0474154949188232,
        2.8465993404388428,
        2.499115467071533,
        2.4502341747283936,
        2.2461915016174316,
        2.5371339321136475,
        1.7616320848464966,
        1.9807876348495483,
        2.0877552032470703,
        1.947221279144287,
        1.8366878032684326,
        1.6513514518737793,
        1.7543214559555054,
        1.6796417236328125,
        1.629408359527588,
        1.5323607921600342,
        1.5992928743362427,
        1.5035957098007202,
        1.3440684080123901,
        1.1909887790679932,
        1.224812388420105,
        1.336837887763977,
        1.2570627927780151,
        1.0673654079437256,
        1.0490928888320923,
        1.1868693828582764,
        1.0639039278030396,
        1.1564064025878906,
        0.897591769695282,
        1.106889247894287,
        0.9885687232017517,
        0.9167376756668091,
        0.8482022881507874,
        1.0961371660232544,
        0.8923776745796204,
        0.8019844889640808,
        0.8704507946968079,
        0.7773162722587585,
        0.7493970990180969,
        0.7835094928741455,
        0.7590579390525818,
        0.6925867199897766,
        0.7213565111160278,
        0.6837603449821472,
        0.6971859335899353,
        0.63609379529953,
        0.7567947506904602,
        0.6650687456130981,
        0.6388636231422424,
        0.6356391906738281,
        0.619044840335846,
        0.6064509153366089,
        0.5952759981155396,
        0.6187775135040283,
        0.5360018610954285,
        0.5547860264778137,
        0.5442431569099426,
        0.6119178533554077,
        0.5654929280281067,
        0.5497270822525024,
        0.5191047787666321,
        0.5454616546630859,
        0.5550013780593872,
        0.4972909390926361,
        0.5790928602218628,
        0.517080545425415,
        0.4949592649936676,
        0.5118770599365234,
        0.5151197910308838,
        0.4757061302661896,
        0.5335404276847839,
        0.49771344661712646,
        0.4934126138687134,
        0.5158869624137878,
        0.5231260657310486,
        0.510789692401886,
        0.4782992899417877,
        0.50247722864151,
        0.43933355808258057,
        0.49025535583496094,
        0.4920326769351959,
        0.4740285873413086,
        0.46624159812927246,
        0.5090104937553406,
        0.4434964656829834,
        0.4442876875400543,
        0.4525788128376007,
        0.44562646746635437,
        0.4289686381816864,
        0.4256590008735657,
        0.40142449736595154,
        0.43386149406433105,
        0.44079574942588806,
        0.45203328132629395,
        0.4987136721611023,
        0.4144022762775421,
        0.41294628381729126,
        0.42489972710609436,
        0.44053342938423157,
        0.4081331193447113,
        0.4305688440799713,
        0.38853272795677185,
        0.4294867515563965,
        0.3931776285171509,
        0.3578490912914276,
        0.4203670918941498,
        0.38379740715026855,
        0.457163006067276,
        0.4406868815422058,
        0.40628042817115784,
        0.4300346076488495,
        0.40082472562789917,
        0.3513547480106354,
        0.42980706691741943,
        0.387867271900177,
        0.4047657549381256,
        0.3628010153770447,
        0.4198417067527771,
        0.41608765721321106,
        0.4031530022621155,
        0.4225876033306122,
        0.41586536169052124,
        0.37220919132232666,
        0.36864131689071655,
        0.3868040442466736,
        0.37728574872016907,
        0.4089687168598175,
        0.3987784683704376,
        0.3740069270133972,
        0.3647613227367401,
        0.38935667276382446,
        0.3858228325843811
    ],