{
    "effect_pehe": 11.293985366821289,
    "effect_mae": 3.1476235389709473
}