{
    "epoch": [
        0,
        1,
        2,
        3,
        4,
        5,
        6,
        7,
        8,
        9,
        10,
        11,
        12,
        13,
        14,
        15,
        16,
        17,
        18,
        19,
        20,
        21,
        22,
        23,
        24,
        25,
        26,
        27,
        28,
        29,
        30,
        31,
        32,
        33,
        34,
        35,
        36,
        37,
        38,
        39,
        40,
        41,
        42,
        43,
        44,
        45,
        46,
        47,
        48,
        49,
        50,
        51,
        52,
        53,
        54,
        55,
        56,
        57,
        58,
        59,
        60,
        61,
        62,
        63,
        64,
        65,
        66,
        67,
        68,
        69,
        70,
        71,
        72,
        73,
        74,
        75,
        76,
        77,
        78,
        79,
        80,
        81,
        82,
        83,
        84,
        85,
        86,
        87,
        88,
        89,
        90,
        91,
        92,
        93,
        94,
        95,
        96,
        97,
        98,
        99,
        100,
        101,
        102,
        103,
        104,
        105,
        106,
        107,
        108,
        109,
        110,
        111,
        112,
        113,
        114,
        115,
        116
    ],
    "train_loss": [
        23.031070709228516,
        8.602601051330566,
        8.843116760253906,
        11.514089584350586,
        10.87693977355957,
        8.773882865905762,
        8.022146224975586,
        6.227052688598633,
        4.352972984313965,
        5.0679755210876465,
        5.635723114013672,
        5.256416320800781,
        5.0139946937561035,
        3.582383871078491,
        3.1558687686920166,
        3.213226795196533,
        3.163963556289673,
        2.9358303546905518,
        3.16241192817688,
        3.2004024982452393,
        2.7982900142669678,
        2.275764226913452,
        2.2265865802764893,
        2.2163572311401367,
        2.155409097671509,
        2.182176351547241,
        1.8842451572418213,
        1.9039970636367798,
        1.7345117330551147,
        1.5729902982711792,
        1.3676867485046387,
        1.693998098373413,
        1.6492719650268555,
        1.5093514919281006,
        1.3101218938827515,
        1.2181084156036377,
        1.2525599002838135,
        1.191499948501587,
        1.0996298789978027,
        0.992334246635437,
        1.1155680418014526,
        1.1068638563156128,
        1.031465768814087,
        0.95174241065979,
        0.841051459312439,
        0.8632417917251587,
        0.9520222544670105,
        0.8013477325439453,
        0.834494411945343,
        0.836306631565094,
        0.8109397292137146,
        0.8807514309883118,
        0.8800190091133118,
        0.7401136159896851,
        0.7707927823066711,
        0.7166650891304016,
        0.7472955584526062,
        0.6508005857467651,
        0.7223266959190369,
        0.7192805409431458,
        0.6983177661895752,
        0.7152355909347534,
        0.6986473202705383,
        0.7109375,
        0.6474361419677734,
        0.6937426328659058,
        0.6303353905677795,
        0.6223024725914001,
        0.6446470022201538,
        0.6616957187652588,
        0.6179946660995483,
        0.5857906341552734,
        0.5501118302345276,
        0.596245527267456,
        0.5535887479782104,
        0.5864788293838501,
        0.5919755101203918,
        0.5817456245422363,
        0.5847737789154053,
        0.5720824003219604,
        0.5576891303062439,
        0.5651633739471436,
        0.5872695446014404,
        0.5688512921333313,
        0.5760510563850403,
        0.5502896904945374,
        0.5782480239868164,
        0.5505346059799194,
        0.5850029587745667,
        0.5202459096908569,
        0.5863745808601379,
        0.5219595432281494,
        0.5437942147254944,
        0.5395746231079102,
        0.5407304167747498,
        0.5296091437339783,
        0.544647753238678,
        0.5292970538139343,
        0.5544270277023315,
        0.5683361291885376,
        0.5174452066421509,
        0.5568973422050476,
        0.5642218589782715,
        0.5220208764076233,
        0.5365862846374512,
        0.5368155837059021,
        0.47714170813560486,
        0.5180834531784058,
        0.5053845643997192,
        0.5155855417251587,
        0.5260187387466431,
        0.5208965539932251,
        0.5000719428062439,
        0.525964617729187,
        0.5254881381988525,
        0.5050011873245239,
        0.5535900592803955
    ],
    "val_loss": [
        20.731746673583984,
        8.683341026306152,
        8.135510444641113,
        7.69265079498291,
        8.954009056091309,
        8.823884010314941,
        8.487361907958984,
        7.16267728805542,
        4.243852138519287,
        6.301715850830078,
        4.275426387786865,
        4.684051036834717,
        4.749102592468262,
        3.5511257648468018,
        2.7921364307403564,
        3.1631031036376953,
        3.2594547271728516,
        2.594470500946045,
        4.1460771560668945,
        3.051767587661743,
        2.5232162475585938,
        2.4690842628479004,
        1.98321533203125,
        2.045428514480591,
        2.2424628734588623,
        1.998176097869873,
        1.5955908298492432,
        1.836164951324463,
        1.7649612426757812,
        1.4316816329956055,
        1.5336780548095703,
        1.1321395635604858,
        1.287105917930603,
        1.318365216255188,
        1.3622947931289673,
        1.194474458694458,
        1.1645809412002563,
        1.6647002696990967,
        1.02732253074646,
        1.1673948764801025,
        1.2741022109985352,
        1.0303634405136108,
        1.168178677558899,
        0.9649802446365356,
        0.9542222023010254,
        0.9776798486709595,
        1.0681467056274414,
        1.027401328086853,
        1.527501106262207,
        0.8718788027763367,
        0.8980622887611389,
        0.715948224067688,
        0.9665135145187378,
        0.7536943554878235,
        0.9565257430076599,
        0.7900092601776123,
        1.007908582687378,
        0.9542535543441772,
        0.8568152189254761,
        0.9602401852607727,
        0.7603527903556824,
        0.8630746603012085,
        0.9813433885574341,
        0.6694642901420593,
        0.6934624314308167,
        0.714307963848114,
        0.639554500579834,
        0.7553377747535706,
        0.8025832772254944,
        0.6616334915161133,
        0.7542846202850342,
        0.6961010098457336,
        0.7054364681243896,
        0.7998315095901489,
        0.7294409275054932,
        0.6510626077651978,
        0.7298644185066223,
        0.7063487768173218,
        0.5271525382995605,
        0.7013570070266724,
        0.7051036953926086,
        0.8367088437080383,
        0.692529022693634,
        0.7854381203651428,
        0.6514376401901245,
        0.713151752948761,
        0.7078795433044434,
        0.7318201065063477,
        0.6983281373977661,
        0.7026050686836243,
        0.5765503644943237,
        0.5190010666847229,
        0.7510961890220642,
        0.6359631419181824,
        0.5767678022384644,
        0.596611738204956,
        0.7418375015258789,
        0.6991615295410156,
        0.6346570253372192,
        0.5390383005142212,
        0.6430306434631348,
        0.638866662979126,
        0.6665537357330322,
        0.666530430316925,
        0.6157657504081726,
        0.5799733400344849,
        0.6389938592910767,
        0.7021660804748535,
        0.5997395515441895,
        0.6053354740142822,
        0.5921251773834229,
        0.6115328669548035,
        0.6706824898719788,
        0.5536763668060303,
        0.6003491878509521,
        0.6117587089538574,
        0.6292541027069092
    ]
}