{
    "effect_pehe": 9.261045455932617,
    "effect_mae": 0.23282814025878906
}