{
    "epoch": [
        0,
        1,
        2,
        3,
        4,
        5,
        6,
        7,
        8,
        9,
        10,
        11,
        12,
        13,
        14,
        15,
        16,
        17,
        18,
        19,
        20,
        21,
        22,
        23,
        24,
        25,
        26,
        27,
        28,
        29,
        30,
        31,
        32,
        33,
        34,
        35,
        36,
        37,
        38,
        39,
        40,
        41,
        42,
        43,
        44,
        45,
        46,
        47,
        48,
        49,
        50,
        51,
        52,
        53,
        54,
        55,
        56,
        57,
        58,
        59,
        60,
        61,
        62,
        63,
        64,
        65,
        66,
        67,
        68,
        69,
        70,
        71,
        72,
        73,
        74,
        75,
        76,
        77,
        78,
        79,
        80,
        81,
        82,
        83,
        84,
        85,
        86,
        87,
        88,
        89,
        90,
        91,
        92,
        93,
        94,
        95,
        96,
        97,
        98,
        99,
        100,
        101,
        102,
        103,
        104,
        105,
        106,
        107,
        108,
        109,
        110,
        111,
        112,
        113,
        114,
        115,
        116,
        117,
        118,
        119,
        120,
        121,
        122,
        123,
        124,
        125,
        126,
        127,
        128,
        129,
        130,
        131,
        132,
        133,
        134,
        135,
        136,
        137,
        138,
        139,
        140,
        141,
        142,
        143,
        144,
        145,
        146,
        147,
        148,
        149,
        150,
        151,
        152,
        153,
        154,
        155,
        156,
        157,
        158,
        159,
        160,
        161,
        162,
        163,
        164,
        165,
        166,
        167,
        168,
        169,
        170,
        171,
        172,
        173,
        174,
        175,
        176,
        177,
        178,
        179,
        180,
        181,
        182,
        183,
        184,
        185,
        186,
        187,
        188,
        189
    ],
    "train_loss": [
        151.64581298828125,
        72.35350036621094,
        25.8062744140625,
        9.803000450134277,
        15.398416519165039,
        27.140941619873047,
        38.821414947509766,
        44.83388900756836,
        40.95736312866211,
        29.413684844970703,
        20.22093391418457,
        11.210811614990234,
        7.078930854797363,
        7.702931880950928,
        10.110429763793945,
        14.916119575500488,
        17.096261978149414,
        17.565263748168945,
        15.325081825256348,
        12.573684692382812,
        10.157891273498535,
        6.6284589767456055,
        4.391509532928467,
        4.702274322509766,
        5.65293025970459,
        6.692214488983154,
        8.448970794677734,
        8.893000602722168,
        7.038604259490967,
        5.769829273223877,
        4.636026382446289,
        3.7409720420837402,
        3.3143763542175293,
        3.389394998550415,
        3.9979348182678223,
        4.649317264556885,
        4.825191974639893,
        4.384990215301514,
        4.194732189178467,
        3.51897931098938,
        3.140432834625244,
        2.7601513862609863,
        2.4800593852996826,
        2.7772107124328613,
        3.1173477172851562,
        3.0347578525543213,
        3.0627660751342773,
        2.9221646785736084,
        2.4523074626922607,
        2.4183566570281982,
        2.4467601776123047,
        2.23469614982605,
        2.0490667819976807,
        2.185659170150757,
        2.0725607872009277,
        2.4112117290496826,
        2.094517707824707,
        2.140650510787964,
        2.044163703918457,
        1.8082443475723267,
        1.8001770973205566,
        2.010969400405884,
        2.198655843734741,
        1.73246431350708,
        1.7217321395874023,
        1.5112767219543457,
        1.5117710828781128,
        1.5131316184997559,
        1.4019256830215454,
        1.681557059288025,
        1.623131275177002,
        1.6049858331680298,
        1.4912561178207397,
        1.5984703302383423,
        1.4525963068008423,
        1.4052447080612183,
        1.4919003248214722,
        1.342499852180481,
        1.3251858949661255,
        1.564566731452942,
        1.3942936658859253,
        1.2547913789749146,
        1.1472235918045044,
        1.2258517742156982,
        1.209726095199585,
        1.1997255086898804,
        1.1017974615097046,
        1.1370197534561157,
        1.091583251953125,
        1.174859642982483,
        1.0967154502868652,
        1.1149543523788452,
        1.1037975549697876,
        1.13158118724823,
        1.0712924003601074,
        0.9798270463943481,
        1.1269128322601318,
        0.9284497499465942,
        1.0567729473114014,
        1.0932058095932007,
        1.0742846727371216,
        0.9614600539207458,
        0.9579633474349976,
        0.9343805313110352,
        1.0814929008483887,
        0.9326266050338745,
        0.9504114389419556,
        0.8757411241531372,
        0.8683651089668274,
        0.8461723327636719,
        0.9850354194641113,
        0.9004656672477722,
        0.9217472076416016,
        0.8661956191062927,
        0.887374758720398,
        0.7729265689849854,
        0.7430272102355957,
        0.7577316164970398,
        0.8757742047309875,
        0.8232758641242981,
        0.7850571870803833,
        0.7378763556480408,
        0.7275797128677368,
        0.7491321563720703,
        0.7452974915504456,
        0.729431688785553,
        0.7605452537536621,
        0.7954984903335571,
        0.7133796215057373,
        0.713343620300293,
        0.7833490371704102,
        0.7244023680686951,
        0.7142323851585388,
        0.7288184762001038,
        0.683162271976471,
        0.716066300868988,
        0.7164332866668701,
        0.6865469217300415,
        0.7549896240234375,
        0.6329511404037476,
        0.6438471078872681,
        0.6590539813041687,
        0.6657381653785706,
        0.6278402209281921,
        0.6946600079536438,
        0.6859579086303711,
        0.6662357449531555,
        0.6180594563484192,
        0.6184016466140747,
        0.6209511160850525,
        0.637311577796936,
        0.6379468441009521,
        0.6660948395729065,
        0.6093634366989136,
        0.6185213327407837,
        0.5624967217445374,
        0.6793777942657471,
        0.6187968254089355,
        0.6076342463493347,
        0.6726660132408142,
        0.6067000031471252,
        0.6337236762046814,
        0.6435690522193909,
        0.5380207300186157,
        0.5731785297393799,
        0.6162057518959045,
        0.5743710398674011,
        0.6323389410972595,
        0.5962356328964233,
        0.6140389442443848,
        0.6142497062683105,
        0.616734504699707,
        0.6427484750747681,
        0.5968354940414429,
        0.607317328453064,
        0.5370901226997375,
        0.5678490400314331,
        0.5571101307868958,
        0.5406911373138428,
        0.5578315258026123,
        0.5629282593727112,
        0.562603235244751,
        0.5782566070556641,
        0.6037530303001404,
        0.5829802751541138,
        0.5458807945251465,
        0.5346934795379639,
        0.5917046070098877,
        0.6100260615348816,
        0.5434236526489258
    ],