{
    "effect_pehe": 6.267419815063477,
    "effect_mae": 1.25178861618042
}