{
    "effect_pehe": 7.271585941314697,
    "effect_mae": 0.3027329444885254
}