{
    "effect_pehe": 8.285239219665527,
    "effect_mae": 2.0759668350219727
}