{
    "effect_pehe": 11.340224266052246,
    "effect_mae": 1.991079330444336
}