{
    "effect_pehe": 5.848581790924072,
    "effect_mae": 0.4942917823791504
}