{
    "effect_pehe": 9.93401050567627,
    "effect_mae": 1.433720588684082
}