{
    "effect_pehe": 8.811300277709961,
    "effect_mae": 1.3658456802368164
}