{
    "effect_pehe": 11.648421287536621,
    "effect_mae": 0.8429684638977051
}