{
    "effect_pehe": 11.209385871887207,
    "effect_mae": 0.33134937286376953
}