{
    "effect_pehe": 9.621630668640137,
    "effect_mae": 2.1299610137939453
}