{
    "effect_pehe": 7.108545303344727,
    "effect_mae": 2.100346565246582
}