{
    "effect_pehe": 8.172494888305664,
    "effect_mae": 1.3000354766845703
}