{
    "effect_pehe": 6.979781150817871,
    "effect_mae": 0.5302028656005859
}