{
    "effect_pehe": 12.131075859069824,
    "effect_mae": 1.3230037689208984
}