{
    "effect_pehe": 5.429472923278809,
    "effect_mae": 0.6073470115661621
}