{
    "effect_pehe": 4.598430421082652,
    "effect_mae": 3.7280830458394667
}