{
    "effect_pehe": 2.604085317791803,
    "effect_mae": 2.0448856326927674
}