{
    "effect_pehe": 3.232042923234951,
    "effect_mae": 2.561008592433739
}