{
    "effect_pehe": 9.52017879486084,
    "effect_mae": 3.1759448051452637
}