{
    "epoch": [
        0,
        1,
        2,
        3,
        4,
        5,
        6,
        7,
        8,
        9,
        10,
        11,
        12,
        13,
        14,
        15,
        16,
        17,
        18,
        19,
        20,
        21,
        22,
        23,
        24,
        25,
        26,
        27,
        28,
        29,
        30,
        31,
        32,
        33,
        34,
        35,
        36,
        37,
        38,
        39,
        40,
        41,
        42,
        43,
        44,
        45,
        46,
        47,
        48,
        49,
        50,
        51,
        52,
        53,
        54,
        55,
        56,
        57,
        58,
        59,
        60,
        61,
        62,
        63,
        64,
        65,
        66,
        67,
        68,
        69,
        70,
        71,
        72,
        73,
        74,
        75,
        76,
        77,
        78,
        79,
        80,
        81,
        82,
        83,
        84,
        85,
        86,
        87,
        88,
        89,
        90,
        91,
        92,
        93,
        94,
        95,
        96,
        97,
        98,
        99,
        100,
        101,
        102,
        103,
        104,
        105,
        106,
        107,
        108,
        109,
        110,
        111,
        112,
        113,
        114,
        115,
        116,
        117,
        118,
        119,
        120,
        121,
        122,
        123,
        124,
        125,
        126,
        127,
        128,
        129,
        130,
        131,
        132,
        133,
        134,
        135,
        136,
        137,
        138,
        139,
        140,
        141
    ],
    "train_loss": [
        396.9071350097656,
        357.5138854980469,
        321.450439453125,
        288.3822021484375,
        256.7554931640625,
        228.27928161621094,
        211.41384887695312,
        193.1627197265625,
        173.0039520263672,
        165.97398376464844,
        150.9406280517578,
        155.58627319335938,
        136.47000122070312,
        134.11688232421875,
        113.34230041503906,
        125.59260559082031,
        128.5806427001953,
        119.52826690673828,
        117.41059112548828,
        131.57334899902344,
        126.79437255859375,
        115.3034896850586,
        118.43061065673828,
        106.18196868896484,
        101.15039825439453,
        95.05982971191406,
        112.0694580078125,
        107.62484741210938,
        105.37081909179688,
        128.12890625,
        117.11741638183594,
        109.17005920410156,
        82.09439849853516,
        103.90022277832031,
        99.82698822021484,
        107.955078125,
        109.71189880371094,
        95.91061401367188,
        105.1570053100586,
        110.86884307861328,
        95.61007690429688,
        112.3261947631836,
        118.8373794555664,
        108.24833679199219,
        95.77525329589844,
        92.41806030273438,
        88.68395233154297,
        98.27167510986328,
        114.02124786376953,
        90.48723602294922,
        78.79549407958984,
        84.8331069946289,
        91.78346252441406,
        89.28348541259766,
        88.67427825927734,
        111.84253692626953,
        86.05960845947266,
        93.97470092773438,
        96.97329711914062,
        72.05741882324219,
        75.35018920898438,
        74.69976043701172,
        75.21812438964844,
        87.873779296875,
        73.99070739746094,
        74.26380157470703,
        67.895751953125,
        84.42280578613281,
        78.63619995117188,
        74.308837890625,
        81.40907287597656,
        70.64775085449219,
        84.85718536376953,
        80.720458984375,
        74.43502807617188,
        84.62361145019531,
        83.58633422851562,
        76.36164093017578,
        64.99978637695312,
        81.03380584716797,
        63.351680755615234,
        111.32659149169922,
        61.7855339050293,
        74.8771743774414,
        57.32228088378906,
        71.18101501464844,
        80.64485168457031,
        59.68901443481445,
        68.01130676269531,
        74.26908111572266,
        69.88844299316406,
        76.83460998535156,
        71.8193359375,
        66.39515686035156,
        67.73741149902344,
        142.78329467773438,
        63.74664306640625,
        64.0538558959961,
        58.81937789916992,
        51.198951721191406,
        65.18740844726562,
        68.54685974121094,
        66.1078109741211,
        103.08586120605469,
        65.66319274902344,
        52.296600341796875,
        56.424720764160156,
        54.56578826904297,
        87.11363983154297,
        77.66668701171875,
        59.3020133972168,
        77.71711730957031,
        64.94551086425781,
        84.36273193359375,
        74.72696685791016,
        75.22595977783203,
        45.77777099609375,
        55.06625747680664,
        58.21485900878906,
        52.16651153564453,
        52.475852966308594,
        64.5268783569336,
        135.9525146484375,
        67.83987426757812,
        63.9045524597168,
        64.94602966308594,
        66.64458465576172,
        91.72315979003906,
        105.10946655273438,
        62.11930847167969,
        61.63328170776367,
        68.85831451416016,
        71.4236831665039,
        105.47250366210938,
        53.463600158691406,
        66.58228302001953,
        72.29290771484375,
        58.70771408081055,
        76.3253402709961,
        63.81657028198242,
        62.63901138305664,
        50.870609283447266
    ],