{
    "effect_pehe": 8.494707107543945,
    "effect_mae": 1.4764742851257324
}