{
    "effect_pehe": 4.273592540173129,
    "effect_mae": 3.3969961187154754
}