{
    "effect_pehe": 4.125087658665974,
    "effect_mae": 3.2908589074034675
}