{
    "effect_pehe": 5.011890924365294,
    "effect_mae": 4.059684866185309
}