{
    "effect_pehe": 5.1629932928596025,
    "effect_mae": 4.113321428534893
}