{
    "effect_pehe": 3.792276399593565,
    "effect_mae": 3.0562531731196243
}