{
    "effect_pehe": 3.772207334679933,
    "effect_mae": 3.016590393134466
}