{
    "effect_pehe": 3.3820841815439118,
    "effect_mae": 2.6666626111418483
}