{
    "effect_pehe": 3.480049750823923,
    "effect_mae": 2.7345051830488116
}