{
    "effect_pehe": 8.225057601928711,
    "effect_mae": 0.9264359474182129
}