{
    "epoch": [
        0,
        1,
        2,
        3,
        4,
        5,
        6,
        7,
        8,
        9,
        10,
        11,
        12,
        13,
        14,
        15,
        16,
        17,
        18,
        19,
        20,
        21,
        22,
        23,
        24,
        25,
        26,
        27,
        28,
        29,
        30,
        31,
        32,
        33,
        34,
        35,
        36,
        37,
        38,
        39,
        40,
        41,
        42,
        43,
        44,
        45,
        46,
        47,
        48,
        49,
        50,
        51,
        52,
        53,
        54,
        55,
        56,
        57,
        58,
        59,
        60,
        61,
        62,
        63,
        64,
        65,
        66,
        67,
        68,
        69,
        70,
        71,
        72,
        73,
        74,
        75,
        76,
        77,
        78,
        79,
        80,
        81,
        82,
        83,
        84,
        85,
        86,
        87,
        88,
        89,
        90,
        91,
        92,
        93,
        94,
        95,
        96,
        97,
        98,
        99,
        100
    ],
    "train_loss": [
        326.6388854980469,
        325.9838562011719,
        325.3348388671875,
        324.66766357421875,
        323.9526672363281,
        323.1773681640625,
        322.3030700683594,
        321.3018493652344,
        320.1388244628906,
        318.7986755371094,
        317.2053527832031,
        315.33087158203125,
        313.1069030761719,
        310.4669494628906,
        307.3236389160156,
        303.611328125,
        299.2356262207031,
        294.0574035644531,
        288.09942626953125,
        281.2770080566406,
        273.3398132324219,
        264.2049255371094,
        254.15911865234375,
        242.33761596679688,
        229.54403686523438,
        215.548828125,
        200.20309448242188,
        183.7875518798828,
        166.91488647460938,
        149.99598693847656,
        134.72409057617188,
        123.30113220214844,
        114.50885009765625,
        110.2351303100586,
        107.29174041748047,
        104.0612564086914,
        96.89715576171875,
        88.66362762451172,
        79.91975402832031,
        75.11593627929688,
        72.23099517822266,
        71.5271224975586,
        70.69580841064453,
        70.88528442382812,
        71.40493774414062,
        69.7435531616211,
        68.20787048339844,
        67.45918273925781,
        65.5719223022461,
        64.77313995361328,
        63.804256439208984,
        62.77341842651367,
        63.93364715576172,
        63.92118835449219,
        64.09797668457031,
        62.91161346435547,
        62.61129379272461,
        62.19424057006836,
        61.51337432861328,
        62.30439376831055,
        61.56067657470703,
        61.74378204345703,
        61.71083450317383,
        61.287288665771484,
        61.37123107910156,
        61.23283386230469,
        60.816986083984375,
        60.76435852050781,
        59.66257095336914,
        59.62424087524414,
        60.491188049316406,
        60.26890563964844,
        60.229774475097656,
        59.97121810913086,
        59.51788330078125,
        59.02054214477539,
        59.69916534423828,
        59.128089904785156,
        59.28133773803711,
        59.53779602050781,
        59.056392669677734,
        58.99370193481445,
        59.15903091430664,
        58.17166519165039,
        58.747676849365234,
        58.625213623046875,
        59.32869338989258,
        58.40074157714844,
        58.58911895751953,
        58.6756591796875,
        58.72867202758789,
        58.92463302612305,
        58.22256851196289,
        57.8465690612793,
        57.943904876708984,
        58.73420715332031,
        58.13680648803711,
        57.623565673828125,
        58.85578155517578,
        58.32389450073242,
        56.86329650878906
    ],
    "val_loss": [
        272.9850769042969,
        272.4103088378906,
        271.8307189941406,
        271.2297668457031,
        270.5959167480469,
        269.899169921875,
        269.1138916015625,
        268.2167053222656,
        267.171875,
        265.9407653808594,
        264.5123596191406,
        262.7825622558594,
        260.7239990234375,
        258.2707824707031,
        255.32275390625,
        251.83702087402344,
        247.65670776367188,
        242.73342895507812,
        236.8185272216797,
        230.03463745117188,
        222.33216857910156,
        213.37709045410156,
        203.04225158691406,
        191.51394653320312,
        178.46022033691406,
        164.48147583007812,
        149.5613250732422,
        133.9135284423828,
        117.62815856933594,
        103.40027618408203,
        91.15319061279297,
        82.33258056640625,
        78.87580108642578,
        78.90514373779297,
        80.6468734741211,
        80.16583251953125,
        76.40299224853516,
        70.88661193847656,
        63.66813278198242,
        57.85871124267578,
        54.78923034667969,
        52.73646545410156,
        52.538414001464844,
        51.49403381347656,
        52.512699127197266,
        51.114322662353516,
        50.19348907470703,
        49.89041519165039,
        49.309112548828125,
        49.20996856689453,
        49.93845748901367,
        51.449058532714844,
        52.431251525878906,
        53.11491012573242,
        51.320472717285156,
        50.44440460205078,
        49.69633102416992,
        47.34935760498047,
        49.30022430419922,
        48.18382263183594,
        47.244483947753906,
        47.167991638183594,
        45.893287658691406,
        47.41164779663086,
        47.39946365356445,
        48.119285583496094,
        48.026222229003906,
        47.7987174987793,
        48.36066436767578,
        48.837852478027344,
        48.1736946105957,
        46.93419647216797,
        46.655128479003906,
        47.33929443359375,
        46.331138610839844,
        45.347347259521484,
        47.110595703125,
        47.21697235107422,
        47.62022399902344,
        46.79216003417969,
        46.17852783203125,
        46.67320251464844,
        46.50263977050781,
        46.949951171875,
        46.55722427368164,
        47.10150146484375,
        45.91358947753906,
        46.53217315673828,
        45.55342102050781,
        46.4560546875,
        46.17892837524414,
        46.52104949951172,
        45.83576583862305,
        47.7316780090332,
        46.873573303222656,
        47.64695358276367,
        45.877105712890625,
        46.17763900756836,
        46.36313247680664,
        45.96600341796875,
        46.10376739501953
    ]
}