{
    "epoch": [
        0,
        1,
        2,
        3,
        4,
        5,
        6,
        7,
        8,
        9,
        10,
        11,
        12,
        13,
        14,
        15,
        16,
        17,
        18,
        19,
        20,
        21,
        22,
        23,
        24,
        25,
        26,
        27,
        28,
        29,
        30,
        31,
        32,
        33,
        34,
        35,
        36,
        37,
        38,
        39,
        40,
        41,
        42,
        43,
        44,
        45,
        46,
        47,
        48,
        49,
        50,
        51,
        52,
        53,
        54,
        55,
        56,
        57,
        58,
        59,
        60,
        61,
        62,
        63,
        64,
        65,
        66,
        67,
        68,
        69,
        70,
        71,
        72,
        73,
        74,
        75,
        76,
        77,
        78,
        79,
        80,
        81,
        82,
        83,
        84,
        85,
        86,
        87,
        88,
        89,
        90,
        91,
        92,
        93,
        94,
        95,
        96,
        97,
        98,
        99,
        100,
        101,
        102,
        103,
        104,
        105,
        106,
        107,
        108,
        109,
        110,
        111,
        112,
        113,
        114,
        115,
        116,
        117,
        118,
        119,
        120,
        121,
        122,
        123,
        124,
        125,
        126,
        127,
        128,
        129,
        130,
        131,
        132,
        133,
        134,
        135,
        136,
        137,
        138,
        139,
        140,
        141,
        142,
        143,
        144,
        145,
        146,
        147,
        148,
        149,
        150,
        151,
        152,
        153,
        154,
        155,
        156,
        157,
        158,
        159,
        160,
        161,
        162,
        163,
        164,
        165,
        166,
        167,
        168,
        169,
        170,
        171,
        172,
        173,
        174,
        175,
        176,
        177,
        178,
        179,
        180,
        181,
        182,
        183,
        184
    ],
    "train_loss": [
        185.74591064453125,
        185.12294006347656,
        184.51351928710938,
        183.90509033203125,
        183.2847900390625,
        182.62188720703125,
        181.89505004882812,
        181.08201599121094,
        180.13778686523438,
        179.0518341064453,
        177.76539611816406,
        176.2571563720703,
        174.45777893066406,
        172.4054718017578,
        169.94393920898438,
        167.05523681640625,
        163.68252563476562,
        159.76138305664062,
        155.1784210205078,
        149.78440856933594,
        143.83541870117188,
        136.83790588378906,
        129.10340881347656,
        120.29912567138672,
        110.92908477783203,
        100.77763366699219,
        90.36196899414062,
        79.48282623291016,
        69.9782485961914,
        62.93598556518555,
        57.93402099609375,
        56.29923629760742,
        57.651187896728516,
        57.13174819946289,
        53.492652893066406,
        48.059356689453125,
        42.597232818603516,
        39.18114471435547,
        36.40884780883789,
        36.30323791503906,
        36.470516204833984,
        36.97970199584961,
        37.37571716308594,
        36.82271957397461,
        35.7631950378418,
        34.68084716796875,
        33.29209899902344,
        32.015289306640625,
        31.944116592407227,
        32.01182174682617,
        32.43282699584961,
        32.319759368896484,
        31.985916137695312,
        31.613239288330078,
        30.997364044189453,
        30.787004470825195,
        30.322214126586914,
        30.573734283447266,
        30.503007888793945,
        30.841785430908203,
        30.695331573486328,
        30.3176326751709,
        30.089603424072266,
        30.24441146850586,
        29.453510284423828,
        29.80327606201172,
        29.532716751098633,
        29.88849639892578,
        29.469194412231445,
        29.45049285888672,
        29.131732940673828,
        29.29397964477539,
        28.68370246887207,
        29.17214012145996,
        29.114715576171875,
        29.35793685913086,
        29.1517333984375,
        28.917348861694336,
        28.61604118347168,
        28.88806915283203,
        28.918882369995117,
        28.704021453857422,
        28.543968200683594,
        28.72582244873047,
        28.472139358520508,
        28.820804595947266,
        28.321989059448242,
        28.85209846496582,
        28.415922164916992,
        28.458213806152344,
        27.98262596130371,
        28.205612182617188,
        28.508134841918945,
        28.47672462463379,
        28.2276668548584,
        28.592376708984375,
        28.268447875976562,
        28.098934173583984,
        28.546178817749023,
        28.36448860168457,
        28.017837524414062,
        27.784317016601562,
        27.893037796020508,
        27.966102600097656,
        27.945642471313477,
        27.939870834350586,
        27.856271743774414,
        27.5701847076416,
        28.19843864440918,
        27.7910099029541,
        27.63022804260254,
        28.01444435119629,
        27.86265754699707,
        27.759248733520508,
        27.6475772857666,
        27.53326988220215,
        27.73682403564453,
        27.318851470947266,
        27.761425018310547,
        28.028240203857422,
        27.724727630615234,
        27.438426971435547,
        27.31001853942871,
        27.41826629638672,
        27.343854904174805,
        27.429649353027344,
        27.713380813598633,
        27.42240333557129,
        27.2104434967041,
        27.106212615966797,
        27.434398651123047,
        27.226224899291992,
        27.296382904052734,
        27.357906341552734,
        26.934755325317383,
        26.87830352783203,
        26.696619033813477,
        26.997804641723633,
        27.169713973999023,
        26.681278228759766,
        27.005666732788086,
        26.932893753051758,
        26.82193946838379,
        26.752534866333008,
        26.9028263092041,
        26.491445541381836,
        26.657194137573242,
        26.87125015258789,
        26.612321853637695,
        26.561382293701172,
        26.93638038635254,
        26.416982650756836,
        26.483552932739258,
        26.581615447998047,
        26.317405700683594,
        26.506996154785156,
        26.456579208374023,
        26.541465759277344,
        26.715730667114258,
        26.444738388061523,
        26.35548973083496,
        26.346158981323242,
        26.46425437927246,
        25.834150314331055,
        26.342954635620117,
        26.353038787841797,
        26.333263397216797,
        26.096399307250977,
        26.37446403503418,
        26.388629913330078,
        26.359325408935547,
        26.001920700073242,
        26.347841262817383,
        25.81694793701172,
        25.87978744506836,
        25.617847442626953,
        25.51919174194336,
        25.444307327270508,
        25.704504013061523,
        25.935319900512695,
        25.616243362426758,
        25.641616821289062,
        25.997177124023438,
        25.55476951599121,
        25.697420120239258
    ],