{
    "effect_pehe": 14.349358558654785,
    "effect_mae": 4.859493255615234
}