{
    "effect_pehe": 5.162669658660889,
    "effect_mae": 0.05195903778076172
}