{
    "effect_pehe": 12.277738571166992,
    "effect_mae": 7.3229475021362305
}