{
    "effect_pehe": 13.286551475524902,
    "effect_mae": 6.616008758544922
}