{
    "effect_pehe": 6.737824440002441,
    "effect_mae": 1.453695297241211
}