{
    "effect_pehe": 5.1263813972473145,
    "effect_mae": 1.7516016960144043
}