{
    "effect_pehe": 5.2930684089660645,
    "effect_mae": 0.49367523193359375
}