{
    "effect_pehe": 4.8352437019348145,
    "effect_mae": 0.8301105499267578
}