{
    "effect_pehe": 6.216856479644775,
    "effect_mae": 1.928175926208496
}