{
    "effect_pehe": 4.574535846710205,
    "effect_mae": 0.5641601085662842
}