{
    "effect_pehe": 5.513092041015625,
    "effect_mae": 0.6077852249145508
}