{
    "effect_pehe": 4.7557830810546875,
    "effect_mae": 0.009212970733642578
}