{
    "effect_pehe": 4.767213821411133,
    "effect_mae": 0.22077274322509766
}