{
    "effect_pehe": 7.730828762054443,
    "effect_mae": 0.840388298034668
}