{
    "effect_pehe": 5.882086277008057,
    "effect_mae": 1.2925963401794434
}