{
    "effect_pehe": 7.933943748474121,
    "effect_mae": 0.6663610339164734
}