{
    "effect_pehe": 6.281254768371582,
    "effect_mae": 0.6572182178497314
}