{
    "effect_pehe": 7.522093772888184,
    "effect_mae": 0.9282549619674683
}