{
    "epoch": [
        0,
        1,
        2,
        3,
        4,
        5,
        6,
        7,
        8,
        9,
        10,
        11,
        12,
        13,
        14,
        15,
        16,
        17,
        18,
        19,
        20,
        21,
        22,
        23,
        24,
        25,
        26,
        27,
        28,
        29,
        30,
        31,
        32,
        33,
        34,
        35,
        36,
        37,
        38,
        39,
        40,
        41,
        42,
        43,
        44,
        45,
        46,
        47,
        48,
        49,
        50,
        51,
        52,
        53,
        54,
        55,
        56,
        57,
        58,
        59,
        60,
        61,
        62,
        63,
        64,
        65,
        66,
        67,
        68,
        69,
        70,
        71,
        72,
        73,
        74,
        75,
        76,
        77,
        78,
        79,
        80,
        81,
        82,
        83,
        84,
        85,
        86,
        87,
        88,
        89,
        90,
        91,
        92,
        93,
        94,
        95,
        96,
        97,
        98,
        99,
        100,
        101
    ],
    "train_loss": [
        43.85011672973633,
        43.80234909057617,
        43.75737762451172,
        43.709495544433594,
        43.65287780761719,
        43.596473693847656,
        43.52424621582031,
        43.44856262207031,
        43.35825729370117,
        43.25093460083008,
        43.12904357910156,
        42.977962493896484,
        42.80618667602539,
        42.6016960144043,
        42.36863327026367,
        42.09474563598633,
        41.78153991699219,
        41.425689697265625,
        41.01469039916992,
        40.54996871948242,
        40.029544830322266,
        39.44009017944336,
        38.79143142700195,
        38.06055450439453,
        37.24845504760742,
        36.338897705078125,
        35.36297607421875,
        34.25022888183594,
        33.0521125793457,
        31.749353408813477,
        30.347694396972656,
        28.850261688232422,
        27.276716232299805,
        25.607866287231445,
        23.9154052734375,
        22.198806762695312,
        20.49870491027832,
        18.813913345336914,
        17.256824493408203,
        15.833463668823242,
        14.571307182312012,
        13.534085273742676,
        12.711309432983398,
        12.119144439697266,
        11.592498779296875,
        11.21922779083252,
        10.817792892456055,
        10.438942909240723,
        10.066650390625,
        9.72075366973877,
        9.48579216003418,
        9.277995109558105,
        9.141541481018066,
        9.055937767028809,
        8.98917293548584,
        8.917645454406738,
        8.810572624206543,
        8.698868751525879,
        8.62356948852539,
        8.559809684753418,
        8.483062744140625,
        8.423639297485352,
        8.371594429016113,
        8.325170516967773,
        8.285500526428223,
        8.215727806091309,
        8.147704124450684,
        8.099353790283203,
        8.0794677734375,
        8.021049499511719,
        8.00936508178711,
        7.967101573944092,
        7.901570796966553,
        7.88163423538208,
        7.836822509765625,
        7.804978370666504,
        7.762933731079102,
        7.746672630310059,
        7.715882301330566,
        7.690539360046387,
        7.638860702514648,
        7.606772422790527,
        7.594483852386475,
        7.5530195236206055,
        7.528409481048584,
        7.520238399505615,
        7.4812846183776855,
        7.432967185974121,
        7.427690029144287,
        7.391987323760986,
        7.3624467849731445,
        7.345381259918213,
        7.333690643310547,
        7.310866355895996,
        7.285639762878418,
        7.244287490844727,
        7.2256550788879395,
        7.2045063972473145,
        7.193416595458984,
        7.141491889953613,
        7.1361083984375,
        7.09193754196167
    ],
    "val_loss": [
        43.96385955810547,
        43.91654968261719,
        43.8696403503418,
        43.820796966552734,
        43.76910400390625,
        43.709197998046875,
        43.644554138183594,
        43.569969177246094,
        43.48673629760742,
        43.37821578979492,
        43.26746368408203,
        43.118282318115234,
        42.962730407714844,
        42.7651252746582,
        42.537784576416016,
        42.292442321777344,
        42.003082275390625,
        41.643680572509766,
        41.26860046386719,
        40.82437515258789,
        40.34037399291992,
        39.798667907714844,
        39.157676696777344,
        38.49241638183594,
        37.706417083740234,
        36.86652755737305,
        35.92293930053711,
        34.85615921020508,
        33.75697326660156,
        32.4751091003418,
        31.158416748046875,
        29.78769302368164,
        28.273008346557617,
        26.69388771057129,
        25.099388122558594,
        23.440717697143555,
        21.83525276184082,
        20.27922821044922,
        18.786815643310547,
        17.391582489013672,
        16.146034240722656,
        15.050558090209961,
        14.21947956085205,
        13.577540397644043,
        13.078786849975586,
        12.628806114196777,
        12.235660552978516,
        11.888370513916016,
        11.56827449798584,
        11.295634269714355,
        11.113409996032715,
        10.915526390075684,
        10.86437702178955,
        10.86913776397705,
        10.804403305053711,
        10.719645500183105,
        10.66230297088623,
        10.52364730834961,
        10.46477222442627,
        10.334460258483887,
        10.253432273864746,
        10.204384803771973,
        10.122766494750977,
        10.043745994567871,
        10.064875602722168,
        10.025857925415039,
        9.981112480163574,
        10.000725746154785,
        10.002227783203125,
        9.983259201049805,
        9.989887237548828,
        10.037744522094727,
        9.975976943969727,
        9.98319149017334,
        9.981480598449707,
        9.948563575744629,
        9.935628890991211,
        9.9448823928833,
        9.975298881530762,
        9.958503723144531,
        9.978765487670898,
        9.997442245483398,
        10.004670143127441,
        9.994125366210938,
        10.035536766052246,
        9.994009017944336,
        10.006124496459961,
        10.0089750289917,
        10.009905815124512,
        9.99265193939209,
        9.953986167907715,
        9.99030876159668,
        9.957122802734375,
        9.975948333740234,
        9.987653732299805,
        9.998441696166992,
        10.000602722167969,
        9.99563217163086,
        10.048418045043945,
        10.029146194458008,
        10.032869338989258,
        10.049434661865234
    ]
}