{
    "epoch": [
        0,
        1,
        2,
        3,
        4,
        5,
        6,
        7,
        8,
        9,
        10,
        11,
        12,
        13,
        14,
        15,
        16,
        17,
        18,
        19,
        20,
        21,
        22,
        23,
        24,
        25,
        26,
        27,
        28,
        29,
        30,
        31,
        32,
        33,
        34,
        35,
        36,
        37,
        38,
        39,
        40,
        41,
        42,
        43,
        44,
        45,
        46,
        47,
        48,
        49,
        50,
        51,
        52,
        53,
        54,
        55,
        56,
        57,
        58,
        59,
        60,
        61,
        62,
        63,
        64,
        65,
        66,
        67,
        68,
        69,
        70,
        71,
        72,
        73,
        74,
        75,
        76,
        77,
        78,
        79,
        80,
        81,
        82,
        83,
        84,
        85,
        86,
        87,
        88,
        89,
        90,
        91,
        92,
        93,
        94,
        95,
        96,
        97,
        98,
        99,
        100,
        101,
        102,
        103,
        104,
        105,
        106,
        107,
        108
    ],
    "train_loss": [
        36.02545928955078,
        35.97151565551758,
        35.917633056640625,
        35.86115646362305,
        35.80335235595703,
        35.74420928955078,
        35.68012619018555,
        35.61565399169922,
        35.54546356201172,
        35.46928787231445,
        35.3809928894043,
        35.285186767578125,
        35.17600631713867,
        35.049354553222656,
        34.911033630371094,
        34.75184631347656,
        34.57767105102539,
        34.37942123413086,
        34.15311813354492,
        33.90309143066406,
        33.61114501953125,
        33.29607391357422,
        32.93952560424805,
        32.544219970703125,
        32.100128173828125,
        31.615001678466797,
        31.09347915649414,
        30.52741050720215,
        29.91451072692871,
        29.263465881347656,
        28.612913131713867,
        27.930450439453125,
        27.246570587158203,
        26.55913734436035,
        25.915884017944336,
        25.298086166381836,
        24.746126174926758,
        24.244661331176758,
        23.781335830688477,
        23.378328323364258,
        23.03748893737793,
        22.69327163696289,
        22.428476333618164,
        22.19938850402832,
        22.028894424438477,
        21.823333740234375,
        21.596601486206055,
        21.413293838500977,
        21.190696716308594,
        20.99823760986328,
        20.786270141601562,
        20.578035354614258,
        20.401897430419922,
        20.23035430908203,
        20.044218063354492,
        19.90169906616211,
        19.69365119934082,
        19.511350631713867,
        19.30738067626953,
        19.120981216430664,
        18.948192596435547,
        18.751220703125,
        18.562816619873047,
        18.40826988220215,
        18.236000061035156,
        18.059326171875,
        17.96849822998047,
        17.77303695678711,
        17.6549072265625,
        17.535358428955078,
        17.397891998291016,
        17.26407241821289,
        17.130786895751953,
        17.063213348388672,
        16.928447723388672,
        16.810211181640625,
        16.731834411621094,
        16.670551300048828,
        16.568342208862305,
        16.481964111328125,
        16.422359466552734,
        16.274513244628906,
        16.227020263671875,
        16.145475387573242,
        16.142295837402344,
        16.022769927978516,
        15.928475379943848,
        15.8643798828125,
        15.839444160461426,
        15.752147674560547,
        15.615279197692871,
        15.50955867767334,
        15.482281684875488,
        15.360238075256348,
        15.292742729187012,
        15.28001880645752,
        15.144811630249023,
        15.048824310302734,
        14.993577003479004,
        14.950048446655273,
        14.839554786682129,
        14.76384449005127,
        14.786688804626465,
        14.606247901916504,
        14.539268493652344,
        14.462122917175293,
        14.375653266906738,
        14.265806198120117,
        14.208963394165039
    ],
    "val_loss": [
        35.80311965942383,
        35.757774353027344,
        35.705352783203125,
        35.6585807800293,
        35.6064338684082,
        35.5544319152832,
        35.498924255371094,
        35.43858337402344,
        35.380977630615234,
        35.31365966796875,
        35.244956970214844,
        35.15324020385742,
        35.05754470825195,
        34.945865631103516,
        34.83225631713867,
        34.69802474975586,
        34.546810150146484,
        34.37468338012695,
        34.179054260253906,
        33.965885162353516,
        33.724979400634766,
        33.4600944519043,
        33.134422302246094,
        32.80231475830078,
        32.39140701293945,
        31.974853515625,
        31.496116638183594,
        31.008617401123047,
        30.421417236328125,
        29.872053146362305,
        29.21796989440918,
        28.586318969726562,
        27.92401123046875,
        27.32585334777832,
        26.71183967590332,
        26.137910842895508,
        25.648578643798828,
        25.187665939331055,
        24.84120750427246,
        24.53424644470215,
        24.270566940307617,
        24.033885955810547,
        23.869277954101562,
        23.758813858032227,
        23.605854034423828,
        23.50725746154785,
        23.47562599182129,
        23.29368782043457,
        23.190820693969727,
        23.0526180267334,
        22.977645874023438,
        22.825790405273438,
        22.729867935180664,
        22.554370880126953,
        22.422521591186523,
        22.35735321044922,
        22.236122131347656,
        22.12704849243164,
        21.986040115356445,
        21.858898162841797,
        21.78628158569336,
        21.617965698242188,
        21.56171417236328,
        21.38222312927246,
        21.269163131713867,
        21.152971267700195,
        21.00212287902832,
        20.893701553344727,
        20.71962547302246,
        20.505828857421875,
        20.481815338134766,
        20.265518188476562,
        20.208349227905273,
        20.14797592163086,
        20.038511276245117,
        20.008060455322266,
        19.9827938079834,
        19.94581413269043,
        19.919837951660156,
        19.917686462402344,
        19.93523597717285,
        19.931982040405273,
        19.891942977905273,
        19.873580932617188,
        19.9249267578125,
        19.950525283813477,
        19.915576934814453,
        19.993471145629883,
        20.04125213623047,
        20.065134048461914,
        20.218263626098633,
        20.0838623046875,
        20.23349380493164,
        20.1539363861084,
        20.27224349975586,
        20.324230194091797,
        20.33203887939453,
        20.335203170776367,
        20.352781295776367,
        20.393856048583984,
        20.52831268310547,
        20.513521194458008,
        20.65119171142578,
        20.658483505249023,
        20.626909255981445,
        20.69599723815918,
        20.700178146362305,
        20.864721298217773,
        20.737558364868164
    ]
}