{
    "epoch": [
        0,
        1,
        2,
        3,
        4,
        5,
        6,
        7,
        8,
        9,
        10,
        11,
        12,
        13,
        14,
        15,
        16,
        17,
        18,
        19,
        20,
        21,
        22,
        23,
        24,
        25,
        26,
        27,
        28,
        29,
        30,
        31,
        32,
        33,
        34,
        35,
        36,
        37,
        38,
        39,
        40,
        41,
        42,
        43,
        44,
        45,
        46,
        47,
        48,
        49,
        50,
        51,
        52,
        53,
        54,
        55,
        56,
        57,
        58,
        59,
        60,
        61,
        62,
        63,
        64,
        65,
        66,
        67,
        68,
        69,
        70,
        71,
        72,
        73,
        74,
        75,
        76,
        77,
        78,
        79,
        80,
        81,
        82,
        83,
        84,
        85,
        86,
        87,
        88,
        89,
        90,
        91,
        92,
        93,
        94,
        95,
        96,
        97,
        98,
        99,
        100,
        101,
        102,
        103,
        104,
        105,
        106,
        107,
        108,
        109,
        110,
        111,
        112
    ],
    "train_loss": [
        43.19739532470703,
        43.14512252807617,
        43.09479522705078,
        43.042903900146484,
        42.987186431884766,
        42.9281120300293,
        42.86159133911133,
        42.786903381347656,
        42.70180130004883,
        42.60303497314453,
        42.49166488647461,
        42.361602783203125,
        42.21267318725586,
        42.03864288330078,
        41.83831787109375,
        41.60544967651367,
        41.33926010131836,
        41.02155685424805,
        40.665523529052734,
        40.26617431640625,
        39.801673889160156,
        39.28586959838867,
        38.70771026611328,
        38.06583023071289,
        37.35285568237305,
        36.578834533691406,
        35.73414611816406,
        34.80335235595703,
        33.796791076660156,
        32.69147872924805,
        31.501371383666992,
        30.24077796936035,
        28.90594482421875,
        27.476970672607422,
        26.024763107299805,
        24.518795013427734,
        22.986534118652344,
        21.486480712890625,
        20.030363082885742,
        18.62923812866211,
        17.328044891357422,
        16.129796981811523,
        15.153421401977539,
        14.242408752441406,
        13.546944618225098,
        12.942505836486816,
        12.464127540588379,
        12.046022415161133,
        11.649213790893555,
        11.26294231414795,
        10.926925659179688,
        10.609028816223145,
        10.386197090148926,
        10.209609031677246,
        10.063685417175293,
        9.983732223510742,
        9.913640022277832,
        9.867023468017578,
        9.818120956420898,
        9.72887134552002,
        9.69051742553711,
        9.598987579345703,
        9.5721435546875,
        9.50611686706543,
        9.448979377746582,
        9.424835205078125,
        9.334489822387695,
        9.28070068359375,
        9.195978164672852,
        9.142014503479004,
        9.098923683166504,
        9.05728530883789,
        9.018603324890137,
        8.965641021728516,
        8.919142723083496,
        8.883147239685059,
        8.841774940490723,
        8.806568145751953,
        8.760160446166992,
        8.730581283569336,
        8.710735321044922,
        8.64747428894043,
        8.623512268066406,
        8.585613250732422,
        8.55167007446289,
        8.508277893066406,
        8.48521614074707,
        8.457535743713379,
        8.393841743469238,
        8.373059272766113,
        8.361533164978027,
        8.31797981262207,
        8.280332565307617,
        8.259825706481934,
        8.21628475189209,
        8.191070556640625,
        8.166118621826172,
        8.13871955871582,
        8.10224723815918,
        8.051979064941406,
        8.02220630645752,
        8.004609107971191,
        7.973969459533691,
        7.9536333084106445,
        7.9183220863342285,
        7.887956619262695,
        7.874073028564453,
        7.838337421417236,
        7.821486473083496,
        7.781647682189941,
        7.74307107925415,
        7.711827754974365,
        7.680508136749268
    ],
    "val_loss": [
        41.491065979003906,
        41.434661865234375,
        41.37897491455078,
        41.322330474853516,
        41.2623405456543,
        41.19584274291992,
        41.1259651184082,
        41.05070495605469,
        40.9605712890625,
        40.857887268066406,
        40.741249084472656,
        40.609405517578125,
        40.45930480957031,
        40.286277770996094,
        40.08311462402344,
        39.84767532348633,
        39.58629608154297,
        39.268470764160156,
        38.914676666259766,
        38.518028259277344,
        38.047847747802734,
        37.542572021484375,
        36.967987060546875,
        36.3362922668457,
        35.61076736450195,
        34.840396881103516,
        33.96715545654297,
        33.03859329223633,
        32.04941177368164,
        30.970924377441406,
        29.778589248657227,
        28.526763916015625,
        27.221223831176758,
        25.809335708618164,
        24.413122177124023,
        22.986360549926758,
        21.50943946838379,
        20.142066955566406,
        18.765714645385742,
        17.500263214111328,
        16.359201431274414,
        15.363845825195312,
        14.537665367126465,
        13.83300495147705,
        13.321710586547852,
        12.937033653259277,
        12.597579002380371,
        12.389127731323242,
        12.092453002929688,
        11.810291290283203,
        11.532835960388184,
        11.271727561950684,
        11.12415599822998,
        10.987151145935059,
        10.80483341217041,
        10.733179092407227,
        10.714035034179688,
        10.687788009643555,
        10.672718048095703,
        10.645288467407227,
        10.652536392211914,
        10.658318519592285,
        10.677629470825195,
        10.726420402526855,
        10.7031831741333,
        10.703158378601074,
        10.647841453552246,
        10.591343879699707,
        10.51560115814209,
        10.447190284729004,
        10.35934066772461,
        10.344722747802734,
        10.353599548339844,
        10.322616577148438,
        10.315224647521973,
        10.329608917236328,
        10.299473762512207,
        10.361023902893066,
        10.385831832885742,
        10.429084777832031,
        10.380112648010254,
        10.39730167388916,
        10.386584281921387,
        10.350031852722168,
        10.345706939697266,
        10.302443504333496,
        10.283995628356934,
        10.273274421691895,
        10.307241439819336,
        10.328810691833496,
        10.334156036376953,
        10.355295181274414,
        10.348249435424805,
        10.414098739624023,
        10.386646270751953,
        10.366636276245117,
        10.380749702453613,
        10.357351303100586,
        10.337162017822266,
        10.368537902832031,
        10.390547752380371,
        10.364812850952148,
        10.401676177978516,
        10.361337661743164,
        10.383090019226074,
        10.373627662658691,
        10.404696464538574,
        10.400483131408691,
        10.408632278442383,
        10.443082809448242,
        10.417652130126953,
        10.418627738952637,
        10.403840065002441
    ]
}