{
    "effect_pehe": 6.025026798248291,
    "effect_mae": 1.6408823728561401
}