{
    "epoch": [
        0,
        1,
        2,
        3,
        4,
        5,
        6,
        7,
        8,
        9,
        10,
        11,
        12,
        13,
        14,
        15,
        16,
        17,
        18,
        19,
        20,
        21,
        22,
        23,
        24,
        25,
        26,
        27,
        28,
        29,
        30,
        31,
        32,
        33,
        34,
        35,
        36,
        37,
        38,
        39,
        40,
        41,
        42,
        43,
        44,
        45,
        46,
        47,
        48,
        49,
        50,
        51,
        52,
        53,
        54,
        55,
        56,
        57,
        58,
        59,
        60,
        61,
        62,
        63,
        64,
        65,
        66,
        67,
        68,
        69,
        70,
        71,
        72,
        73,
        74,
        75,
        76,
        77,
        78,
        79,
        80,
        81,
        82,
        83,
        84,
        85,
        86,
        87,
        88,
        89,
        90,
        91,
        92,
        93,
        94,
        95,
        96,
        97,
        98,
        99,
        100,
        101,
        102,
        103,
        104,
        105
    ],
    "train_loss": [
        33.74640655517578,
        33.69633102416992,
        33.64769744873047,
        33.60185623168945,
        33.55160140991211,
        33.499977111816406,
        33.446292877197266,
        33.38867950439453,
        33.32350540161133,
        33.25114822387695,
        33.17342758178711,
        33.09181594848633,
        32.99192428588867,
        32.88202667236328,
        32.75849533081055,
        32.61922073364258,
        32.45939636230469,
        32.290252685546875,
        32.093475341796875,
        31.878562927246094,
        31.64141845703125,
        31.360246658325195,
        31.053569793701172,
        30.695619583129883,
        30.32062530517578,
        29.913619995117188,
        29.439102172851562,
        28.936634063720703,
        28.38394546508789,
        27.817819595336914,
        27.207304000854492,
        26.57587432861328,
        25.945064544677734,
        25.309284210205078,
        24.67986488342285,
        24.100318908691406,
        23.55370330810547,
        23.038314819335938,
        22.590801239013672,
        22.202777862548828,
        21.835378646850586,
        21.50424575805664,
        21.190153121948242,
        20.942569732666016,
        20.638439178466797,
        20.388216018676758,
        20.153278350830078,
        19.93792152404785,
        19.763505935668945,
        19.56717872619629,
        19.40370750427246,
        19.268070220947266,
        19.11186408996582,
        18.979572296142578,
        18.86517906188965,
        18.761789321899414,
        18.63007354736328,
        18.523609161376953,
        18.4148006439209,
        18.303991317749023,
        18.207551956176758,
        18.1336612701416,
        18.039884567260742,
        17.94910430908203,
        17.893474578857422,
        17.793977737426758,
        17.763505935668945,
        17.666200637817383,
        17.60957145690918,
        17.545223236083984,
        17.4747314453125,
        17.407560348510742,
        17.337444305419922,
        17.29035758972168,
        17.22643280029297,
        17.153730392456055,
        17.08281898498535,
        17.022844314575195,
        16.954730987548828,
        16.91995620727539,
        16.834379196166992,
        16.79488182067871,
        16.724227905273438,
        16.640546798706055,
        16.56792640686035,
        16.502180099487305,
        16.44805908203125,
        16.372346878051758,
        16.323284149169922,
        16.23712730407715,
        16.127885818481445,
        16.090059280395508,
        16.023609161376953,
        15.970069885253906,
        15.874217987060547,
        15.806008338928223,
        15.728981971740723,
        15.652320861816406,
        15.565875053405762,
        15.471463203430176,
        15.402153968811035,
        15.305240631103516,
        15.264974594116211,
        15.16933536529541,
        15.069721221923828,
        14.958656311035156
    ],
    "val_loss": [
        35.11408615112305,
        35.06460189819336,
        35.01728439331055,
        34.968685150146484,
        34.91986846923828,
        34.86851119995117,
        34.81339645385742,
        34.75623321533203,
        34.68359375,
        34.61006164550781,
        34.53107833862305,
        34.44383239746094,
        34.34279251098633,
        34.22964096069336,
        34.098777770996094,
        33.947845458984375,
        33.79265594482422,
        33.5950927734375,
        33.395015716552734,
        33.165653228759766,
        32.9015998840332,
        32.5941162109375,
        32.269073486328125,
        31.882431030273438,
        31.478845596313477,
        31.018037796020508,
        30.492149353027344,
        29.95221710205078,
        29.35701560974121,
        28.7097110748291,
        28.06626319885254,
        27.38272476196289,
        26.72478675842285,
        26.016353607177734,
        25.336135864257812,
        24.72224235534668,
        24.1109619140625,
        23.515296936035156,
        23.026962280273438,
        22.600143432617188,
        22.204734802246094,
        21.88913917541504,
        21.608205795288086,
        21.289356231689453,
        21.0153865814209,
        20.7219181060791,
        20.51719856262207,
        20.333927154541016,
        20.133821487426758,
        19.96410369873047,
        19.804534912109375,
        19.653484344482422,
        19.56525230407715,
        19.52079200744629,
        19.358943939208984,
        19.29837417602539,
        19.234085083007812,
        19.098920822143555,
        19.064638137817383,
        19.019895553588867,
        18.96829605102539,
        18.85381317138672,
        18.8034610748291,
        18.824352264404297,
        18.757925033569336,
        18.767658233642578,
        18.720043182373047,
        18.711551666259766,
        18.712085723876953,
        18.712915420532227,
        18.672840118408203,
        18.649702072143555,
        18.643943786621094,
        18.61240577697754,
        18.59043312072754,
        18.61548614501953,
        18.65102767944336,
        18.602092742919922,
        18.622711181640625,
        18.606534957885742,
        18.5553035736084,
        18.6271915435791,
        18.679304122924805,
        18.68327522277832,
        18.671951293945312,
        18.691089630126953,
        18.721111297607422,
        18.703582763671875,
        18.761837005615234,
        18.74850845336914,
        18.819067001342773,
        18.867271423339844,
        18.905990600585938,
        18.94001007080078,
        18.899877548217773,
        18.961652755737305,
        18.95207977294922,
        19.03459358215332,
        19.112924575805664,
        19.122753143310547,
        19.17543601989746,
        19.176769256591797,
        19.264453887939453,
        19.250810623168945,
        19.24777603149414,
        19.339303970336914
    ]
}