{
    "effect_pehe": 6.3242692947387695,
    "effect_mae": 1.1618525981903076
}