{
    "effect_pehe": 6.564785003662109,
    "effect_mae": 0.359369695186615
}