{
    "epoch": [
        0,
        1,
        2,
        3,
        4,
        5,
        6,
        7,
        8,
        9,
        10,
        11,
        12,
        13,
        14,
        15,
        16,
        17,
        18,
        19,
        20,
        21,
        22,
        23,
        24,
        25,
        26,
        27,
        28,
        29,
        30,
        31,
        32,
        33,
        34,
        35,
        36,
        37,
        38,
        39,
        40,
        41,
        42,
        43,
        44,
        45,
        46,
        47,
        48,
        49,
        50,
        51,
        52,
        53,
        54,
        55,
        56,
        57,
        58,
        59,
        60,
        61,
        62,
        63,
        64,
        65,
        66,
        67,
        68,
        69,
        70,
        71,
        72,
        73,
        74,
        75,
        76,
        77,
        78,
        79,
        80
    ],
    "train_loss": [
        30.296682357788086,
        30.26751136779785,
        30.240108489990234,
        30.211841583251953,
        30.183406829833984,
        30.152406692504883,
        30.11663818359375,
        30.078290939331055,
        30.032005310058594,
        29.982362747192383,
        29.917205810546875,
        29.850393295288086,
        29.76207733154297,
        29.66703987121582,
        29.556930541992188,
        29.424468994140625,
        29.27948570251465,
        29.106525421142578,
        28.914535522460938,
        28.69570541381836,
        28.439016342163086,
        28.159400939941406,
        27.845020294189453,
        27.503328323364258,
        27.122209548950195,
        26.69418716430664,
        26.231300354003906,
        25.745750427246094,
        25.196388244628906,
        24.640108108520508,
        24.048765182495117,
        23.423999786376953,
        22.782445907592773,
        22.133068084716797,
        21.504697799682617,
        20.859535217285156,
        20.279756546020508,
        19.68564796447754,
        19.17363929748535,
        18.6900634765625,
        18.258832931518555,
        17.908449172973633,
        17.604846954345703,
        17.33503532409668,
        17.082735061645508,
        16.871667861938477,
        16.61756706237793,
        16.359500885009766,
        16.131826400756836,
        15.955855369567871,
        15.75501823425293,
        15.651366233825684,
        15.547727584838867,
        15.462355613708496,
        15.343341827392578,
        15.247278213500977,
        15.137015342712402,
        15.046360969543457,
        14.945730209350586,
        14.882369995117188,
        14.811553001403809,
        14.77271842956543,
        14.663986206054688,
        14.605914115905762,
        14.546457290649414,
        14.481217384338379,
        14.387924194335938,
        14.345019340515137,
        14.269051551818848,
        14.242534637451172,
        14.139049530029297,
        14.080870628356934,
        14.043415069580078,
        13.942198753356934,
        13.850651741027832,
        13.829622268676758,
        13.76082992553711,
        13.691137313842773,
        13.610550880432129,
        13.565728187561035,
        13.448991775512695
    ],
    "val_loss": [
        30.37737464904785,
        30.349788665771484,
        30.324159622192383,
        30.299104690551758,
        30.275043487548828,
        30.246286392211914,
        30.216266632080078,
        30.180509567260742,
        30.14146614074707,
        30.094100952148438,
        30.034704208374023,
        29.968042373657227,
        29.89342498779297,
        29.794618606567383,
        29.689661026000977,
        29.56903076171875,
        29.427854537963867,
        29.26717185974121,
        29.092321395874023,
        28.868558883666992,
        28.629425048828125,
        28.37045669555664,
        28.054502487182617,
        27.731943130493164,
        27.371736526489258,
        26.974313735961914,
        26.516372680664062,
        26.039262771606445,
        25.526123046875,
        24.98798179626465,
        24.43754768371582,
        23.824480056762695,
        23.255695343017578,
        22.633996963500977,
        22.013004302978516,
        21.451698303222656,
        20.932636260986328,
        20.367801666259766,
        19.961132049560547,
        19.530668258666992,
        19.238971710205078,
        18.95462989807129,
        18.750686645507812,
        18.620656967163086,
        18.444440841674805,
        18.224945068359375,
        18.051740646362305,
        17.793615341186523,
        17.654232025146484,
        17.47286033630371,
        17.306167602539062,
        17.222808837890625,
        17.10005760192871,
        17.120758056640625,
        17.052532196044922,
        17.024307250976562,
        17.032032012939453,
        17.027700424194336,
        17.06982421875,
        17.11319923400879,
        17.137603759765625,
        17.106678009033203,
        17.22183609008789,
        17.203079223632812,
        17.182514190673828,
        17.1317081451416,
        17.168487548828125,
        17.092634201049805,
        17.10926055908203,
        17.087966918945312,
        17.1102237701416,
        17.162412643432617,
        17.189889907836914,
        17.311845779418945,
        17.28322982788086,
        17.34136962890625,
        17.329635620117188,
        17.31443214416504,
        17.400556564331055,
        17.303882598876953,
        17.363636016845703
    ]
}