{
    "effect_pehe": 6.1195244789123535,
    "effect_mae": 0.41492652893066406
}