{
    "effect_pehe": 21.253868103027344,
    "effect_mae": 1.2463626861572266
}