{
    "effect_pehe": 7.203810691833496,
    "effect_mae": 1.459498405456543
}