{
    "effect_pehe": 7.1087422370910645,
    "effect_mae": 1.6355152130126953
}