{
    "effect_pehe": 9.519916534423828,
    "effect_mae": 1.5628776550292969
}