{
    "effect_pehe": 7.892431735992432,
    "effect_mae": 0.728513240814209
}