{
    "effect_pehe": 21.128889083862305,
    "effect_mae": 1.4195775985717773
}