{
    "effect_pehe": 3.219735622406006,
    "effect_mae": 0.6502335071563721
}