{
    "effect_pehe": 9.884853000359179,
    "effect_mae": 8.882295029552205
}