{
    "effect_pehe": 3.4065692480546392,
    "effect_mae": 2.735796307417545
}