{
    "effect_pehe": 3.9811338999626744,
    "effect_mae": 3.1529662735516477
}