{
    "effect_pehe": 3.559143154538476,
    "effect_mae": 2.8249447531620726
}