{
    "effect_pehe": 3.812800974459861,
    "effect_mae": 3.0228368324221293
}