{
    "effect_pehe": 3.9286627730620474,
    "effect_mae": 3.196984943773445
}