{
    "effect_pehe": 3.881958179206802,
    "effect_mae": 3.051448116239955
}