{
    "effect_pehe": 3.1277866087162245,
    "effect_mae": 2.5032429908825815
}