{
    "effect_pehe": 3.0440869516214586,
    "effect_mae": 2.3964923516219527
}