{
    "effect_pehe": 3.4630279541015625,
    "effect_mae": 0.5687241554260254
}