{
    "effect_pehe": 3.3037383556365967,
    "effect_mae": 0.2621029317378998
}