{
    "effect_pehe": 2.1447548866271973,
    "effect_mae": 0.04465767741203308
}