{
    "effect_pehe": 0.8063369393348694,
    "effect_mae": 0.017594605684280396
}