{
    "effect_pehe": 1.3252968788146973,
    "effect_mae": 0.17114275693893433
}