{
    "effect_pehe": 3.5476644039154053,
    "effect_mae": 0.2803248465061188
}