{
    "effect_pehe": 2.040276288986206,
    "effect_mae": 0.11366087198257446
}