{
    "effect_pehe": 2.132197141647339,
    "effect_mae": 0.3996804654598236
}