{
    "effect_pehe": 1.7466200590133667,
    "effect_mae": 0.23905861377716064
}