{
    "effect_pehe": 2.6618525981903076,
    "effect_mae": 0.05795660614967346
}