{
    "effect_pehe": 0.8240436315536499,
    "effect_mae": 0.038607776165008545
}