{
    "effect_pehe": 3.9626972675323486,
    "effect_mae": 0.3437504768371582
}