{
    "effect_pehe": 4.420540809631348,
    "effect_mae": 2.5099899768829346
}