{
    "effect_pehe": 4.201239109039307,
    "effect_mae": 0.4955686330795288
}