{
    "effect_pehe": 5.904303550720215,
    "effect_mae": 2.428220272064209
}