{
    "effect_pehe": 3.8044774532318115,
    "effect_mae": 0.5930174589157104
}