{
    "effect_pehe": 5.963728427886963,
    "effect_mae": 0.5508456230163574
}