{
    "effect_pehe": 4.2159647941589355,
    "effect_mae": 0.4600943326950073
}