{
    "effect_pehe": 3.892852544784546,
    "effect_mae": 0.06345343589782715
}