{
    "effect_pehe": 4.111809730529785,
    "effect_mae": 0.2676090598106384
}