{
    "effect_pehe": 2.821595583444975,
    "effect_mae": 2.2343743437603742
}