{
    "effect_pehe": 4.5797834396362305,
    "effect_mae": 1.110565423965454
}