{
    "effect_pehe": 7.9244384765625,
    "effect_mae": 1.3106021881103516
}