{
    "effect_pehe": 4.923962116241455,
    "effect_mae": 1.1647253036499023
}