{
    "effect_pehe": 19.790023803710938,
    "effect_mae": 0.33405303955078125
}