{
    "effect_pehe": 4.306921005249023,
    "effect_mae": 0.19232749938964844
}