{
    "effect_pehe": 19.000904083251953,
    "effect_mae": 1.3985490798950195
}