{
    "effect_pehe": 8.575935363769531,
    "effect_mae": 2.111931800842285
}