{
    "effect_pehe": 4.458020210266113,
    "effect_mae": 1.1496250629425049
}