{
    "effect_pehe": 5.799848556518555,
    "effect_mae": 0.24777936935424805
}