{
    "effect_pehe": 1.1270277500152588,
    "effect_mae": 0.17727123200893402
}