{
    "effect_pehe": 1.8202073574066162,
    "effect_mae": 0.1397956907749176
}