{
    "effect_pehe": 0.809376060962677,
    "effect_mae": 0.008388608694076538
}