{
    "effect_pehe": 0.776636004447937,
    "effect_mae": 0.0070628821849823
}