{
    "effect_pehe": 1.365788221359253,
    "effect_mae": 0.17499685287475586
}