{
    "effect_pehe": 0.7773578763008118,
    "effect_mae": 0.032565563917160034
}