{
    "effect_pehe": 1.5795891284942627,
    "effect_mae": 0.16643206775188446
}