{
    "effect_pehe": 2.710695505142212,
    "effect_mae": 0.18828710913658142
}