{
    "effect_pehe": 1.9429082870483398,
    "effect_mae": 0.1528995931148529
}