{
    "effect_pehe": 277.8025207519531,
    "effect_mae": 16.474287033081055
}