{
    "epoch": [
        0,
        1,
        2,
        3,
        4,
        5,
        6,
        7,
        8,
        9,
        10,
        11,
        12,
        13,
        14,
        15,
        16,
        17,
        18,
        19,
        20,
        21,
        22,
        23,
        24,
        25,
        26,
        27,
        28,
        29,
        30,
        31,
        32,
        33,
        34,
        35,
        36,
        37,
        38,
        39,
        40,
        41,
        42,
        43,
        44,
        45,
        46,
        47,
        48,
        49,
        50,
        51,
        52
    ],
    "train_loss": [
        331.3551025390625,
        330.75323486328125,
        330.15435791015625,
        329.5412292480469,
        328.8654479980469,
        328.1107482910156,
        327.24005126953125,
        326.2294921875,
        325.0303955078125,
        323.6249084472656,
        321.94366455078125,
        319.9163818359375,
        317.47857666015625,
        314.4814453125,
        310.8776550292969,
        306.5747985839844,
        301.47039794921875,
        295.4244079589844,
        288.16876220703125,
        279.9773864746094,
        270.47412109375,
        259.51837158203125,
        247.6666259765625,
        234.9764862060547,
        221.001708984375,
        207.0272674560547,
        194.24366760253906,
        183.40492248535156,
        171.06027221679688,
        166.4170684814453,
        157.62869262695312,
        153.5139617919922,
        145.18418884277344,
        138.7666015625,
        129.0354461669922,
        121.2623291015625,
        112.11587524414062,
        106.62273406982422,
        101.43412780761719,
        96.71527099609375,
        92.38406372070312,
        88.75325775146484,
        85.3489761352539,
        82.91642761230469,
        78.95008850097656,
        77.73046112060547,
        75.11392974853516,
        75.2555160522461,
        73.68135070800781,
        71.51557159423828,
        70.51420593261719,
        70.1349868774414,
        67.81327819824219
    ],
    "val_loss": [
        55597.765625,
        55557.79296875,
        55515.05859375,
        55478.90234375,
        55438.58203125,
        55387.84765625,
        55329.9765625,
        55261.24609375,
        55177.8125,
        55081.25,
        54957.0234375,
        54820.37109375,
        54651.234375,
        54452.84765625,
        54217.83203125,
        53944.9453125,
        53630.546875,
        53272.6875,
        52902.10546875,
        52478.8984375,
        52033.09765625,
        51541.6484375,
        51062.3984375,
        50656.59375,
        50269.43359375,
        50019.20703125,
        49903.1640625,
        49728.50390625,
        49970.78125,
        50039.59765625,
        50425.453125,
        50937.78125,
        51419.0546875,
        51966.640625,
        52404.125,
        52915.40625,
        53334.92578125,
        53709.85546875,
        54002.984375,
        54223.6953125,
        54377.953125,
        54489.71875,
        54619.87109375,
        54743.38671875,
        54814.6171875,
        54899.421875,
        54986.14453125,
        55081.13671875,
        55123.73046875,
        55188.2890625,
        55248.5234375,
        55252.77734375,
        55298.8515625
    ]
}