{
    "epoch": [
        0,
        1,
        2,
        3,
        4,
        5,
        6,
        7,
        8,
        9,
        10,
        11,
        12,
        13,
        14,
        15,
        16,
        17,
        18,
        19,
        20,
        21,
        22,
        23,
        24,
        25,
        26,
        27,
        28,
        29,
        30,
        31,
        32,
        33,
        34,
        35,
        36,
        37,
        38,
        39,
        40,
        41,
        42,
        43,
        44,
        45,
        46,
        47,
        48,
        49,
        50
    ],
    "train_loss": [
        393.29046630859375,
        392.48553466796875,
        391.6272888183594,
        390.6502990722656,
        389.5634460449219,
        388.22705078125,
        386.7107849121094,
        384.91033935546875,
        382.8053894042969,
        380.09246826171875,
        377.0252380371094,
        373.2183837890625,
        368.72369384765625,
        363.1803894042969,
        356.8487243652344,
        349.0844421386719,
        339.662841796875,
        328.97235107421875,
        317.5296325683594,
        302.887939453125,
        286.8192138671875,
        270.25225830078125,
        250.45257568359375,
        232.00100708007812,
        214.3691864013672,
        197.91734313964844,
        180.34608459472656,
        169.8230743408203,
        156.3847198486328,
        148.68772888183594,
        142.97119140625,
        138.47486877441406,
        127.77435302734375,
        118.27803039550781,
        110.71073150634766,
        106.11286163330078,
        100.6560287475586,
        98.22590637207031,
        95.69756317138672,
        93.4875717163086,
        90.61788177490234,
        86.9695816040039,
        83.05838775634766,
        77.21272277832031,
        75.61605072021484,
        73.0070571899414,
        71.80476379394531,
        70.03631591796875,
        69.70118713378906,
        67.60163879394531,
        66.05733489990234
    ],
    "val_loss": [
        13976215.0,
        13971894.0,
        13967238.0,
        13962504.0,
        13956589.0,
        13949480.0,
        13941613.0,
        13932288.0,
        13921584.0,
        13908918.0,
        13894032.0,
        13876726.0,
        13856696.0,
        13832670.0,
        13806194.0,
        13776449.0,
        13742226.0,
        13706286.0,
        13665668.0,
        13621465.0,
        13572810.0,
        13529948.0,
        13485012.0,
        13447612.0,
        13417643.0,
        13408275.0,
        13436400.0,
        13474015.0,
        13525635.0,
        13588130.0,
        13654646.0,
        13711823.0,
        13764797.0,
        13811950.0,
        13852442.0,
        13877239.0,
        13897720.0,
        13913495.0,
        13922871.0,
        13931003.0,
        13935913.0,
        13940670.0,
        13943052.0,
        13945861.0,
        13947506.0,
        13948488.0,
        13949948.0,
        13950577.0,
        13952109.0,
        13954080.0,
        13956085.0
    ]
}