{
    "epoch": [
        0,
        1,
        2,
        3,
        4,
        5,
        6,
        7,
        8,
        9,
        10,
        11,
        12,
        13,
        14,
        15,
        16,
        17,
        18,
        19,
        20,
        21,
        22,
        23,
        24,
        25
    ],
    "train_loss": [
        241.09840393066406,
        240.51795959472656,
        239.96987915039062,
        239.42877197265625,
        238.8659210205078,
        238.27560424804688,
        237.63243103027344,
        236.9150390625,
        236.0791473388672,
        235.09097290039062,
        233.93190002441406,
        232.49673461914062,
        230.7542266845703,
        228.58038330078125,
        226.01577758789062,
        222.94326782226562,
        219.22897338867188,
        214.91017150878906,
        209.78695678710938,
        203.6554412841797,
        196.55674743652344,
        188.22325134277344,
        178.55056762695312,
        167.5281524658203,
        155.04893493652344,
        141.29122924804688
    ],
    "val_loss": [
        70883.96875,
        70908.8203125,
        70936.109375,
        70964.640625,
        70996.7109375,
        71025.859375,
        71056.9921875,
        71096.0,
        71146.015625,
        71206.7421875,
        71283.6328125,
        71373.8125,
        71482.1171875,
        71609.953125,
        71763.7890625,
        71943.84375,
        72161.6328125,
        72410.6171875,
        72713.96875,
        73063.328125,
        73475.8359375,
        73956.2578125,
        74517.4921875,
        75172.8359375,
        75917.8984375,
        76796.7578125
    ]
}