{
    "effect_pehe": 5.58250617980957,
    "effect_mae": 3.4985673427581787
}