{
    "epoch": [
        0,
        1,
        2,
        3,
        4,
        5,
        6,
        7,
        8,
        9,
        10,
        11,
        12,
        13,
        14,
        15,
        16,
        17,
        18,
        19,
        20,
        21,
        22,
        23,
        24,
        25
    ],
    "train_loss": [
        391.339599609375,
        390.6377258300781,
        389.9291687011719,
        389.2099914550781,
        388.43133544921875,
        387.58099365234375,
        386.6236267089844,
        385.53009033203125,
        384.29345703125,
        382.8248596191406,
        381.13531494140625,
        379.1333923339844,
        376.8243408203125,
        374.1329040527344,
        370.8314208984375,
        367.1141357421875,
        362.8829040527344,
        357.650634765625,
        352.01043701171875,
        345.0249328613281,
        337.25787353515625,
        328.734619140625,
        317.64044189453125,
        305.43792724609375,
        291.85595703125,
        277.0710754394531
    ],
    "val_loss": [
        74108.0390625,
        74137.1484375,
        74172.5859375,
        74220.03125,
        74279.421875,
        74345.5078125,
        74422.9765625,
        74515.203125,
        74618.984375,
        74743.78125,
        74893.1953125,
        75072.8984375,
        75269.328125,
        75513.703125,
        75797.8046875,
        76119.515625,
        76476.875,
        76878.9296875,
        77321.4296875,
        77807.515625,
        78329.953125,
        78879.578125,
        79470.375,
        80051.921875,
        80654.3125,
        81266.921875
    ]
}