{
    "epoch": [
        0,
        1,
        2,
        3,
        4,
        5,
        6,
        7,
        8,
        9,
        10,
        11,
        12,
        13,
        14,
        15,
        16,
        17,
        18,
        19,
        20,
        21,
        22,
        23,
        24,
        25,
        26,
        27,
        28,
        29,
        30,
        31,
        32,
        33,
        34,
        35,
        36,
        37,
        38,
        39,
        40,
        41,
        42,
        43,
        44,
        45,
        46,
        47,
        48,
        49,
        50,
        51,
        52,
        53,
        54,
        55,
        56,
        57,
        58,
        59,
        60,
        61,
        62,
        63,
        64,
        65,
        66,
        67,
        68,
        69,
        70,
        71,
        72,
        73,
        74,
        75,
        76,
        77,
        78,
        79,
        80,
        81,
        82,
        83,
        84,
        85,
        86,
        87,
        88,
        89,
        90,
        91,
        92,
        93,
        94,
        95,
        96,
        97,
        98,
        99,
        100,
        101,
        102,
        103,
        104,
        105,
        106,
        107,
        108,
        109,
        110,
        111,
        112,
        113,
        114,
        115,
        116,
        117,
        118,
        119,
        120,
        121,
        122,
        123,
        124,
        125,
        126,
        127,
        128,
        129,
        130,
        131,
        132,
        133,
        134,
        135,
        136,
        137,
        138,
        139,
        140,
        141,
        142,
        143,
        144,
        145,
        146,
        147,
        148,
        149,
        150,
        151,
        152,
        153,
        154,
        155,
        156,
        157,
        158,
        159,
        160,
        161,
        162,
        163,
        164,
        165,
        166,
        167,
        168,
        169,
        170,
        171,
        172,
        173,
        174,
        175,
        176,
        177,
        178,
        179
    ],
    "train_loss": [
        321.30230712890625,
        320.6781311035156,
        320.0613708496094,
        319.44207763671875,
        318.8006286621094,
        318.12152099609375,
        317.40435791015625,
        316.6107482910156,
        315.7182922363281,
        314.7004699707031,
        313.5096130371094,
        312.0866394042969,
        310.39764404296875,
        308.3703308105469,
        305.9906005859375,
        303.1689758300781,
        299.874267578125,
        295.94110107421875,
        291.28485107421875,
        285.7583312988281,
        279.25177001953125,
        271.7647705078125,
        262.941162109375,
        252.72189331054688,
        240.90042114257812,
        227.63482666015625,
        212.11717224121094,
        195.62039184570312,
        177.2527618408203,
        158.82577514648438,
        139.75857543945312,
        123.18782043457031,
        108.76786804199219,
        98.56544494628906,
        94.24734497070312,
        92.37084197998047,
        90.78327178955078,
        87.78671264648438,
        80.288330078125,
        73.5609359741211,
        66.10283660888672,
        61.87512969970703,
        59.46990966796875,
        59.136348724365234,
        59.2849235534668,
        60.08375549316406,
        59.10459899902344,
        57.64177322387695,
        55.81453323364258,
        52.979461669921875,
        50.343238830566406,
        49.32585525512695,
        48.171688079833984,
        47.83592987060547,
        47.682857513427734,
        48.42548751831055,
        48.06120681762695,
        47.02029037475586,
        45.71498107910156,
        45.55690383911133,
        45.58187484741211,
        44.69225311279297,
        44.6384391784668,
        44.27083206176758,
        44.47285461425781,
        43.26273727416992,
        42.860252380371094,
        42.78182601928711,
        42.138614654541016,
        41.738250732421875,
        42.09210205078125,
        41.50872802734375,
        41.49771499633789,
        40.791114807128906,
        40.76420974731445,
        40.3330078125,
        40.46894454956055,
        40.935977935791016,
        40.386863708496094,
        40.28996658325195,
        39.659454345703125,
        40.05473327636719,
        39.786033630371094,
        38.90657424926758,
        39.652469635009766,
        39.44820022583008,
        38.466590881347656,
        38.59023666381836,
        38.15534210205078,
        38.36631393432617,
        38.336585998535156,
        37.8277702331543,
        38.601051330566406,
        38.676456451416016,
        38.104183197021484,
        37.33875274658203,
        37.213356018066406,
        36.83686828613281,
        37.19084930419922,
        36.731754302978516,
        36.51907730102539,
        36.678375244140625,
        36.02839660644531,
        35.90749740600586,
        36.164608001708984,
        35.333011627197266,
        35.21470642089844,
        35.6350212097168,
        35.516693115234375,
        35.32630157470703,
        35.868446350097656,
        35.86204528808594,
        35.40311050415039,
        34.74960708618164,
        34.80208969116211,
        35.07242965698242,
        35.333763122558594,
        34.594783782958984,
        34.114051818847656,
        34.37751770019531,
        34.41932678222656,
        33.72624969482422,
        34.364925384521484,
        33.926578521728516,
        33.39649963378906,
        33.85134506225586,
        33.89929962158203,
        33.226749420166016,
        33.46411895751953,
        33.20481491088867,
        32.87295913696289,
        33.21733856201172,
        33.01176452636719,
        32.36310958862305,
        32.966758728027344,
        31.99909782409668,
        31.784780502319336,
        31.89180564880371,
        32.11782455444336,
        31.82516860961914,
        32.7733268737793,
        32.10032653808594,
        31.2237548828125,
        31.474336624145508,
        31.202539443969727,
        31.359569549560547,
        31.04021453857422,
        30.705392837524414,
        31.032878875732422,
        30.329885482788086,
        30.89560890197754,
        30.852710723876953,
        30.139137268066406,
        31.72149658203125,
        30.478923797607422,
        30.301156997680664,
        30.21977996826172,
        31.193832397460938,
        30.179227828979492,
        30.254173278808594,
        30.57925033569336,
        30.37645721435547,
        29.588520050048828,
        30.000192642211914,
        29.528297424316406,
        29.444259643554688,
        29.93549156188965,
        30.08941078186035,
        29.132230758666992,
        29.54342269897461,
        29.521913528442383,
        28.65275764465332,
        28.707651138305664,
        29.328227996826172,
        29.06867218017578,
        29.334457397460938,
        29.079954147338867,
        29.16670799255371,
        29.86231231689453,
        28.502107620239258
    ],