{
    "effect_pehe": 9.349618911743164,
    "effect_mae": 2.515822410583496
}