{
    "effect_pehe": 7.652598857879639,
    "effect_mae": 0.33249378204345703
}