{
    "epoch": [
        0,
        1,
        2,
        3,
        4,
        5,
        6,
        7,
        8,
        9,
        10,
        11,
        12,
        13,
        14,
        15,
        16,
        17,
        18,
        19,
        20,
        21,
        22,
        23,
        24,
        25,
        26,
        27,
        28,
        29,
        30,
        31,
        32
    ],
    "train_loss": [
        180.4574432373047,
        179.912353515625,
        179.3936767578125,
        178.8665771484375,
        178.30093383789062,
        177.6787567138672,
        176.99871826171875,
        176.23602294921875,
        175.37950134277344,
        174.33721923828125,
        173.12582397460938,
        171.71466064453125,
        170.0518341064453,
        168.10765075683594,
        165.82418823242188,
        163.18753051757812,
        160.00465393066406,
        156.30230712890625,
        151.75338745117188,
        146.53338623046875,
        140.46934509277344,
        133.9022979736328,
        126.73101043701172,
        119.14348602294922,
        111.33027648925781,
        103.53947448730469,
        96.56517028808594,
        88.27272033691406,
        80.2832260131836,
        75.42361450195312,
        71.12879180908203,
        66.84622192382812,
        62.97636413574219
    ],
    "val_loss": [
        174.24423217773438,
        173.57742309570312,
        172.99725341796875,
        172.49276733398438,
        172.0280303955078,
        171.6243896484375,
        171.31446838378906,
        171.1173553466797,
        171.17303466796875,
        171.7763214111328,
        173.25172424316406,
        176.14697265625,
        180.97450256347656,
        188.7505340576172,
        200.1395721435547,
        216.50286865234375,
        239.89154052734375,
        271.47607421875,
        314.95050048828125,
        374.2616882324219,
        446.5855712890625,
        541.5570678710938,
        670.150634765625,
        815.1129760742188,
        949.2901000976562,
        1093.7388916015625,
        1228.80224609375,
        1313.646240234375,
        1337.7587890625,
        1326.5987548828125,
        1268.50146484375,
        1087.6279296875,
        876.4590454101562
    ]
}