{
    "effect_pehe": 16.65658950805664,
    "effect_mae": 11.226309776306152
}