{
    "effect_pehe": 10.228154182434082,
    "effect_mae": 7.6906280517578125
}