{
    "effect_pehe": 0.812506914138794,
    "effect_mae": 0.06412065029144287
}