{
    "effect_pehe": 0.7869563698768616,
    "effect_mae": 0.06257891654968262
}