{
    "effect_pehe": 4.182202339172363,
    "effect_mae": 2.617532730102539
}