{
    "effect_pehe": 0.7954375147819519,
    "effect_mae": 0.027411460876464844
}