{
    "effect_pehe": 1.6499011516571045,
    "effect_mae": 0.13259577751159668
}