{
    "effect_pehe": 1.4694656133651733,
    "effect_mae": 0.5303544402122498
}