{
    "effect_pehe": 2.6006386280059814,
    "effect_mae": 1.4946584701538086
}