{
    "effect_pehe": 1.4775770902633667,
    "effect_mae": 0.35514402389526367
}