{
    "effect_pehe": 0.7969989776611328,
    "effect_mae": 0.13167226314544678
}