{
    "effect_pehe": 1.9694346189498901,
    "effect_mae": 0.6888387203216553
}