{
    "effect_pehe": 1.2020416259765625,
    "effect_mae": 0.3422584533691406
}