{
    "effect_pehe": 0.7987760901451111,
    "effect_mae": 0.07089614868164062
}