{
    "effect_pehe": 2.0493853092193604,
    "effect_mae": 0.5592390298843384
}