{
    "effect_pehe": 2.033673048019409,
    "effect_mae": 0.04798188805580139
}