{
    "effect_pehe": 1.4342365264892578,
    "effect_mae": 0.1808382123708725
}