{
    "effect_pehe": 0.7635837197303772,
    "effect_mae": 0.015382319688796997
}