{
    "effect_pehe": 2.0824151039123535,
    "effect_mae": 0.1138312816619873
}