{
    "effect_pehe": 0.7925167679786682,
    "effect_mae": 0.007815897464752197
}