{
    "effect_pehe": 3.307955503463745,
    "effect_mae": 0.44268351793289185
}