{
    "effect_pehe": 2.227198600769043,
    "effect_mae": 0.04683414101600647
}