{
    "effect_pehe": 0.8042979836463928,
    "effect_mae": 0.1086115837097168
}