{
    "effect_pehe": 1.9439692497253418,
    "effect_mae": 0.3699367046356201
}