{
    "effect_pehe": 2.2622218132019043,
    "effect_mae": 1.1546292304992676
}