{
    "effect_pehe": 1.8114663362503052,
    "effect_mae": 0.06593924760818481
}