{
    "effect_pehe": 1.9909861087799072,
    "effect_mae": 1.0607188940048218
}