{
    "effect_pehe": 1.3329155445098877,
    "effect_mae": 0.38231348991394043
}