{
    "effect_pehe": 2.8868935108184814,
    "effect_mae": 0.965807318687439
}