{
    "effect_pehe": 3.315021514892578,
    "effect_mae": 2.4273386001586914
}