{
    "effect_pehe": 2.259942054748535,
    "effect_mae": 0.05051976442337036
}