{
    "effect_pehe": 3.0587899684906006,
    "effect_mae": 0.13875055313110352
}