{
    "effect_pehe": 2.478940725326538,
    "effect_mae": 1.0526691675186157
}