{
    "effect_pehe": 0.8533077836036682,
    "effect_mae": 0.05913496017456055
}