{
    "effect_pehe": 3.422398805618286,
    "effect_mae": 1.0900213718414307
}