{
    "effect_pehe": 0.8559394478797913,
    "effect_mae": 0.07517874240875244
}