{
    "effect_pehe": 0.7792834043502808,
    "effect_mae": 0.02334308624267578
}