{
    "effect_pehe": 1.7561910152435303,
    "effect_mae": 0.20190739631652832
}