{
    "effect_pehe": 3.4498672485351562,
    "effect_mae": 0.7525780200958252
}