{
    "effect_pehe": 12.923202514648438,
    "effect_mae": 5.510462760925293
}