{
    "effect_pehe": 5.803743362426758,
    "effect_mae": 4.030814170837402
}