{
    "effect_pehe": 6.078721046447754,
    "effect_mae": 3.027111053466797
}