{
    "effect_pehe": 5.662500858306885,
    "effect_mae": 1.0294075012207031
}