{
    "effect_pehe": 4.770635604858398,
    "effect_mae": 0.23134326934814453
}