{
    "effect_pehe": 13.3931303024292,
    "effect_mae": 8.770410537719727
}