{
    "effect_pehe": 3.5984840646224447,
    "effect_mae": 2.855336077931274
}