{
    "effect_pehe": 4.658969269065915,
    "effect_mae": 3.71526147383741
}