{
    "effect_pehe": 3.852154634679398,
    "effect_mae": 3.071094458241667
}