{
    "effect_pehe": 4.997922938946143,
    "effect_mae": 3.985147217151764
}