{
    "effect_pehe": 5.016022192703921,
    "effect_mae": 3.9572320693179974
}