{
    "epoch": [
        0,
        1,
        2,
        3,
        4,
        5,
        6,
        7,
        8,
        9,
        10,
        11,
        12,
        13,
        14,
        15,
        16,
        17,
        18,
        19,
        20,
        21,
        22,
        23,
        24,
        25,
        26,
        27,
        28,
        29,
        30,
        31,
        32,
        33,
        34,
        35,
        36,
        37,
        38,
        39,
        40,
        41,
        42,
        43,
        44,
        45,
        46,
        47,
        48,
        49,
        50,
        51,
        52,
        53,
        54,
        55,
        56,
        57,
        58,
        59,
        60,
        61,
        62,
        63,
        64,
        65,
        66,
        67,
        68,
        69,
        70,
        71,
        72,
        73,
        74,
        75,
        76,
        77,
        78,
        79,
        80,
        81,
        82,
        83,
        84,
        85,
        86,
        87,
        88,
        89,
        90,
        91,
        92,
        93,
        94,
        95,
        96,
        97,
        98,
        99,
        100,
        101,
        102,
        103,
        104,
        105,
        106,
        107,
        108,
        109,
        110,
        111,
        112,
        113,
        114,
        115,
        116,
        117,
        118,
        119,
        120,
        121,
        122,
        123,
        124,
        125,
        126,
        127,
        128,
        129,
        130,
        131,
        132,
        133,
        134,
        135,
        136,
        137
    ],
    "train_loss": [
        29.209495544433594,
        18.359529495239258,
        19.06918716430664,
        20.978731155395508,
        15.691784858703613,
        11.140995025634766,
        8.559271812438965,
        9.028243064880371,
        10.068342208862305,
        11.704535484313965,
        9.903656959533691,
        7.373594760894775,
        6.410152435302734,
        5.431647777557373,
        7.1933369636535645,
        7.716169357299805,
        5.9828782081604,
        4.799962997436523,
        4.025992393493652,
        4.141559600830078,
        4.153853893280029,
        4.163442134857178,
        3.6067466735839844,
        3.4837417602539062,
        2.671522617340088,
        2.3281490802764893,
        2.5041534900665283,
        2.5461950302124023,
        2.267627000808716,
        2.3237175941467285,
        1.764062523841858,
        1.6231513023376465,
        1.6970791816711426,
        1.8620622158050537,
        1.672684907913208,
        1.5862244367599487,
        1.350103497505188,
        1.3909605741500854,
        1.1999725103378296,
        1.4827700853347778,
        1.3345717191696167,
        1.149451494216919,
        1.1178412437438965,
        1.009731411933899,
        0.8839565515518188,
        1.023055911064148,
        0.8526959419250488,
        0.8271192312240601,
        0.7324419617652893,
        0.8557800054550171,
        0.7435596585273743,
        0.6939235329627991,
        0.7714559435844421,
        0.6926624178886414,
        0.6026365756988525,
        0.5945147275924683,
        0.6887635588645935,
        0.7042703032493591,
        0.5313748121261597,
        0.4675498902797699,
        0.5014423727989197,
        0.4940084218978882,
        0.556091845035553,
        0.5057386755943298,
        0.4520450532436371,
        0.409923255443573,
        0.4273728132247925,
        0.36869126558303833,
        0.4327402114868164,
        0.4222126007080078,
        0.3193908929824829,
        0.43200811743736267,
        0.3780616819858551,
        0.3336339294910431,
        0.3501757085323334,
        0.3799437880516052,
        0.30214181542396545,
        0.31016024947166443,
        0.3242996335029602,
        0.3049621284008026,
        0.2943981885910034,
        0.31775474548339844,
        0.28014060854911804,
        0.2723647356033325,
        0.2633614242076874,
        0.31232309341430664,
        0.29789969325065613,
        0.27570727467536926,
        0.3139667212963104,
        0.2540472447872162,
        0.30054572224617004,
        0.2930821180343628,
        0.2491864413022995,
        0.23714694380760193,
        0.2534213662147522,
        0.24299423396587372,
        0.2825703024864197,
        0.23107051849365234,
        0.26749005913734436,
        0.24609871208667755,
        0.2361067235469818,
        0.26975587010383606,
        0.2451949417591095,
        0.2442086935043335,
        0.2482547014951706,
        0.25161921977996826,
        0.2604583501815796,
        0.22531959414482117,
        0.26088717579841614,
        0.22209833562374115,
        0.23460251092910767,
        0.2200212925672531,
        0.2609195113182068,
        0.24059748649597168,
        0.2361673265695572,
        0.21936523914337158,
        0.2556222081184387,
        0.2463872879743576,
        0.21818743646144867,
        0.22837553918361664,
        0.23718062043190002,
        0.21237799525260925,
        0.21974024176597595,
        0.20290851593017578,
        0.20915409922599792,
        0.2321978062391281,
        0.23760192096233368,
        0.21642790734767914,
        0.23492135107517242,
        0.21625587344169617,
        0.24020791053771973,
        0.19032123684883118,
        0.22223438322544098,
        0.21180789172649384,
        0.22433103621006012,
        0.23131339251995087,
        0.23265530169010162,
        0.22044111788272858
    ],