{
    "epoch": [
        0,
        1,
        2,
        3,
        4,
        5,
        6,
        7,
        8,
        9,
        10,
        11,
        12,
        13,
        14,
        15,
        16,
        17,
        18,
        19,
        20,
        21,
        22,
        23,
        24,
        25,
        26,
        27,
        28,
        29,
        30,
        31,
        32,
        33,
        34,
        35,
        36,
        37,
        38,
        39,
        40,
        41,
        42,
        43,
        44,
        45,
        46,
        47,
        48,
        49,
        50,
        51,
        52,
        53,
        54,
        55,
        56,
        57,
        58,
        59,
        60,
        61,
        62,
        63,
        64,
        65,
        66,
        67,
        68,
        69,
        70,
        71,
        72,
        73,
        74,
        75,
        76,
        77,
        78,
        79,
        80,
        81,
        82,
        83,
        84,
        85,
        86,
        87,
        88,
        89,
        90,
        91,
        92,
        93,
        94,
        95,
        96,
        97,
        98,
        99,
        100,
        101,
        102,
        103,
        104,
        105,
        106,
        107,
        108,
        109,
        110,
        111,
        112,
        113,
        114,
        115,
        116,
        117,
        118,
        119,
        120,
        121,
        122,
        123
    ],
    "train_loss": [
        24.898040771484375,
        14.673178672790527,
        10.945889472961426,
        11.454730987548828,
        11.718018531799316,
        9.92678451538086,
        8.996505737304688,
        6.692716598510742,
        5.050473213195801,
        5.176573276519775,
        5.670222759246826,
        6.614227771759033,
        4.911306858062744,
        4.290289402008057,
        3.5583784580230713,
        2.74934720993042,
        2.6272964477539062,
        2.7647957801818848,
        3.187898874282837,
        3.1345572471618652,
        2.8849432468414307,
        2.701371669769287,
        2.2360284328460693,
        2.180495023727417,
        1.8379135131835938,
        1.7783489227294922,
        2.32658314704895,
        1.9622364044189453,
        1.653473973274231,
        1.681530475616455,
        1.504913568496704,
        1.252052903175354,
        1.348044514656067,
        1.4980131387710571,
        1.2882274389266968,
        1.1978343725204468,
        1.0570076704025269,
        0.9592034220695496,
        1.060522198677063,
        0.9576686024665833,
        0.9514750242233276,
        0.8669416904449463,
        0.8966739177703857,
        0.7224922776222229,
        0.7157270908355713,
        0.7204383015632629,
        0.8321892619132996,
        0.6925205588340759,
        0.6398933529853821,
        0.6518961191177368,
        0.6292734742164612,
        0.6428723335266113,
        0.663722813129425,
        0.5847699642181396,
        0.4777986407279968,
        0.47996950149536133,
        0.5038468837738037,
        0.5184302926063538,
        0.5189146995544434,
        0.4684762954711914,
        0.4631691575050354,
        0.5029484629631042,
        0.44740328192710876,
        0.40515509247779846,
        0.44943907856941223,
        0.43044111132621765,
        0.4385354518890381,
        0.4017880856990814,
        0.4358181953430176,
        0.4029648005962372,
        0.39791229367256165,
        0.4014713168144226,
        0.45509573817253113,
        0.4087975025177002,
        0.3983806073665619,
        0.42335179448127747,
        0.42220088839530945,
        0.3979792296886444,
        0.3432437777519226,
        0.3902358114719391,
        0.4197726547718048,
        0.376946359872818,
        0.39046868681907654,
        0.3668035864830017,
        0.35266974568367004,
        0.3570728302001953,
        0.3710213303565979,
        0.3420496881008148,
        0.3416881561279297,
        0.3580547273159027,
        0.35961228609085083,
        0.35718661546707153,
        0.342184454202652,
        0.3462398946285248,
        0.3585926592350006,
        0.33861738443374634,
        0.35743382573127747,
        0.32186031341552734,
        0.36391547322273254,
        0.33520883321762085,
        0.33292776346206665,
        0.3270701467990875,
        0.35448989272117615,
        0.33599480986595154,
        0.34462350606918335,
        0.342678964138031,
        0.3378564715385437,
        0.3425760865211487,
        0.33327919244766235,
        0.32499656081199646,
        0.33557048439979553,
        0.3204801082611084,
        0.3308092951774597,
        0.3301616311073303,
        0.34944039583206177,
        0.3296668827533722,
        0.30218762159347534,
        0.34194040298461914,
        0.3356289863586426,
        0.3355006277561188,
        0.333017498254776,
        0.3196563720703125,
        0.33597150444984436,
        0.31572026014328003
    ],