{
    "effect_pehe": 13.569510459899902,
    "effect_mae": 11.194506645202637
}