{
    "effect_pehe": 8.494221687316895,
    "effect_mae": 3.9871602058410645
}