{
    "effect_pehe": 7.6025471687316895,
    "effect_mae": 3.9951467514038086
}