{
    "effect_pehe": 17.067513825416437,
    "effect_mae": 12.918611631604765
}