{
    "effect_pehe": 9.523162795849323,
    "effect_mae": 6.739786537241401
}