{
    "effect_pehe": 10.496108295237754,
    "effect_mae": 7.982228854540246
}