{
    "effect_pehe": 8.108671244038348,
    "effect_mae": 6.247105725573166
}