{
    "effect_pehe": 6.172569274902344,
    "effect_mae": 0.47332000732421875
}