{
    "effect_pehe": 6.492539405822754,
    "effect_mae": 2.9457383155822754
}