{
    "effect_pehe": 7.202711582183838,
    "effect_mae": 3.4242873191833496
}