{
    "effect_pehe": 6.3897013664245605,
    "effect_mae": 1.7140097618103027
}