{
    "effect_pehe": 5.448049545288086,
    "effect_mae": 2.575198173522949
}