{
    "epoch": [
        0,
        1,
        2,
        3,
        4,
        5,
        6,
        7,
        8,
        9,
        10,
        11,
        12,
        13,
        14,
        15,
        16,
        17,
        18,
        19,
        20,
        21,
        22,
        23,
        24,
        25,
        26,
        27,
        28,
        29,
        30,
        31,
        32,
        33,
        34,
        35,
        36,
        37,
        38,
        39,
        40,
        41,
        42,
        43,
        44,
        45,
        46,
        47,
        48,
        49,
        50,
        51,
        52,
        53,
        54,
        55,
        56,
        57,
        58,
        59,
        60,
        61,
        62,
        63,
        64,
        65,
        66,
        67,
        68,
        69,
        70,
        71,
        72,
        73,
        74,
        75,
        76,
        77,
        78,
        79,
        80,
        81,
        82,
        83,
        84,
        85,
        86,
        87,
        88,
        89,
        90,
        91,
        92,
        93,
        94,
        95,
        96,
        97,
        98,
        99,
        100,
        101,
        102,
        103,
        104,
        105,
        106,
        107,
        108,
        109,
        110,
        111,
        112,
        113,
        114,
        115,
        116,
        117,
        118,
        119,
        120,
        121,
        122,
        123,
        124,
        125,
        126,
        127,
        128,
        129,
        130,
        131,
        132,
        133,
        134,
        135,
        136,
        137,
        138,
        139,
        140
    ],
    "train_loss": [
        50.16695022583008,
        49.96539306640625,
        49.7597541809082,
        49.54647445678711,
        49.316078186035156,
        49.06435775756836,
        48.77885437011719,
        48.46247482299805,
        48.09532165527344,
        47.662418365478516,
        47.165836334228516,
        46.58332824707031,
        45.91728591918945,
        45.13536071777344,
        44.265445709228516,
        43.28192138671875,
        42.21427917480469,
        41.11088562011719,
        39.98530578613281,
        39.026981353759766,
        38.16279220581055,
        37.689697265625,
        37.65305709838867,
        38.09764099121094,
        38.394432067871094,
        38.35637283325195,
        37.91219711303711,
        37.491275787353516,
        36.94739532470703,
        36.54279708862305,
        36.3917350769043,
        36.26734924316406,
        36.140159606933594,
        35.98700714111328,
        35.845664978027344,
        35.66225051879883,
        35.32716369628906,
        35.01856231689453,
        34.6334342956543,
        34.2463264465332,
        33.74290466308594,
        33.31723403930664,
        32.93019485473633,
        32.51496124267578,
        32.07818603515625,
        31.670663833618164,
        31.083166122436523,
        30.471073150634766,
        29.842544555664062,
        29.197891235351562,
        28.471351623535156,
        27.789093017578125,
        27.095924377441406,
        26.366670608520508,
        25.6273250579834,
        24.860946655273438,
        24.07036590576172,
        23.26106834411621,
        22.436365127563477,
        21.629114151000977,
        20.80864906311035,
        19.9816837310791,
        19.15663719177246,
        18.355894088745117,
        17.574193954467773,
        16.837005615234375,
        16.19005012512207,
        15.608365058898926,
        15.09866714477539,
        14.694385528564453,
        14.38003158569336,
        14.178016662597656,
        13.969611167907715,
        13.869453430175781,
        13.767621040344238,
        13.666250228881836,
        13.540838241577148,
        13.398228645324707,
        13.276427268981934,
        13.076082229614258,
        12.87890911102295,
        12.676897048950195,
        12.440247535705566,
        12.218389511108398,
        12.014352798461914,
        11.789649963378906,
        11.57055950164795,
        11.398565292358398,
        11.249082565307617,
        11.03531265258789,
        10.841507911682129,
        10.650033950805664,
        10.49794864654541,
        10.306344985961914,
        10.18564510345459,
        10.016115188598633,
        9.959226608276367,
        9.8448486328125,
        9.718146324157715,
        9.687836647033691,
        9.604758262634277,
        9.505785942077637,
        9.386842727661133,
        9.41468620300293,
        9.339887619018555,
        9.234712600708008,
        9.204994201660156,
        9.163413047790527,
        9.08907699584961,
        9.091249465942383,
        9.08462142944336,
        9.031837463378906,
        8.964499473571777,
        8.912984848022461,
        8.8637113571167,
        8.906158447265625,
        8.906862258911133,
        8.81729793548584,
        8.765356063842773,
        8.776239395141602,
        8.771647453308105,
        8.705592155456543,
        8.679949760437012,
        8.681462287902832,
        8.63281536102295,
        8.602103233337402,
        8.568741798400879,
        8.54952621459961,
        8.507349014282227,
        8.51065731048584,
        8.49269962310791,
        8.483863830566406,
        8.453784942626953,
        8.411490440368652,
        8.418513298034668,
        8.403810501098633,
        8.391623497009277,
        8.369829177856445,
        8.331466674804688,
        8.3181791305542,
        8.305728912353516
    ],