{
    "effect_pehe": 6.83050012588501,
    "effect_mae": 4.027088165283203
}