{
    "effect_pehe": 6.594205379486084,
    "effect_mae": 2.3252549171447754
}