{
    "effect_pehe": 6.193909168243408,
    "effect_mae": 1.9091105461120605
}