{
    "epoch": [
        0,
        1,
        2,
        3,
        4,
        5,
        6,
        7,
        8,
        9,
        10,
        11,
        12,
        13,
        14,
        15,
        16,
        17,
        18,
        19,
        20,
        21,
        22,
        23,
        24,
        25,
        26,
        27,
        28,
        29,
        30,
        31,
        32,
        33,
        34,
        35,
        36,
        37,
        38,
        39,
        40,
        41,
        42,
        43,
        44,
        45,
        46,
        47,
        48,
        49,
        50,
        51,
        52,
        53,
        54,
        55,
        56,
        57,
        58,
        59,
        60,
        61,
        62,
        63,
        64,
        65,
        66,
        67,
        68,
        69,
        70,
        71,
        72,
        73,
        74,
        75,
        76,
        77,
        78,
        79,
        80,
        81,
        82,
        83,
        84,
        85,
        86,
        87,
        88,
        89,
        90,
        91,
        92,
        93,
        94,
        95,
        96,
        97,
        98,
        99,
        100,
        101,
        102,
        103,
        104,
        105,
        106,
        107,
        108,
        109,
        110,
        111,
        112,
        113,
        114,
        115,
        116,
        117,
        118,
        119,
        120,
        121,
        122,
        123,
        124,
        125,
        126,
        127,
        128,
        129,
        130,
        131,
        132,
        133,
        134,
        135,
        136,
        137
    ],
    "train_loss": [
        39.368831634521484,
        39.2612419128418,
        39.14578628540039,
        39.01873016357422,
        38.876441955566406,
        38.71749496459961,
        38.52837371826172,
        38.30158615112305,
        38.03662109375,
        37.72028732299805,
        37.36205291748047,
        36.93138885498047,
        36.44942092895508,
        35.88161087036133,
        35.24480056762695,
        34.54216384887695,
        33.773353576660156,
        32.98982238769531,
        32.223384857177734,
        31.59954071044922,
        31.185272216796875,
        31.180713653564453,
        31.552669525146484,
        31.949203491210938,
        31.926706314086914,
        31.681900024414062,
        31.28976821899414,
        30.893096923828125,
        30.652063369750977,
        30.570236206054688,
        30.49658966064453,
        30.498693466186523,
        30.4423828125,
        30.38927459716797,
        30.35050392150879,
        30.149988174438477,
        29.971097946166992,
        29.745594024658203,
        29.55263328552246,
        29.21770477294922,
        28.961711883544922,
        28.800460815429688,
        28.541778564453125,
        28.29293441772461,
        28.053613662719727,
        27.70920181274414,
        27.401870727539062,
        27.037342071533203,
        26.68086051940918,
        26.265138626098633,
        25.845233917236328,
        25.416406631469727,
        25.028240203857422,
        24.575313568115234,
        24.14006996154785,
        23.654861450195312,
        23.184099197387695,
        22.681760787963867,
        22.2425479888916,
        21.801515579223633,
        21.382343292236328,
        20.991853713989258,
        20.57095718383789,
        20.265836715698242,
        19.99126625061035,
        19.80939292907715,
        19.636106491088867,
        19.51177215576172,
        19.447355270385742,
        19.39057731628418,
        19.34650993347168,
        19.302099227905273,
        19.270761489868164,
        19.22341537475586,
        19.128686904907227,
        19.072359085083008,
        18.987241744995117,
        18.883460998535156,
        18.75731658935547,
        18.664945602416992,
        18.560850143432617,
        18.455175399780273,
        18.371580123901367,
        18.295408248901367,
        18.207481384277344,
        18.150318145751953,
        18.088075637817383,
        17.994813919067383,
        17.95159912109375,
        17.863054275512695,
        17.79374885559082,
        17.692781448364258,
        17.658552169799805,
        17.526609420776367,
        17.475553512573242,
        17.383703231811523,
        17.34956932067871,
        17.249439239501953,
        17.226808547973633,
        17.17576789855957,
        17.132335662841797,
        17.05257225036621,
        17.029861450195312,
        16.961091995239258,
        16.870121002197266,
        16.88564109802246,
        16.839080810546875,
        16.73477554321289,
        16.696224212646484,
        16.615459442138672,
        16.562055587768555,
        16.52968406677246,
        16.50176429748535,
        16.481338500976562,
        16.444175720214844,
        16.410541534423828,
        16.365978240966797,
        16.273221969604492,
        16.243701934814453,
        16.192808151245117,
        16.174888610839844,
        16.124963760375977,
        16.066740036010742,
        16.05888557434082,
        16.009714126586914,
        15.937356948852539,
        15.892580032348633,
        15.877494812011719,
        15.807734489440918,
        15.771947860717773,
        15.749954223632812,
        15.688873291015625,
        15.62003231048584,
        15.561460494995117,
        15.561777114868164,
        15.455977439880371,
        15.449763298034668,
        15.435380935668945
    ],