{
    "effect_pehe": 4.981638431549072,
    "effect_mae": 1.4031095504760742
}