{
    "effect_pehe": 4.190396785736084,
    "effect_mae": 0.039005279541015625
}