{
    "epoch": [
        0,
        1,
        2,
        3,
        4,
        5,
        6,
        7,
        8,
        9,
        10,
        11,
        12,
        13,
        14,
        15,
        16,
        17,
        18,
        19,
        20,
        21,
        22,
        23,
        24,
        25,
        26,
        27,
        28,
        29,
        30,
        31,
        32,
        33,
        34,
        35,
        36,
        37,
        38,
        39,
        40,
        41,
        42,
        43,
        44,
        45,
        46,
        47,
        48,
        49,
        50,
        51,
        52,
        53,
        54,
        55,
        56,
        57,
        58,
        59,
        60,
        61,
        62,
        63,
        64,
        65,
        66,
        67,
        68,
        69,
        70,
        71,
        72,
        73,
        74,
        75,
        76,
        77,
        78,
        79,
        80,
        81,
        82,
        83,
        84,
        85,
        86,
        87,
        88,
        89,
        90,
        91,
        92,
        93,
        94,
        95,
        96,
        97,
        98,
        99
    ],
    "train_loss": [
        14.247538566589355,
        14.199501991271973,
        14.164462089538574,
        14.133633613586426,
        14.103984832763672,
        14.073725700378418,
        14.04037094116211,
        14.003252983093262,
        13.961601257324219,
        13.914459228515625,
        13.860522270202637,
        13.796008110046387,
        13.722424507141113,
        13.640356063842773,
        13.548736572265625,
        13.445904731750488,
        13.344403266906738,
        13.232579231262207,
        13.122159957885742,
        13.03296184539795,
        12.966991424560547,
        12.921566009521484,
        12.850419044494629,
        12.787726402282715,
        12.669105529785156,
        12.509258270263672,
        12.370990753173828,
        12.239121437072754,
        12.078152656555176,
        11.881176948547363,
        11.666988372802734,
        11.441096305847168,
        11.207775115966797,
        10.977193832397461,
        10.688846588134766,
        10.396300315856934,
        10.091955184936523,
        9.815934181213379,
        9.54015064239502,
        9.2568359375,
        9.007596969604492,
        8.77709674835205,
        8.579014778137207,
        8.477411270141602,
        8.380139350891113,
        8.332405090332031,
        8.286909103393555,
        8.248926162719727,
        8.17049503326416,
        8.101194381713867,
        7.949769496917725,
        7.826231002807617,
        7.7430500984191895,
        7.628742694854736,
        7.581864833831787,
        7.538023471832275,
        7.495378017425537,
        7.498825550079346,
        7.476855278015137,
        7.492860794067383,
        7.466594696044922,
        7.4591522216796875,
        7.410557746887207,
        7.361358165740967,
        7.347585678100586,
        7.310513973236084,
        7.259990692138672,
        7.227995872497559,
        7.24876070022583,
        7.200929641723633,
        7.197195053100586,
        7.200279712677002,
        7.202209949493408,
        7.180871963500977,
        7.149160861968994,
        7.136013984680176,
        7.086093902587891,
        7.099365711212158,
        7.086714267730713,
        7.077309608459473,
        7.055308818817139,
        7.055914878845215,
        7.054202079772949,
        7.030766010284424,
        7.018545627593994,
        6.9974470138549805,
        7.0044732093811035,
        6.981471061706543,
        6.971590518951416,
        6.967747688293457,
        6.946043491363525,
        6.947905540466309,
        6.904335975646973,
        6.939907550811768,
        6.915307998657227,
        6.907583713531494,
        6.8956074714660645,
        6.852160930633545,
        6.862810134887695,
        6.850866794586182
    ],
    "val_loss": [
        16.67875099182129,
        16.627439498901367,
        16.590717315673828,
        16.557373046875,
        16.52435302734375,
        16.4915714263916,
        16.455278396606445,
        16.413944244384766,
        16.367753982543945,
        16.31505584716797,
        16.254892349243164,
        16.184459686279297,
        16.099519729614258,
        16.0070743560791,
        15.898508071899414,
        15.787433624267578,
        15.654337882995605,
        15.52388858795166,
        15.39275074005127,
        15.27472972869873,
        15.128806114196777,
        15.067601203918457,
        15.008390426635742,
        14.885507583618164,
        14.764333724975586,
        14.616497993469238,
        14.451910018920898,
        14.289632797241211,
        14.119860649108887,
        13.895652770996094,
        13.633737564086914,
        13.354497909545898,
        13.004011154174805,
        12.734959602355957,
        12.397566795349121,
        12.054292678833008,
        11.728007316589355,
        11.389763832092285,
        11.02645492553711,
        10.608519554138184,
        10.256621360778809,
        9.917349815368652,
        9.684182167053223,
        9.452834129333496,
        9.254382133483887,
        9.061351776123047,
        8.930811882019043,
        8.888317108154297,
        8.796647071838379,
        8.636519432067871,
        8.562708854675293,
        8.511695861816406,
        8.411280632019043,
        8.386197090148926,
        8.390484809875488,
        8.349777221679688,
        8.36936092376709,
        8.401877403259277,
        8.418798446655273,
        8.432165145874023,
        8.43410873413086,
        8.410090446472168,
        8.410988807678223,
        8.319840431213379,
        8.26685905456543,
        8.25998592376709,
        8.195672035217285,
        8.191482543945312,
        8.129159927368164,
        8.078088760375977,
        8.118542671203613,
        8.061098098754883,
        8.060564994812012,
        8.075119018554688,
        8.031906127929688,
        8.06943130493164,
        8.047462463378906,
        8.08835506439209,
        8.129393577575684,
        8.106375694274902,
        8.101292610168457,
        8.133993148803711,
        8.161041259765625,
        8.160858154296875,
        8.117688179016113,
        8.089426040649414,
        8.066033363342285,
        8.066366195678711,
        8.056166648864746,
        8.084396362304688,
        8.06121826171875,
        8.032736778259277,
        8.050335884094238,
        8.052957534790039,
        8.051372528076172,
        8.103225708007812,
        8.077522277832031,
        8.075824737548828,
        8.060013771057129,
        8.077025413513184
    ]
}