{
    "effect_pehe": 8.577698707580566,
    "effect_mae": 2.2829246520996094
}