{
    "effect_pehe": 5.65305757522583,
    "effect_mae": 4.410299301147461
}