{
    "epoch": [
        0,
        1,
        2,
        3,
        4,
        5,
        6,
        7,
        8,
        9,
        10,
        11,
        12,
        13,
        14,
        15,
        16,
        17,
        18,
        19,
        20,
        21,
        22,
        23,
        24,
        25,
        26,
        27,
        28,
        29,
        30,
        31,
        32,
        33,
        34,
        35,
        36,
        37,
        38,
        39,
        40,
        41,
        42,
        43,
        44,
        45,
        46,
        47,
        48,
        49,
        50,
        51,
        52,
        53,
        54,
        55,
        56,
        57,
        58,
        59,
        60,
        61,
        62,
        63,
        64,
        65,
        66,
        67,
        68,
        69,
        70,
        71,
        72,
        73,
        74,
        75,
        76,
        77,
        78,
        79,
        80,
        81,
        82,
        83,
        84,
        85,
        86,
        87,
        88,
        89,
        90,
        91,
        92,
        93,
        94,
        95,
        96,
        97,
        98,
        99,
        100,
        101,
        102,
        103,
        104,
        105,
        106,
        107,
        108,
        109,
        110,
        111,
        112,
        113,
        114,
        115,
        116,
        117,
        118,
        119,
        120,
        121,
        122,
        123,
        124,
        125,
        126,
        127,
        128,
        129,
        130,
        131,
        132,
        133,
        134,
        135,
        136,
        137,
        138,
        139,
        140,
        141,
        142,
        143,
        144,
        145,
        146,
        147,
        148,
        149,
        150,
        151,
        152,
        153,
        154,
        155,
        156,
        157,
        158,
        159,
        160,
        161,
        162,
        163,
        164,
        165,
        166,
        167,
        168,
        169,
        170,
        171,
        172,
        173,
        174,
        175,
        176,
        177,
        178,
        179,
        180,
        181,
        182,
        183,
        184,
        185,
        186,
        187,
        188,
        189,
        190,
        191
    ],
    "train_loss": [
        427.5322570800781,
        426.7838439941406,
        426.09765625,
        425.4302978515625,
        424.75714111328125,
        424.07366943359375,
        423.36956787109375,
        422.59613037109375,
        421.7048034667969,
        420.6444396972656,
        419.3967590332031,
        417.8985900878906,
        416.1317443847656,
        414.02484130859375,
        411.4427185058594,
        408.392822265625,
        404.8258361816406,
        400.5223693847656,
        395.65240478515625,
        389.6666564941406,
        382.8365783691406,
        375.22003173828125,
        365.92828369140625,
        355.5994873046875,
        343.8101806640625,
        329.83380126953125,
        314.77557373046875,
        297.922119140625,
        279.68988037109375,
        260.6134948730469,
        239.45501708984375,
        219.26925659179688,
        197.8131866455078,
        179.9861602783203,
        161.571533203125,
        148.1556854248047,
        135.3970184326172,
        129.3033447265625,
        123.75550842285156,
        117.6776123046875,
        111.5438232421875,
        106.74969482421875,
        102.53841400146484,
        101.37336730957031,
        98.8458480834961,
        97.38954162597656,
        96.37796783447266,
        95.11842346191406,
        92.02005767822266,
        89.19722747802734,
        86.37327575683594,
        85.04785919189453,
        84.29927062988281,
        85.49369812011719,
        85.39289093017578,
        85.7660903930664,
        85.53853607177734,
        82.7364501953125,
        83.21046447753906,
        80.94031524658203,
        81.1419677734375,
        80.69116973876953,
        81.47683715820312,
        81.26973724365234,
        79.60796356201172,
        78.50390625,
        80.35643768310547,
        78.43545532226562,
        78.53089904785156,
        78.11801147460938,
        78.74298858642578,
        78.6988525390625,
        78.05155181884766,
        76.64180755615234,
        77.24859619140625,
        77.04048156738281,
        76.75167083740234,
        76.1589126586914,
        76.22180938720703,
        75.1985855102539,
        75.79560852050781,
        76.1985855102539,
        76.6301498413086,
        74.91165924072266,
        75.30675506591797,
        74.09408569335938,
        74.06961059570312,
        73.67505645751953,
        74.37504577636719,
        74.3165283203125,
        74.19807434082031,
        72.9035873413086,
        72.47776794433594,
        74.7107162475586,
        71.65753936767578,
        73.79393768310547,
        72.90316772460938,
        71.86707305908203,
        71.48075103759766,
        71.5107650756836,
        71.18866729736328,
        73.63961791992188,
        71.16287994384766,
        71.52310943603516,
        68.91227722167969,
        71.01544189453125,
        71.72058868408203,
        70.3530502319336,
        70.82401275634766,
        69.52960205078125,
        69.11095428466797,
        69.92295837402344,
        68.59215545654297,
        68.93896484375,
        69.33642578125,
        68.7552719116211,
        68.38548278808594,
        68.43681335449219,
        67.10506439208984,
        68.23027801513672,
        67.93939208984375,
        66.71694946289062,
        65.69514465332031,
        65.84711456298828,
        65.75779724121094,
        65.81568145751953,
        66.82562255859375,
        65.27388000488281,
        64.9730224609375,
        65.0779037475586,
        64.76911926269531,
        64.15448760986328,
        63.93701934814453,
        63.337989807128906,
        63.29264450073242,
        61.822288513183594,
        62.960208892822266,
        61.63974380493164,
        63.34611892700195,
        61.11555099487305,
        60.60345458984375,
        61.67695999145508,
        59.5743522644043,
        61.11320877075195,
        60.25205612182617,
        61.47355651855469,
        58.875946044921875,
        58.12783432006836,
        57.83893966674805,
        57.92732238769531,
        59.589290618896484,
        58.17563247680664,
        58.08851623535156,
        56.60849380493164,
        57.84626007080078,
        56.510196685791016,
        57.550697326660156,
        56.915584564208984,
        55.848388671875,
        55.749752044677734,
        54.7056999206543,
        55.52498245239258,
        54.638526916503906,
        54.27698516845703,
        55.197872161865234,
        55.278011322021484,
        54.988128662109375,
        53.76222610473633,
        54.42107009887695,
        53.532135009765625,
        54.368621826171875,
        53.51007080078125,
        53.562076568603516,
        53.283077239990234,
        53.392913818359375,
        52.07558822631836,
        52.26523971557617,
        52.18306350708008,
        52.11128234863281,
        50.26972961425781,
        52.14809036254883,
        50.63457107543945,
        50.420406341552734,
        52.425506591796875,
        49.92498016357422,
        51.31117630004883,
        50.40900421142578,
        50.37469482421875,
        49.22866439819336,
        50.974788665771484,
        49.487152099609375,
        49.56298065185547
    ],