{
    "effect_pehe": 10.045502662658691,
    "effect_mae": 5.130340576171875
}