{
    "effect_pehe": 4.498460292816162,
    "effect_mae": 0.7507312297821045
}