{
    "effect_pehe": 8.00995922088623,
    "effect_mae": 2.5083093643188477
}