{
    "effect_pehe": 5.76522159576416,
    "effect_mae": 3.1469650268554688
}