{
    "effect_pehe": 3.7140469551086426,
    "effect_mae": 0.18230390548706055
}