{
    "effect_pehe": 14.141406059265137,
    "effect_mae": 2.810504913330078
}