{
    "effect_pehe": 15.585151672363281,
    "effect_mae": 0.8668293952941895
}