{
    "effect_pehe": 14.079710960388184,
    "effect_mae": 2.457554817199707
}