{
    "effect_pehe": 13.901581764221191,
    "effect_mae": 3.7054824829101562
}