{
    "effect_pehe": 13.382521629333496,
    "effect_mae": 0.2449502944946289
}