{
    "effect_pehe": 11.933067321777344,
    "effect_mae": 4.500247001647949
}