{
    "effect_pehe": 13.406706809997559,
    "effect_mae": 0.37958478927612305
}