{
    "effect_pehe": 11.64921760559082,
    "effect_mae": 3.9761838912963867
}