{
    "effect_pehe": 18.366939544677734,
    "effect_mae": 1.0301933288574219
}