{
    "effect_pehe": 13.104610443115234,
    "effect_mae": 2.3123154640197754
}