{
    "effect_pehe": 12.136456489562988,
    "effect_mae": 4.056880474090576
}