{
    "effect_pehe": 24.154815157416724,
    "effect_mae": 16.414614212572737
}