{
    "effect_pehe": 20.263534421135176,
    "effect_mae": 14.728453837566027
}