{
    "effect_pehe": 12.320662081069266,
    "effect_mae": 5.922235549043976
}