{
    "effect_pehe": 19.936577584945205,
    "effect_mae": 12.051700175340136
}