{
    "effect_pehe": 16.254277137573272,
    "effect_mae": 9.856018945069229
}