{
    "effect_pehe": 4.949019466554877,
    "effect_mae": 3.980904550722355
}