{
    "effect_pehe": 4.979341292091025,
    "effect_mae": 4.006306155177512
}