{
    "effect_pehe": 6.326966056966563,
    "effect_mae": 5.1899698427641905
}