{
    "effect_pehe": 4.073248088877039,
    "effect_mae": 3.242451168838528
}