{
    "effect_pehe": 4.250287556434381,
    "effect_mae": 3.4560162608360576
}