{
    "effect_pehe": 3.8111391982517877,
    "effect_mae": 3.122794859398041
}