{
    "effect_pehe": 4.172702407846822,
    "effect_mae": 3.289608433561177
}