{
    "effect_pehe": 3.7724275688767523,
    "effect_mae": 3.0456162992371074
}