{
    "effect_pehe": 30.648303520835356,
    "effect_mae": 16.249207623347992
}