{
    "effect_pehe": 31.637337362800253,
    "effect_mae": 14.648444184394704
}