{
    "effect_pehe": 1.7214155197143555,
    "effect_mae": 0.020078659057617188
}