{
    "effect_pehe": 0.844362735748291,
    "effect_mae": 0.04068470001220703
}