{
    "effect_pehe": 3.1632180213928223,
    "effect_mae": 0.18213701248168945
}