{
    "effect_pehe": 0.8437937498092651,
    "effect_mae": 0.06006300449371338
}