{
    "effect_pehe": 0.8220112919807434,
    "effect_mae": 0.09041929244995117
}