{
    "effect_pehe": 1.844865083694458,
    "effect_mae": 0.08486008644104004
}