{
    "effect_pehe": 1.1317874193191528,
    "effect_mae": 0.583686351776123
}