{
    "effect_pehe": 1.9957014322280884,
    "effect_mae": 1.3842723369598389
}