{
    "effect_pehe": 3.5312790870666504,
    "effect_mae": 1.3006401062011719
}