{
    "effect_pehe": 3.787807146636868,
    "effect_mae": 3.0163980783997806
}