{
    "effect_pehe": 3.061630132510817,
    "effect_mae": 2.450853186966898
}