{
    "effect_pehe": 3.971407117101932,
    "effect_mae": 3.1881920754372346
}