{
    "effect_pehe": 2.848989662115441,
    "effect_mae": 2.2708427816432475
}