{
    "effect_pehe": 3.6338452744500196,
    "effect_mae": 2.9533691055551756
}