{
    "effect_pehe": 4.164553214178415,
    "effect_mae": 3.3368997759863244
}