{
    "effect_pehe": 1.1368399858474731,
    "effect_mae": 0.03099629282951355
}