{
    "effect_pehe": 1.9408771991729736,
    "effect_mae": 0.22492851316928864
}