{
    "effect_pehe": 0.779969334602356,
    "effect_mae": 0.020323753356933594
}