{
    "effect_pehe": 0.7679755091667175,
    "effect_mae": 0.011456876993179321
}