{
    "effect_pehe": 2.110532760620117,
    "effect_mae": 0.17436817288398743
}