{
    "effect_pehe": 1.4723721742630005,
    "effect_mae": 0.13231122493743896
}