{
    "effect_pehe": 2.0621652603149414,
    "effect_mae": 0.20272478461265564
}