{
    "effect_pehe": 0.8485248684883118,
    "effect_mae": 0.022566378116607666
}