{
    "effect_pehe": 0.7955411672592163,
    "effect_mae": 0.004697442054748535
}