{
    "effect_pehe": 3.1727802753448486,
    "effect_mae": 0.41972616314888
}