{
    "effect_pehe": 1.5831204652786255,
    "effect_mae": 0.14495627582073212
}