{
    "effect_pehe": 2.5164432525634766,
    "effect_mae": 0.040367335081100464
}