{
    "effect_pehe": 0.794599711894989,
    "effect_mae": 0.09352684020996094
}