{
    "effect_pehe": 1.8448944091796875,
    "effect_mae": 0.7384192943572998
}