{
    "effect_pehe": 3.1401305198669434,
    "effect_mae": 0.012501955032348633
}