{
    "effect_pehe": 1.0703327655792236,
    "effect_mae": 0.20421338081359863
}