{
    "effect_pehe": 1.9588642120361328,
    "effect_mae": 0.36231380701065063
}