{
    "effect_pehe": 2.5555384159088135,
    "effect_mae": 1.2544779777526855
}