{
    "effect_pehe": 0.8046722412109375,
    "effect_mae": 0.09377384185791016
}