{
    "effect_pehe": 1.961930751800537,
    "effect_mae": 0.10944056510925293
}