{
    "effect_pehe": 1.861357569694519,
    "effect_mae": 0.04563164710998535
}