{
    "effect_pehe": 1.3413164615631104,
    "effect_mae": 0.40466177463531494
}