{
    "effect_pehe": 1.5576014518737793,
    "effect_mae": 0.03730139136314392
}