{
    "effect_pehe": 9.419628143310547,
    "effect_mae": 5.742528915405273
}