{
    "effect_pehe": 6.72040319442749,
    "effect_mae": 2.2007904052734375
}