{
    "effect_pehe": 7.151750564575195,
    "effect_mae": 1.1165828704833984
}