{
    "effect_pehe": 7.524697780609131,
    "effect_mae": 1.9337825775146484
}