{
    "effect_pehe": 13.169475555419922,
    "effect_mae": 8.908867835998535
}