{
    "epoch": [
        0,
        1,
        2,
        3,
        4,
        5,
        6,
        7,
        8,
        9,
        10,
        11,
        12,
        13,
        14,
        15,
        16,
        17,
        18,
        19,
        20,
        21,
        22,
        23,
        24,
        25,
        26,
        27,
        28,
        29,
        30,
        31,
        32,
        33,
        34,
        35,
        36,
        37,
        38,
        39,
        40,
        41,
        42,
        43,
        44,
        45,
        46,
        47,
        48,
        49,
        50,
        51,
        52,
        53,
        54,
        55,
        56,
        57,
        58,
        59,
        60,
        61,
        62,
        63,
        64,
        65,
        66,
        67,
        68,
        69,
        70,
        71,
        72,
        73,
        74,
        75,
        76,
        77,
        78,
        79,
        80,
        81,
        82,
        83,
        84,
        85,
        86,
        87,
        88,
        89,
        90,
        91,
        92,
        93,
        94,
        95,
        96,
        97,
        98,
        99,
        100,
        101,
        102,
        103,
        104,
        105,
        106,
        107,
        108,
        109,
        110,
        111,
        112,
        113,
        114,
        115,
        116,
        117,
        118,
        119,
        120,
        121,
        122,
        123,
        124,
        125,
        126,
        127,
        128,
        129,
        130,
        131,
        132
    ],
    "train_loss": [
        333.3529357910156,
        332.2402648925781,
        331.0550231933594,
        329.7186279296875,
        328.136474609375,
        326.2438659667969,
        323.9572448730469,
        321.1785888671875,
        317.7899475097656,
        313.75775146484375,
        308.8738098144531,
        303.0335693359375,
        295.95147705078125,
        287.7722473144531,
        278.2232971191406,
        266.9583740234375,
        253.89649963378906,
        239.5244598388672,
        223.4138641357422,
        205.89492797851562,
        188.0576629638672,
        169.71246337890625,
        153.2259979248047,
        139.40090942382812,
        129.72024536132812,
        123.98664855957031,
        125.35314178466797,
        128.754150390625,
        130.2723846435547,
        129.08995056152344,
        122.02590942382812,
        115.13919830322266,
        109.38091278076172,
        106.60771179199219,
        105.5201416015625,
        105.5356674194336,
        106.00275421142578,
        104.7343978881836,
        104.68196868896484,
        101.68312072753906,
        99.51698303222656,
        95.51020812988281,
        92.50152587890625,
        90.08903503417969,
        89.32705688476562,
        88.70453643798828,
        89.49073791503906,
        90.9454574584961,
        89.43543243408203,
        87.9519271850586,
        87.12432861328125,
        85.2813720703125,
        83.99101257324219,
        84.37059020996094,
        83.31221771240234,
        83.85741424560547,
        84.2819595336914,
        82.35701751708984,
        83.72518920898438,
        81.01640319824219,
        81.18240356445312,
        80.85366821289062,
        80.19941711425781,
        80.10090637207031,
        79.00190734863281,
        80.16510009765625,
        78.22618865966797,
        78.2454833984375,
        77.28759002685547,
        78.33965301513672,
        77.2149658203125,
        75.53138732910156,
        76.37380981445312,
        76.0933609008789,
        76.57768249511719,
        77.1487808227539,
        74.5843734741211,
        76.70954895019531,
        75.01761627197266,
        74.40583801269531,
        74.87059783935547,
        74.77434539794922,
        73.23462677001953,
        73.08106994628906,
        72.4480972290039,
        73.0516357421875,
        72.1156234741211,
        71.45610046386719,
        70.99678802490234,
        71.18075561523438,
        72.38700103759766,
        70.180419921875,
        71.0191421508789,
        70.12030029296875,
        70.47807312011719,
        69.5658187866211,
        69.21112823486328,
        68.72611999511719,
        69.19577026367188,
        68.31611633300781,
        69.45318603515625,
        69.08861541748047,
        68.13642883300781,
        67.15123748779297,
        66.87483215332031,
        66.11500549316406,
        67.26126098632812,
        66.5294418334961,
        67.26102447509766,
        66.92625427246094,
        65.51212310791016,
        65.91478729248047,
        64.78779602050781,
        65.22978973388672,
        64.3368911743164,
        65.72395324707031,
        65.37992095947266,
        63.671905517578125,
        63.74313735961914,
        63.86799621582031,
        63.03871154785156,
        63.317054748535156,
        63.85108184814453,
        62.80911636352539,
        62.11857223510742,
        62.61682891845703,
        62.20088195800781,
        62.43184280395508,
        62.02625274658203,
        62.236148834228516,
        61.412845611572266,
        61.45903396606445,
        61.069400787353516
    ],