{
    "effect_pehe": 5.534821510314941,
    "effect_mae": 2.4620699882507324
}