{
    "effect_pehe": 8.873754501342773,
    "effect_mae": 2.266608238220215
}