{
    "effect_pehe": 14.997178077697754,
    "effect_mae": 11.054261207580566
}