{
    "effect_pehe": 8.890969276428223,
    "effect_mae": 4.128913402557373
}