{
    "effect_pehe": 6.408884525299072,
    "effect_mae": 2.7314612865448
}