{
    "effect_pehe": 5.389070987701416,
    "effect_mae": 2.355313777923584
}