{
    "epoch": [
        0,
        1,
        2,
        3,
        4,
        5,
        6,
        7,
        8,
        9,
        10,
        11,
        12,
        13,
        14,
        15,
        16,
        17,
        18,
        19,
        20,
        21,
        22,
        23,
        24,
        25,
        26,
        27,
        28,
        29,
        30,
        31,
        32,
        33,
        34,
        35,
        36,
        37,
        38,
        39,
        40,
        41,
        42,
        43,
        44,
        45,
        46,
        47,
        48,
        49,
        50,
        51,
        52,
        53,
        54,
        55,
        56,
        57,
        58,
        59,
        60,
        61,
        62,
        63,
        64,
        65,
        66,
        67,
        68,
        69,
        70,
        71,
        72,
        73,
        74,
        75,
        76,
        77,
        78,
        79,
        80,
        81,
        82,
        83,
        84,
        85,
        86,
        87,
        88,
        89,
        90,
        91,
        92,
        93,
        94
    ],
    "train_loss": [
        336.0316467285156,
        334.4401550292969,
        332.7820129394531,
        331.0404357910156,
        329.1721496582031,
        327.1021423339844,
        324.7745361328125,
        322.0643310546875,
        318.9181823730469,
        315.2655029296875,
        311.0232238769531,
        306.0367736816406,
        300.2239074707031,
        293.4169006347656,
        285.5873718261719,
        276.55108642578125,
        266.13702392578125,
        254.16529846191406,
        241.08670043945312,
        226.60398864746094,
        210.93113708496094,
        194.8309326171875,
        178.2002716064453,
        161.58392333984375,
        146.59449768066406,
        133.96710205078125,
        122.43954467773438,
        115.3291015625,
        111.5401611328125,
        108.86028289794922,
        106.15758514404297,
        100.82807922363281,
        93.90505981445312,
        87.48629760742188,
        80.87689208984375,
        76.75330352783203,
        74.46045684814453,
        74.3532943725586,
        74.17311096191406,
        73.44456481933594,
        71.05770111083984,
        70.03365325927734,
        66.09366607666016,
        64.64131927490234,
        62.378787994384766,
        61.08903884887695,
        60.79256820678711,
        61.4415397644043,
        60.658050537109375,
        59.94453811645508,
        59.92637252807617,
        57.86279296875,
        57.73521041870117,
        58.00155258178711,
        59.51935958862305,
        58.41400909423828,
        57.54228210449219,
        56.4074821472168,
        56.2940559387207,
        55.917659759521484,
        56.39372253417969,
        55.765098571777344,
        55.9750862121582,
        56.9895133972168,
        56.355308532714844,
        55.86756134033203,
        55.51729965209961,
        55.32078170776367,
        55.65746307373047,
        55.83198928833008,
        54.91740798950195,
        55.08102798461914,
        55.60179138183594,
        55.3708381652832,
        55.79387283325195,
        55.05447769165039,
        55.74229049682617,
        55.130313873291016,
        55.33963394165039,
        54.991355895996094,
        54.55002975463867,
        55.44697570800781,
        54.91551971435547,
        53.394187927246094,
        55.442623138427734,
        54.62961196899414,
        54.556846618652344,
        55.042057037353516,
        53.77696990966797,
        55.004905700683594,
        54.46205139160156,
        53.40079116821289,
        53.85916519165039,
        54.36040115356445,
        53.71833038330078
    ],
    "val_loss": [
        336.9914245605469,
        335.85821533203125,
        334.6712951660156,
        333.3659362792969,
        331.90203857421875,
        330.2579650878906,
        328.3811340332031,
        326.2119140625,
        323.6377258300781,
        320.6282043457031,
        317.1222229003906,
        312.9860534667969,
        307.98077392578125,
        302.1737976074219,
        295.4088439941406,
        287.58905029296875,
        277.9363098144531,
        267.6201477050781,
        255.728271484375,
        242.23194885253906,
        226.61282348632812,
        210.9660186767578,
        193.59219360351562,
        176.4521026611328,
        159.5103302001953,
        143.06277465820312,
        132.3982391357422,
        123.32003021240234,
        119.14188385009766,
        116.70982360839844,
        115.45153045654297,
        112.8797607421875,
        109.7569808959961,
        104.61137390136719,
        100.15213775634766,
        96.54808807373047,
        93.8014144897461,
        91.47417449951172,
        91.85047912597656,
        90.50308227539062,
        88.12693786621094,
        84.96221160888672,
        82.61853790283203,
        80.48506927490234,
        77.58419799804688,
        77.95658874511719,
        82.1300048828125,
        80.86321258544922,
        79.90274810791016,
        79.83028411865234,
        75.74678802490234,
        73.21739196777344,
        71.9916763305664,
        72.04539489746094,
        71.02516174316406,
        71.59090423583984,
        69.34622192382812,
        70.19169616699219,
        71.23103332519531,
        72.01132202148438,
        75.1456527709961,
        75.57611083984375,
        77.41830444335938,
        75.9312973022461,
        74.33710479736328,
        73.46674346923828,
        74.5483169555664,
        72.4632797241211,
        71.56613159179688,
        69.24369049072266,
        70.76708221435547,
        70.86665344238281,
        71.96894836425781,
        70.7503433227539,
        73.4009017944336,
        72.37244415283203,
        75.09271240234375,
        70.98904418945312,
        71.24971771240234,
        72.07554626464844,
        69.52439880371094,
        69.82386779785156,
        69.91754913330078,
        70.67092895507812,
        72.21028137207031,
        72.49330139160156,
        74.24254608154297,
        73.90794372558594,
        71.9700698852539,
        71.75675964355469,
        70.71170806884766,
        72.62651824951172,
        70.5929946899414,
        69.32845306396484,
        71.52104187011719
    ]
}