{
    "effect_pehe": 5.869755268096924,
    "effect_mae": 1.4285364151000977
}