{
    "effect_pehe": 6.402535915374756,
    "effect_mae": 2.85727858543396
}