{
    "epoch": [
        0,
        1,
        2,
        3,
        4,
        5,
        6,
        7,
        8,
        9,
        10,
        11,
        12,
        13,
        14,
        15,
        16,
        17,
        18,
        19,
        20,
        21,
        22,
        23,
        24,
        25,
        26,
        27,
        28,
        29,
        30,
        31,
        32,
        33,
        34,
        35,
        36,
        37,
        38,
        39,
        40,
        41,
        42,
        43,
        44,
        45,
        46,
        47,
        48,
        49,
        50,
        51,
        52,
        53,
        54,
        55,
        56,
        57,
        58,
        59,
        60,
        61,
        62,
        63,
        64,
        65,
        66,
        67,
        68,
        69,
        70,
        71,
        72,
        73,
        74,
        75,
        76,
        77,
        78,
        79,
        80,
        81
    ],
    "train_loss": [
        305.5235290527344,
        304.26983642578125,
        303.1688232421875,
        302.15380859375,
        301.1641540527344,
        300.09375,
        298.89306640625,
        297.4695129394531,
        295.76116943359375,
        293.68316650390625,
        291.1559753417969,
        288.0748291015625,
        284.252685546875,
        279.5673522949219,
        273.7210388183594,
        266.6844482421875,
        258.015625,
        247.78599548339844,
        235.76492309570312,
        221.77256774902344,
        205.47525024414062,
        188.21527099609375,
        168.9520721435547,
        149.98028564453125,
        131.641357421875,
        116.6156997680664,
        107.400634765625,
        104.0172119140625,
        105.81440734863281,
        107.82875061035156,
        106.64554595947266,
        100.08826446533203,
        92.22565460205078,
        83.0686264038086,
        76.99623107910156,
        74.9930191040039,
        74.07276153564453,
        73.9184341430664,
        74.62479400634766,
        74.13037109375,
        72.3473892211914,
        70.09870910644531,
        67.9493179321289,
        64.636962890625,
        61.334228515625,
        59.5029296875,
        58.63960266113281,
        58.22067642211914,
        59.08574295043945,
        58.71331787109375,
        58.122032165527344,
        56.45478057861328,
        55.657596588134766,
        55.24497604370117,
        54.201271057128906,
        54.1994514465332,
        54.156341552734375,
        54.33272171020508,
        54.255035400390625,
        53.408729553222656,
        52.73636245727539,
        52.08950424194336,
        51.835044860839844,
        51.07109451293945,
        51.399688720703125,
        51.89598083496094,
        51.583274841308594,
        52.14921188354492,
        50.7753791809082,
        51.00458908081055,
        49.918575286865234,
        50.11296844482422,
        50.507362365722656,
        50.412269592285156,
        50.46988296508789,
        49.950172424316406,
        49.34476089477539,
        50.280731201171875,
        49.58894729614258,
        49.42375183105469,
        49.01579666137695,
        49.264869689941406
    ],
    "val_loss": [
        261.7018737792969,
        260.86102294921875,
        260.10443115234375,
        259.4048767089844,
        258.7268371582031,
        258.0401611328125,
        257.27142333984375,
        256.3941345214844,
        255.32733154296875,
        253.9842529296875,
        252.35220336914062,
        250.3436279296875,
        247.76043701171875,
        244.5751190185547,
        240.52053833007812,
        235.49501037597656,
        229.27053833007812,
        221.62631225585938,
        212.0276641845703,
        201.18917846679688,
        187.8130340576172,
        172.4987030029297,
        154.70628356933594,
        135.10658264160156,
        115.30196380615234,
        94.72254180908203,
        76.20104217529297,
        63.08089828491211,
        55.00484848022461,
        50.36430740356445,
        49.56394958496094,
        46.39109802246094,
        45.29658126831055,
        44.78877258300781,
        45.61946487426758,
        48.768096923828125,
        51.0432243347168,
        53.720855712890625,
        54.99637222290039,
        54.8431282043457,
        53.71882247924805,
        51.65994644165039,
        49.332923889160156,
        45.80661392211914,
        42.69553756713867,
        40.752986907958984,
        39.77613830566406,
        40.4589958190918,
        40.484275817871094,
        42.21997833251953,
        40.77567672729492,
        40.529354095458984,
        38.83242416381836,
        38.19499588012695,
        38.135841369628906,
        37.666175842285156,
        37.321510314941406,
        38.12589645385742,
        37.9958381652832,
        38.47200012207031,
        37.63135528564453,
        37.65900802612305,
        37.366519927978516,
        39.60710144042969,
        39.90666198730469,
        40.25802230834961,
        42.67646026611328,
        41.91710662841797,
        40.76808547973633,
        39.63325500488281,
        38.31468963623047,
        38.512481689453125,
        38.68189239501953,
        37.6343994140625,
        37.72747802734375,
        38.43486785888672,
        38.65333557128906,
        40.100242614746094,
        40.812320709228516,
        42.675106048583984,
        42.59030532836914,
        41.597137451171875
    ]
}