{
    "effect_pehe": 8.357150077819824,
    "effect_mae": 0.013623237609863281
}