{
    "effect_pehe": 11.587906837463379,
    "effect_mae": 2.7954349517822266
}