{
    "effect_pehe": 4.7515740394592285,
    "effect_mae": 1.2869534492492676
}