{
    "effect_pehe": 6.579699993133545,
    "effect_mae": 0.9905757904052734
}