{
    "effect_pehe": 7.206948280334473,
    "effect_mae": 0.971193790435791
}