{
    "effect_pehe": 8.11023235321045,
    "effect_mae": 0.33591270446777344
}