{
    "effect_pehe": 9.938665390014648,
    "effect_mae": 0.6981716156005859
}