{
    "effect_pehe": 8.068522453308105,
    "effect_mae": 0.8895092010498047
}