{
    "effect_pehe": 6.290189266204834,
    "effect_mae": 1.729311466217041
}