{
    "effect_pehe": 8.435002326965332,
    "effect_mae": 0.8013534545898438
}