{
    "effect_pehe": 16.342020902677277,
    "effect_mae": 10.921379994687108
}