{
    "effect_pehe": 26.992463588027725,
    "effect_mae": 19.573102089833668
}