{
    "effect_pehe": 40.70288304365733,
    "effect_mae": 33.70456314384442
}