{
    "effect_pehe": 21.74381303051434,
    "effect_mae": 14.885331491632796
}