{
    "effect_pehe": 26.094314097247125,
    "effect_mae": 19.845596551385807
}