{
    "effect_pehe": 77.11066821940531,
    "effect_mae": 75.39849838455301
}