{
    "effect_pehe": 19.627972139307,
    "effect_mae": 14.068073198527795
}