{
    "effect_pehe": 22.241308305773103,
    "effect_mae": 15.159812938470758
}