{
    "effect_pehe": 15.378216269075025,
    "effect_mae": 10.34651691280297
}