{
    "effect_pehe": 17.77466336670072,
    "effect_mae": 12.236128228547402
}