{
    "effect_pehe": 16.1060983875909,
    "effect_mae": 9.824116052634672
}