{
    "effect_pehe": 24.280772480947267,
    "effect_mae": 16.362343544807285
}