{
    "effect_pehe": 10.721942901611328,
    "effect_mae": 0.4604644775390625
}