{
    "effect_pehe": 9.691844940185547,
    "effect_mae": 1.1394309997558594
}