{
    "epoch": [
        0,
        1,
        2,
        3,
        4,
        5,
        6,
        7,
        8,
        9,
        10,
        11,
        12,
        13,
        14,
        15,
        16,
        17,
        18,
        19,
        20,
        21,
        22,
        23,
        24,
        25,
        26,
        27,
        28,
        29,
        30,
        31,
        32,
        33,
        34,
        35,
        36,
        37,
        38,
        39,
        40,
        41,
        42,
        43,
        44,
        45,
        46,
        47,
        48,
        49,
        50,
        51,
        52,
        53,
        54,
        55,
        56,
        57,
        58,
        59,
        60,
        61,
        62,
        63,
        64,
        65,
        66,
        67,
        68,
        69,
        70,
        71,
        72,
        73,
        74,
        75,
        76,
        77,
        78,
        79,
        80,
        81,
        82,
        83,
        84,
        85,
        86,
        87,
        88,
        89,
        90,
        91,
        92,
        93,
        94,
        95,
        96,
        97,
        98,
        99,
        100,
        101,
        102,
        103,
        104,
        105,
        106,
        107,
        108,
        109,
        110,
        111,
        112,
        113,
        114,
        115,
        116,
        117,
        118,
        119,
        120,
        121,
        122,
        123,
        124,
        125,
        126,
        127,
        128,
        129,
        130,
        131,
        132,
        133,
        134,
        135,
        136,
        137,
        138,
        139,
        140,
        141,
        142,
        143,
        144,
        145,
        146,
        147,
        148,
        149,
        150,
        151,
        152,
        153,
        154,
        155,
        156,
        157,
        158,
        159,
        160,
        161,
        162,
        163,
        164,
        165,
        166,
        167
    ],
    "train_loss": [
        705.7212524414062,
        705.3174438476562,
        704.9158325195312,
        704.5148315429688,
        704.1110229492188,
        703.7073974609375,
        703.2749633789062,
        702.8256225585938,
        702.3313598632812,
        701.7825317382812,
        701.1705322265625,
        700.4766845703125,
        699.632568359375,
        698.6909790039062,
        697.5782470703125,
        696.2758178710938,
        694.6993408203125,
        692.94677734375,
        690.69091796875,
        688.1610717773438,
        684.9866943359375,
        681.2105102539062,
        676.9675903320312,
        671.773681640625,
        665.90478515625,
        658.7717895507812,
        650.4361572265625,
        641.0086059570312,
        629.5006713867188,
        616.4506225585938,
        602.0028686523438,
        584.86083984375,
        565.0709228515625,
        543.3587646484375,
        519.9938354492188,
        494.4964294433594,
        466.7787170410156,
        441.2339172363281,
        410.9049072265625,
        382.7726745605469,
        362.1250915527344,
        341.6806945800781,
        332.7837219238281,
        334.7162780761719,
        337.9418640136719,
        343.8033752441406,
        345.93218994140625,
        334.5435485839844,
        319.6224670410156,
        311.91278076171875,
        302.69866943359375,
        295.2378234863281,
        295.77545166015625,
        292.9798583984375,
        299.3639221191406,
        298.4307861328125,
        293.6413269042969,
        296.1175231933594,
        296.60919189453125,
        289.21783447265625,
        286.0938415527344,
        287.3573303222656,
        281.4489440917969,
        281.8258056640625,
        281.44866943359375,
        278.22918701171875,
        276.314208984375,
        279.0766296386719,
        275.4202880859375,
        275.89166259765625,
        276.49395751953125,
        271.8188171386719,
        274.4857482910156,
        273.9085693359375,
        267.4227600097656,
        273.9854431152344,
        269.2311706542969,
        269.25140380859375,
        267.1771240234375,
        271.85528564453125,
        271.5186462402344,
        267.37188720703125,
        269.0397033691406,
        265.07867431640625,
        265.645751953125,
        266.7230224609375,
        264.17401123046875,
        262.0188293457031,
        264.69036865234375,
        263.37158203125,
        261.2574157714844,
        259.7828369140625,
        259.0361328125,
        259.0430603027344,
        263.31494140625,
        256.2593078613281,
        255.6514892578125,
        258.31866455078125,
        260.1068115234375,
        255.8491668701172,
        249.67938232421875,
        251.4164581298828,
        255.02420043945312,
        255.71290588378906,
        256.3221740722656,
        254.73873901367188,
        249.12860107421875,
        253.13027954101562,
        256.34661865234375,
        246.81321716308594,
        255.43161010742188,
        251.06678771972656,
        251.1580810546875,
        250.70870971679688,
        248.51963806152344,
        246.6402587890625,
        245.34796142578125,
        245.86679077148438,
        248.4846954345703,
        236.5301513671875,
        239.98475646972656,
        240.79879760742188,
        239.26336669921875,
        241.65646362304688,
        238.4914093017578,
        237.14149475097656,
        239.644775390625,
        240.00169372558594,
        240.44808959960938,
        237.42465209960938,
        236.9261932373047,
        236.39361572265625,
        232.63858032226562,
        228.6471405029297,
        228.74188232421875,
        232.39625549316406,
        231.4911651611328,
        232.457763671875,
        233.457275390625,
        227.07675170898438,
        224.22433471679688,
        226.40151977539062,
        227.19207763671875,
        226.752685546875,
        221.42010498046875,
        226.8643341064453,
        219.71084594726562,
        220.453125,
        229.04425048828125,
        218.1265106201172,
        220.78480529785156,
        217.26541137695312,
        214.19076538085938,
        221.17002868652344,
        215.48106384277344,
        212.12977600097656,
        213.72592163085938,
        212.13926696777344,
        206.35227966308594,
        209.58570861816406,
        210.53848266601562,
        208.07957458496094,
        203.74090576171875,
        207.48670959472656,
        210.72178649902344,
        204.49179077148438,
        202.04013061523438,
        209.3555145263672
    ],