{
    "effect_pehe": 7.296871185302734,
    "effect_mae": 0.9973077774047852
}