{
    "effect_pehe": 10.749961853027344,
    "effect_mae": 0.2961549758911133
}