{
    "effect_pehe": 13.35793399810791,
    "effect_mae": 7.326679229736328
}