{
    "effect_pehe": 11.417223930358887,
    "effect_mae": 2.791261672973633
}