{
    "effect_pehe": 7.348176002502441,
    "effect_mae": 1.8988680839538574
}