{
    "effect_pehe": 10.924112319946289,
    "effect_mae": 1.5579142570495605
}