{
    "effect_pehe": 14.088909149169922,
    "effect_mae": 1.0257854461669922
}