{
    "effect_pehe": 5.1678314208984375,
    "effect_mae": 0.5145621299743652
}