{
    "effect_pehe": 4.850356578826904,
    "effect_mae": 1.692624568939209
}