{
    "effect_pehe": 8.335155487060547,
    "effect_mae": 4.0356669425964355
}