{
    "effect_pehe": 4.531907558441162,
    "effect_mae": 0.016453266143798828
}