{
    "effect_pehe": 6.88209867477417,
    "effect_mae": 5.202164649963379
}