{
    "epoch": [
        0,
        1,
        2,
        3,
        4,
        5,
        6,
        7,
        8,
        9,
        10,
        11,
        12,
        13,
        14,
        15,
        16,
        17,
        18,
        19,
        20,
        21,
        22,
        23,
        24,
        25,
        26,
        27,
        28,
        29,
        30,
        31,
        32,
        33,
        34,
        35,
        36,
        37,
        38,
        39,
        40,
        41,
        42,
        43,
        44,
        45,
        46,
        47,
        48,
        49,
        50,
        51,
        52,
        53,
        54,
        55,
        56,
        57,
        58,
        59,
        60,
        61,
        62,
        63,
        64,
        65,
        66,
        67,
        68,
        69,
        70,
        71,
        72,
        73,
        74,
        75,
        76,
        77,
        78,
        79,
        80,
        81,
        82,
        83,
        84,
        85,
        86,
        87,
        88,
        89,
        90,
        91,
        92,
        93,
        94,
        95,
        96,
        97,
        98,
        99,
        100,
        101,
        102,
        103,
        104,
        105,
        106,
        107,
        108,
        109,
        110,
        111,
        112,
        113,
        114,
        115,
        116,
        117,
        118,
        119,
        120,
        121,
        122,
        123,
        124,
        125,
        126,
        127,
        128,
        129,
        130,
        131,
        132,
        133,
        134,
        135,
        136,
        137,
        138,
        139,
        140,
        141,
        142,
        143,
        144,
        145,
        146,
        147,
        148,
        149,
        150,
        151,
        152,
        153,
        154,
        155,
        156,
        157,
        158,
        159,
        160,
        161,
        162,
        163,
        164,
        165,
        166,
        167,
        168,
        169,
        170,
        171,
        172,
        173,
        174,
        175,
        176,
        177
    ],
    "train_loss": [
        29.094942092895508,
        28.967926025390625,
        28.84978485107422,
        28.73429298400879,
        28.612075805664062,
        28.480836868286133,
        28.337974548339844,
        28.175771713256836,
        27.99239730834961,
        27.77793312072754,
        27.532062530517578,
        27.250350952148438,
        26.927085876464844,
        26.559402465820312,
        26.141836166381836,
        25.67167854309082,
        25.143545150756836,
        24.553884506225586,
        23.909456253051758,
        23.20506477355957,
        22.457279205322266,
        21.67177391052246,
        20.873214721679688,
        20.099891662597656,
        19.400428771972656,
        18.82660484313965,
        18.440820693969727,
        18.26225471496582,
        18.17458152770996,
        18.079317092895508,
        17.795209884643555,
        17.332304000854492,
        16.76325035095215,
        16.15871238708496,
        15.62590503692627,
        15.20707893371582,
        14.902230262756348,
        14.694158554077148,
        14.562576293945312,
        14.422274589538574,
        14.273751258850098,
        14.048446655273438,
        13.762895584106445,
        13.407052993774414,
        13.049152374267578,
        12.684990882873535,
        12.373128890991211,
        12.084881782531738,
        11.823162078857422,
        11.579296112060547,
        11.294015884399414,
        10.978939056396484,
        10.605920791625977,
        10.194275856018066,
        9.772794723510742,
        9.348108291625977,
        8.933209419250488,
        8.5325927734375,
        8.139966011047363,
        7.742455959320068,
        7.346986293792725,
        6.947409629821777,
        6.577122688293457,
        6.252890110015869,
        5.973588943481445,
        5.754819869995117,
        5.593684196472168,
        5.466912746429443,
        5.409459590911865,
        5.385516166687012,
        5.382524490356445,
        5.369618892669678,
        5.366573810577393,
        5.347081184387207,
        5.318435192108154,
        5.275523662567139,
        5.208197116851807,
        5.140369892120361,
        5.067996978759766,
        4.991729259490967,
        4.916370868682861,
        4.8596577644348145,
        4.801262855529785,
        4.7535200119018555,
        4.708735942840576,
        4.672901153564453,
        4.659823417663574,
        4.639049053192139,
        4.6180596351623535,
        4.589184284210205,
        4.57420015335083,
        4.546188831329346,
        4.513853073120117,
        4.477464199066162,
        4.431053638458252,
        4.3923211097717285,
        4.345366477966309,
        4.3050456047058105,
        4.25449275970459,
        4.209456920623779,
        4.167800426483154,
        4.120363712310791,
        4.0757269859313965,
        4.024327278137207,
        3.970776319503784,
        3.9218976497650146,
        3.862820625305176,
        3.8090901374816895,
        3.7463903427124023,
        3.6867434978485107,
        3.6301517486572266,
        3.5732250213623047,
        3.520439863204956,
        3.4723048210144043,
        3.4262888431549072,
        3.376065731048584,
        3.3415398597717285,
        3.301046133041382,
        3.252814531326294,
        3.2275500297546387,
        3.2018280029296875,
        3.1791281700134277,
        3.1556713581085205,
        3.1381185054779053,
        3.1135895252227783,
        3.1025755405426025,
        3.07991886138916,
        3.0681138038635254,
        3.054006576538086,
        3.0448100566864014,
        3.0226430892944336,
        3.006039619445801,
        3.0038537979125977,
        2.998354434967041,
        2.9901554584503174,
        2.9739482402801514,
        2.9647293090820312,
        2.9526569843292236,
        2.952688217163086,
        2.9434077739715576,
        2.937352418899536,
        2.9322845935821533,
        2.9186484813690186,
        2.9107682704925537,
        2.907654047012329,
        2.9059438705444336,
        2.9014341831207275,
        2.8841817378997803,
        2.884913444519043,
        2.877786874771118,
        2.870248317718506,
        2.8562870025634766,
        2.858876943588257,
        2.8518638610839844,
        2.8559229373931885,
        2.8361542224884033,
        2.834702968597412,
        2.827928304672241,
        2.8279123306274414,
        2.8181345462799072,
        2.8146610260009766,
        2.806756019592285,
        2.802659034729004,
        2.7945268154144287,
        2.7880043983459473,
        2.7872493267059326,
        2.776946783065796,
        2.7769434452056885,
        2.7648801803588867,
        2.759866714477539,
        2.757567882537842,
        2.7573695182800293,
        2.75011944770813,
        2.7461984157562256,
        2.7409145832061768,
        2.7431952953338623,
        2.7288239002227783,
        2.724838972091675
    ],