{
    "effect_pehe": 5.019710540771484,
    "effect_mae": 0.6324963569641113
}