{
    "effect_pehe": 1.662909984588623,
    "effect_mae": 0.01191052794456482
}