{
    "effect_pehe": 1.9941195249557495,
    "effect_mae": 0.00784793496131897
}