{
    "effect_pehe": 1.9482536315917969,
    "effect_mae": 0.018936991691589355
}