{
    "effect_pehe": 0.8351433277130127,
    "effect_mae": 0.0720612108707428
}