{
    "effect_pehe": 1.2888740301132202,
    "effect_mae": 0.1663445234298706
}