{
    "effect_pehe": 3.310389995574951,
    "effect_mae": 0.4546697735786438
}