{
    "effect_pehe": 0.7905117869377136,
    "effect_mae": 0.040943443775177
}