{
    "effect_pehe": 3.2813074588775635,
    "effect_mae": 0.3476257622241974
}