{
    "effect_pehe": 1.4360836744308472,
    "effect_mae": 0.17411230504512787
}