{
    "effect_pehe": 1.2078903913497925,
    "effect_mae": 0.0742066502571106
}