{
    "effect_pehe": 0.7967304587364197,
    "effect_mae": 0.022626936435699463
}