{
    "effect_pehe": 1.2663346529006958,
    "effect_mae": 0.006280690431594849
}