{
    "effect_pehe": 0.7571424245834351,
    "effect_mae": 0.017269492149353027
}