{
    "effect_pehe": 3.2505531311035156,
    "effect_mae": 0.10264122486114502
}