{
    "effect_pehe": 2.484145164489746,
    "effect_mae": 0.0023647844791412354
}