{
    "effect_pehe": 2.130622386932373,
    "effect_mae": 0.2279505431652069
}