{
    "effect_pehe": 2.2292230129241943,
    "effect_mae": 0.05247527360916138
}