{
    "effect_pehe": 6.6987996101379395,
    "effect_mae": 0.9388265609741211
}