{
    "effect_pehe": 6.032565116882324,
    "effect_mae": 0.583012580871582
}