{
    "effect_pehe": 6.401473045349121,
    "effect_mae": 0.39019060134887695
}