{
    "effect_pehe": 7.11104154586792,
    "effect_mae": 0.1491379737854004
}