{
    "effect_pehe": 6.8060383796691895,
    "effect_mae": 0.6093969345092773
}