{
    "effect_pehe": 8.06535816192627,
    "effect_mae": 0.9482526779174805
}