{
    "effect_pehe": 7.07148551940918,
    "effect_mae": 0.7003927230834961
}