{
    "effect_pehe": 7.553739070892334,
    "effect_mae": 0.27954578399658203
}