{
    "effect_pehe": 7.832825183868408,
    "effect_mae": 0.9030494689941406
}