{
    "effect_pehe": 5.9801836013793945,
    "effect_mae": 1.2912545204162598
}