{
    "effect_pehe": 15.308636665344238,
    "effect_mae": 0.9180936813354492
}