{
    "effect_pehe": 8.661187171936035,
    "effect_mae": 1.5953149795532227
}