{
    "effect_pehe": 6.926333427429199,
    "effect_mae": 0.27330493927001953
}