{
    "effect_pehe": 16.330654462890923,
    "effect_mae": 9.629907025424005
}