{
    "effect_pehe": 4.831822069557964,
    "effect_mae": 3.406757303619555
}