{
    "effect_pehe": 9.969232348558604,
    "effect_mae": 6.8661802025440695
}