{
    "effect_pehe": 9.112587646739463,
    "effect_mae": 5.6253032710674145
}