{
    "effect_pehe": 6.416532807000844,
    "effect_mae": 4.2868409032844434
}