{
    "effect_pehe": 12.682702304595304,
    "effect_mae": 8.303240395885148
}