{
    "effect_pehe": 5.6016154289245605,
    "effect_mae": 0.5030248165130615
}