{
    "effect_pehe": 4.559919834136963,
    "effect_mae": 1.3774735927581787
}