{
    "effect_pehe": 4.292349338531494,
    "effect_mae": 0.9135483503341675
}