{
    "effect_pehe": 5.564423084259033,
    "effect_mae": 0.8805851936340332
}