{
    "epoch": [
        0,
        1,
        2,
        3,
        4,
        5,
        6,
        7,
        8,
        9,
        10,
        11,
        12,
        13,
        14,
        15,
        16,
        17,
        18,
        19,
        20,
        21,
        22,
        23,
        24,
        25,
        26,
        27,
        28,
        29,
        30,
        31,
        32,
        33,
        34,
        35,
        36,
        37,
        38,
        39,
        40,
        41,
        42,
        43,
        44,
        45,
        46,
        47,
        48,
        49,
        50,
        51,
        52,
        53,
        54,
        55,
        56,
        57,
        58,
        59,
        60,
        61,
        62,
        63,
        64,
        65,
        66,
        67,
        68,
        69,
        70,
        71,
        72,
        73,
        74,
        75,
        76,
        77,
        78,
        79,
        80,
        81,
        82,
        83,
        84,
        85,
        86,
        87,
        88,
        89,
        90,
        91,
        92,
        93,
        94,
        95,
        96,
        97,
        98,
        99,
        100,
        101,
        102,
        103,
        104,
        105,
        106,
        107,
        108,
        109,
        110,
        111,
        112,
        113,
        114,
        115,
        116,
        117,
        118,
        119,
        120,
        121,
        122,
        123,
        124,
        125,
        126,
        127,
        128,
        129,
        130,
        131,
        132,
        133,
        134,
        135,
        136,
        137,
        138,
        139,
        140,
        141,
        142,
        143,
        144,
        145,
        146,
        147,
        148,
        149,
        150,
        151,
        152,
        153,
        154
    ],
    "train_loss": [
        103.92595672607422,
        134.9401397705078,
        77.84166717529297,
        84.75454711914062,
        74.7844009399414,
        57.68587875366211,
        44.65328598022461,
        42.588871002197266,
        42.06573486328125,
        42.21731185913086,
        37.53812026977539,
        31.796323776245117,
        31.86818504333496,
        28.10353660583496,
        25.276683807373047,
        22.395437240600586,
        22.953935623168945,
        23.501220703125,
        22.182392120361328,
        17.857091903686523,
        15.53268814086914,
        14.76662540435791,
        14.816899299621582,
        15.41075611114502,
        14.333996772766113,
        11.804574966430664,
        11.174230575561523,
        11.309189796447754,
        10.127721786499023,
        9.323873519897461,
        8.86409854888916,
        8.231866836547852,
        8.169740676879883,
        7.157203197479248,
        6.301608085632324,
        5.9486918449401855,
        6.3159685134887695,
        6.218820095062256,
        5.571857452392578,
        4.649571418762207,
        4.576528072357178,
        4.184793472290039,
        4.236114025115967,
        4.061739921569824,
        3.4653546810150146,
        3.3067963123321533,
        3.1058311462402344,
        2.974544048309326,
        2.8963029384613037,
        2.74940824508667,
        2.61364483833313,
        2.4205589294433594,
        2.197986364364624,
        2.087419033050537,
        2.154284715652466,
        1.9962263107299805,
        1.859727382659912,
        1.820007085800171,
        1.7298256158828735,
        1.7304269075393677,
        1.6437360048294067,
        1.5692250728607178,
        1.4975306987762451,
        1.4915496110916138,
        1.4699790477752686,
        1.411035180091858,
        1.4103189706802368,
        1.3709019422531128,
        1.3018838167190552,
        1.2600408792495728,
        1.2763478755950928,
        1.255319595336914,
        1.2463774681091309,
        1.1992073059082031,
        1.1867856979370117,
        1.161911964416504,
        1.1520792245864868,
        1.1517961025238037,
        1.1734434366226196,
        1.115897536277771,
        1.1060490608215332,
        1.107252836227417,
        1.0758278369903564,
        1.0753405094146729,
        1.067813754081726,
        1.0881298780441284,
        1.0659915208816528,
        1.0826209783554077,
        1.0516201257705688,
        1.059272050857544,
        1.0540298223495483,
        1.0357410907745361,
        1.0571218729019165,
        1.0532912015914917,
        1.0531609058380127,
        1.0492713451385498,
        1.0422470569610596,
        1.0400432348251343,
        1.0445688962936401,
        1.0397372245788574,
        1.0361121892929077,
        1.0338331460952759,
        1.0406056642532349,
        1.0410666465759277,
        1.039429783821106,
        1.0361781120300293,
        1.0308184623718262,
        1.04190194606781,
        1.0348864793777466,
        1.039374589920044,
        1.032855749130249,
        1.0343564748764038,
        1.028486728668213,
        1.0323517322540283,
        1.0336363315582275,
        1.0329277515411377,
        1.0390721559524536,
        1.035077452659607,
        1.0286463499069214,
        1.0323361158370972,
        1.0315178632736206,
        1.0333001613616943,
        1.039926528930664,
        1.0328418016433716,
        1.0348379611968994,
        1.0337953567504883,
        1.030676245689392,
        1.0298488140106201,
        1.0272330045700073,
        1.0299224853515625,
        1.036496639251709,
        1.034311056137085,
        1.0304558277130127,
        1.0317370891571045,
        1.0396380424499512,
        1.033440113067627,
        1.0297620296478271,
        1.0333129167556763,
        1.0414620637893677,
        1.0278774499893188,
        1.0346119403839111,
        1.0404284000396729,
        1.0330301523208618,
        1.0286608934402466,
        1.0365022420883179,
        1.0269469022750854,
        1.0363469123840332,
        1.0296659469604492,
        1.0369341373443604,
        1.035402536392212,
        1.0248637199401855,
        1.033110499382019,
        1.0370129346847534,
        1.032790184020996,
        1.0383546352386475
    ],