{
    "effect_pehe": 4.524797439575195,
    "effect_mae": 0.6031900644302368
}