{
    "effect_pehe": 4.680178165435791,
    "effect_mae": 0.5938120484352112
}