{
    "effect_pehe": 5.3491926193237305,
    "effect_mae": 0.3448103666305542
}