{
    "effect_pehe": 3.7959630489349365,
    "effect_mae": 1.2660108804702759
}