{
    "effect_pehe": 4.4883222579956055,
    "effect_mae": 1.0772290229797363
}