{
    "effect_pehe": 5.187958717346191,
    "effect_mae": 0.7763293385505676
}