{
    "effect_pehe": 3.5413870811462402,
    "effect_mae": 0.47810086607933044
}