{
    "effect_pehe": 13.377184981544318,
    "effect_mae": 7.99928909368064
}