{
    "effect_pehe": 18.558526818510842,
    "effect_mae": 12.747902939327838
}