{
    "effect_pehe": 15.893460476072413,
    "effect_mae": 8.603172693346249
}