{
    "effect_pehe": 13.325042962941374,
    "effect_mae": 6.5418996464123875
}