{
    "effect_pehe": 18.200485446702032,
    "effect_mae": 10.631507684066971
}