{
    "effect_pehe": 17.851158199271552,
    "effect_mae": 8.41574645126287
}