{
    "effect_pehe": 14.570486582346474,
    "effect_mae": 6.295467824543642
}