{
    "effect_pehe": 15.542434847734851,
    "effect_mae": 7.850494791536921
}