{
    "effect_pehe": 12.65597761048094,
    "effect_mae": 6.042347965459991
}