{
    "effect_pehe": 12.655963074627019,
    "effect_mae": 6.071601151579613
}