{
    "effect_pehe": 4.000042915344238,
    "effect_mae": 0.5020445585250854
}