{
    "effect_pehe": 3.924171209335327,
    "effect_mae": 0.40506431460380554
}