{
    "effect_pehe": 4.0799241065979,
    "effect_mae": 0.38925063610076904
}