{
    "epoch": [
        0,
        1,
        2,
        3,
        4,
        5,
        6,
        7,
        8,
        9,
        10,
        11,
        12,
        13,
        14,
        15,
        16,
        17,
        18,
        19,
        20,
        21,
        22,
        23,
        24,
        25,
        26,
        27,
        28,
        29,
        30,
        31,
        32,
        33,
        34,
        35,
        36,
        37,
        38,
        39,
        40,
        41,
        42,
        43,
        44,
        45,
        46,
        47,
        48,
        49,
        50,
        51,
        52,
        53,
        54,
        55,
        56,
        57,
        58,
        59,
        60,
        61,
        62,
        63,
        64,
        65,
        66,
        67,
        68,
        69,
        70,
        71,
        72,
        73,
        74,
        75,
        76,
        77,
        78,
        79,
        80,
        81,
        82,
        83,
        84,
        85,
        86,
        87,
        88,
        89,
        90,
        91,
        92,
        93,
        94,
        95,
        96,
        97,
        98,
        99,
        100,
        101,
        102,
        103,
        104,
        105,
        106,
        107,
        108,
        109,
        110,
        111,
        112,
        113,
        114,
        115,
        116,
        117,
        118,
        119,
        120,
        121,
        122,
        123,
        124,
        125,
        126,
        127,
        128,
        129,
        130,
        131,
        132,
        133,
        134,
        135,
        136,
        137,
        138,
        139,
        140,
        141,
        142,
        143,
        144,
        145,
        146,
        147,
        148,
        149,
        150,
        151,
        152,
        153,
        154
    ],
    "train_loss": [
        29.742597579956055,
        15.83194351196289,
        9.71455192565918,
        11.99535846710205,
        12.762140274047852,
        11.687950134277344,
        9.156546592712402,
        7.006075382232666,
        5.44192361831665,
        5.589568614959717,
        6.519034385681152,
        7.356548309326172,
        7.036493301391602,
        6.012111186981201,
        4.794914722442627,
        4.020199298858643,
        3.448887348175049,
        3.5328402519226074,
        3.695235013961792,
        3.757202386856079,
        3.6104369163513184,
        3.3812694549560547,
        2.797396421432495,
        2.5958874225616455,
        2.517585277557373,
        2.563570976257324,
        2.570702314376831,
        2.6227383613586426,
        2.5416617393493652,
        2.2355809211730957,
        1.9595403671264648,
        1.9633756875991821,
        1.9473408460617065,
        1.8643094301223755,
        1.976556420326233,
        1.8717178106307983,
        1.8803468942642212,
        1.7123851776123047,
        1.6663349866867065,
        1.5150066614151,
        1.5746172666549683,
        1.5858755111694336,
        1.5483137369155884,
        1.4909266233444214,
        1.405375599861145,
        1.3847436904907227,
        1.3841750621795654,
        1.3639743328094482,
        1.440867304801941,
        1.3898330926895142,
        1.3259583711624146,
        1.322066068649292,
        1.2201842069625854,
        1.2088160514831543,
        1.2536227703094482,
        1.2204573154449463,
        1.2239694595336914,
        1.186808705329895,
        1.135642647743225,
        1.1629304885864258,
        1.1804002523422241,
        1.115876317024231,
        1.1271876096725464,
        1.1026114225387573,
        1.0780819654464722,
        1.0719947814941406,
        1.083431601524353,
        1.0882772207260132,
        1.0593029260635376,
        1.0682042837142944,
        1.0299299955368042,
        1.0311994552612305,
        1.0244718790054321,
        1.0315912961959839,
        1.0061962604522705,
        0.9953625798225403,
        0.9892854690551758,
        0.9896001815795898,
        0.9792644381523132,
        0.9862328767776489,
        0.9812055826187134,
        1.0039514303207397,
        0.9715253114700317,
        0.9673828482627869,
        0.9752442240715027,
        0.964442253112793,
        0.9609672427177429,
        0.9609829187393188,
        0.966163158416748,
        0.9491562843322754,
        0.9390681385993958,
        0.9566458463668823,
        0.9563548564910889,
        0.9454261660575867,
        0.9549152255058289,
        0.9272013902664185,
        0.9457239508628845,
        0.9359837770462036,
        0.9322240352630615,
        0.9293309450149536,
        0.9365875720977783,
        0.9227290749549866,
        0.9337377548217773,
        0.918152928352356,
        0.9313422441482544,
        0.9289886355400085,
        0.9339720010757446,
        0.9350702166557312,
        0.9194976091384888,
        0.9184622764587402,
        0.9157536625862122,
        0.9263144731521606,
        0.908265233039856,
        0.9226499199867249,
        0.9235949516296387,
        0.9152671098709106,
        0.918879508972168,
        0.9121150374412537,
        0.9371463656425476,
        0.904870867729187,
        0.8974393010139465,
        0.9118998646736145,
        0.9344343543052673,
        0.9121538400650024,
        0.9095208048820496,
        0.911700963973999,
        0.9155572652816772,
        0.9158679246902466,
        0.9132828712463379,
        0.9236817359924316,
        0.914645254611969,
        0.9127826690673828,
        0.9188665747642517,
        0.9031432271003723,
        0.9104770421981812,
        0.932641327381134,
        0.9073591232299805,
        0.9112787842750549,
        0.9159765243530273,
        0.9255412220954895,
        0.9145898222923279,
        0.903178870677948,
        0.9182575941085815,
        0.9104546308517456,
        0.9171481132507324,
        0.8989830613136292,
        0.8981631398200989,
        0.9107299447059631,
        0.8985965847969055,
        0.9268614053726196,
        0.8999499082565308,
        0.9081840515136719,
        0.9119474291801453,
        0.9041117429733276,
        0.903441846370697
    ],