{
    "effect_pehe": 4.174398422241211,
    "effect_mae": 1.270051121711731
}