{
    "effect_pehe": 4.050902843475342,
    "effect_mae": 0.8750054836273193
}