{
    "effect_pehe": 4.217983722686768,
    "effect_mae": 0.7467969059944153
}