{
    "epoch": [
        0,
        1,
        2,
        3,
        4,
        5,
        6,
        7,
        8,
        9,
        10,
        11,
        12,
        13,
        14,
        15,
        16,
        17,
        18,
        19,
        20,
        21,
        22,
        23,
        24,
        25,
        26,
        27,
        28,
        29,
        30,
        31,
        32,
        33,
        34,
        35,
        36,
        37,
        38,
        39,
        40,
        41,
        42,
        43,
        44,
        45,
        46,
        47,
        48,
        49,
        50,
        51,
        52,
        53,
        54,
        55,
        56,
        57,
        58,
        59,
        60,
        61,
        62,
        63,
        64,
        65,
        66,
        67,
        68,
        69,
        70,
        71,
        72,
        73,
        74,
        75,
        76,
        77,
        78,
        79,
        80,
        81,
        82,
        83,
        84,
        85,
        86,
        87,
        88,
        89,
        90,
        91,
        92,
        93,
        94,
        95,
        96,
        97,
        98,
        99,
        100,
        101,
        102,
        103,
        104,
        105,
        106,
        107,
        108,
        109,
        110,
        111,
        112,
        113,
        114,
        115,
        116,
        117,
        118,
        119,
        120,
        121,
        122,
        123,
        124,
        125,
        126,
        127,
        128,
        129,
        130,
        131,
        132,
        133,
        134,
        135,
        136,
        137,
        138,
        139,
        140,
        141,
        142,
        143,
        144,
        145,
        146,
        147,
        148,
        149,
        150,
        151,
        152,
        153,
        154,
        155,
        156,
        157,
        158,
        159,
        160,
        161,
        162,
        163,
        164,
        165,
        166,
        167,
        168,
        169,
        170
    ],
    "train_loss": [
        127.53438568115234,
        77.17301177978516,
        56.8688850402832,
        63.71747589111328,
        53.952430725097656,
        40.89885711669922,
        30.959285736083984,
        26.429513931274414,
        26.046371459960938,
        28.517925262451172,
        29.027587890625,
        24.785127639770508,
        21.699533462524414,
        19.274595260620117,
        17.130006790161133,
        17.822452545166016,
        17.99968719482422,
        17.286161422729492,
        14.534124374389648,
        12.238502502441406,
        10.169386863708496,
        9.052327156066895,
        9.870403289794922,
        10.596059799194336,
        10.284241676330566,
        8.758331298828125,
        7.091838359832764,
        6.853933334350586,
        6.910447597503662,
        7.270081043243408,
        6.417640209197998,
        6.105019569396973,
        5.218475818634033,
        4.829037666320801,
        4.34054708480835,
        4.677276134490967,
        4.3351969718933105,
        4.35521936416626,
        3.71454119682312,
        3.34961199760437,
        3.379120111465454,
        3.37437105178833,
        3.3799028396606445,
        3.272948741912842,
        2.851167917251587,
        2.6432621479034424,
        2.5074729919433594,
        2.4673068523406982,
        2.4812862873077393,
        2.183084487915039,
        2.2431867122650146,
        2.027175188064575,
        2.1186280250549316,
        2.0182087421417236,
        1.949863076210022,
        2.0029149055480957,
        1.8878506422042847,
        1.724143624305725,
        1.6832070350646973,
        1.659726619720459,
        1.6817829608917236,
        1.6567096710205078,
        1.5687620639801025,
        1.522087574005127,
        1.5084590911865234,
        1.530231237411499,
        1.4755088090896606,
        1.4346647262573242,
        1.383128046989441,
        1.3684872388839722,
        1.3387494087219238,
        1.3116484880447388,
        1.2748394012451172,
        1.2372276782989502,
        1.1961994171142578,
        1.228869080543518,
        1.2131260633468628,
        1.1877248287200928,
        1.1431727409362793,
        1.1553144454956055,
        1.1498761177062988,
        1.1609716415405273,
        1.151724100112915,
        1.1388652324676514,
        1.129846453666687,
        1.0872524976730347,
        1.1145710945129395,
        1.078790307044983,
        1.0894217491149902,
        1.1037259101867676,
        1.0768084526062012,
        1.082744836807251,
        1.0667551755905151,
        1.0618700981140137,
        1.0585341453552246,
        1.0364872217178345,
        1.0453203916549683,
        1.0161938667297363,
        1.0451017618179321,
        1.0446979999542236,
        1.0248792171478271,
        0.9993041753768921,
        1.0084829330444336,
        1.024342656135559,
        1.0177847146987915,
        1.0192421674728394,
        0.990635097026825,
        1.0201300382614136,
        0.9998149871826172,
        0.9873589873313904,
        1.0140495300292969,
        1.0084612369537354,
        1.0155514478683472,
        1.0026644468307495,
        1.0127520561218262,
        0.9848449230194092,
        0.9933481812477112,
        0.9954785704612732,
        0.9880462884902954,
        0.9902893304824829,
        0.9983742237091064,
        0.9982226490974426,
        0.9889839887619019,
        0.9875287413597107,
        0.9857398271560669,
        0.9838742613792419,
        0.9804544448852539,
        0.983741819858551,
        0.9846078157424927,
        0.9908978939056396,
        0.9969199895858765,
        0.998004674911499,
        0.9815026521682739,
        0.9772341251373291,
        0.9752417802810669,
        0.9804810285568237,
        0.9897492527961731,
        0.9865541458129883,
        0.9872087836265564,
        0.9817654490470886,
        0.976841151714325,
        0.9712194800376892,
        0.9823481440544128,
        0.9971930980682373,
        0.9809704422950745,
        0.9804686307907104,
        0.9790573716163635,
        0.990753173828125,
        0.9865697026252747,
        0.9814401865005493,
        0.9822978377342224,
        0.9806881546974182,
        0.991317093372345,
        0.9780727028846741,
        0.9818255305290222,
        0.9778572916984558,
        0.9759762287139893,
        0.9802463054656982,
        0.9829582571983337,
        0.9857499599456787,
        0.9718969464302063,
        0.9775547981262207,
        0.9813228845596313,
        0.9737849235534668,
        0.9890387058258057,
        0.9746106863021851,
        0.9825130701065063,
        0.979362964630127,
        0.9803463220596313,
        0.9864001274108887,
        0.9831569790840149
    ],