{
    "effect_pehe": 5.126326560974121,
    "effect_mae": 3.264044761657715
}