{
    "effect_pehe": 9.54804801940918,
    "effect_mae": 0.06731319427490234
}