{
    "effect_pehe": 9.511162757873535,
    "effect_mae": 0.03941917419433594
}