{
    "effect_pehe": 8.648386001586914,
    "effect_mae": 2.411379814147949
}