{
    "effect_pehe": 10.215787887573242,
    "effect_mae": 0.20100688934326172
}