{
    "effect_pehe": 5.296144962310791,
    "effect_mae": 3.306950092315674
}