{
    "effect_pehe": 6.308558464050293,
    "effect_mae": 3.762279510498047
}