{
    "effect_pehe": 6.666146755218506,
    "effect_mae": 2.899303436279297
}