{
    "effect_pehe": 7.489709854125977,
    "effect_mae": 1.992055892944336
}