{
    "epoch": [
        0,
        1,
        2,
        3,
        4,
        5,
        6,
        7,
        8,
        9,
        10,
        11,
        12,
        13,
        14,
        15,
        16,
        17,
        18,
        19,
        20,
        21,
        22,
        23,
        24,
        25,
        26,
        27,
        28,
        29,
        30,
        31,
        32,
        33,
        34,
        35,
        36,
        37,
        38,
        39,
        40,
        41,
        42,
        43,
        44,
        45,
        46,
        47,
        48,
        49,
        50,
        51,
        52,
        53,
        54,
        55,
        56,
        57,
        58,
        59,
        60,
        61,
        62,
        63,
        64,
        65,
        66,
        67,
        68,
        69,
        70,
        71,
        72,
        73,
        74,
        75,
        76,
        77,
        78,
        79,
        80,
        81,
        82,
        83,
        84,
        85,
        86,
        87,
        88,
        89,
        90
    ],
    "train_loss": [
        328.3207702636719,
        327.7216796875,
        327.1499938964844,
        326.5840148925781,
        326.0063171386719,
        325.39752197265625,
        324.73974609375,
        324.0092468261719,
        323.2046203613281,
        322.2977600097656,
        321.28717041015625,
        320.1253356933594,
        318.8049621582031,
        317.2817687988281,
        315.5791320800781,
        313.6850280761719,
        311.5622253417969,
        309.239013671875,
        306.6763916015625,
        303.8514099121094,
        300.81524658203125,
        297.523193359375,
        294.00799560546875,
        290.290283203125,
        286.3238830566406,
        282.1689453125,
        277.73553466796875,
        273.0963134765625,
        268.18560791015625,
        262.95025634765625,
        257.4563903808594,
        251.70506286621094,
        245.57626342773438,
        239.1513671875,
        232.43826293945312,
        225.42709350585938,
        218.20301818847656,
        210.62002563476562,
        202.74851989746094,
        194.8731231689453,
        186.77783203125,
        178.4857635498047,
        170.2686767578125,
        162.0319366455078,
        154.17483520507812,
        146.48471069335938,
        139.3853302001953,
        132.86317443847656,
        126.88288879394531,
        121.84271240234375,
        117.51146697998047,
        114.421875,
        112.28483581542969,
        110.88762664794922,
        110.26995086669922,
        109.81517028808594,
        109.49469757080078,
        108.9479751586914,
        108.31316375732422,
        107.59408569335938,
        107.01657104492188,
        106.50102233886719,
        106.1025619506836,
        105.91233825683594,
        105.5881576538086,
        105.23841857910156,
        105.09160614013672,
        104.59674835205078,
        104.16048431396484,
        103.72396850585938,
        103.3778305053711,
        103.31140899658203,
        102.85044860839844,
        102.73883819580078,
        102.50355529785156,
        102.3519287109375,
        101.95860290527344,
        101.75662231445312,
        101.57392883300781,
        101.36963653564453,
        100.9924087524414,
        100.76874542236328,
        100.6358642578125,
        100.46209716796875,
        100.12731170654297,
        100.09574127197266,
        99.93788146972656,
        99.59333038330078,
        99.63922119140625,
        99.29916381835938,
        99.27444458007812
    ],
    "val_loss": [
        274.5466613769531,
        274.00836181640625,
        273.4957275390625,
        272.9847717285156,
        272.4667053222656,
        271.9245910644531,
        271.3461608886719,
        270.69659423828125,
        269.9878845214844,
        269.1883850097656,
        268.29400634765625,
        267.24627685546875,
        266.0601501464844,
        264.6588439941406,
        263.10772705078125,
        261.34356689453125,
        259.3797302246094,
        257.18304443359375,
        254.7622528076172,
        252.0765838623047,
        249.11756896972656,
        245.94967651367188,
        242.5413360595703,
        238.89463806152344,
        235.10989379882812,
        231.086181640625,
        227.0369415283203,
        222.79432678222656,
        218.51205444335938,
        214.08409118652344,
        209.6656036376953,
        205.11734008789062,
        200.59820556640625,
        195.8688201904297,
        191.03684997558594,
        185.98143005371094,
        180.7053680419922,
        175.14479064941406,
        169.2425079345703,
        163.04844665527344,
        156.70396423339844,
        150.0001983642578,
        143.61158752441406,
        136.9585723876953,
        130.8134002685547,
        124.65670013427734,
        119.28740692138672,
        114.72052764892578,
        111.13719177246094,
        108.18815612792969,
        106.53468322753906,
        106.21672821044922,
        106.56779479980469,
        107.16305541992188,
        107.59125518798828,
        107.42365264892578,
        106.59912872314453,
        104.88249206542969,
        102.20724487304688,
        99.361083984375,
        96.6554946899414,
        94.05030822753906,
        92.13102722167969,
        90.5023422241211,
        89.4058609008789,
        89.18557739257812,
        89.25785064697266,
        89.41938018798828,
        89.95899200439453,
        91.29043579101562,
        92.48805236816406,
        93.92464447021484,
        95.4898452758789,
        97.00896453857422,
        98.37051391601562,
        99.24365997314453,
        99.58671569824219,
        99.31600952148438,
        98.6966781616211,
        97.84459686279297,
        96.7421646118164,
        96.12093353271484,
        95.02392578125,
        94.35723114013672,
        93.86509704589844,
        93.05536651611328,
        93.14199829101562,
        93.08635711669922,
        92.943603515625,
        93.18569946289062,
        93.21528625488281
    ]
}