{
    "epoch": [
        0,
        1,
        2,
        3,
        4,
        5,
        6,
        7,
        8,
        9,
        10,
        11,
        12,
        13,
        14,
        15,
        16,
        17,
        18,
        19,
        20,
        21,
        22,
        23,
        24,
        25,
        26,
        27,
        28,
        29,
        30,
        31,
        32,
        33,
        34,
        35,
        36,
        37,
        38,
        39,
        40,
        41,
        42,
        43,
        44,
        45,
        46,
        47,
        48,
        49,
        50,
        51,
        52,
        53,
        54,
        55,
        56,
        57,
        58,
        59,
        60,
        61,
        62,
        63,
        64,
        65,
        66,
        67,
        68,
        69,
        70,
        71,
        72,
        73,
        74,
        75,
        76,
        77,
        78,
        79,
        80,
        81,
        82,
        83,
        84,
        85,
        86,
        87,
        88,
        89,
        90,
        91,
        92,
        93,
        94,
        95,
        96,
        97,
        98,
        99,
        100,
        101,
        102,
        103,
        104,
        105,
        106,
        107,
        108,
        109,
        110,
        111,
        112,
        113,
        114,
        115,
        116,
        117,
        118,
        119,
        120,
        121,
        122,
        123,
        124,
        125,
        126,
        127,
        128
    ],
    "train_loss": [
        260.59576416015625,
        259.833984375,
        259.0557861328125,
        258.2568359375,
        257.42974853515625,
        256.5593566894531,
        255.6530303955078,
        254.67491149902344,
        253.6150360107422,
        252.43846130371094,
        251.15277099609375,
        249.7360382080078,
        248.17822265625,
        246.46743774414062,
        244.6117706298828,
        242.5401611328125,
        240.27101135253906,
        237.78871154785156,
        235.06300354003906,
        232.0421142578125,
        228.7523651123047,
        225.19131469726562,
        221.30508422851562,
        217.09906005859375,
        212.57916259765625,
        207.8138427734375,
        202.7291717529297,
        197.3252716064453,
        191.55157470703125,
        185.5137176513672,
        179.15167236328125,
        172.6020965576172,
        165.9215545654297,
        159.04493713378906,
        152.0113525390625,
        144.96286010742188,
        138.1056671142578,
        131.41554260253906,
        124.95074462890625,
        119.01617431640625,
        113.66487884521484,
        108.83523559570312,
        104.55746459960938,
        100.88912963867188,
        97.69369506835938,
        94.925537109375,
        92.80384826660156,
        91.25016021728516,
        90.24008178710938,
        89.61876678466797,
        89.22003936767578,
        88.97501373291016,
        88.86324310302734,
        88.59359741210938,
        88.39057159423828,
        88.10699462890625,
        87.78504180908203,
        87.55110168457031,
        87.28913879394531,
        87.00012969970703,
        86.75874328613281,
        86.41377258300781,
        86.09183502197266,
        85.60425567626953,
        85.43810272216797,
        84.98345947265625,
        84.55455017089844,
        84.33602905273438,
        84.12879943847656,
        83.90166473388672,
        83.90693664550781,
        83.65060424804688,
        83.44210052490234,
        83.3172378540039,
        83.10289001464844,
        82.901123046875,
        82.76213073730469,
        82.70586395263672,
        82.562744140625,
        82.37274169921875,
        82.31599426269531,
        82.19135284423828,
        82.03919219970703,
        81.92141723632812,
        81.7725601196289,
        81.71665954589844,
        81.55534362792969,
        81.43991088867188,
        81.35845947265625,
        81.20729064941406,
        81.08169555664062,
        81.02681732177734,
        80.8999252319336,
        80.687744140625,
        80.72181701660156,
        80.50145721435547,
        80.55913543701172,
        80.39380645751953,
        80.17305755615234,
        80.13372039794922,
        79.87828826904297,
        79.88336944580078,
        79.76703643798828,
        79.67478942871094,
        79.43792724609375,
        79.43074035644531,
        79.37674713134766,
        79.16607666015625,
        79.22034454345703,
        79.13427734375,
        78.9129867553711,
        78.88050079345703,
        78.85784912109375,
        78.73784637451172,
        78.59843444824219,
        78.65327453613281,
        78.32752990722656,
        78.41215515136719,
        78.12892150878906,
        78.20105743408203,
        78.12943267822266,
        77.93159484863281,
        77.91188049316406,
        77.58595275878906,
        77.5616455078125,
        77.52302551269531,
        77.50044250488281,
        77.37215423583984,
        77.0946044921875
    ],