{
    "epoch": [
        0,
        1,
        2,
        3,
        4,
        5,
        6,
        7,
        8,
        9,
        10,
        11,
        12,
        13,
        14,
        15,
        16,
        17,
        18,
        19,
        20,
        21,
        22,
        23,
        24,
        25,
        26,
        27,
        28,
        29,
        30,
        31,
        32,
        33,
        34,
        35,
        36,
        37,
        38,
        39,
        40,
        41,
        42,
        43,
        44,
        45,
        46,
        47,
        48,
        49,
        50,
        51,
        52,
        53,
        54,
        55,
        56,
        57,
        58,
        59,
        60,
        61,
        62,
        63,
        64,
        65,
        66,
        67,
        68,
        69,
        70,
        71,
        72,
        73,
        74,
        75,
        76,
        77,
        78,
        79,
        80,
        81,
        82,
        83,
        84,
        85,
        86,
        87,
        88,
        89,
        90,
        91,
        92,
        93,
        94,
        95,
        96,
        97,
        98,
        99,
        100,
        101,
        102,
        103,
        104,
        105,
        106,
        107,
        108,
        109,
        110,
        111,
        112,
        113,
        114,
        115,
        116,
        117,
        118,
        119,
        120,
        121,
        122,
        123,
        124,
        125,
        126,
        127,
        128,
        129,
        130,
        131,
        132,
        133,
        134,
        135,
        136,
        137,
        138,
        139,
        140,
        141,
        142,
        143,
        144,
        145,
        146,
        147,
        148,
        149,
        150,
        151,
        152,
        153,
        154,
        155,
        156,
        157,
        158,
        159,
        160,
        161,
        162,
        163,
        164,
        165,
        166,
        167,
        168,
        169,
        170,
        171,
        172,
        173,
        174,
        175,
        176,
        177,
        178
    ],
    "train_loss": [
        818.4410400390625,
        817.481201171875,
        816.5310668945312,
        815.557373046875,
        814.53271484375,
        813.4470825195312,
        812.2693481445312,
        810.9561767578125,
        809.5096435546875,
        807.8893432617188,
        806.1063232421875,
        804.1478881835938,
        801.9520263671875,
        799.44482421875,
        796.6525268554688,
        793.5122680664062,
        790.0319213867188,
        786.092529296875,
        781.7340087890625,
        776.9515380859375,
        771.6554565429688,
        765.86474609375,
        759.4264526367188,
        752.494140625,
        744.8449096679688,
        736.6034545898438,
        727.63525390625,
        718.00390625,
        707.4821166992188,
        696.2122802734375,
        684.1732177734375,
        671.386962890625,
        657.6089477539062,
        643.346435546875,
        628.3125,
        612.6541748046875,
        596.4813232421875,
        579.9739379882812,
        563.274169921875,
        546.439208984375,
        529.4911499023438,
        513.0949096679688,
        496.7789001464844,
        480.9449768066406,
        465.8042907714844,
        451.318603515625,
        437.3719482421875,
        424.07659912109375,
        411.32562255859375,
        399.28424072265625,
        387.7940368652344,
        377.1843566894531,
        367.1628112792969,
        358.40631103515625,
        350.19219970703125,
        343.42724609375,
        337.3512878417969,
        332.0502014160156,
        327.9923095703125,
        324.1517028808594,
        321.4732971191406,
        318.9644775390625,
        317.03338623046875,
        315.412841796875,
        313.7291564941406,
        312.3360290527344,
        310.83172607421875,
        309.56512451171875,
        308.2996520996094,
        306.9720153808594,
        305.5065612792969,
        304.0740966796875,
        302.5675048828125,
        301.3613586425781,
        299.73809814453125,
        298.4281921386719,
        297.31634521484375,
        296.055419921875,
        295.0086364746094,
        293.70745849609375,
        293.02020263671875,
        291.7239074707031,
        290.628662109375,
        289.8872985839844,
        289.21575927734375,
        287.9079895019531,
        287.0709533691406,
        285.5025329589844,
        284.69342041015625,
        283.8144836425781,
        282.4685363769531,
        281.5068664550781,
        280.78094482421875,
        279.3106689453125,
        277.67181396484375,
        276.67437744140625,
        275.7689514160156,
        274.659423828125,
        273.0404052734375,
        272.5415344238281,
        271.1513366699219,
        270.0718688964844,
        269.0232849121094,
        267.9858093261719,
        267.35137939453125,
        265.4801330566406,
        264.8216857910156,
        263.58428955078125,
        262.61383056640625,
        261.7294006347656,
        261.25384521484375,
        260.08416748046875,
        258.9750671386719,
        257.91436767578125,
        256.86810302734375,
        256.3107604980469,
        255.69540405273438,
        254.7896270751953,
        253.85659790039062,
        253.05441284179688,
        252.6665496826172,
        251.82174682617188,
        250.38021850585938,
        250.01832580566406,
        249.7530059814453,
        249.68724060058594,
        247.9569091796875,
        248.02113342285156,
        247.67605590820312,
        246.73036193847656,
        245.64068603515625,
        245.31500244140625,
        243.40170288085938,
        243.15354919433594,
        242.6409149169922,
        240.994384765625,
        241.2890167236328,
        240.05677795410156,
        239.94186401367188,
        239.15003967285156,
        240.11573791503906,
        237.9695587158203,
        237.3540496826172,
        236.51319885253906,
        236.23468017578125,
        236.5500946044922,
        234.87086486816406,
        233.33489990234375,
        232.94337463378906,
        231.94198608398438,
        230.87852478027344,
        231.3133087158203,
        229.88734436035156,
        228.775146484375,
        228.69354248046875,
        227.5910186767578,
        227.15692138671875,
        226.040771484375,
        225.8787841796875,
        224.37652587890625,
        224.5789794921875,
        224.15419006347656,
        221.98231506347656,
        220.90603637695312,
        219.68081665039062,
        219.88258361816406,
        218.41650390625,
        217.69973754882812,
        217.24041748046875,
        218.5030517578125,
        215.46139526367188,
        214.52069091796875,
        215.66334533691406,
        215.3995819091797,
        213.0335235595703,
        211.6775360107422,
        209.59033203125,
        208.89231872558594,
        209.3272705078125
    ],