{
    "effect_pehe": 13.008584022521973,
    "effect_mae": 3.090703010559082
}