{
    "effect_pehe": 7.448123455047607,
    "effect_mae": 3.6761863231658936
}