{
    "effect_pehe": 8.061267852783203,
    "effect_mae": 5.077735900878906
}