{
    "effect_pehe": 7.848775863647461,
    "effect_mae": 5.297434329986572
}