{
    "epoch": [
        0,
        1,
        2,
        3,
        4,
        5,
        6,
        7,
        8,
        9,
        10,
        11,
        12,
        13,
        14,
        15,
        16,
        17,
        18,
        19,
        20,
        21,
        22,
        23,
        24,
        25,
        26,
        27,
        28,
        29,
        30,
        31,
        32,
        33,
        34,
        35,
        36,
        37,
        38,
        39,
        40,
        41,
        42,
        43,
        44,
        45,
        46,
        47,
        48,
        49,
        50,
        51,
        52,
        53,
        54,
        55,
        56,
        57,
        58,
        59,
        60,
        61,
        62,
        63,
        64,
        65,
        66,
        67,
        68,
        69,
        70,
        71,
        72,
        73,
        74,
        75,
        76,
        77,
        78,
        79,
        80,
        81,
        82,
        83,
        84,
        85,
        86,
        87,
        88,
        89,
        90,
        91,
        92,
        93,
        94,
        95,
        96,
        97,
        98,
        99,
        100,
        101,
        102,
        103,
        104,
        105,
        106,
        107,
        108,
        109,
        110,
        111,
        112,
        113,
        114,
        115,
        116,
        117,
        118,
        119,
        120,
        121,
        122,
        123,
        124,
        125,
        126,
        127,
        128,
        129,
        130,
        131,
        132,
        133,
        134,
        135,
        136,
        137,
        138,
        139,
        140,
        141,
        142,
        143,
        144,
        145,
        146,
        147,
        148,
        149,
        150,
        151,
        152,
        153,
        154,
        155,
        156,
        157,
        158,
        159,
        160,
        161,
        162,
        163,
        164,
        165,
        166,
        167,
        168,
        169,
        170
    ],
    "train_loss": [
        390.3184814453125,
        389.5655212402344,
        388.8500061035156,
        388.15087890625,
        387.43182373046875,
        386.66748046875,
        385.8412780761719,
        384.9515686035156,
        383.9967956542969,
        382.9975280761719,
        381.9271240234375,
        380.7832336425781,
        379.5203857421875,
        378.126708984375,
        376.5499267578125,
        374.78167724609375,
        372.79486083984375,
        370.5846252441406,
        368.06329345703125,
        365.232421875,
        362.1619873046875,
        358.7298278808594,
        354.9365234375,
        350.8376770019531,
        346.4200439453125,
        341.6691589355469,
        336.6603698730469,
        331.3365783691406,
        325.7359924316406,
        319.84368896484375,
        313.696044921875,
        307.1717224121094,
        300.43719482421875,
        293.1902160644531,
        285.7293395996094,
        277.7759094238281,
        269.63543701171875,
        261.0443420410156,
        252.34593200683594,
        243.40162658691406,
        234.25408935546875,
        225.08706665039062,
        216.03512573242188,
        207.1896514892578,
        198.6016845703125,
        190.40716552734375,
        182.6973114013672,
        175.84095764160156,
        169.4607391357422,
        164.16134643554688,
        159.50099182128906,
        155.69354248046875,
        152.69554138183594,
        150.1944122314453,
        148.3751983642578,
        146.78024291992188,
        145.4797821044922,
        144.3506622314453,
        143.4722442626953,
        142.66236877441406,
        142.185791015625,
        141.53585815429688,
        141.0843048095703,
        140.7963409423828,
        140.575439453125,
        140.1250457763672,
        139.7130584716797,
        139.3580322265625,
        138.87542724609375,
        138.70079040527344,
        138.2080535888672,
        137.9401092529297,
        137.54757690429688,
        137.1852264404297,
        137.1212158203125,
        136.7188720703125,
        136.48699951171875,
        136.34217834472656,
        136.1416778564453,
        135.8584747314453,
        135.49819946289062,
        135.42648315429688,
        135.17037963867188,
        134.866943359375,
        134.74925231933594,
        134.79193115234375,
        134.44320678710938,
        134.28240966796875,
        134.0584716796875,
        133.9574432373047,
        133.67942810058594,
        133.50112915039062,
        133.26712036132812,
        133.0762481689453,
        133.1619415283203,
        133.06983947753906,
        132.90020751953125,
        132.93106079101562,
        132.6168975830078,
        132.40060424804688,
        132.32244873046875,
        132.12130737304688,
        132.078125,
        131.8337860107422,
        131.81332397460938,
        131.7297821044922,
        131.35986328125,
        131.36569213867188,
        131.19944763183594,
        131.25973510742188,
        131.17298889160156,
        130.94883728027344,
        130.83787536621094,
        130.78976440429688,
        130.53175354003906,
        130.5218963623047,
        130.40499877929688,
        130.2725067138672,
        130.14109802246094,
        130.13002014160156,
        129.98989868164062,
        129.9632110595703,
        129.67250061035156,
        129.568115234375,
        129.3649444580078,
        129.3600616455078,
        129.3035125732422,
        129.12518310546875,
        129.03280639648438,
        128.81739807128906,
        129.02011108398438,
        128.65237426757812,
        128.52261352539062,
        128.5373077392578,
        128.50894165039062,
        128.26170349121094,
        128.34156799316406,
        127.98936462402344,
        127.92276000976562,
        127.8112564086914,
        127.62566375732422,
        127.71646118164062,
        127.7087173461914,
        127.30535125732422,
        127.20677185058594,
        126.90739440917969,
        126.9254379272461,
        126.86300659179688,
        126.46127319335938,
        126.38485717773438,
        126.14083099365234,
        126.4444808959961,
        125.97989654541016,
        125.81004333496094,
        125.65615844726562,
        125.33975219726562,
        124.94271087646484,
        125.09844970703125,
        124.813720703125,
        124.51346588134766,
        124.354248046875,
        123.82440948486328,
        123.6333999633789,
        123.34219360351562,
        123.23090362548828,
        122.72605895996094,
        122.36180877685547,
        122.4825668334961,
        121.88811492919922,
        121.46700286865234,
        121.18144226074219
    ],