{
    "effect_pehe": 3.996406827450613,
    "effect_mae": 3.14720458464576
}