{
    "effect_pehe": 4.046222054639014,
    "effect_mae": 3.240904343414365
}