{
    "effect_pehe": 4.6892129916855465,
    "effect_mae": 3.7463079964387345
}