{
    "effect_pehe": 4.691385858148983,
    "effect_mae": 3.7674390843450256
}