{
    "effect_pehe": 4.456657136071385,
    "effect_mae": 3.513967073795536
}