{
    "effect_pehe": 0.7940487861633301,
    "effect_mae": 0.026203155517578125
}