{
    "effect_pehe": 0.8212624192237854,
    "effect_mae": 0.0457763671875
}