{
    "effect_pehe": 1.714707851409912,
    "effect_mae": 0.15507793426513672
}