{
    "effect_pehe": 2.146643877029419,
    "effect_mae": 0.20893257856369019
}