{
    "effect_pehe": 3.6241347789764404,
    "effect_mae": 1.2710225582122803
}