{
    "effect_pehe": 0.7343660593032837,
    "effect_mae": 0.008033275604248047
}