{
    "effect_pehe": 0.8152503371238708,
    "effect_mae": 0.03232097625732422
}