{
    "effect_pehe": 1.168224573135376,
    "effect_mae": 0.17770719528198242
}