{
    "effect_pehe": 3.8897159099578857,
    "effect_mae": 2.0447769165039062
}