{
    "effect_pehe": 0.7773774862289429,
    "effect_mae": 0.006318569183349609
}