{
    "effect_pehe": 1.3590686321258545,
    "effect_mae": 0.4184752106666565
}