{
    "effect_pehe": 1.6277481317520142,
    "effect_mae": 0.0838613510131836
}