{
    "effect_pehe": 1.7948466539382935,
    "effect_mae": 1.1524407863616943
}