{
    "effect_pehe": 9.79159379187804,
    "effect_mae": 6.147852255983182
}