{
    "effect_pehe": 7.819917733322664,
    "effect_mae": 6.030457376950549
}