{
    "effect_pehe": 7.811972184602215,
    "effect_mae": 4.981755131530637
}