{
    "effect_pehe": 10.01687240600586,
    "effect_mae": 6.729147434234619
}