{
    "epoch": [
        0,
        1,
        2,
        3,
        4,
        5,
        6,
        7,
        8,
        9,
        10,
        11,
        12,
        13,
        14,
        15,
        16,
        17,
        18,
        19,
        20,
        21,
        22,
        23,
        24,
        25,
        26,
        27,
        28,
        29,
        30,
        31,
        32,
        33,
        34,
        35,
        36,
        37,
        38,
        39,
        40,
        41,
        42,
        43,
        44,
        45,
        46,
        47,
        48,
        49,
        50,
        51,
        52,
        53,
        54,
        55,
        56,
        57
    ],
    "train_loss": [
        331.21728515625,
        330.9216613769531,
        330.6162414550781,
        330.3082275390625,
        329.97998046875,
        329.64080810546875,
        329.28155517578125,
        328.8798828125,
        328.4421691894531,
        327.9547119140625,
        327.44183349609375,
        326.8001403808594,
        326.1573486328125,
        325.3215026855469,
        324.39630126953125,
        323.33270263671875,
        322.10406494140625,
        320.663330078125,
        318.8516845703125,
        316.8763427734375,
        314.4813232421875,
        311.5025939941406,
        308.5841064453125,
        304.0765380859375,
        299.8414611816406,
        294.22552490234375,
        287.64263916015625,
        280.9499206542969,
        272.9228515625,
        263.5501403808594,
        252.75889587402344,
        241.28549194335938,
        227.79714965820312,
        217.65945434570312,
        207.59994506835938,
        198.4593963623047,
        190.16561889648438,
        186.65628051757812,
        190.0448760986328,
        196.35301208496094,
        193.46597290039062,
        197.4197540283203,
        189.8369903564453,
        183.72813415527344,
        186.29058837890625,
        178.91342163085938,
        178.9003143310547,
        178.49295043945312,
        174.82260131835938,
        177.00767517089844,
        177.34832763671875,
        174.42532348632812,
        178.5483856201172,
        173.20016479492188,
        170.46463012695312,
        171.2310333251953,
        166.3937225341797,
        168.17967224121094
    ],
    "val_loss": [
        97.60211181640625,
        97.36780548095703,
        97.13452911376953,
        96.88755798339844,
        96.62498474121094,
        96.3498306274414,
        96.042724609375,
        95.70787048339844,
        95.35720825195312,
        94.96575927734375,
        94.5205078125,
        93.98905944824219,
        93.45020294189453,
        92.78154754638672,
        92.0132064819336,
        91.18311309814453,
        90.22400665283203,
        89.0423812866211,
        87.66454315185547,
        86.27924346923828,
        84.4043960571289,
        82.39978790283203,
        79.91732788085938,
        77.41545104980469,
        74.48820495605469,
        71.15486145019531,
        67.699462890625,
        63.633094787597656,
        59.91552734375,
        56.126529693603516,
        53.7642936706543,
        51.1195068359375,
        50.91070556640625,
        53.86717987060547,
        63.33356857299805,
        75.19843292236328,
        97.61480712890625,
        128.5777130126953,
        163.6269989013672,
        189.33802795410156,
        211.24053955078125,
        224.9584197998047,
        222.14486694335938,
        192.7924346923828,
        174.74169921875,
        148.7886199951172,
        130.78671264648438,
        108.94256591796875,
        95.84854888916016,
        88.24251556396484,
        79.65906524658203,
        78.56519317626953,
        75.22258758544922,
        73.64646911621094,
        73.86285400390625,
        80.1509780883789,
        75.88087463378906,
        89.54169464111328
    ]
}