{
    "effect_pehe": 17.42845916748047,
    "effect_mae": 14.819305419921875
}