{
    "effect_pehe": 6.689223766326904,
    "effect_mae": 1.505345344543457
}