{
    "effect_pehe": 4.114030838012695,
    "effect_mae": 0.6080734729766846
}