{
    "effect_pehe": 5.77333402633667,
    "effect_mae": 1.9907712936401367
}