{
    "effect_pehe": 5.506389617919922,
    "effect_mae": 2.423349380493164
}