{
    "effect_pehe": 12.961915969848633,
    "effect_mae": 4.928837776184082
}