{
    "effect_pehe": 13.021276473999023,
    "effect_mae": 1.6495914459228516
}