{
    "effect_pehe": 10.600740432739258,
    "effect_mae": 4.641037940979004
}