{
    "effect_pehe": 13.237922668457031,
    "effect_mae": 1.9781951904296875
}