{
    "effect_pehe": 8.403742790222168,
    "effect_mae": 3.6694531440734863
}