{
    "effect_pehe": 14.764322280883789,
    "effect_mae": 8.87052059173584
}