{
    "effect_pehe": 11.633535385131836,
    "effect_mae": 5.763589859008789
}