{
    "effect_pehe": 7.177014350891113,
    "effect_mae": 1.1563639640808105
}