{
    "effect_pehe": 6.9688401222229,
    "effect_mae": 0.9602231979370117
}