{
    "epoch": [
        0,
        1,
        2,
        3,
        4,
        5,
        6,
        7,
        8,
        9,
        10,
        11,
        12,
        13,
        14,
        15,
        16,
        17,
        18,
        19,
        20,
        21,
        22,
        23,
        24,
        25,
        26,
        27,
        28,
        29,
        30,
        31,
        32,
        33,
        34,
        35,
        36,
        37,
        38,
        39,
        40,
        41,
        42,
        43,
        44,
        45,
        46,
        47,
        48,
        49,
        50,
        51,
        52,
        53,
        54,
        55,
        56,
        57,
        58,
        59,
        60,
        61,
        62,
        63,
        64,
        65,
        66,
        67,
        68,
        69,
        70,
        71,
        72,
        73,
        74,
        75,
        76,
        77,
        78,
        79,
        80,
        81,
        82,
        83,
        84,
        85,
        86,
        87,
        88,
        89,
        90,
        91,
        92,
        93,
        94,
        95,
        96,
        97,
        98,
        99,
        100,
        101,
        102,
        103,
        104,
        105,
        106,
        107,
        108,
        109,
        110,
        111,
        112,
        113,
        114,
        115,
        116,
        117,
        118,
        119,
        120,
        121,
        122,
        123,
        124,
        125,
        126,
        127,
        128,
        129,
        130,
        131,
        132,
        133,
        134,
        135,
        136,
        137,
        138,
        139,
        140,
        141,
        142,
        143,
        144,
        145,
        146,
        147,
        148,
        149,
        150,
        151,
        152,
        153,
        154,
        155,
        156,
        157,
        158,
        159,
        160,
        161
    ],
    "train_loss": [
        356.8089599609375,
        356.1077880859375,
        355.4005126953125,
        354.65240478515625,
        353.8288879394531,
        352.87261962890625,
        351.75299072265625,
        350.4361877441406,
        348.8601379394531,
        346.9923400878906,
        344.7310791015625,
        341.9859924316406,
        338.7627258300781,
        334.882080078125,
        330.4270935058594,
        324.7413024902344,
        318.4053649902344,
        311.1705627441406,
        301.965576171875,
        291.99407958984375,
        280.9255065917969,
        267.720458984375,
        253.88186645507812,
        239.44839477539062,
        224.93463134765625,
        212.5327911376953,
        202.8962860107422,
        198.04380798339844,
        199.28402709960938,
        205.56546020507812,
        208.53575134277344,
        205.04249572753906,
        200.77029418945312,
        190.76504516601562,
        183.92269897460938,
        179.9249267578125,
        176.02369689941406,
        176.77235412597656,
        175.4464111328125,
        174.00625610351562,
        172.47215270996094,
        170.61708068847656,
        169.2092742919922,
        164.23324584960938,
        162.32696533203125,
        158.39401245117188,
        159.0447540283203,
        157.03028869628906,
        155.5084991455078,
        155.75596618652344,
        156.23341369628906,
        154.1636962890625,
        150.27325439453125,
        151.10923767089844,
        150.57257080078125,
        151.41575622558594,
        147.5497589111328,
        146.8751678466797,
        147.88905334472656,
        143.92410278320312,
        146.7960662841797,
        146.380615234375,
        144.43045043945312,
        144.3924102783203,
        145.01119995117188,
        143.42417907714844,
        142.05641174316406,
        142.77207946777344,
        141.38333129882812,
        142.6686248779297,
        139.61517333984375,
        142.46456909179688,
        142.3665313720703,
        139.12191772460938,
        137.8366241455078,
        138.59669494628906,
        138.99554443359375,
        137.70909118652344,
        140.09080505371094,
        138.5827178955078,
        138.14146423339844,
        137.8778533935547,
        137.62570190429688,
        139.8858184814453,
        136.4632110595703,
        138.3297882080078,
        137.63369750976562,
        140.81251525878906,
        136.3906707763672,
        134.7757110595703,
        136.7976837158203,
        135.82337951660156,
        136.93821716308594,
        135.6118621826172,
        134.31541442871094,
        133.57481384277344,
        135.82330322265625,
        132.7052459716797,
        134.0904541015625,
        132.68048095703125,
        132.3655548095703,
        134.1197967529297,
        132.42970275878906,
        131.6670379638672,
        131.78488159179688,
        135.21885681152344,
        131.2969207763672,
        130.8368682861328,
        129.18359375,
        131.36512756347656,
        131.3219757080078,
        129.83258056640625,
        127.07666778564453,
        127.25057220458984,
        127.91089630126953,
        128.053955078125,
        122.712890625,
        126.65943908691406,
        126.21104431152344,
        125.76878356933594,
        126.1760025024414,
        128.4431610107422,
        123.7133560180664,
        124.99845886230469,
        123.8360595703125,
        126.38304138183594,
        121.00503540039062,
        119.75613403320312,
        123.32867431640625,
        120.95953369140625,
        118.9498062133789,
        121.46005249023438,
        117.52857971191406,
        118.11857604980469,
        121.6744613647461,
        119.14112091064453,
        115.00347900390625,
        117.67388153076172,
        117.30410766601562,
        117.64376068115234,
        118.44427490234375,
        112.85355377197266,
        112.07874298095703,
        113.47698211669922,
        115.75765991210938,
        110.60457611083984,
        110.45072937011719,
        115.85362243652344,
        114.17800903320312,
        110.75245666503906,
        108.8809814453125,
        110.86116027832031,
        109.52626037597656,
        107.77896118164062,
        107.39006042480469,
        109.51927947998047,
        107.79083251953125,
        103.8295669555664,
        104.50981903076172,
        106.57340240478516,
        103.98432159423828,
        104.47601318359375
    ],