{
    "effect_pehe": 18.550316952488696,
    "effect_mae": 11.73233949388222
}