{
    "effect_pehe": 13.828691831868536,
    "effect_mae": 5.884065567611709
}