{
    "effect_pehe": 14.05805733559214,
    "effect_mae": 6.413406043596383
}