{
    "effect_pehe": 12.522969834016616,
    "effect_mae": 6.1618896148893825
}