{
    "effect_pehe": 16.41054835657927,
    "effect_mae": 11.117876962744596
}