{
    "effect_pehe": 13.249887226621263,
    "effect_mae": 6.287348278014697
}