{
    "effect_pehe": 14.983258662091188,
    "effect_mae": 6.971280899716189
}