{
    "effect_pehe": 15.971300226456153,
    "effect_mae": 10.312003349246755
}