{
    "effect_pehe": 18.726136276705283,
    "effect_mae": 8.563402133516854
}