{
    "effect_pehe": 16.480752327501925,
    "effect_mae": 10.580465533665974
}