{
    "effect_pehe": 18.00999439870541,
    "effect_mae": 11.177104785451295
}