{
    "effect_pehe": 15.049571876402556,
    "effect_mae": 10.018962782743763
}