{
    "effect_pehe": 18.844471574966917,
    "effect_mae": 12.992912266844172
}