{
    "effect_pehe": 19.644306410825372,
    "effect_mae": 9.734898493516821
}