{
    "effect_pehe": 16.47426334127854,
    "effect_mae": 9.993902347008168
}