{
    "effect_pehe": 18.62380905565433,
    "effect_mae": 11.299223447999243
}