{
    "effect_pehe": 1.3565293550491333,
    "effect_mae": 0.16733679175376892
}