{
    "effect_pehe": 2.68803071975708,
    "effect_mae": 0.040499716997146606
}