{
    "effect_pehe": 3.542618751525879,
    "effect_mae": 0.30855706334114075
}