{
    "effect_pehe": 2.4970762729644775,
    "effect_mae": 0.16821306943893433
}