{
    "effect_pehe": 1.7397047281265259,
    "effect_mae": 0.21232642233371735
}