{
    "effect_pehe": 1.7852846384048462,
    "effect_mae": 0.01608017086982727
}