{
    "effect_pehe": 1.7613240480422974,
    "effect_mae": 0.2649769186973572
}