{
    "effect_pehe": 1.2703016996383667,
    "effect_mae": 0.11021661758422852
}