{
    "effect_pehe": 1.750360131263733,
    "effect_mae": 0.2860569953918457
}