{
    "effect_pehe": 4.827258110046387,
    "effect_mae": 1.195509910583496
}