{
    "effect_pehe": 4.318567276000977,
    "effect_mae": 0.615384578704834
}