{
    "effect_pehe": 4.926203727722168,
    "effect_mae": 2.904966115951538
}