{
    "effect_pehe": 6.066733360290527,
    "effect_mae": 3.8689064979553223
}