{
    "effect_pehe": 4.7431182861328125,
    "effect_mae": 0.3306159973144531
}