{
    "epoch": [
        0,
        1,
        2,
        3,
        4,
        5,
        6,
        7,
        8,
        9,
        10,
        11,
        12,
        13,
        14,
        15,
        16,
        17,
        18,
        19,
        20,
        21,
        22,
        23,
        24,
        25,
        26,
        27,
        28,
        29,
        30,
        31,
        32,
        33,
        34,
        35,
        36,
        37,
        38,
        39,
        40,
        41,
        42,
        43,
        44,
        45,
        46,
        47,
        48,
        49,
        50,
        51,
        52,
        53,
        54,
        55,
        56,
        57,
        58,
        59,
        60,
        61,
        62,
        63,
        64,
        65,
        66,
        67,
        68,
        69,
        70,
        71,
        72,
        73,
        74,
        75,
        76,
        77,
        78,
        79,
        80,
        81,
        82,
        83,
        84,
        85,
        86,
        87,
        88,
        89,
        90,
        91,
        92,
        93,
        94,
        95,
        96,
        97,
        98,
        99,
        100,
        101,
        102,
        103,
        104,
        105,
        106,
        107,
        108,
        109,
        110,
        111,
        112,
        113,
        114,
        115,
        116,
        117,
        118,
        119,
        120,
        121,
        122,
        123,
        124,
        125,
        126
    ],
    "train_loss": [
        1541.9830322265625,
        1667.5882568359375,
        1207.7088623046875,
        1130.2061767578125,
        1014.103271484375,
        989.6444091796875,
        848.3837280273438,
        814.02490234375,
        803.618408203125,
        729.9304809570312,
        632.96630859375,
        638.4784545898438,
        624.85107421875,
        569.293212890625,
        505.1620788574219,
        433.16448974609375,
        443.2550354003906,
        512.3959350585938,
        464.0727844238281,
        416.8900451660156,
        312.16815185546875,
        336.9737548828125,
        341.6176452636719,
        329.24090576171875,
        281.5703430175781,
        252.47596740722656,
        267.3710021972656,
        259.35040283203125,
        231.90306091308594,
        220.2619171142578,
        231.9898681640625,
        225.88233947753906,
        188.088623046875,
        193.25086975097656,
        194.05047607421875,
        171.84266662597656,
        173.63406372070312,
        155.7677764892578,
        158.4368438720703,
        157.55075073242188,
        148.9608612060547,
        134.5624542236328,
        134.9220733642578,
        138.35983276367188,
        120.714111328125,
        115.54707336425781,
        112.69200897216797,
        119.31481170654297,
        113.90841674804688,
        108.00882720947266,
        102.51902770996094,
        109.107177734375,
        103.44952392578125,
        103.60171508789062,
        96.14789581298828,
        92.40067291259766,
        87.22453308105469,
        89.79053497314453,
        97.15100860595703,
        86.18936157226562,
        90.12425231933594,
        83.92807006835938,
        80.50804138183594,
        82.33863067626953,
        79.96513366699219,
        81.36334991455078,
        82.54363250732422,
        79.86076354980469,
        74.74706268310547,
        73.79195404052734,
        76.60289764404297,
        78.27030181884766,
        72.35492706298828,
        73.18388366699219,
        72.0848159790039,
        73.135498046875,
        69.20740509033203,
        71.78423309326172,
        74.29877471923828,
        70.88693237304688,
        69.82465362548828,
        71.05386352539062,
        70.1703109741211,
        69.60653686523438,
        71.48027038574219,
        69.86713409423828,
        71.7752914428711,
        69.780029296875,
        67.24169158935547,
        68.2375259399414,
        68.04145812988281,
        69.93427276611328,
        67.83106994628906,
        68.5896224975586,
        68.05157470703125,
        68.3226547241211,
        67.30242156982422,
        68.19806671142578,
        68.58822631835938,
        69.21379852294922,
        68.59194946289062,
        66.88751983642578,
        65.73858642578125,
        66.83599853515625,
        66.45079803466797,
        65.65203857421875,
        67.86666107177734,
        66.13104248046875,
        68.14373016357422,
        65.48725891113281,
        65.7017822265625,
        65.32332611083984,
        67.6928939819336,
        65.6902084350586,
        67.05313110351562,
        66.82585906982422,
        66.40571594238281,
        67.17316436767578,
        66.38643646240234,
        66.81389617919922,
        67.01883697509766,
        65.07581329345703,
        66.58697509765625,
        67.0174789428711,
        66.28289031982422,
        67.6765365600586,
        65.97416687011719
    ],