{
    "epoch": [
        0,
        1,
        2,
        3,
        4,
        5,
        6,
        7,
        8,
        9,
        10,
        11,
        12,
        13,
        14,
        15,
        16,
        17,
        18,
        19,
        20,
        21,
        22,
        23,
        24,
        25,
        26,
        27,
        28,
        29,
        30,
        31,
        32,
        33,
        34,
        35,
        36,
        37,
        38,
        39,
        40,
        41,
        42,
        43,
        44,
        45,
        46,
        47,
        48,
        49,
        50,
        51,
        52,
        53,
        54,
        55,
        56,
        57,
        58,
        59,
        60,
        61,
        62,
        63,
        64,
        65,
        66,
        67,
        68,
        69,
        70,
        71,
        72,
        73,
        74,
        75,
        76,
        77,
        78,
        79,
        80,
        81,
        82,
        83,
        84,
        85,
        86,
        87,
        88,
        89,
        90,
        91,
        92,
        93,
        94,
        95,
        96,
        97,
        98,
        99,
        100,
        101,
        102,
        103,
        104,
        105,
        106,
        107,
        108,
        109,
        110,
        111,
        112,
        113,
        114,
        115,
        116,
        117,
        118,
        119,
        120,
        121,
        122,
        123,
        124,
        125,
        126,
        127,
        128,
        129,
        130,
        131,
        132,
        133,
        134,
        135,
        136,
        137,
        138,
        139,
        140,
        141,
        142,
        143,
        144,
        145,
        146,
        147,
        148,
        149,
        150,
        151,
        152,
        153,
        154,
        155,
        156,
        157,
        158,
        159,
        160,
        161,
        162,
        163,
        164,
        165,
        166
    ],
    "train_loss": [
        3782.180908203125,
        1807.7835693359375,
        962.89697265625,
        1171.5745849609375,
        1390.474609375,
        1641.0291748046875,
        1314.5577392578125,
        857.2703247070312,
        529.20263671875,
        472.6332092285156,
        564.4425048828125,
        663.3997192382812,
        750.5848388671875,
        729.4807739257812,
        663.8158569335938,
        480.6974182128906,
        330.63861083984375,
        330.981201171875,
        392.52154541015625,
        426.7261047363281,
        433.37896728515625,
        444.7641906738281,
        342.73529052734375,
        305.4627990722656,
        272.0501708984375,
        228.15733337402344,
        281.55712890625,
        278.77264404296875,
        257.094970703125,
        255.63121032714844,
        229.99671936035156,
        215.4179229736328,
        193.21157836914062,
        177.4314727783203,
        169.96728515625,
        185.28875732421875,
        170.27476501464844,
        175.62193298339844,
        180.93177795410156,
        158.35418701171875,
        159.70181274414062,
        154.44871520996094,
        146.90232849121094,
        159.5452117919922,
        138.11602783203125,
        145.09898376464844,
        147.61500549316406,
        134.24859619140625,
        125.41067504882812,
        130.44326782226562,
        128.06436157226562,
        131.33956909179688,
        129.81053161621094,
        118.3503189086914,
        121.94187927246094,
        118.92965698242188,
        116.06712341308594,
        123.62029266357422,
        124.79724884033203,
        111.08586883544922,
        104.5223617553711,
        109.71052551269531,
        115.72127532958984,
        110.47423553466797,
        103.3971939086914,
        98.64324951171875,
        105.27188873291016,
        98.724365234375,
        106.0778579711914,
        111.0303955078125,
        97.30421447753906,
        88.21287536621094,
        89.1712417602539,
        88.33209228515625,
        90.89675903320312,
        91.64111328125,
        91.48532104492188,
        85.97806549072266,
        91.27012634277344,
        80.90524291992188,
        92.08491516113281,
        84.02249145507812,
        85.22633361816406,
        84.68354034423828,
        83.08724212646484,
        80.714111328125,
        79.3777084350586,
        80.32691192626953,
        81.47932434082031,
        83.85303497314453,
        78.84757232666016,
        79.6541748046875,
        72.48429107666016,
        77.98433685302734,
        74.3304214477539,
        75.56973266601562,
        77.21908569335938,
        74.8610610961914,
        73.88174438476562,
        75.37265014648438,
        69.83137512207031,
        70.55865478515625,
        74.25572204589844,
        69.49512481689453,
        64.83989715576172,
        70.9825439453125,
        65.58238220214844,
        67.56026458740234,
        72.30245208740234,
        69.07969665527344,
        70.08423614501953,
        67.17164611816406,
        66.07463073730469,
        67.91720581054688,
        68.70752716064453,
        58.06777572631836,
        62.094322204589844,
        70.17427825927734,
        63.96031188964844,
        63.88009262084961,
        66.04425811767578,
        64.32179260253906,
        64.5665512084961,
        61.326255798339844,
        64.37866973876953,
        62.16432571411133,
        61.815277099609375,
        63.82530212402344,
        65.89128875732422,
        61.6546745300293,
        64.45447540283203,
        57.96588134765625,
        59.639747619628906,
        61.674522399902344,
        58.589111328125,
        63.74605178833008,
        59.24616622924805,
        61.28740692138672,
        56.18621826171875,
        62.387027740478516,
        60.43990707397461,
        58.01649475097656,
        62.84693145751953,
        59.19716262817383,
        60.72226333618164,
        59.8631706237793,
        58.15005111694336,
        57.26668930053711,
        57.033287048339844,
        55.7863655090332,
        59.07600402832031,
        62.86204528808594,
        56.7999382019043,
        55.107975006103516,
        59.20990753173828,
        57.42409133911133,
        60.60454559326172,
        58.1627197265625,
        57.19791793823242,
        56.993438720703125,
        60.968814849853516,
        54.408958435058594,
        56.52669143676758,
        58.96163558959961,
        56.46756362915039,
        56.206546783447266,
        55.18571853637695
    ],