{
    "effect_pehe": 7.5035080909729,
    "effect_mae": 4.244635581970215
}