{
    "effect_pehe": 9.457273483276367,
    "effect_mae": 1.5121517181396484
}