{
    "effect_pehe": 9.61202621459961,
    "effect_mae": 0.024505615234375
}