{
    "effect_pehe": 5.527130126953125,
    "effect_mae": 0.3689098358154297
}