{
    "effect_pehe": 6.8768630027771,
    "effect_mae": 0.31732845306396484
}