{
    "effect_pehe": 6.6743927001953125,
    "effect_mae": 0.5141692161560059
}