{
    "effect_pehe": 6.700946807861328,
    "effect_mae": 0.8515419960021973
}