{
    "effect_pehe": 8.282585144042969,
    "effect_mae": 0.7662906646728516
}