{
    "effect_pehe": 7.889172554016113,
    "effect_mae": 0.1715846061706543
}