{
    "effect_pehe": 7.523829460144043,
    "effect_mae": 0.7917366027832031
}