{
    "effect_pehe": 8.797343254089355,
    "effect_mae": 0.16506195068359375
}