{
    "effect_pehe": 6.907415866851807,
    "effect_mae": 0.23966598510742188
}