{
    "effect_pehe": 10.954316139221191,
    "effect_mae": 0.9846391677856445
}