{
    "effect_pehe": 5.7035980224609375,
    "effect_mae": 1.0847716331481934
}