{
    "effect_pehe": 7.115479469299316,
    "effect_mae": 0.0035753250122070312
}