{
    "effect_pehe": 6.167806148529053,
    "effect_mae": 0.1362009048461914
}