{
    "effect_pehe": 6.697582721710205,
    "effect_mae": 0.47499656677246094
}