{
    "effect_pehe": 12.278203635818196,
    "effect_mae": 8.25604507051671
}