{
    "effect_pehe": 10.256792561647071,
    "effect_mae": 7.8875961470831495
}