{
    "effect_pehe": 12.86020975149575,
    "effect_mae": 9.931042584910617
}