{
    "effect_pehe": 8.205138206481934,
    "effect_mae": 0.6386480331420898
}