{
    "effect_pehe": 12.266551971435547,
    "effect_mae": 2.163837432861328
}