{
    "effect_pehe": 6.439173221588135,
    "effect_mae": 0.609858512878418
}