{
    "effect_pehe": 6.706973075866699,
    "effect_mae": 0.41748857498168945
}