{
    "effect_pehe": 6.764044284820557,
    "effect_mae": 0.396390438079834
}