{
    "effect_pehe": 7.175098896026611,
    "effect_mae": 0.2474370002746582
}