{
    "effect_pehe": 7.97030782699585,
    "effect_mae": 0.5176024436950684
}