{
    "effect_pehe": 6.056083679199219,
    "effect_mae": 1.1848411560058594
}