{
    "effect_pehe": 7.289018154144287,
    "effect_mae": 0.05806732177734375
}