{
    "effect_pehe": 6.109292030334473,
    "effect_mae": 0.39637136459350586
}