{
    "effect_pehe": 9.623714447021484,
    "effect_mae": 1.5322575569152832
}