{
    "effect_pehe": 9.552852630615234,
    "effect_mae": 0.7853326797485352
}