{
    "effect_pehe": 8.851526260375977,
    "effect_mae": 0.4186825752258301
}