{
    "effect_pehe": 9.17776107788086,
    "effect_mae": 0.15584468841552734
}