{
    "effect_pehe": 6.488609790802002,
    "effect_mae": 0.33381128311157227
}