{
    "effect_pehe": 5.455874443054199,
    "effect_mae": 0.10872983932495117
}