{
    "effect_pehe": 11.667460441589355,
    "effect_mae": 0.645721435546875
}