{
    "effect_pehe": 7.283446788787842,
    "effect_mae": 1.055720329284668
}