{
    "effect_pehe": 9.703362464904785,
    "effect_mae": 1.6225357055664062
}