{
    "epoch": [
        0,
        1,
        2,
        3,
        4,
        5,
        6,
        7,
        8,
        9,
        10,
        11,
        12,
        13,
        14,
        15,
        16,
        17,
        18,
        19,
        20,
        21,
        22,
        23,
        24,
        25,
        26,
        27,
        28,
        29,
        30,
        31,
        32,
        33,
        34,
        35,
        36,
        37,
        38,
        39,
        40,
        41,
        42,
        43,
        44,
        45,
        46,
        47,
        48,
        49,
        50,
        51,
        52,
        53,
        54,
        55,
        56,
        57,
        58,
        59,
        60,
        61,
        62,
        63,
        64,
        65,
        66,
        67,
        68,
        69,
        70,
        71,
        72,
        73,
        74,
        75,
        76,
        77,
        78,
        79,
        80,
        81,
        82,
        83,
        84,
        85,
        86,
        87,
        88,
        89,
        90,
        91,
        92,
        93,
        94,
        95,
        96,
        97,
        98,
        99,
        100,
        101,
        102,
        103,
        104,
        105,
        106,
        107,
        108,
        109,
        110,
        111,
        112,
        113,
        114,
        115,
        116,
        117,
        118,
        119,
        120,
        121,
        122,
        123,
        124,
        125,
        126,
        127,
        128,
        129,
        130,
        131,
        132,
        133,
        134,
        135,
        136,
        137,
        138,
        139,
        140,
        141,
        142,
        143,
        144,
        145,
        146,
        147,
        148,
        149,
        150,
        151,
        152,
        153,
        154,
        155,
        156,
        157,
        158,
        159,
        160,
        161,
        162,
        163,
        164,
        165,
        166,
        167,
        168,
        169,
        170,
        171,
        172,
        173,
        174,
        175,
        176,
        177,
        178,
        179,
        180,
        181,
        182,
        183,
        184,
        185,
        186,
        187,
        188,
        189
    ],
    "train_loss": [
        35.47492218017578,
        35.313133239746094,
        35.15700912475586,
        34.99916458129883,
        34.83016586303711,
        34.641693115234375,
        34.4254035949707,
        34.175689697265625,
        33.885311126708984,
        33.54631042480469,
        33.13536071777344,
        32.65475845336914,
        32.083229064941406,
        31.394102096557617,
        30.57925796508789,
        29.636432647705078,
        28.534847259521484,
        27.261489868164062,
        25.902379989624023,
        24.443771362304688,
        23.00110626220703,
        21.743560791015625,
        20.868940353393555,
        20.37433624267578,
        20.408077239990234,
        20.73801612854004,
        20.9439640045166,
        20.6981143951416,
        20.248947143554688,
        19.6682071685791,
        19.14262580871582,
        18.94089126586914,
        18.835777282714844,
        18.869510650634766,
        18.91643714904785,
        18.874696731567383,
        18.881147384643555,
        18.757631301879883,
        18.536100387573242,
        18.28791618347168,
        17.966373443603516,
        17.623281478881836,
        17.374481201171875,
        17.076078414916992,
        16.899295806884766,
        16.661846160888672,
        16.56117820739746,
        16.3653564453125,
        16.102590560913086,
        15.859014511108398,
        15.562665939331055,
        15.236969947814941,
        14.975622177124023,
        14.679140090942383,
        14.322755813598633,
        14.01422119140625,
        13.674538612365723,
        13.307011604309082,
        12.925559043884277,
        12.545969009399414,
        12.15360164642334,
        11.817984580993652,
        11.46057415008545,
        11.129914283752441,
        10.792067527770996,
        10.416777610778809,
        10.055096626281738,
        9.709904670715332,
        9.414645195007324,
        9.141018867492676,
        8.870967864990234,
        8.637163162231445,
        8.429170608520508,
        8.255595207214355,
        8.082066535949707,
        7.953151702880859,
        7.841270446777344,
        7.758129596710205,
        7.676632881164551,
        7.61400032043457,
        7.547741889953613,
        7.50145149230957,
        7.4552836418151855,
        7.4008331298828125,
        7.366416931152344,
        7.312591552734375,
        7.273388385772705,
        7.2205400466918945,
        7.1719818115234375,
        7.1233625411987305,
        7.078586578369141,
        7.033266067504883,
        7.004354953765869,
        6.9702277183532715,
        6.939866065979004,
        6.913475513458252,
        6.892331123352051,
        6.875391960144043,
        6.853096008300781,
        6.834075450897217,
        6.817038536071777,
        6.793834209442139,
        6.777713298797607,
        6.755396842956543,
        6.732680797576904,
        6.710085391998291,
        6.6864013671875,
        6.6643595695495605,
        6.650547504425049,
        6.622296333312988,
        6.608425140380859,
        6.587191581726074,
        6.563474655151367,
        6.544562339782715,
        6.523768901824951,
        6.493341445922852,
        6.4825897216796875,
        6.456510543823242,
        6.435425281524658,
        6.406468391418457,
        6.383968830108643,
        6.365801811218262,
        6.349820137023926,
        6.3239850997924805,
        6.304160118103027,
        6.282495021820068,
        6.265866756439209,
        6.242652893066406,
        6.214206695556641,
        6.195443630218506,
        6.176937580108643,
        6.155935764312744,
        6.141788959503174,
        6.131734848022461,
        6.080437183380127,
        6.092761039733887,
        6.067687511444092,
        6.02449369430542,
        6.009139537811279,
        6.007496356964111,
        5.978761672973633,
        5.969464302062988,
        5.945781707763672,
        5.917987823486328,
        5.920846462249756,
        5.888366222381592,
        5.864269733428955,
        5.8530354499816895,
        5.843836307525635,
        5.823942184448242,
        5.802535533905029,
        5.786191940307617,
        5.761166095733643,
        5.752477169036865,
        5.748754501342773,
        5.720584869384766,
        5.714148044586182,
        5.687523365020752,
        5.661435127258301,
        5.668117523193359,
        5.617542266845703,
        5.625937461853027,
        5.612692356109619,
        5.597224712371826,
        5.563159942626953,
        5.528215408325195,
        5.5309014320373535,
        5.505263805389404,
        5.484327793121338,
        5.465545654296875,
        5.472883224487305,
        5.459864139556885,
        5.434726238250732,
        5.412261962890625,
        5.404684543609619,
        5.38608455657959,
        5.377686023712158,
        5.3535685539245605,
        5.325690746307373,
        5.3115620613098145,
        5.2955217361450195,
        5.287184715270996,
        5.284521102905273,
        5.249636173248291,
        5.23707914352417,
        5.2175140380859375,
        5.199586391448975,
        5.185306072235107,
        5.168894290924072,
        5.150806427001953
    ],