{
    "effect_pehe": 4.492995738983154,
    "effect_mae": 1.3020516633987427
}