{
    "effect_pehe": 3.807044267654419,
    "effect_mae": 1.1600053310394287
}