{
    "effect_pehe": 4.155981063842773,
    "effect_mae": 1.6191462278366089
}