{
    "effect_pehe": 4.059933185577393,
    "effect_mae": 0.7203726172447205
}