{
    "effect_pehe": 3.611825466156006,
    "effect_mae": 0.9971104264259338
}