{
    "epoch": [
        0,
        1,
        2,
        3,
        4,
        5,
        6,
        7,
        8,
        9,
        10,
        11,
        12,
        13,
        14,
        15,
        16,
        17,
        18,
        19,
        20,
        21,
        22,
        23,
        24,
        25,
        26,
        27,
        28,
        29,
        30,
        31,
        32,
        33,
        34,
        35,
        36,
        37,
        38,
        39,
        40,
        41,
        42,
        43,
        44,
        45,
        46,
        47,
        48,
        49,
        50,
        51,
        52,
        53,
        54,
        55,
        56,
        57,
        58,
        59,
        60,
        61,
        62,
        63,
        64,
        65,
        66,
        67,
        68,
        69,
        70,
        71,
        72,
        73,
        74,
        75,
        76,
        77,
        78,
        79,
        80,
        81,
        82,
        83,
        84,
        85,
        86,
        87,
        88,
        89,
        90,
        91,
        92,
        93,
        94,
        95,
        96,
        97,
        98,
        99,
        100,
        101,
        102,
        103,
        104,
        105,
        106,
        107,
        108,
        109,
        110,
        111,
        112,
        113,
        114,
        115,
        116,
        117,
        118,
        119,
        120,
        121,
        122,
        123,
        124,
        125,
        126,
        127,
        128,
        129,
        130,
        131,
        132,
        133,
        134,
        135,
        136,
        137,
        138,
        139,
        140,
        141,
        142,
        143,
        144,
        145,
        146,
        147,
        148,
        149,
        150,
        151,
        152,
        153,
        154,
        155,
        156,
        157,
        158,
        159,
        160,
        161,
        162,
        163,
        164,
        165,
        166,
        167,
        168,
        169,
        170,
        171,
        172,
        173,
        174,
        175,
        176,
        177,
        178,
        179,
        180,
        181,
        182,
        183,
        184,
        185,
        186
    ],
    "train_loss": [
        38.812400817871094,
        38.570640563964844,
        38.343177795410156,
        38.114566802978516,
        37.87494659423828,
        37.62792205810547,
        37.361881256103516,
        37.065589904785156,
        36.71927261352539,
        36.31474685668945,
        35.8366813659668,
        35.284019470214844,
        34.636837005615234,
        33.89932632446289,
        33.03708267211914,
        32.05118179321289,
        30.96279525756836,
        29.77511215209961,
        28.53634262084961,
        27.283315658569336,
        26.08026123046875,
        25.032358169555664,
        24.094436645507812,
        23.29902458190918,
        22.5506591796875,
        22.232160568237305,
        22.218055725097656,
        22.248790740966797,
        21.99506378173828,
        21.79013442993164,
        21.346858978271484,
        20.99114990234375,
        20.824909210205078,
        20.671831130981445,
        20.600984573364258,
        20.632415771484375,
        20.593597412109375,
        20.44390296936035,
        20.269912719726562,
        19.99999237060547,
        19.68487548828125,
        19.29806137084961,
        18.96431541442871,
        18.646316528320312,
        18.320486068725586,
        18.078006744384766,
        17.82886505126953,
        17.552846908569336,
        17.2384090423584,
        16.950992584228516,
        16.634899139404297,
        16.28183937072754,
        15.91355037689209,
        15.531208038330078,
        15.135220527648926,
        14.758039474487305,
        14.347355842590332,
        13.922079086303711,
        13.45346736907959,
        12.98715877532959,
        12.47851848602295,
        12.016570091247559,
        11.537386894226074,
        11.05317211151123,
        10.57532024383545,
        10.068488121032715,
        9.553722381591797,
        9.031270027160645,
        8.531879425048828,
        8.056461334228516,
        7.6004838943481445,
        7.186451435089111,
        6.79106330871582,
        6.427398204803467,
        6.109716892242432,
        5.844194412231445,
        5.6408467292785645,
        5.484376430511475,
        5.367182731628418,
        5.290736675262451,
        5.2477898597717285,
        5.2188639640808105,
        5.204699993133545,
        5.194067478179932,
        5.158410549163818,
        5.121943473815918,
        5.075015068054199,
        5.0031938552856445,
        4.935365676879883,
        4.853787899017334,
        4.771138668060303,
        4.694318771362305,
        4.629344463348389,
        4.561365127563477,
        4.507622241973877,
        4.46028470993042,
        4.417682647705078,
        4.386695861816406,
        4.357751846313477,
        4.329406261444092,
        4.296792030334473,
        4.268389701843262,
        4.230996131896973,
        4.178345680236816,
        4.139392375946045,
        4.100298881530762,
        4.0516357421875,
        4.013621807098389,
        3.981170415878296,
        3.949465751647949,
        3.900172710418701,
        3.873631000518799,
        3.8331313133239746,
        3.7967426776885986,
        3.766024112701416,
        3.7195181846618652,
        3.7076563835144043,
        3.64850115776062,
        3.6052565574645996,
        3.5689754486083984,
        3.5232324600219727,
        3.491574287414551,
        3.4492743015289307,
        3.405535936355591,
        3.3744566440582275,
        3.329455852508545,
        3.3170721530914307,
        3.284942865371704,
        3.252689838409424,
        3.2508604526519775,
        3.224641799926758,
        3.23111629486084,
        3.2019219398498535,
        3.2040956020355225,
        3.1829934120178223,
        3.150000810623169,
        3.1488559246063232,
        3.1350901126861572,
        3.111772298812866,
        3.1118829250335693,
        3.090420961380005,
        3.086594343185425,
        3.0658278465270996,
        3.0525665283203125,
        3.0508575439453125,
        3.0162806510925293,
        3.033233165740967,
        3.0083250999450684,
        3.0177345275878906,
        2.9952852725982666,
        2.972358226776123,
        2.9832868576049805,
        2.9563164710998535,
        2.948948621749878,
        2.94093918800354,
        2.9445104598999023,
        2.9297351837158203,
        2.9165456295013428,
        2.9277472496032715,
        2.9097769260406494,
        2.8983490467071533,
        2.889418363571167,
        2.879302740097046,
        2.87662410736084,
        2.8673455715179443,
        2.8593056201934814,
        2.8484246730804443,
        2.845863103866577,
        2.838365316390991,
        2.838644027709961,
        2.8224949836730957,
        2.825450897216797,
        2.803079843521118,
        2.8005499839782715,
        2.792449712753296,
        2.790825843811035,
        2.7860281467437744,
        2.7885100841522217,
        2.761847734451294,
        2.7616758346557617,
        2.7551422119140625,
        2.7473843097686768,
        2.7376813888549805,
        2.7349939346313477,
        2.728442668914795,
        2.7117319107055664,
        2.713449478149414
    ],