{
    "effect_pehe": 4.205615997314453,
    "effect_mae": 0.01357218623161316
}