{
    "effect_pehe": 4.642317771911621,
    "effect_mae": 0.8893698453903198
}