{
    "effect_pehe": 4.558010101318359,
    "effect_mae": 0.4594680070877075
}