{
    "effect_pehe": 3.6970884799957275,
    "effect_mae": 0.04363131523132324
}