{
    "effect_pehe": 4.837887287139893,
    "effect_mae": 1.8923060894012451
}