{
    "effect_pehe": 12.00209780070988,
    "effect_mae": 5.174238339210973
}