{
    "effect_pehe": 13.58859271221444,
    "effect_mae": 6.758391997548461
}