{
    "effect_pehe": 14.227528920822419,
    "effect_mae": 6.452007264912388
}