{
    "effect_pehe": 16.623150055368825,
    "effect_mae": 10.934805767007827
}