{
    "effect_pehe": 5.351313190323935,
    "effect_mae": 4.264062211995453
}