{
    "effect_pehe": 4.523485014486493,
    "effect_mae": 3.59249016611309
}