{
    "effect_pehe": 4.642053361691679,
    "effect_mae": 3.711796991005178
}