{
    "effect_pehe": 5.0744902485882335,
    "effect_mae": 4.070307170576291
}