{
    "effect_pehe": 4.587796262824,
    "effect_mae": 3.652377997605982
}