{
    "effect_pehe": 13.73872064884672,
    "effect_mae": 6.338042659963056
}