{
    "effect_pehe": 13.827238051945047,
    "effect_mae": 5.900057317931347
}