{
    "effect_pehe": 16.322859801368704,
    "effect_mae": 8.797872003702711
}