{
    "effect_pehe": 11.766310845343796,
    "effect_mae": 4.905135929422061
}