{
    "effect_pehe": 13.69625770894001,
    "effect_mae": 6.51759567658563
}