{
    "effect_pehe": 3.7524654865264893,
    "effect_mae": 2.5860815048217773
}