{
    "effect_pehe": 0.7952086925506592,
    "effect_mae": 0.09580707550048828
}