{
    "effect_pehe": 0.8767925500869751,
    "effect_mae": 0.011004924774169922
}