{
    "effect_pehe": 2.0986244678497314,
    "effect_mae": 0.6350091695785522
}