{
    "effect_pehe": 1.569670557975769,
    "effect_mae": 0.9223794341087341
}