{
    "effect_pehe": 2.581264019012451,
    "effect_mae": 1.276146411895752
}