{
    "effect_pehe": 1.8623377084732056,
    "effect_mae": 0.7751139402389526
}