{
    "effect_pehe": 3.814207077026367,
    "effect_mae": 2.095449924468994
}