{
    "effect_pehe": 3.567323923110962,
    "effect_mae": 1.1991775035858154
}