{
    "effect_pehe": 2.6800849437713623,
    "effect_mae": 1.4276657104492188
}