{
    "effect_pehe": 1.281787395477295,
    "effect_mae": 0.16732573509216309
}