{
    "effect_pehe": 1.9578115940093994,
    "effect_mae": 0.35040295124053955
}