{
    "effect_pehe": 1.5413450002670288,
    "effect_mae": 0.6482206583023071
}