{
    "effect_pehe": 1.825737476348877,
    "effect_mae": 0.2285318374633789
}