{
    "effect_pehe": 2.1398844718933105,
    "effect_mae": 1.0174338817596436
}