{
    "effect_pehe": 0.8052272200584412,
    "effect_mae": 0.028774261474609375
}