{
    "effect_pehe": 1.8516989946365356,
    "effect_mae": 0.36393553018569946
}