{
    "effect_pehe": 1.2210830450057983,
    "effect_mae": 0.17574547231197357
}