{
    "effect_pehe": 1.8064945936203003,
    "effect_mae": 0.3707554340362549
}