{
    "effect_pehe": 1.0381754636764526,
    "effect_mae": 0.1152045726776123
}