{
    "effect_pehe": 1.5296396017074585,
    "effect_mae": 0.07959216833114624
}