{
    "effect_pehe": 2.856106758117676,
    "effect_mae": 0.8591644763946533
}