{
    "effect_pehe": 1.6211349964141846,
    "effect_mae": 0.9991484880447388
}