{
    "effect_pehe": 14.481185485341552,
    "effect_mae": 9.162764671193436
}