{
    "effect_pehe": 16.361214172585104,
    "effect_mae": 11.523217770288861
}