{
    "effect_pehe": 9.39771959403388,
    "effect_mae": 6.069136266439625
}