{
    "effect_pehe": 8.637489117474468,
    "effect_mae": 6.06913136837469
}