{
    "effect_pehe": 8.663837319858393,
    "effect_mae": 5.765143314937145
}