{
    "effect_pehe": 10.316818463318237,
    "effect_mae": 5.886926452229101
}