{
    "effect_pehe": 6.386075687496385,
    "effect_mae": 5.068935327148468
}