{
    "effect_pehe": 9.317244264828663,
    "effect_mae": 6.980992203321014
}