{
    "effect_pehe": 9.360538354900571,
    "effect_mae": 6.098820223742563
}