{
    "effect_pehe": 9.446330070495605,
    "effect_mae": 2.994135856628418
}