{
    "effect_pehe": 8.005048751831055,
    "effect_mae": 1.667048454284668
}