{
    "effect_pehe": 4.2954083722858325,
    "effect_mae": 3.449833767446194
}