{
    "effect_pehe": 3.561284047898717,
    "effect_mae": 2.8195313403308364
}