{
    "effect_pehe": 3.4629130727901525,
    "effect_mae": 2.7943715524443986
}