{
    "effect_pehe": 3.7291582717782195,
    "effect_mae": 2.9478527671937207
}