{
    "effect_pehe": 3.514136958579965,
    "effect_mae": 2.77834490591273
}