{
    "effect_pehe": 2.9103161521751884,
    "effect_mae": 2.251486436264025
}