{
    "effect_pehe": 4.655236142174174,
    "effect_mae": 3.684811296911281
}