{
    "effect_pehe": 3.6411246409192244,
    "effect_mae": 2.902376803291506
}