{
    "effect_pehe": 3.4537535126640684,
    "effect_mae": 2.769530591421764
}