{
    "effect_pehe": 4.400731765224631,
    "effect_mae": 3.51799804462266
}