{
    "effect_pehe": 4.235036254075211,
    "effect_mae": 3.403291569525923
}