{
    "effect_pehe": 2.917169190774376,
    "effect_mae": 2.3162609915856014
}