{
    "effect_pehe": 3.20754265050226,
    "effect_mae": 2.5189262652067685
}