{
    "effect_pehe": 3.766245847255382,
    "effect_mae": 3.0152179443253604
}