{
    "effect_pehe": 3.6901102095387235,
    "effect_mae": 2.9427339463698026
}