{
    "effect_pehe": 4.130234701433168,
    "effect_mae": 3.2947023454569595
}