{
    "effect_pehe": 3.827159341782849,
    "effect_mae": 3.053362766375626
}