{
    "effect_pehe": 4.5694645778037515,
    "effect_mae": 3.6325313532450854
}