{
    "effect_pehe": 9.121706008911133,
    "effect_mae": 1.2811203002929688
}