{
    "epoch": [
        0,
        1,
        2,
        3,
        4,
        5,
        6,
        7,
        8,
        9,
        10,
        11,
        12,
        13,
        14,
        15,
        16,
        17,
        18,
        19,
        20,
        21,
        22,
        23,
        24,
        25,
        26,
        27,
        28,
        29,
        30,
        31,
        32,
        33,
        34,
        35,
        36,
        37,
        38,
        39,
        40,
        41,
        42,
        43,
        44,
        45,
        46,
        47,
        48,
        49,
        50,
        51,
        52,
        53,
        54,
        55,
        56,
        57,
        58,
        59,
        60,
        61,
        62,
        63,
        64,
        65,
        66,
        67,
        68,
        69,
        70,
        71,
        72,
        73,
        74,
        75,
        76,
        77,
        78,
        79,
        80,
        81,
        82,
        83,
        84,
        85,
        86,
        87,
        88,
        89,
        90,
        91,
        92,
        93,
        94,
        95,
        96,
        97,
        98,
        99,
        100,
        101,
        102,
        103,
        104,
        105,
        106,
        107,
        108,
        109,
        110,
        111,
        112,
        113,
        114,
        115,
        116,
        117,
        118,
        119,
        120,
        121,
        122,
        123,
        124,
        125,
        126,
        127,
        128,
        129,
        130,
        131,
        132,
        133,
        134,
        135,
        136,
        137
    ],
    "train_loss": [
        318.80633544921875,
        318.25201416015625,
        317.7408752441406,
        317.25750732421875,
        316.7921142578125,
        316.3154602050781,
        315.8055725097656,
        315.2418518066406,
        314.61492919921875,
        313.9095458984375,
        313.1081237792969,
        312.1842346191406,
        311.0589599609375,
        309.7579650878906,
        308.2040100097656,
        306.37384033203125,
        304.16778564453125,
        301.5653076171875,
        298.4653015136719,
        294.8206787109375,
        290.5358581542969,
        285.4183654785156,
        279.4847717285156,
        272.6401062011719,
        264.8348693847656,
        255.53860473632812,
        245.0160369873047,
        233.20394897460938,
        220.39671325683594,
        205.941162109375,
        190.510986328125,
        175.4889678955078,
        160.2097930908203,
        146.0522003173828,
        135.70420837402344,
        131.0216522216797,
        129.08489990234375,
        130.84136962890625,
        130.0411834716797,
        125.88198852539062,
        118.8555908203125,
        113.61689758300781,
        109.38397979736328,
        108.19341278076172,
        109.20877075195312,
        108.93009948730469,
        108.36886596679688,
        107.83689880371094,
        105.7156982421875,
        104.78706359863281,
        103.66288757324219,
        105.33673095703125,
        104.16468811035156,
        103.37848663330078,
        102.94425964355469,
        101.69429779052734,
        100.52594757080078,
        100.22445678710938,
        98.38933563232422,
        97.7497787475586,
        96.8105239868164,
        96.99420166015625,
        95.78690338134766,
        95.21038818359375,
        94.57538604736328,
        95.60198974609375,
        94.48654174804688,
        93.90264892578125,
        93.13148498535156,
        92.65644073486328,
        91.82186126708984,
        92.06725311279297,
        92.19049072265625,
        92.3540267944336,
        92.8771743774414,
        91.53367614746094,
        90.63799285888672,
        89.47615814208984,
        90.63766479492188,
        90.6834716796875,
        89.76067352294922,
        89.95665740966797,
        89.18671417236328,
        90.1677474975586,
        89.43146514892578,
        89.76451873779297,
        88.26570129394531,
        86.82111358642578,
        88.95935821533203,
        88.44295501708984,
        88.22142791748047,
        87.3034896850586,
        87.62783813476562,
        87.15872955322266,
        86.92916107177734,
        87.08880615234375,
        87.1752700805664,
        86.23410034179688,
        86.96502685546875,
        86.12078094482422,
        86.08401489257812,
        85.75524139404297,
        85.65982055664062,
        85.2804946899414,
        85.28079986572266,
        84.8632583618164,
        84.27790832519531,
        83.99781799316406,
        84.09317779541016,
        84.29180908203125,
        83.79466247558594,
        82.80078887939453,
        82.52091979980469,
        83.2046890258789,
        83.24114990234375,
        82.94256591796875,
        82.41567993164062,
        82.53973388671875,
        82.25187683105469,
        81.92161560058594,
        81.59585571289062,
        80.79351806640625,
        81.52820587158203,
        80.41138458251953,
        80.6653060913086,
        79.95994567871094,
        79.35020446777344,
        79.61087036132812,
        79.25401306152344,
        78.65632629394531,
        79.54283142089844,
        78.24396514892578,
        79.18560791015625,
        77.82794189453125,
        78.73605346679688,
        78.12696838378906,
        77.28231048583984,
        77.45621490478516
    ],