{
    "effect_pehe": 13.9738187789917,
    "effect_mae": 3.4492645263671875
}