{
    "effect_pehe": 13.753616333007812,
    "effect_mae": 2.4983386993408203
}