{
    "epoch": [
        0,
        1,
        2,
        3,
        4,
        5,
        6,
        7,
        8,
        9,
        10,
        11,
        12,
        13,
        14,
        15,
        16,
        17,
        18,
        19,
        20,
        21,
        22,
        23,
        24,
        25,
        26,
        27,
        28,
        29,
        30,
        31,
        32,
        33,
        34,
        35,
        36,
        37,
        38,
        39,
        40,
        41,
        42,
        43,
        44,
        45,
        46,
        47,
        48,
        49,
        50,
        51,
        52,
        53,
        54,
        55,
        56,
        57,
        58,
        59,
        60,
        61,
        62,
        63,
        64,
        65
    ],
    "train_loss": [
        558.5363159179688,
        557.8568725585938,
        557.1396484375,
        556.3564453125,
        555.4832153320312,
        554.5081176757812,
        553.3945922851562,
        552.100830078125,
        550.6069946289062,
        548.8772583007812,
        546.8670043945312,
        544.5477294921875,
        541.83447265625,
        538.6673583984375,
        534.9904174804688,
        530.648681640625,
        525.7259521484375,
        519.8743896484375,
        513.2435913085938,
        505.657470703125,
        496.9156188964844,
        486.7447814941406,
        476.07684326171875,
        463.1220703125,
        449.7276611328125,
        435.0390625,
        420.1645812988281,
        404.1913757324219,
        388.1506652832031,
        373.8122253417969,
        360.7674865722656,
        352.88385009765625,
        346.38287353515625,
        345.0975341796875,
        343.7957458496094,
        341.0730285644531,
        335.3323974609375,
        328.8874206542969,
        319.72125244140625,
        314.2720947265625,
        312.275146484375,
        312.2057189941406,
        312.725830078125,
        314.5345153808594,
        312.142333984375,
        314.2666320800781,
        311.8833923339844,
        309.07318115234375,
        308.6515197753906,
        308.1416015625,
        308.4824523925781,
        306.8450622558594,
        305.1275634765625,
        304.77947998046875,
        305.5520324707031,
        306.0863342285156,
        303.6221923828125,
        304.20257568359375,
        303.69476318359375,
        304.5108337402344,
        303.3194885253906,
        303.6004638671875,
        304.4374694824219,
        303.1954345703125,
        303.16180419921875,
        301.5028991699219
    ],
    "val_loss": [
        370.04754638671875,
        368.9075927734375,
        367.7041320800781,
        366.3420715332031,
        364.96240234375,
        363.41754150390625,
        361.65203857421875,
        359.5811767578125,
        357.25994873046875,
        354.57965087890625,
        351.5076599121094,
        347.99114990234375,
        343.7944030761719,
        339.0224914550781,
        333.4550476074219,
        327.0272216796875,
        319.7466125488281,
        311.6516418457031,
        302.151123046875,
        291.3500061035156,
        279.4001770019531,
        266.8537902832031,
        252.8534698486328,
        238.2397003173828,
        222.49203491210938,
        206.92401123046875,
        191.49464416503906,
        177.58839416503906,
        164.54640197753906,
        154.1737060546875,
        147.6064453125,
        145.8207550048828,
        143.2922821044922,
        146.19259643554688,
        144.23776245117188,
        141.05340576171875,
        131.781494140625,
        121.3943099975586,
        114.60162353515625,
        108.94490051269531,
        107.66717529296875,
        110.62444305419922,
        112.03964233398438,
        114.92630767822266,
        116.68550109863281,
        118.48594665527344,
        118.74610900878906,
        119.76919555664062,
        118.73786163330078,
        121.27359008789062,
        123.31993103027344,
        123.08374786376953,
        126.1930160522461,
        124.16868591308594,
        127.43557739257812,
        129.24122619628906,
        131.92230224609375,
        128.63111877441406,
        131.13133239746094,
        129.08450317382812,
        131.5627899169922,
        131.56031799316406,
        130.794189453125,
        131.68304443359375,
        132.11404418945312,
        133.09446716308594
    ]
}