{
    "effect_pehe": 39.20136642456055,
    "effect_mae": 9.501792907714844
}