{
    "effect_pehe": 16.58998680114746,
    "effect_mae": 11.7824068069458
}