{
    "effect_pehe": 10.773048400878906,
    "effect_mae": 1.852250099182129
}