{
    "effect_pehe": 6.975296974182129,
    "effect_mae": 0.47031688690185547
}