{
    "effect_pehe": 8.621173858642578,
    "effect_mae": 1.4980130195617676
}