{
    "effect_pehe": 7.890319347381592,
    "effect_mae": 0.11645030975341797
}