{
    "effect_pehe": 8.238835334777832,
    "effect_mae": 0.17546653747558594
}