{
    "effect_pehe": 8.183415412902832,
    "effect_mae": 0.05075359344482422
}