{
    "effect_pehe": 6.66822624206543,
    "effect_mae": 0.397183895111084
}