{
    "effect_pehe": 7.447021961212158,
    "effect_mae": 1.2623000144958496
}