{
    "effect_pehe": 10.144515037536621,
    "effect_mae": 0.14627552032470703
}