{
    "effect_pehe": 10.418272018432617,
    "effect_mae": 0.2731819152832031
}