{
    "effect_pehe": 8.264118194580078,
    "effect_mae": 0.15581035614013672
}