{
    "effect_pehe": 7.695152282714844,
    "effect_mae": 0.6011104583740234
}