{
    "effect_pehe": 6.994564056396484,
    "effect_mae": 0.8359289169311523
}