{
    "effect_pehe": 8.865961074829102,
    "effect_mae": 0.11460399627685547
}