{
    "effect_pehe": 1.743929147720337,
    "effect_mae": 0.2054896354675293
}