{
    "effect_pehe": 2.6510398387908936,
    "effect_mae": 1.3618488311767578
}