{
    "effect_pehe": 1.7341041564941406,
    "effect_mae": 0.22994232177734375
}