{
    "effect_pehe": 0.8267496228218079,
    "effect_mae": 0.06257712841033936
}