{
    "effect_pehe": 1.4934663772583008,
    "effect_mae": 0.08015334606170654
}