{
    "effect_pehe": 0.753350019454956,
    "effect_mae": 0.08945083618164062
}