{
    "effect_pehe": 1.2219760417938232,
    "effect_mae": 0.10914726555347443
}