{
    "effect_pehe": 14.043855015214382,
    "effect_mae": 8.535532428891953
}