{
    "effect_pehe": 19.821882522056136,
    "effect_mae": 13.353464022697962
}