{
    "effect_pehe": 12.545559122495776,
    "effect_mae": 6.234298471052477
}