{
    "effect_pehe": 15.15203981157609,
    "effect_mae": 9.744824338903715
}