{
    "effect_pehe": 14.1148242098994,
    "effect_mae": 6.819630807364864
}