{
    "effect_pehe": 21.577721724200625,
    "effect_mae": 12.123743691007222
}