{
    "effect_pehe": 19.83050226603652,
    "effect_mae": 12.87331064504755
}