{
    "effect_pehe": 19.944339368209143,
    "effect_mae": 9.363352960529118
}