{
    "effect_pehe": 9.741729736328125,
    "effect_mae": 6.373998641967773
}