{
    "effect_pehe": 7.81249475479126,
    "effect_mae": 5.094781875610352
}