{
    "effect_pehe": 4.844322204589844,
    "effect_mae": 2.6060585975646973
}