{
    "effect_pehe": 4.86560583114624,
    "effect_mae": 0.62005615234375
}