{
    "effect_pehe": 5.9855004118367505,
    "effect_mae": 4.08921499291903
}