{
    "effect_pehe": 10.438640757014644,
    "effect_mae": 7.926279874920404
}