{
    "effect_pehe": 16.961549085724503,
    "effect_mae": 11.429512454000808
}