{
    "effect_pehe": 7.510806265232527,
    "effect_mae": 4.726674278073849
}