{
    "effect_pehe": 8.578915739871876,
    "effect_mae": 5.606183231308516
}