{
    "effect_pehe": 6.306307999722701,
    "effect_mae": 4.961869253069909
}