{
    "effect_pehe": 7.551369731379705,
    "effect_mae": 5.609080487134359
}