{
    "effect_pehe": 10.22670601843774,
    "effect_mae": 7.252631500741153
}