{
    "effect_pehe": 19.771998380425526,
    "effect_mae": 9.691748201068673
}