{
    "effect_pehe": 23.73277127470335,
    "effect_mae": 10.285664181000858
}