{
    "effect_pehe": 16.095811476944874,
    "effect_mae": 7.328759308562382
}