{
    "effect_pehe": 19.923203278324113,
    "effect_mae": 8.933357007967055
}