{
    "epoch": [
        0,
        1,
        2,
        3,
        4,
        5,
        6,
        7,
        8,
        9,
        10,
        11,
        12,
        13,
        14,
        15,
        16,
        17,
        18,
        19,
        20,
        21,
        22,
        23,
        24,
        25,
        26,
        27,
        28,
        29,
        30,
        31,
        32,
        33,
        34,
        35,
        36,
        37,
        38,
        39,
        40,
        41,
        42,
        43,
        44,
        45,
        46,
        47,
        48,
        49,
        50,
        51,
        52,
        53,
        54,
        55,
        56,
        57,
        58,
        59,
        60,
        61,
        62,
        63,
        64,
        65,
        66,
        67,
        68,
        69,
        70,
        71,
        72,
        73,
        74,
        75,
        76,
        77,
        78,
        79,
        80,
        81,
        82,
        83,
        84,
        85,
        86,
        87,
        88,
        89,
        90,
        91,
        92,
        93,
        94,
        95,
        96,
        97,
        98,
        99,
        100,
        101,
        102,
        103,
        104,
        105,
        106,
        107,
        108,
        109,
        110,
        111,
        112,
        113,
        114,
        115,
        116,
        117,
        118,
        119,
        120
    ],
    "train_loss": [
        305.2156982421875,
        304.06488037109375,
        302.8587951660156,
        301.5752868652344,
        300.1634826660156,
        298.5773620605469,
        296.7690124511719,
        294.69891357421875,
        292.3310852050781,
        289.6058654785156,
        286.5158386230469,
        282.9427185058594,
        278.8897399902344,
        274.2939453125,
        269.0774230957031,
        263.2376403808594,
        256.8046569824219,
        249.72024536132812,
        242.0631561279297,
        233.99534606933594,
        225.56280517578125,
        216.94232177734375,
        208.3733673095703,
        200.1735076904297,
        192.71189880371094,
        186.40577697753906,
        181.6348114013672,
        178.3863525390625,
        176.29188537597656,
        174.3226318359375,
        171.67356872558594,
        168.02279663085938,
        163.77264404296875,
        159.2085418701172,
        154.92181396484375,
        151.3973846435547,
        148.52853393554688,
        146.35842895507812,
        144.67726135253906,
        143.28448486328125,
        141.91281127929688,
        140.55740356445312,
        139.16578674316406,
        137.5492706298828,
        135.94915771484375,
        134.34823608398438,
        132.8001251220703,
        131.42701721191406,
        130.19061279296875,
        129.03428649902344,
        127.8877182006836,
        126.75122833251953,
        125.57240295410156,
        124.23468780517578,
        122.95037078857422,
        121.53911590576172,
        120.19973754882812,
        118.927978515625,
        117.75128936767578,
        116.42536163330078,
        115.2062759399414,
        113.98712921142578,
        112.77310180664062,
        111.59109497070312,
        110.26612854003906,
        109.0500259399414,
        107.81867980957031,
        106.59513854980469,
        105.50144958496094,
        104.3969955444336,
        103.17779541015625,
        102.12227630615234,
        101.0439682006836,
        99.99974060058594,
        99.04718017578125,
        97.93968963623047,
        96.98273468017578,
        96.20685577392578,
        95.27986907958984,
        94.32347106933594,
        93.65430450439453,
        92.96102905273438,
        92.04166412353516,
        91.39845275878906,
        90.75601959228516,
        89.97645568847656,
        89.35968780517578,
        88.77952575683594,
        88.02684020996094,
        87.44075012207031,
        86.79346466064453,
        86.33753204345703,
        85.80509948730469,
        85.20679473876953,
        84.72492980957031,
        84.15270233154297,
        83.56573486328125,
        83.1969223022461,
        82.71793365478516,
        82.17213439941406,
        81.75984954833984,
        81.4361801147461,
        80.88665771484375,
        80.45387268066406,
        80.11408996582031,
        79.51545715332031,
        79.23670196533203,
        78.7850341796875,
        78.47708892822266,
        78.0668716430664,
        77.55490112304688,
        77.0638198852539,
        77.0035400390625,
        76.50444793701172,
        76.15282440185547,
        75.93576049804688,
        75.4249496459961,
        74.959228515625,
        74.816650390625,
        74.41194152832031,
        73.87865447998047
    ],