{
    "effect_pehe": 12.00670337677002,
    "effect_mae": 4.33798885345459
}