{
    "epoch": [
        0,
        1,
        2,
        3,
        4,
        5,
        6,
        7,
        8,
        9,
        10,
        11,
        12,
        13,
        14,
        15,
        16,
        17,
        18,
        19,
        20,
        21,
        22,
        23,
        24,
        25,
        26,
        27,
        28,
        29,
        30,
        31,
        32,
        33,
        34,
        35,
        36,
        37,
        38,
        39,
        40,
        41,
        42,
        43,
        44,
        45,
        46,
        47,
        48,
        49,
        50,
        51,
        52,
        53,
        54,
        55,
        56,
        57,
        58,
        59,
        60,
        61,
        62,
        63,
        64,
        65,
        66,
        67,
        68,
        69,
        70,
        71,
        72,
        73,
        74,
        75,
        76,
        77,
        78,
        79,
        80,
        81,
        82,
        83,
        84,
        85,
        86,
        87,
        88,
        89,
        90,
        91,
        92,
        93,
        94,
        95,
        96,
        97,
        98,
        99,
        100,
        101,
        102,
        103,
        104,
        105,
        106,
        107,
        108,
        109,
        110,
        111,
        112,
        113,
        114,
        115,
        116,
        117,
        118,
        119,
        120,
        121,
        122,
        123,
        124,
        125,
        126,
        127,
        128,
        129,
        130,
        131,
        132,
        133
    ],
    "train_loss": [
        178.3531494140625,
        177.6786651611328,
        177.00552368164062,
        176.30560302734375,
        175.57650756835938,
        174.78958129882812,
        173.9423065185547,
        173.03550720214844,
        172.0563201904297,
        170.9825897216797,
        169.8189697265625,
        168.563232421875,
        167.18211364746094,
        165.6806182861328,
        164.05313110351562,
        162.32200622558594,
        160.49778747558594,
        158.59335327148438,
        156.58432006835938,
        154.49252319335938,
        152.2375030517578,
        149.83648681640625,
        147.22705078125,
        144.37835693359375,
        141.32345581054688,
        138.0348358154297,
        134.60289001464844,
        130.985107421875,
        127.2474136352539,
        123.33380126953125,
        119.30654907226562,
        115.12652587890625,
        110.9066162109375,
        106.51725006103516,
        102.13284301757812,
        97.74065399169922,
        93.35015106201172,
        89.07259368896484,
        84.9488754272461,
        81.1272201538086,
        77.55567932128906,
        74.388427734375,
        71.58687591552734,
        69.19275665283203,
        67.22594451904297,
        65.59222412109375,
        64.3514175415039,
        63.30879592895508,
        62.555667877197266,
        61.98532485961914,
        61.569480895996094,
        61.25864791870117,
        61.0483512878418,
        60.89363479614258,
        60.592567443847656,
        60.33588409423828,
        60.076751708984375,
        59.73323440551758,
        59.413169860839844,
        59.02228546142578,
        58.57319259643555,
        58.131526947021484,
        57.76152420043945,
        57.38325119018555,
        57.05286407470703,
        56.648468017578125,
        56.413082122802734,
        56.104454040527344,
        55.769962310791016,
        55.52743911743164,
        55.28819274902344,
        54.88258361816406,
        54.66803741455078,
        54.3460693359375,
        54.17864227294922,
        53.959129333496094,
        53.701560974121094,
        53.46284103393555,
        53.107872009277344,
        52.93906784057617,
        52.75153732299805,
        52.46602249145508,
        52.27416229248047,
        52.09278869628906,
        51.83143615722656,
        51.61604690551758,
        51.43355941772461,
        51.20077896118164,
        50.909210205078125,
        50.7891731262207,
        50.48208999633789,
        50.219459533691406,
        49.931884765625,
        49.700748443603516,
        49.58807373046875,
        49.37618637084961,
        49.147735595703125,
        48.90989303588867,
        48.5191764831543,
        48.48046112060547,
        48.295631408691406,
        47.955047607421875,
        47.641719818115234,
        47.40456771850586,
        47.298770904541016,
        46.9958381652832,
        46.84546661376953,
        46.504581451416016,
        46.261295318603516,
        46.087013244628906,
        45.88783645629883,
        45.786094665527344,
        45.418094635009766,
        45.23169708251953,
        45.00725555419922,
        44.7450065612793,
        44.5926399230957,
        44.440711975097656,
        44.190425872802734,
        43.9461669921875,
        43.728458404541016,
        43.526649475097656,
        43.3463249206543,
        43.07462692260742,
        43.023014068603516,
        42.80554962158203,
        42.62018585205078,
        42.39881896972656,
        42.00373840332031,
        41.984046936035156,
        41.6905403137207,
        41.65787124633789,
        41.33033752441406,
        41.199180603027344
    ],