{
    "effect_pehe": 11.882143020629883,
    "effect_mae": 2.674300193786621
}