{
    "effect_pehe": 7.180260181427002,
    "effect_mae": 3.1669700145721436
}