{
    "epoch": [
        0,
        1,
        2,
        3,
        4,
        5,
        6,
        7,
        8,
        9,
        10,
        11,
        12,
        13,
        14,
        15,
        16,
        17,
        18,
        19,
        20,
        21,
        22,
        23,
        24,
        25,
        26,
        27,
        28,
        29,
        30,
        31,
        32,
        33,
        34,
        35,
        36,
        37,
        38,
        39,
        40,
        41,
        42,
        43,
        44,
        45,
        46,
        47,
        48,
        49,
        50,
        51,
        52,
        53,
        54,
        55,
        56,
        57,
        58,
        59,
        60,
        61,
        62,
        63,
        64,
        65,
        66,
        67,
        68,
        69,
        70,
        71,
        72,
        73,
        74,
        75,
        76,
        77,
        78,
        79,
        80,
        81,
        82,
        83,
        84,
        85,
        86,
        87,
        88,
        89,
        90,
        91,
        92,
        93,
        94,
        95,
        96,
        97,
        98,
        99,
        100,
        101,
        102,
        103,
        104,
        105,
        106,
        107,
        108,
        109,
        110,
        111
    ],
    "train_loss": [
        223.44580078125,
        222.0759735107422,
        220.70143127441406,
        219.2808837890625,
        217.7802734375,
        216.16073608398438,
        214.36166381835938,
        212.31741333007812,
        209.97320556640625,
        207.26278686523438,
        204.1250457763672,
        200.514892578125,
        196.4070281982422,
        191.7919921875,
        186.6544952392578,
        181.0908660888672,
        175.23532104492188,
        169.34352111816406,
        163.6660614013672,
        158.51966857910156,
        153.998291015625,
        149.74354553222656,
        145.00912475585938,
        139.38746643066406,
        133.08773803710938,
        126.61910247802734,
        120.81319427490234,
        116.3189468383789,
        113.64183044433594,
        112.7630844116211,
        112.73433685302734,
        112.50320434570312,
        111.22066497802734,
        108.7820816040039,
        105.69512939453125,
        102.36820220947266,
        99.32158660888672,
        96.8768539428711,
        94.97036743164062,
        93.6621322631836,
        92.57996368408203,
        91.62259674072266,
        90.59906005859375,
        89.4804916381836,
        88.21038055419922,
        86.95683288574219,
        85.68354034423828,
        84.576171875,
        83.4719009399414,
        82.4935302734375,
        81.60411834716797,
        80.73787689208984,
        79.77959442138672,
        78.8764419555664,
        77.89427185058594,
        76.9781265258789,
        76.00565338134766,
        75.02799224853516,
        74.13447570800781,
        73.249755859375,
        72.42436981201172,
        71.55876922607422,
        70.79896545410156,
        70.08447265625,
        69.26856994628906,
        68.43399047851562,
        67.7910385131836,
        67.07109832763672,
        66.45027160644531,
        65.830078125,
        65.21810913085938,
        64.54605102539062,
        63.96073913574219,
        63.496219635009766,
        62.88570785522461,
        62.25818634033203,
        61.72785186767578,
        61.16179275512695,
        60.748313903808594,
        60.30280685424805,
        59.74612045288086,
        59.32168197631836,
        58.82243347167969,
        58.399662017822266,
        57.979862213134766,
        57.61100387573242,
        57.15360641479492,
        56.806182861328125,
        56.506591796875,
        56.1798095703125,
        55.9368896484375,
        55.531105041503906,
        55.25983428955078,
        54.93056869506836,
        54.716102600097656,
        54.52546691894531,
        54.330204010009766,
        53.949928283691406,
        53.7949333190918,
        53.45977783203125,
        53.326255798339844,
        53.16981887817383,
        52.806514739990234,
        52.61757278442383,
        52.34869384765625,
        52.18240737915039,
        51.869285583496094,
        51.61162567138672,
        51.48347854614258,
        51.165672302246094,
        50.962154388427734,
        50.78714370727539
    ],
    "val_loss": [
        210.87713623046875,
        210.25718688964844,
        209.6454315185547,
        209.00865173339844,
        208.3462371826172,
        207.63803100585938,
        206.88043212890625,
        206.06210327148438,
        205.16725158691406,
        204.16871643066406,
        203.072265625,
        201.81744384765625,
        200.42974853515625,
        198.8611297607422,
        197.10623168945312,
        195.16163635253906,
        193.01991271972656,
        190.72398376464844,
        188.26502990722656,
        185.59567260742188,
        182.86070251464844,
        179.97923278808594,
        177.15042114257812,
        174.42782592773438,
        171.9152069091797,
        169.79736328125,
        167.95892333984375,
        166.3556671142578,
        164.8948211669922,
        163.30035400390625,
        161.37301635742188,
        158.88088989257812,
        155.89898681640625,
        152.68386840820312,
        149.21266174316406,
        145.95042419433594,
        142.89671325683594,
        139.9706573486328,
        137.4020233154297,
        135.05064392089844,
        132.9214324951172,
        130.9041748046875,
        128.9634246826172,
        127.15953826904297,
        125.46997833251953,
        123.62769317626953,
        121.80733489990234,
        119.70506286621094,
        117.61824798583984,
        115.29520416259766,
        113.00393676757812,
        110.60359954833984,
        108.35530090332031,
        106.18706512451172,
        103.97746276855469,
        102.18165588378906,
        100.34685516357422,
        98.6548080444336,
        97.26892852783203,
        95.98869323730469,
        94.43853759765625,
        93.06490325927734,
        91.66136169433594,
        89.95112609863281,
        88.19947052001953,
        86.4013671875,
        84.48651885986328,
        82.71786499023438,
        81.09451293945312,
        79.41506958007812,
        78.10237121582031,
        76.805419921875,
        75.72013092041016,
        74.7803955078125,
        74.06572723388672,
        73.34614562988281,
        72.66708374023438,
        72.17529296875,
        71.27173614501953,
        71.13581085205078,
        70.58216857910156,
        70.11161804199219,
        69.66854858398438,
        69.3629379272461,
        69.13338470458984,
        69.08487701416016,
        68.83843994140625,
        68.83953094482422,
        68.93452453613281,
        68.92913055419922,
        69.32234191894531,
        69.38746643066406,
        69.4079360961914,
        69.3525390625,
        69.7393798828125,
        69.7956314086914,
        70.23175048828125,
        70.15118408203125,
        70.5125961303711,
        70.8148422241211,
        71.21781921386719,
        71.23910522460938,
        71.41783142089844,
        71.80778503417969,
        71.7560806274414,
        71.85884857177734,
        72.20230865478516,
        72.18736267089844,
        72.20260620117188,
        72.36848449707031,
        72.1125259399414,
        72.50688934326172
    ]
}