{
    "effect_pehe": 10.522727966308594,
    "effect_mae": 7.632194995880127
}