{
    "epoch": [
        0,
        1,
        2,
        3,
        4,
        5,
        6,
        7,
        8,
        9,
        10,
        11,
        12,
        13,
        14,
        15,
        16,
        17,
        18,
        19,
        20,
        21,
        22,
        23,
        24,
        25,
        26,
        27,
        28,
        29,
        30,
        31,
        32,
        33,
        34,
        35,
        36,
        37,
        38,
        39,
        40,
        41,
        42,
        43,
        44,
        45,
        46,
        47,
        48,
        49,
        50,
        51,
        52,
        53,
        54,
        55,
        56,
        57,
        58,
        59,
        60,
        61,
        62,
        63,
        64,
        65,
        66,
        67,
        68,
        69,
        70,
        71,
        72,
        73,
        74,
        75,
        76,
        77,
        78,
        79,
        80,
        81,
        82,
        83,
        84,
        85,
        86,
        87,
        88,
        89,
        90,
        91,
        92,
        93,
        94,
        95,
        96,
        97,
        98,
        99,
        100,
        101,
        102,
        103,
        104,
        105,
        106,
        107,
        108,
        109,
        110,
        111,
        112,
        113,
        114,
        115,
        116,
        117,
        118,
        119,
        120
    ],
    "train_loss": [
        184.61280822753906,
        183.97796630859375,
        183.33119201660156,
        182.62696838378906,
        181.8501434326172,
        180.9965057373047,
        180.0520477294922,
        179.0017852783203,
        177.8230438232422,
        176.49923706054688,
        175.0305633544922,
        173.4167022705078,
        171.6559600830078,
        169.7810821533203,
        167.78244018554688,
        165.66806030273438,
        163.41558837890625,
        161.1174774169922,
        158.67584228515625,
        156.1265106201172,
        153.43231201171875,
        150.56321716308594,
        147.4174041748047,
        144.05850219726562,
        140.4386749267578,
        136.43923950195312,
        132.3218994140625,
        127.97130584716797,
        123.48339080810547,
        118.7747802734375,
        114.05062103271484,
        109.30458068847656,
        104.54640197753906,
        99.93013000488281,
        95.4045639038086,
        91.02901458740234,
        86.80548095703125,
        82.78014373779297,
        79.09938049316406,
        75.68985748291016,
        72.7928237915039,
        70.2987060546875,
        68.29885864257812,
        66.783203125,
        65.4690170288086,
        64.3445816040039,
        63.484920501708984,
        62.64240264892578,
        61.91179275512695,
        61.37948226928711,
        60.87828826904297,
        60.43705749511719,
        60.142234802246094,
        59.72482681274414,
        59.336978912353516,
        58.938087463378906,
        58.5926628112793,
        58.24892044067383,
        57.868797302246094,
        57.41057586669922,
        57.27790069580078,
        57.06236267089844,
        56.71206283569336,
        56.55610275268555,
        56.162635803222656,
        55.86009216308594,
        55.457923889160156,
        55.36376190185547,
        55.11189651489258,
        54.83492660522461,
        54.62788772583008,
        54.55174255371094,
        54.17458724975586,
        54.06724548339844,
        53.718841552734375,
        53.73982238769531,
        53.60283279418945,
        53.369808197021484,
        53.324459075927734,
        53.1180305480957,
        53.05440902709961,
        52.87059020996094,
        52.815223693847656,
        52.60538864135742,
        52.54212951660156,
        52.34355545043945,
        52.040462493896484,
        52.1557502746582,
        51.940914154052734,
        51.89379119873047,
        51.71479415893555,
        51.61042404174805,
        51.751800537109375,
        51.56861114501953,
        51.34259796142578,
        51.20707321166992,
        51.059757232666016,
        51.106483459472656,
        50.91483688354492,
        50.78589630126953,
        50.787376403808594,
        50.620670318603516,
        50.504974365234375,
        50.454994201660156,
        50.437870025634766,
        50.2727165222168,
        50.12022399902344,
        49.933921813964844,
        49.96472930908203,
        49.75009536743164,
        49.871299743652344,
        49.67350387573242,
        49.51581573486328,
        49.46768569946289,
        49.39181900024414,
        49.27730941772461,
        49.10700988769531,
        49.151588439941406,
        49.082576751708984,
        48.885746002197266,
        48.733375549316406
    ],