{
    "effect_pehe": 8.927391052246094,
    "effect_mae": 0.020414352416992188
}