{
    "effect_pehe": 11.517990112304688,
    "effect_mae": 8.215999603271484
}