{
    "effect_pehe": 12.009187698364258,
    "effect_mae": 2.4104361534118652
}