{
    "epoch": [
        0,
        1,
        2,
        3,
        4,
        5,
        6,
        7,
        8,
        9,
        10,
        11,
        12,
        13,
        14,
        15,
        16,
        17,
        18,
        19,
        20,
        21,
        22,
        23,
        24,
        25,
        26,
        27,
        28,
        29,
        30,
        31,
        32,
        33,
        34,
        35,
        36,
        37,
        38,
        39,
        40,
        41,
        42,
        43,
        44,
        45,
        46,
        47,
        48,
        49,
        50,
        51,
        52,
        53,
        54,
        55,
        56,
        57,
        58,
        59,
        60,
        61,
        62,
        63,
        64,
        65,
        66,
        67,
        68,
        69,
        70,
        71,
        72,
        73,
        74,
        75,
        76,
        77,
        78,
        79,
        80,
        81,
        82,
        83,
        84,
        85,
        86,
        87,
        88
    ],
    "train_loss": [
        397.2112731933594,
        396.4423828125,
        395.6798095703125,
        394.9048767089844,
        394.10498046875,
        393.2431335449219,
        392.31719970703125,
        391.3162536621094,
        390.2139892578125,
        388.9945068359375,
        387.6324462890625,
        386.0926513671875,
        384.3522644042969,
        382.3751220703125,
        380.1339416503906,
        377.5861511230469,
        374.7187194824219,
        371.5062255859375,
        367.98162841796875,
        364.1263122558594,
        359.9148864746094,
        355.36224365234375,
        350.5763854980469,
        345.4891662597656,
        340.0984802246094,
        334.3477478027344,
        328.2706298828125,
        321.8757019042969,
        315.1109313964844,
        308.07403564453125,
        300.6852722167969,
        292.9076843261719,
        284.7629089355469,
        276.4443664550781,
        267.7610778808594,
        258.81640625,
        249.50177001953125,
        239.8681640625,
        230.0803985595703,
        220.43174743652344,
        210.76588439941406,
        201.28114318847656,
        192.11610412597656,
        183.25074768066406,
        175.16845703125,
        167.88160705566406,
        161.6488800048828,
        156.3020782470703,
        151.98934936523438,
        148.88380432128906,
        146.44149780273438,
        144.58413696289062,
        143.0244598388672,
        141.7849884033203,
        140.52064514160156,
        139.2090606689453,
        138.2828369140625,
        137.21383666992188,
        136.1831817626953,
        135.5560302734375,
        134.63888549804688,
        133.7491912841797,
        132.6918487548828,
        131.7972869873047,
        130.63980102539062,
        129.7254638671875,
        128.7125244140625,
        128.04986572265625,
        127.09921264648438,
        126.30924224853516,
        125.60453033447266,
        125.06877899169922,
        124.13629150390625,
        123.57015228271484,
        122.98392486572266,
        122.35102081298828,
        121.59928131103516,
        121.28697204589844,
        120.6886215209961,
        120.14884185791016,
        119.54449462890625,
        119.09416198730469,
        118.35008239746094,
        118.01161193847656,
        117.50830078125,
        116.98931884765625,
        116.35389709472656,
        115.67386627197266,
        115.4483642578125
    ],
    "val_loss": [
        379.4117736816406,
        378.6011047363281,
        377.8141784667969,
        377.0185546875,
        376.193603515625,
        375.31256103515625,
        374.3697814941406,
        373.3558349609375,
        372.2497863769531,
        371.0527038574219,
        369.7221984863281,
        368.2513732910156,
        366.5968322753906,
        364.73883056640625,
        362.6742858886719,
        360.3730163574219,
        357.76983642578125,
        354.9365539550781,
        351.82757568359375,
        348.4306640625,
        344.74212646484375,
        340.8502502441406,
        336.53179931640625,
        332.051513671875,
        327.1080017089844,
        321.917236328125,
        316.3105773925781,
        310.4690246582031,
        304.25579833984375,
        297.886474609375,
        291.3131408691406,
        284.6559753417969,
        277.8235778808594,
        271.01708984375,
        264.36297607421875,
        257.61309814453125,
        250.96409606933594,
        244.37319946289062,
        237.91517639160156,
        231.21356201171875,
        224.80307006835938,
        218.7999725341797,
        212.51661682128906,
        206.95877075195312,
        202.0859375,
        197.55023193359375,
        193.32745361328125,
        190.4614715576172,
        188.08648681640625,
        185.9230194091797,
        183.92295837402344,
        182.22206115722656,
        179.714111328125,
        176.90187072753906,
        173.89527893066406,
        170.50218200683594,
        167.0063934326172,
        163.4687042236328,
        161.2099151611328,
        159.0859375,
        157.12245178222656,
        156.629150390625,
        155.84849548339844,
        155.71189880371094,
        156.09124755859375,
        156.98191833496094,
        157.69630432128906,
        158.90631103515625,
        159.70626831054688,
        160.49671936035156,
        161.08541870117188,
        161.2353057861328,
        160.63670349121094,
        161.0251007080078,
        160.13278198242188,
        159.43821716308594,
        159.27833557128906,
        159.4119110107422,
        159.60215759277344,
        159.89122009277344,
        160.13352966308594,
        161.82037353515625,
        161.94252014160156,
        162.8149871826172,
        163.53965759277344,
        164.15948486328125,
        163.922119140625,
        163.4170684814453,
        163.26416015625
    ]
}