{
    "effect_pehe": 7.311923027038574,
    "effect_mae": 2.6756813526153564
}