{
    "effect_pehe": 6.990052700042725,
    "effect_mae": 0.9265313148498535
}