{
    "epoch": [
        0,
        1,
        2,
        3,
        4,
        5,
        6,
        7,
        8,
        9,
        10,
        11,
        12,
        13,
        14,
        15,
        16,
        17,
        18,
        19,
        20,
        21,
        22,
        23,
        24,
        25,
        26,
        27,
        28,
        29,
        30,
        31,
        32,
        33,
        34,
        35,
        36,
        37,
        38,
        39,
        40,
        41,
        42,
        43,
        44,
        45,
        46,
        47,
        48,
        49,
        50,
        51,
        52,
        53,
        54,
        55,
        56,
        57,
        58
    ],
    "train_loss": [
        595.28955078125,
        455.0661315917969,
        311.749755859375,
        240.86962890625,
        203.24114990234375,
        177.74232482910156,
        187.6210174560547,
        180.6112823486328,
        207.62261962890625,
        242.3217315673828,
        248.2842254638672,
        217.01400756835938,
        242.64476013183594,
        229.13937377929688,
        205.43199157714844,
        198.39588928222656,
        168.6487579345703,
        162.0638427734375,
        167.48387145996094,
        170.42666625976562,
        175.36410522460938,
        170.30322265625,
        173.10108947753906,
        175.3730926513672,
        188.39138793945312,
        192.2653045654297,
        174.39149475097656,
        171.59152221679688,
        169.13174438476562,
        160.201171875,
        162.1302032470703,
        167.75143432617188,
        170.59388732910156,
        167.47096252441406,
        172.79443359375,
        161.82412719726562,
        176.4319610595703,
        179.46458435058594,
        160.28411865234375,
        152.4875030517578,
        160.214111328125,
        166.5760040283203,
        159.34999084472656,
        165.9960479736328,
        145.6024932861328,
        169.74856567382812,
        162.34732055664062,
        160.03125,
        158.2791290283203,
        148.2457275390625,
        170.41497802734375,
        159.44976806640625,
        168.89956665039062,
        158.72274780273438,
        158.27874755859375,
        160.51669311523438,
        160.63182067871094,
        170.4987335205078,
        156.90826416015625
    ],
    "val_loss": [
        791.8900756835938,
        524.4456787109375,
        410.6286315917969,
        323.9900207519531,
        299.02435302734375,
        186.2185516357422,
        244.0994415283203,
        202.19081115722656,
        229.2150115966797,
        225.65585327148438,
        274.1161804199219,
        235.4181365966797,
        240.26710510253906,
        212.64173889160156,
        176.0267791748047,
        186.1925811767578,
        186.79986572265625,
        180.4634246826172,
        169.2870330810547,
        182.13063049316406,
        169.02891540527344,
        232.76821899414062,
        240.69265747070312,
        231.44805908203125,
        217.895751953125,
        203.63511657714844,
        204.66439819335938,
        226.44554138183594,
        190.00164794921875,
        197.46788024902344,
        215.5149383544922,
        184.59873962402344,
        197.42213439941406,
        154.38671875,
        185.14727783203125,
        184.61123657226562,
        186.77462768554688,
        189.9384307861328,
        170.48976135253906,
        179.08665466308594,
        196.5808868408203,
        190.6747283935547,
        189.45208740234375,
        183.02508544921875,
        184.5965576171875,
        181.0652618408203,
        187.61131286621094,
        196.05584716796875,
        200.90318298339844,
        194.36422729492188,
        168.04904174804688,
        185.57229614257812,
        177.59786987304688,
        186.02517700195312,
        197.78826904296875,
        173.9910125732422,
        193.39280700683594,
        182.6353302001953,
        179.0006561279297
    ]
}