{
    "effect_pehe": 7.036071300506592,
    "effect_mae": 0.5908241271972656
}