{
    "effect_pehe": 7.107702732086182,
    "effect_mae": 0.6219825744628906
}