{
    "epoch": [
        0,
        1,
        2,
        3,
        4,
        5,
        6,
        7,
        8,
        9,
        10,
        11,
        12,
        13,
        14,
        15,
        16,
        17,
        18,
        19,
        20,
        21,
        22,
        23,
        24,
        25,
        26,
        27,
        28,
        29,
        30,
        31,
        32,
        33,
        34,
        35,
        36,
        37,
        38,
        39,
        40,
        41,
        42,
        43,
        44,
        45,
        46,
        47,
        48,
        49,
        50,
        51,
        52,
        53,
        54,
        55,
        56,
        57,
        58,
        59,
        60,
        61,
        62,
        63,
        64,
        65,
        66,
        67,
        68,
        69,
        70,
        71,
        72,
        73,
        74,
        75,
        76,
        77,
        78,
        79,
        80,
        81,
        82,
        83,
        84,
        85,
        86,
        87,
        88,
        89,
        90,
        91,
        92,
        93,
        94,
        95,
        96
    ],
    "train_loss": [
        331.9388732910156,
        374.05206298828125,
        262.9340515136719,
        279.5853576660156,
        298.4098205566406,
        270.9273681640625,
        221.84503173828125,
        180.01853942871094,
        226.79727172851562,
        242.16441345214844,
        252.741943359375,
        182.82395935058594,
        222.5195770263672,
        207.66497802734375,
        194.8878173828125,
        173.22694396972656,
        183.33668518066406,
        174.11627197265625,
        188.326416015625,
        159.71682739257812,
        166.5935821533203,
        146.28347778320312,
        151.4136505126953,
        148.72499084472656,
        159.46176147460938,
        139.6012725830078,
        150.1049041748047,
        130.95266723632812,
        145.37547302246094,
        148.0669403076172,
        141.6634063720703,
        138.8787078857422,
        131.4173126220703,
        130.6611328125,
        127.49700927734375,
        126.844482421875,
        129.86990356445312,
        126.16633605957031,
        133.35888671875,
        124.00440216064453,
        125.34019470214844,
        117.14979553222656,
        121.19864654541016,
        122.61153411865234,
        122.83509063720703,
        121.925048828125,
        122.68788146972656,
        117.860107421875,
        120.8166732788086,
        123.29718017578125,
        119.65867614746094,
        119.519775390625,
        115.32939147949219,
        110.6666259765625,
        110.82823944091797,
        115.4205322265625,
        112.16727447509766,
        113.35626983642578,
        109.53792572021484,
        112.04354858398438,
        116.64486694335938,
        111.44586181640625,
        111.99627685546875,
        108.92259979248047,
        112.71814727783203,
        110.18450927734375,
        111.77825927734375,
        110.89090728759766,
        110.41344451904297,
        109.34941864013672,
        112.80329132080078,
        111.55460357666016,
        109.40613555908203,
        109.41412353515625,
        107.4703369140625,
        106.05897521972656,
        108.66938781738281,
        109.48747253417969,
        107.01705169677734,
        109.80947875976562,
        108.20397186279297,
        111.2694320678711,
        106.15204620361328,
        105.78557586669922,
        110.16963958740234,
        108.9937973022461,
        107.80197143554688,
        107.89080810546875,
        106.10419464111328,
        111.1134262084961,
        112.26911926269531,
        107.91419982910156,
        105.84031677246094,
        107.63079071044922,
        104.66682434082031,
        108.1653823852539,
        108.19124603271484
    ],
    "val_loss": [
        248.52024841308594,
        408.6570739746094,
        212.82679748535156,
        196.63082885742188,
        231.4698486328125,
        213.9270782470703,
        162.34005737304688,
        170.8535614013672,
        174.43515014648438,
        273.7519836425781,
        186.2578887939453,
        153.25250244140625,
        180.41334533691406,
        163.55479431152344,
        154.0352020263672,
        114.87147521972656,
        119.58438110351562,
        151.88966369628906,
        170.31031799316406,
        135.72657775878906,
        204.32530212402344,
        107.5853500366211,
        119.92875671386719,
        108.72330474853516,
        132.9611053466797,
        121.63256072998047,
        93.37551879882812,
        108.9038314819336,
        122.14647674560547,
        106.497314453125,
        90.10790252685547,
        79.2791519165039,
        92.33380126953125,
        116.17755126953125,
        105.7342300415039,
        87.89115142822266,
        96.94950103759766,
        84.52513122558594,
        78.23722839355469,
        85.64472198486328,
        68.49229431152344,
        99.3509292602539,
        89.41754913330078,
        97.27560424804688,
        101.66770935058594,
        87.35147857666016,
        79.51433563232422,
        80.98709106445312,
        72.99315643310547,
        74.04833984375,
        86.43928527832031,
        71.71703338623047,
        74.025634765625,
        79.7684555053711,
        63.446128845214844,
        62.95436477661133,
        66.93301391601562,
        72.13365936279297,
        71.96153259277344,
        70.61217498779297,
        70.55362701416016,
        69.30720520019531,
        79.53132629394531,
        79.82527923583984,
        68.30585479736328,
        70.22010803222656,
        68.73585510253906,
        69.13101196289062,
        71.632568359375,
        64.1519546508789,
        72.61591339111328,
        62.79716873168945,
        71.64544677734375,
        64.9813461303711,
        67.79854583740234,
        73.11832427978516,
        63.865116119384766,
        65.1344985961914,
        69.3881607055664,
        67.10853576660156,
        68.95143127441406,
        67.9312973022461,
        70.0443115234375,
        68.9791030883789,
        66.37090301513672,
        65.58104705810547,
        66.85367584228516,
        66.13402557373047,
        71.22257232666016,
        69.48214721679688,
        73.87256622314453,
        64.32685089111328,
        67.39617919921875,
        69.10334777832031,
        67.5775146484375,
        69.11674499511719,
        70.80681610107422
    ]
}