{
    "effect_pehe": 10.861072540283203,
    "effect_mae": 4.342972278594971
}