{
    "effect_pehe": 8.866291999816895,
    "effect_mae": 2.1204733848571777
}