{
    "effect_pehe": 3.897340039849808,
    "effect_mae": 3.1123663480077663
}