{
    "effect_pehe": 3.900827833315253,
    "effect_mae": 3.1311331908252957
}