{
    "effect_pehe": 4.055951284957222,
    "effect_mae": 3.2536538858790816
}