{
    "effect_pehe": 7.546958846534671,
    "effect_mae": 6.220358470091739
}