{
    "effect_pehe": 4.3835186259722345,
    "effect_mae": 3.466537483545898
}