{
    "effect_pehe": 5.15265106496474,
    "effect_mae": 4.144892978581541
}