{
    "effect_pehe": 4.761949937988566,
    "effect_mae": 3.733664173123222
}