{
    "effect_pehe": 5.33733713936699,
    "effect_mae": 4.2037985072891635
}