{
    "effect_pehe": 4.353853395103246,
    "effect_mae": 3.5009904653691293
}