{
    "effect_pehe": 5.018173803107541,
    "effect_mae": 4.060570491491433
}