{
    "effect_pehe": 7.092476933423474,
    "effect_mae": 5.9099979364156106
}