{
    "effect_pehe": 0.7764123678207397,
    "effect_mae": 0.10114860534667969
}