{
    "effect_pehe": 1.1931198835372925,
    "effect_mae": 0.11557875573635101
}