{
    "effect_pehe": 0.7953665256500244,
    "effect_mae": 0.02743244171142578
}