{
    "effect_pehe": 1.6618603467941284,
    "effect_mae": 0.03021550178527832
}