{
    "effect_pehe": 1.6313260793685913,
    "effect_mae": 1.0785993337631226
}