{
    "effect_pehe": 1.3502027988433838,
    "effect_mae": 0.6685187816619873
}