{
    "effect_pehe": 1.9100033044815063,
    "effect_mae": 0.5617272853851318
}