{
    "effect_pehe": 1.9690577983856201,
    "effect_mae": 0.688335657119751
}