{
    "effect_pehe": 13.8406306438161,
    "effect_mae": 10.092501459148277
}