{
    "effect_pehe": 5.703431745538248,
    "effect_mae": 4.1716041254655885
}