{
    "effect_pehe": 10.399236257056435,
    "effect_mae": 7.9293035488721655
}