{
    "effect_pehe": 7.081122875213623,
    "effect_mae": 2.241680145263672
}