{
    "effect_pehe": 6.7423834800720215,
    "effect_mae": 1.5907926559448242
}