{
    "effect_pehe": 9.233416557312012,
    "effect_mae": 0.8368396759033203
}