{
    "effect_pehe": 22.093185424804688,
    "effect_mae": 2.3637866973876953
}