{
    "effect_pehe": 4.706369876861572,
    "effect_mae": 1.5317223072052002
}