{
    "effect_pehe": 7.5194993019104,
    "effect_mae": 0.07046127319335938
}