{
    "effect_pehe": 6.324052333831787,
    "effect_mae": 1.0632801055908203
}