{
    "effect_pehe": 3.314319133758545,
    "effect_mae": 0.5884573459625244
}