{
    "effect_pehe": 9.123741149902344,
    "effect_mae": 0.5776638984680176
}