{
    "effect_pehe": 4.946650505065918,
    "effect_mae": 0.07429122924804688
}