{
    "effect_pehe": 0.7840996980667114,
    "effect_mae": 0.021839380264282227
}