{
    "effect_pehe": 3.1971404552459717,
    "effect_mae": 0.5128945112228394
}