{
    "effect_pehe": 1.7466245889663696,
    "effect_mae": 0.18994459509849548
}