{
    "effect_pehe": 1.093039631843567,
    "effect_mae": 0.14838996529579163
}