{
    "effect_pehe": 1.2875580787658691,
    "effect_mae": 0.03267252445220947
}