{
    "effect_pehe": 2.1577486991882324,
    "effect_mae": 0.5747589468955994
}