{
    "effect_pehe": 0.7907459139823914,
    "effect_mae": 0.01633518934249878
}