{
    "effect_pehe": 1.3721286058425903,
    "effect_mae": 0.15109091997146606
}