{
    "effect_pehe": 1.712498426437378,
    "effect_mae": 0.2701455354690552
}