{
    "effect_pehe": 1.2600430250167847,
    "effect_mae": 0.1476287841796875
}