{
    "effect_pehe": 3.272414207458496,
    "effect_mae": 0.40944764018058777
}