{
    "effect_pehe": 1.9523266553878784,
    "effect_mae": 0.1215313971042633
}