{
    "effect_pehe": 3.6479854583740234,
    "effect_mae": 1.32539701461792
}