{
    "effect_pehe": 0.832738995552063,
    "effect_mae": 0.06167268753051758
}