{
    "effect_pehe": 3.0884315967559814,
    "effect_mae": 0.0012311935424804688
}