{
    "effect_pehe": 3.9175539016723633,
    "effect_mae": 2.2906622886657715
}