{
    "effect_pehe": 1.22382652759552,
    "effect_mae": 0.3883206844329834
}