{
    "effect_pehe": 0.7832884192466736,
    "effect_mae": 0.06551027297973633
}