{
    "effect_pehe": 1.8203529119491577,
    "effect_mae": 0.2708744406700134
}