{
    "effect_pehe": 3.2965967655181885,
    "effect_mae": 2.3938231468200684
}