{
    "effect_pehe": 1.1387133598327637,
    "effect_mae": 0.2999446392059326
}