{
    "effect_pehe": 0.7885982394218445,
    "effect_mae": 0.04510641098022461
}