{
    "effect_pehe": 1.7788877487182617,
    "effect_mae": 0.6362249851226807
}