{
    "effect_pehe": 4.903476214568437,
    "effect_mae": 3.9136871391678176
}