{
    "effect_pehe": 4.5757930103885265,
    "effect_mae": 3.5946904633224874
}