{
    "effect_pehe": 4.209689813879224,
    "effect_mae": 3.3534632615832067
}