{
    "effect_pehe": 5.073290523283501,
    "effect_mae": 4.017018557248831
}