{
    "effect_pehe": 4.8894402296514,
    "effect_mae": 3.9268218095320457
}