{
    "effect_pehe": 4.666023097207648,
    "effect_mae": 3.704102598918679
}