{
    "effect_pehe": 4.618275556416717,
    "effect_mae": 3.6565642522009756
}