{
    "effect_pehe": 5.2952389176772785,
    "effect_mae": 4.197190203358492
}