{
    "effect_pehe": 4.850308228410291,
    "effect_mae": 3.8733015691866286
}