{
    "effect_pehe": 1.848880648612976,
    "effect_mae": 0.8979053497314453
}