{
    "effect_pehe": 1.5463242530822754,
    "effect_mae": 0.6417256593704224
}