{
    "effect_pehe": 1.3487197160720825,
    "effect_mae": 0.486130952835083
}