{
    "effect_pehe": 2.3275794982910156,
    "effect_mae": 0.0734407901763916
}