{
    "effect_pehe": 3.1393380165100098,
    "effect_mae": 0.0023870468139648438
}