{
    "effect_pehe": 1.960105299949646,
    "effect_mae": 0.35902369022369385
}