{
    "effect_pehe": 1.620914101600647,
    "effect_mae": 0.15871787071228027
}