{
    "effect_pehe": 4.204263687133789,
    "effect_mae": 2.6082239151000977
}