{
    "effect_pehe": 1.9745945930480957,
    "effect_mae": 0.5025215148925781
}