{
    "effect_pehe": 2.5893075466156006,
    "effect_mae": 1.2906146049499512
}