{
    "effect_pehe": 5.215824659211654,
    "effect_mae": 4.203299274261643
}