{
    "effect_pehe": 4.8511862348116415,
    "effect_mae": 3.856255667152916
}