{
    "effect_pehe": 5.090742382924044,
    "effect_mae": 4.079245638519062
}