{
    "effect_pehe": 4.627655045027499,
    "effect_mae": 3.7121325144905986
}