{
    "effect_pehe": 5.21076481124684,
    "effect_mae": 4.138257278938509
}