{
    "effect_pehe": 5.3100412460249276,
    "effect_mae": 4.253192861390601
}