{
    "effect_pehe": 5.222529123723861,
    "effect_mae": 4.150026567139963
}