{
    "effect_pehe": 5.304084582438502,
    "effect_mae": 4.184050968151955
}