{
    "effect_pehe": 4.747504857310671,
    "effect_mae": 3.697692641599608
}