{
    "effect_pehe": 3.3853454888378427,
    "effect_mae": 2.711140753143131
}