{
    "effect_pehe": 4.336587759770641,
    "effect_mae": 3.44634292956357
}