{
    "effect_pehe": 3.2386906636195056,
    "effect_mae": 2.5465565177992304
}