{
    "effect_pehe": 4.224921568550368,
    "effect_mae": 3.3219105450068325
}