{
    "effect_pehe": 4.28226947695983,
    "effect_mae": 3.4079150908783067
}