{
    "effect_pehe": 3.267725875664127,
    "effect_mae": 2.5763042009698496
}