{
    "effect_pehe": 2.6460231709155044,
    "effect_mae": 2.1086334446811006
}