{
    "effect_pehe": 3.8259694298047564,
    "effect_mae": 3.038595929225014
}