{
    "effect_pehe": 2.9836664063417833,
    "effect_mae": 2.38801481517947
}