{
    "effect_pehe": 5.085688090810922,
    "effect_mae": 4.030906695101663
}