{
    "effect_pehe": 4.651190432794178,
    "effect_mae": 3.685437598330248
}