{
    "effect_pehe": 9.928509712219238,
    "effect_mae": 0.6965961456298828
}