{
    "effect_pehe": 8.102888107299805,
    "effect_mae": 1.042304515838623
}