{
    "effect_pehe": 5.566501140594482,
    "effect_mae": 0.03485870361328125
}