{
    "effect_pehe": 10.649169921875,
    "effect_mae": 1.6389126777648926
}