{
    "effect_pehe": 8.17933177947998,
    "effect_mae": 1.1227493286132812
}