{
    "effect_pehe": 5.446039199829102,
    "effect_mae": 0.14375686645507812
}