{
    "effect_pehe": 10.073684692382812,
    "effect_mae": 1.4570651054382324
}