{
    "effect_pehe": 7.142613410949707,
    "effect_mae": 0.8267579078674316
}