{
    "effect_pehe": 15.647787094116211,
    "effect_mae": 0.9626426696777344
}