{
    "effect_pehe": 4.605597496032715,
    "effect_mae": 0.6415367126464844
}