{
    "effect_pehe": 3.538695812225342,
    "effect_mae": 0.24575355648994446
}