{
    "effect_pehe": 2.223762273788452,
    "effect_mae": 0.013360753655433655
}