{
    "effect_pehe": 1.1731295585632324,
    "effect_mae": 0.15833346545696259
}