{
    "effect_pehe": 0.8140825033187866,
    "effect_mae": 0.006125390529632568
}