{
    "effect_pehe": 1.6584089994430542,
    "effect_mae": 0.23389634490013123
}