{
    "effect_pehe": 1.1696785688400269,
    "effect_mae": 0.2721058428287506
}