{
    "effect_pehe": 3.27425479888916,
    "effect_mae": 0.36244165897369385
}