{
    "effect_pehe": 3.2410778999328613,
    "effect_mae": 0.09172612428665161
}