{
    "effect_pehe": 2.0921692848205566,
    "effect_mae": 0.1505216509103775
}