{
    "effect_pehe": 9.004601958585036,
    "effect_mae": 6.4264372785366035
}