{
    "effect_pehe": 5.122274464074387,
    "effect_mae": 3.697535124883294
}