{
    "effect_pehe": 11.569144879183929,
    "effect_mae": 7.791535739211781
}