{
    "effect_pehe": 12.140420384179455,
    "effect_mae": 9.08351266906664
}