{
    "effect_pehe": 10.670062907149703,
    "effect_mae": 8.101006946023242
}