{
    "effect_pehe": 17.888869095792412,
    "effect_mae": 12.734440390580895
}