{
    "epoch": [
        0,
        1,
        2,
        3,
        4,
        5,
        6,
        7,
        8,
        9,
        10,
        11,
        12,
        13,
        14,
        15,
        16,
        17,
        18,
        19,
        20,
        21,
        22,
        23,
        24,
        25,
        26,
        27,
        28,
        29,
        30,
        31,
        32,
        33,
        34,
        35,
        36,
        37,
        38,
        39,
        40,
        41,
        42,
        43,
        44,
        45,
        46,
        47,
        48,
        49,
        50,
        51,
        52,
        53,
        54,
        55,
        56,
        57,
        58,
        59,
        60,
        61,
        62,
        63,
        64,
        65,
        66,
        67,
        68,
        69,
        70,
        71,
        72,
        73,
        74,
        75,
        76,
        77,
        78,
        79,
        80,
        81,
        82,
        83,
        84,
        85,
        86,
        87,
        88,
        89,
        90,
        91,
        92,
        93,
        94,
        95
    ],
    "train_loss": [
        423.4395751953125,
        423.1067810058594,
        422.7806701660156,
        422.4559631347656,
        422.1331481933594,
        421.79779052734375,
        421.4409484863281,
        421.0655822753906,
        420.66522216796875,
        420.20916748046875,
        419.7107849121094,
        419.1631164550781,
        418.5601806640625,
        417.8746643066406,
        417.1134948730469,
        416.2563781738281,
        415.2936096191406,
        414.2540588378906,
        413.1079406738281,
        411.8882751464844,
        410.5120544433594,
        409.0097351074219,
        407.3479309082031,
        405.6011657714844,
        403.6900634765625,
        401.6253356933594,
        399.3568420410156,
        396.98419189453125,
        394.4077453613281,
        391.6559143066406,
        388.68499755859375,
        385.6034240722656,
        382.3218994140625,
        378.84796142578125,
        375.2503356933594,
        371.4682922363281,
        367.6319580078125,
        363.7060852050781,
        359.7676696777344,
        355.8288269042969,
        351.8333435058594,
        347.9914245605469,
        344.457763671875,
        340.8321838378906,
        337.6467590332031,
        334.40789794921875,
        331.5700378417969,
        328.91680908203125,
        326.4219970703125,
        324.06591796875,
        321.5813293457031,
        319.8768005371094,
        318.11688232421875,
        316.7881164550781,
        315.83123779296875,
        315.140625,
        314.8128356933594,
        314.5877990722656,
        314.4514465332031,
        314.3757019042969,
        314.0877990722656,
        313.91302490234375,
        313.60943603515625,
        313.4048156738281,
        313.3347473144531,
        313.2958068847656,
        313.05902099609375,
        313.0562744140625,
        313.0215759277344,
        313.0912780761719,
        312.8447570800781,
        312.8435363769531,
        312.6307067871094,
        312.6094970703125,
        312.287841796875,
        312.19482421875,
        312.2479553222656,
        312.3271179199219,
        311.9453430175781,
        311.76654052734375,
        311.91461181640625,
        311.6341247558594,
        311.60418701171875,
        311.5259094238281,
        311.3721923828125,
        311.3075866699219,
        311.04052734375,
        310.9150085449219,
        310.7699890136719,
        310.6654357910156,
        310.4997863769531,
        310.28948974609375,
        309.9622497558594,
        309.7659606933594,
        309.67041015625,
        309.61773681640625
    ],
    "val_loss": [
        365.44757080078125,
        365.1040954589844,
        364.7728271484375,
        364.44189453125,
        364.10992431640625,
        363.76666259765625,
        363.4036560058594,
        363.0253601074219,
        362.6152648925781,
        362.1584777832031,
        361.6401672363281,
        361.08502197265625,
        360.4757995605469,
        359.77606201171875,
        358.9936828613281,
        358.09869384765625,
        357.1029357910156,
        356.02972412109375,
        354.84747314453125,
        353.5679016113281,
        352.1230163574219,
        350.4796447753906,
        348.74847412109375,
        346.84124755859375,
        344.7673034667969,
        342.4708251953125,
        340.05224609375,
        337.4759826660156,
        334.5697326660156,
        331.5143737792969,
        328.3343811035156,
        324.8748779296875,
        321.1509094238281,
        317.372314453125,
        313.279541015625,
        309.1982421875,
        304.8390808105469,
        300.53900146484375,
        296.33538818359375,
        291.9561462402344,
        287.9659729003906,
        283.7909851074219,
        280.0135498046875,
        276.7078857421875,
        273.6971435546875,
        270.9219665527344,
        268.6142272949219,
        266.736328125,
        265.0634765625,
        263.60626220703125,
        262.5648498535156,
        261.89306640625,
        261.345703125,
        261.3665771484375,
        261.2432861328125,
        261.56182861328125,
        261.7642822265625,
        261.80926513671875,
        261.2287902832031,
        260.86468505859375,
        260.2013244628906,
        258.9715576171875,
        258.0317077636719,
        256.891357421875,
        256.1911315917969,
        255.3935546875,
        254.92555236816406,
        254.4550018310547,
        254.67279052734375,
        254.38104248046875,
        254.33689880371094,
        254.96865844726562,
        255.38389587402344,
        255.7408447265625,
        256.5137023925781,
        257.3887939453125,
        258.038818359375,
        258.92266845703125,
        259.87017822265625,
        261.1183776855469,
        261.91009521484375,
        261.986572265625,
        262.5815124511719,
        263.4002380371094,
        263.793212890625,
        264.33563232421875,
        264.9571533203125,
        265.3082580566406,
        265.5940856933594,
        266.35955810546875,
        266.6746826171875,
        267.4217529296875,
        267.5860900878906,
        267.7921447753906,
        268.5647277832031,
        268.99468994140625
    ]
}