{
    "effect_pehe": 15.93774127960205,
    "effect_mae": 0.11608123779296875
}