{
    "effect_pehe": 16.034149169921875,
    "effect_mae": 2.419487476348877
}