{
    "effect_pehe": 17.84833335876465,
    "effect_mae": 1.5724763870239258
}