{
    "effect_pehe": 16.853513717651367,
    "effect_mae": 0.730928897857666
}