{
    "effect_pehe": 14.725730895996094,
    "effect_mae": 6.262609481811523
}