{
    "effect_pehe": 13.345005989074707,
    "effect_mae": 5.124332427978516
}