{
    "effect_pehe": 17.105180740356445,
    "effect_mae": 5.736617088317871
}