{
    "epoch": [
        0,
        1,
        2,
        3,
        4,
        5,
        6,
        7,
        8,
        9,
        10,
        11,
        12,
        13,
        14,
        15,
        16,
        17,
        18,
        19,
        20,
        21,
        22,
        23,
        24,
        25,
        26,
        27,
        28,
        29,
        30,
        31,
        32,
        33,
        34,
        35,
        36,
        37,
        38,
        39,
        40,
        41,
        42,
        43,
        44,
        45,
        46,
        47,
        48,
        49,
        50,
        51,
        52,
        53,
        54,
        55,
        56,
        57,
        58,
        59,
        60,
        61,
        62,
        63,
        64,
        65,
        66,
        67,
        68,
        69,
        70,
        71,
        72,
        73,
        74,
        75,
        76,
        77,
        78,
        79,
        80,
        81,
        82,
        83,
        84,
        85,
        86,
        87,
        88,
        89,
        90,
        91,
        92,
        93,
        94,
        95,
        96,
        97,
        98,
        99,
        100,
        101,
        102,
        103,
        104,
        105
    ],
    "train_loss": [
        844.6091918945312,
        844.0182495117188,
        843.4296264648438,
        842.85595703125,
        842.2702026367188,
        841.676025390625,
        841.0632934570312,
        840.4401245117188,
        839.82666015625,
        839.1561889648438,
        838.4594116210938,
        837.71533203125,
        836.9168090820312,
        836.0613403320312,
        835.1268920898438,
        834.113525390625,
        832.9910888671875,
        831.7037353515625,
        830.2998046875,
        828.7303466796875,
        827.0006103515625,
        825.062744140625,
        822.9335327148438,
        820.6068115234375,
        817.9555053710938,
        815.0655517578125,
        811.859619140625,
        808.3956909179688,
        804.6163940429688,
        800.5156860351562,
        796.017578125,
        791.2776489257812,
        786.1890258789062,
        780.7601928710938,
        775.0049438476562,
        768.8865356445312,
        762.3257446289062,
        755.3980712890625,
        748.2633666992188,
        740.547119140625,
        732.674072265625,
        724.4340209960938,
        715.8475341796875,
        707.0242309570312,
        698.2554321289062,
        689.1611938476562,
        680.2993774414062,
        671.2097778320312,
        662.8215942382812,
        654.5701904296875,
        646.6865234375,
        639.158447265625,
        632.6630859375,
        626.3749389648438,
        620.7536010742188,
        615.5961303710938,
        611.2702026367188,
        607.2955932617188,
        604.0682373046875,
        601.2836303710938,
        598.8182373046875,
        596.6547241210938,
        594.6128540039062,
        593.102294921875,
        591.594970703125,
        590.8515014648438,
        589.7115478515625,
        588.699462890625,
        588.3004150390625,
        587.5631103515625,
        587.1387329101562,
        586.9544677734375,
        586.7681274414062,
        586.973388671875,
        587.0076904296875,
        586.8599243164062,
        586.9371337890625,
        586.7633666992188,
        586.4730834960938,
        586.5628051757812,
        586.1856079101562,
        586.0374145507812,
        585.9722290039062,
        586.059814453125,
        585.6961669921875,
        585.3240966796875,
        585.4573364257812,
        585.3818969726562,
        585.2169189453125,
        585.3064575195312,
        585.1126098632812,
        584.8084716796875,
        584.3856201171875,
        584.6801147460938,
        584.5575561523438,
        584.5721435546875,
        584.2608642578125,
        584.1036376953125,
        583.81103515625,
        583.6470336914062,
        583.3947143554688,
        583.3905029296875,
        583.1434326171875,
        582.893310546875,
        582.8463134765625,
        582.8211059570312
    ],
    "val_loss": [
        724.9818115234375,
        724.450439453125,
        723.920166015625,
        723.4066162109375,
        722.8682861328125,
        722.34326171875,
        721.7877197265625,
        721.224853515625,
        720.6718139648438,
        720.0693359375,
        719.4405517578125,
        718.7925415039062,
        718.0809326171875,
        717.2877807617188,
        716.4950561523438,
        715.546142578125,
        714.5789794921875,
        713.4365844726562,
        712.2117309570312,
        710.8284912109375,
        709.2788696289062,
        707.609375,
        705.68310546875,
        703.612060546875,
        701.27294921875,
        698.6405029296875,
        695.800048828125,
        692.73095703125,
        689.2362670898438,
        685.5211181640625,
        681.4299926757812,
        677.0967407226562,
        672.462890625,
        667.2557983398438,
        661.839599609375,
        656.0768432617188,
        649.9854125976562,
        643.559326171875,
        636.5337524414062,
        629.2297973632812,
        621.9378051757812,
        614.2175903320312,
        605.9720458984375,
        597.8054809570312,
        589.4833374023438,
        581.2481079101562,
        573.4028930664062,
        565.6295166015625,
        558.1224365234375,
        551.2514038085938,
        545.4058837890625,
        539.7706298828125,
        535.5430297851562,
        531.7484741210938,
        529.1802978515625,
        527.0332641601562,
        525.4620361328125,
        524.55126953125,
        524.360107421875,
        524.0747680664062,
        524.5282592773438,
        524.5639038085938,
        524.497314453125,
        524.2289428710938,
        523.0348510742188,
        522.3944702148438,
        520.5258178710938,
        519.4873657226562,
        518.1264038085938,
        516.7960815429688,
        515.9705810546875,
        514.7395629882812,
        513.8734741210938,
        513.6761474609375,
        512.8699951171875,
        512.703369140625,
        512.5802612304688,
        513.113037109375,
        512.5369873046875,
        512.678955078125,
        512.2969970703125,
        512.6204833984375,
        513.4403686523438,
        513.6917114257812,
        513.7638549804688,
        513.8947143554688,
        514.3793334960938,
        513.9268188476562,
        514.24462890625,
        513.6742553710938,
        513.8619995117188,
        513.173095703125,
        513.6336059570312,
        513.3846435546875,
        513.2138671875,
        512.71826171875,
        513.2487182617188,
        512.6766357421875,
        512.595703125,
        513.0530395507812,
        512.4177856445312,
        513.1984252929688,
        513.3148803710938,
        512.8367309570312,
        513.2693481445312,
        512.8011474609375
    ]
}