{
    "effect_pehe": 14.545289039611816,
    "effect_mae": 4.167512893676758
}