{
    "epoch": [
        0,
        1,
        2,
        3,
        4,
        5,
        6,
        7,
        8,
        9,
        10,
        11,
        12,
        13,
        14,
        15,
        16,
        17,
        18,
        19,
        20,
        21,
        22,
        23,
        24,
        25,
        26,
        27,
        28,
        29,
        30,
        31,
        32,
        33,
        34,
        35,
        36,
        37,
        38,
        39,
        40,
        41,
        42,
        43,
        44,
        45,
        46,
        47,
        48,
        49,
        50,
        51,
        52,
        53,
        54,
        55,
        56,
        57,
        58,
        59,
        60,
        61,
        62,
        63,
        64,
        65,
        66,
        67,
        68,
        69,
        70,
        71,
        72,
        73,
        74,
        75,
        76,
        77,
        78,
        79,
        80,
        81,
        82,
        83,
        84,
        85,
        86,
        87,
        88,
        89,
        90,
        91,
        92,
        93,
        94
    ],
    "train_loss": [
        487.1761169433594,
        486.7674865722656,
        486.362548828125,
        485.95751953125,
        485.5520324707031,
        485.1112976074219,
        484.62994384765625,
        484.12384033203125,
        483.5626525878906,
        482.96246337890625,
        482.3010559082031,
        481.60150146484375,
        480.8244323730469,
        479.9901428222656,
        479.0550537109375,
        478.00225830078125,
        476.8373718261719,
        475.5053405761719,
        473.99383544921875,
        472.3504943847656,
        470.4415588378906,
        468.3726806640625,
        466.021240234375,
        463.5014343261719,
        460.7111511230469,
        457.6832580566406,
        454.33349609375,
        450.7425537109375,
        446.8637390136719,
        442.64031982421875,
        438.1304016113281,
        433.3959045410156,
        428.2366943359375,
        422.8358154296875,
        417.2786560058594,
        411.4676818847656,
        405.4542541503906,
        399.1875,
        393.07574462890625,
        386.7050476074219,
        380.6714782714844,
        374.854248046875,
        369.2684020996094,
        364.2224426269531,
        359.6587219238281,
        355.8493347167969,
        352.8421325683594,
        350.4382019042969,
        348.5938720703125,
        347.2886047363281,
        346.12481689453125,
        345.29302978515625,
        344.515625,
        343.4856872558594,
        342.2701721191406,
        341.2765808105469,
        340.23876953125,
        338.9916687011719,
        338.2184753417969,
        337.6231994628906,
        337.11822509765625,
        336.9330749511719,
        336.87274169921875,
        336.86444091796875,
        337.01593017578125,
        336.71240234375,
        336.78009033203125,
        336.45538330078125,
        336.3935241699219,
        336.16302490234375,
        336.1319885253906,
        335.90118408203125,
        335.76556396484375,
        335.567138671875,
        335.4242248535156,
        335.3390808105469,
        335.15374755859375,
        335.5717468261719,
        335.5265808105469,
        335.0692138671875,
        335.3139343261719,
        335.02850341796875,
        334.99652099609375,
        334.7463073730469,
        334.7027893066406,
        334.73468017578125,
        334.5718994140625,
        334.8227233886719,
        334.4180603027344,
        334.4605712890625,
        334.3001403808594,
        334.4156799316406,
        334.4224853515625,
        334.14874267578125,
        334.2117004394531
    ],
    "val_loss": [
        603.4840087890625,
        603.0646362304688,
        602.6476440429688,
        602.2279663085938,
        601.8098754882812,
        601.3471069335938,
        600.8430786132812,
        600.3228759765625,
        599.7438354492188,
        599.1085205078125,
        598.43408203125,
        597.7067260742188,
        596.9078979492188,
        596.0393676757812,
        595.0690307617188,
        594.0103149414062,
        592.818603515625,
        591.4729614257812,
        589.9586791992188,
        588.3207397460938,
        586.4784545898438,
        584.45068359375,
        582.1860961914062,
        579.7842407226562,
        577.1597900390625,
        574.331787109375,
        571.3242797851562,
        568.2784423828125,
        564.7176513671875,
        561.1944580078125,
        557.4525756835938,
        553.3756103515625,
        549.277099609375,
        544.934814453125,
        540.4854125976562,
        535.88818359375,
        531.5214233398438,
        527.0955810546875,
        522.709716796875,
        518.8441162109375,
        515.1241455078125,
        511.59588623046875,
        508.6617431640625,
        506.7048645019531,
        504.93121337890625,
        503.827392578125,
        503.368408203125,
        503.24224853515625,
        502.4681701660156,
        502.29296875,
        501.12054443359375,
        499.10699462890625,
        495.1460876464844,
        491.0990295410156,
        486.0626525878906,
        480.44903564453125,
        475.0960388183594,
        470.12384033203125,
        465.8040771484375,
        461.6329345703125,
        458.7436828613281,
        456.38092041015625,
        454.9294128417969,
        453.0368347167969,
        452.0343017578125,
        451.8032531738281,
        450.5794982910156,
        450.8087463378906,
        450.4894714355469,
        450.02618408203125,
        450.60211181640625,
        450.6909484863281,
        450.80133056640625,
        451.47174072265625,
        451.7939453125,
        452.8562927246094,
        453.4222106933594,
        454.13958740234375,
        454.8465576171875,
        455.2817077636719,
        455.74346923828125,
        456.15643310546875,
        455.9608154296875,
        456.0168762207031,
        456.0960388183594,
        456.1829833984375,
        456.53314208984375,
        456.6249084472656,
        456.6675109863281,
        456.3468933105469,
        456.67279052734375,
        456.38433837890625,
        456.45367431640625,
        456.9447021484375,
        456.9578857421875
    ]
}