{
    "effect_pehe": 16.018083572387695,
    "effect_mae": 1.7882733345031738
}