{
    "epoch": [
        0,
        1,
        2,
        3,
        4,
        5,
        6,
        7,
        8,
        9,
        10,
        11,
        12,
        13,
        14,
        15,
        16,
        17,
        18,
        19,
        20,
        21,
        22,
        23,
        24,
        25,
        26,
        27,
        28,
        29,
        30,
        31,
        32,
        33,
        34,
        35,
        36,
        37,
        38,
        39,
        40,
        41,
        42,
        43,
        44,
        45,
        46,
        47,
        48,
        49,
        50,
        51,
        52,
        53,
        54,
        55,
        56,
        57,
        58,
        59,
        60,
        61,
        62,
        63,
        64,
        65,
        66,
        67,
        68,
        69,
        70,
        71,
        72,
        73,
        74,
        75,
        76,
        77,
        78,
        79,
        80,
        81,
        82,
        83,
        84,
        85,
        86,
        87,
        88,
        89,
        90,
        91,
        92,
        93,
        94,
        95,
        96,
        97,
        98,
        99,
        100,
        101,
        102,
        103,
        104,
        105,
        106,
        107,
        108,
        109,
        110,
        111,
        112,
        113,
        114,
        115,
        116,
        117,
        118,
        119,
        120,
        121,
        122,
        123,
        124,
        125,
        126,
        127,
        128,
        129,
        130,
        131,
        132,
        133,
        134,
        135,
        136,
        137,
        138,
        139
    ],
    "train_loss": [
        377.3447265625,
        376.96942138671875,
        376.6044006347656,
        376.2257995605469,
        375.832763671875,
        375.4198913574219,
        374.99609375,
        374.5503234863281,
        374.07305908203125,
        373.5545654296875,
        372.95697021484375,
        372.31201171875,
        371.5978698730469,
        370.8193054199219,
        369.9897766113281,
        369.0755310058594,
        368.04168701171875,
        366.87298583984375,
        365.6094665527344,
        364.22314453125,
        362.7080078125,
        361.01910400390625,
        359.2062072753906,
        357.1964111328125,
        355.0848388671875,
        352.8031921386719,
        350.3234558105469,
        347.6334533691406,
        344.8217468261719,
        341.7574462890625,
        338.49334716796875,
        335.0480651855469,
        331.47674560546875,
        327.722412109375,
        323.7555236816406,
        319.5974426269531,
        315.3579406738281,
        310.9925231933594,
        306.5055847167969,
        301.9858093261719,
        297.4443054199219,
        292.8984680175781,
        288.39605712890625,
        284.0090026855469,
        279.8116455078125,
        275.8561096191406,
        272.134521484375,
        268.7863464355469,
        265.85321044921875,
        263.19573974609375,
        260.9795227050781,
        259.0232849121094,
        257.5519104003906,
        256.3673400878906,
        255.3299102783203,
        254.5870819091797,
        254.00209045410156,
        253.4135284423828,
        252.8627471923828,
        252.50791931152344,
        252.2057647705078,
        251.98602294921875,
        251.98719787597656,
        251.8817596435547,
        251.902587890625,
        251.81329345703125,
        251.9215087890625,
        252.15682983398438,
        251.87127685546875,
        251.87490844726562,
        251.77406311035156,
        251.7211151123047,
        251.6385498046875,
        251.2745361328125,
        251.1903076171875,
        251.22694396972656,
        251.0304718017578,
        250.86962890625,
        250.76925659179688,
        250.7584686279297,
        250.41725158691406,
        250.3073272705078,
        250.1700897216797,
        250.16273498535156,
        250.35166931152344,
        249.9844512939453,
        249.7489013671875,
        249.82676696777344,
        249.52029418945312,
        249.37315368652344,
        249.10215759277344,
        249.00860595703125,
        248.87037658691406,
        248.421875,
        248.2339324951172,
        248.27618408203125,
        247.80218505859375,
        247.4074249267578,
        247.28382873535156,
        246.8474884033203,
        246.44508361816406,
        246.40806579589844,
        245.7459259033203,
        245.47801208496094,
        245.23431396484375,
        244.65074157714844,
        244.39234924316406,
        244.0861053466797,
        243.88563537597656,
        243.33038330078125,
        243.24807739257812,
        242.48692321777344,
        242.4738006591797,
        242.104248046875,
        241.76358032226562,
        241.46395874023438,
        240.9473419189453,
        240.62928771972656,
        240.4568634033203,
        240.18418884277344,
        239.6868133544922,
        239.6417236328125,
        238.95339965820312,
        238.78350830078125,
        238.4434356689453,
        238.14353942871094,
        237.8480987548828,
        237.32704162597656,
        236.9598388671875,
        236.4075927734375,
        235.88124084472656,
        235.73976135253906,
        235.32534790039062,
        234.98800659179688,
        234.59292602539062,
        233.7066192626953,
        233.46347045898438,
        232.96324157714844,
        231.99229431152344,
        231.39865112304688
    ],