{
    "effect_pehe": 13.404244422912598,
    "effect_mae": 5.270091533660889
}