{
    "epoch": [
        0,
        1,
        2,
        3,
        4,
        5,
        6,
        7,
        8,
        9,
        10,
        11,
        12,
        13,
        14,
        15,
        16,
        17,
        18,
        19,
        20,
        21,
        22,
        23,
        24,
        25,
        26,
        27,
        28,
        29,
        30,
        31,
        32,
        33,
        34,
        35,
        36,
        37,
        38,
        39,
        40,
        41,
        42,
        43,
        44,
        45,
        46,
        47,
        48,
        49,
        50,
        51,
        52,
        53,
        54,
        55,
        56,
        57,
        58,
        59,
        60,
        61,
        62,
        63,
        64,
        65,
        66,
        67,
        68,
        69,
        70,
        71,
        72,
        73,
        74,
        75,
        76,
        77,
        78,
        79,
        80,
        81,
        82,
        83,
        84,
        85,
        86,
        87,
        88,
        89,
        90,
        91,
        92,
        93,
        94,
        95,
        96,
        97,
        98,
        99,
        100
    ],
    "train_loss": [
        1082.350830078125,
        1081.595703125,
        1080.84521484375,
        1080.1300048828125,
        1079.408935546875,
        1078.6588134765625,
        1077.8759765625,
        1077.09130859375,
        1076.2720947265625,
        1075.3597412109375,
        1074.39501953125,
        1073.3121337890625,
        1072.115478515625,
        1070.785400390625,
        1069.30126953125,
        1067.7420654296875,
        1066.0362548828125,
        1064.1531982421875,
        1062.051513671875,
        1059.7254638671875,
        1057.154052734375,
        1054.311767578125,
        1051.191162109375,
        1047.714599609375,
        1043.9627685546875,
        1039.831298828125,
        1035.4603271484375,
        1030.6566162109375,
        1025.563232421875,
        1019.955322265625,
        1014.0608520507812,
        1007.8185424804688,
        1001.0511474609375,
        993.8455810546875,
        986.339111328125,
        978.3887329101562,
        970.0325317382812,
        961.2985229492188,
        952.0305786132812,
        942.6571044921875,
        932.4636840820312,
        922.1199340820312,
        911.5260620117188,
        901.2024536132812,
        890.5408935546875,
        880.0348510742188,
        869.4620361328125,
        859.7162475585938,
        850.2466430664062,
        841.6331787109375,
        833.3475952148438,
        826.4937133789062,
        820.2447509765625,
        814.9449462890625,
        810.610595703125,
        807.4405517578125,
        804.9423217773438,
        803.8159790039062,
        801.9567260742188,
        800.4658813476562,
        799.7002563476562,
        797.7019653320312,
        796.724365234375,
        795.7613525390625,
        794.4564208984375,
        793.9185180664062,
        793.3404541015625,
        792.7728271484375,
        792.5814819335938,
        792.5645751953125,
        792.387939453125,
        793.1022338867188,
        792.6134033203125,
        792.5120849609375,
        792.4346313476562,
        792.07373046875,
        791.4041748046875,
        791.3260498046875,
        791.0327758789062,
        790.9058227539062,
        790.4451904296875,
        790.4738159179688,
        790.5667724609375,
        790.223876953125,
        790.0660400390625,
        788.6968383789062,
        788.861083984375,
        788.2708740234375,
        787.895751953125,
        787.4786376953125,
        786.814697265625,
        786.6329956054688,
        785.3551635742188,
        785.186767578125,
        783.919189453125,
        782.7132568359375,
        782.6171264648438,
        782.0028686523438,
        780.2654418945312,
        779.5013427734375,
        778.5576782226562
    ],
    "val_loss": [
        1245.737060546875,
        1244.9708251953125,
        1244.218505859375,
        1243.487548828125,
        1242.7528076171875,
        1242.0284423828125,
        1241.2249755859375,
        1240.4384765625,
        1239.621337890625,
        1238.7216796875,
        1237.7298583984375,
        1236.663330078125,
        1235.50048828125,
        1234.1279296875,
        1232.658203125,
        1231.1258544921875,
        1229.4554443359375,
        1227.602783203125,
        1225.5802001953125,
        1223.32861328125,
        1220.8486328125,
        1218.142333984375,
        1215.1861572265625,
        1211.92333984375,
        1208.4639892578125,
        1204.686279296875,
        1200.8035888671875,
        1196.6591796875,
        1192.17578125,
        1187.7269287109375,
        1182.8641357421875,
        1177.8831787109375,
        1172.901123046875,
        1167.5732421875,
        1162.1834716796875,
        1156.2728271484375,
        1150.59130859375,
        1144.1395263671875,
        1137.593505859375,
        1130.813720703125,
        1123.673583984375,
        1116.2574462890625,
        1108.892578125,
        1101.51318359375,
        1093.66796875,
        1086.294189453125,
        1079.0555419921875,
        1071.795654296875,
        1064.6298828125,
        1058.525390625,
        1052.2054443359375,
        1046.093017578125,
        1040.202880859375,
        1035.9090576171875,
        1029.313232421875,
        1024.623046875,
        1019.2700805664062,
        1013.6617431640625,
        1008.7898559570312,
        1003.0367431640625,
        996.66064453125,
        993.1231689453125,
        987.033203125,
        981.226318359375,
        976.4035034179688,
        973.0484008789062,
        970.0838623046875,
        968.6622924804688,
        966.0718994140625,
        966.5748901367188,
        964.2841186523438,
        964.54345703125,
        963.5955810546875,
        963.5965576171875,
        963.37744140625,
        962.92529296875,
        963.0707397460938,
        964.303955078125,
        964.7716674804688,
        966.3515625,
        965.98974609375,
        967.4887084960938,
        966.941650390625,
        968.4948120117188,
        969.8541870117188,
        970.35546875,
        971.197265625,
        971.6286010742188,
        972.7395629882812,
        973.0806274414062,
        973.6834106445312,
        974.4315795898438,
        975.7486572265625,
        975.7129516601562,
        977.2964477539062,
        978.2295532226562,
        979.12744140625,
        979.3146362304688,
        979.9552612304688,
        980.0908813476562,
        981.2420043945312
    ]
}