{
    "effect_pehe": 2.992149854071264,
    "effect_mae": 2.3672765826088473
}