{
    "effect_pehe": 2.9731077593393453,
    "effect_mae": 2.3451482844412936
}