{
    "effect_pehe": 4.050142411090575,
    "effect_mae": 3.221414880709001
}