{
    "effect_pehe": 3.6935909844523294,
    "effect_mae": 2.952294819797117
}