{
    "effect_pehe": 9.367003440856934,
    "effect_mae": 1.5523834228515625
}