{
    "effect_pehe": 5.6162285804748535,
    "effect_mae": 0.7784461975097656
}