{
    "effect_pehe": 8.305516242980957,
    "effect_mae": 0.9485125541687012
}