{
    "effect_pehe": 8.219740867614746,
    "effect_mae": 0.11860036849975586
}