{
    "effect_pehe": 11.422614097595215,
    "effect_mae": 2.581838607788086
}