{
    "effect_pehe": 8.09847354888916,
    "effect_mae": 1.0458502769470215
}