{
    "effect_pehe": 8.359692573547363,
    "effect_mae": 0.7262973785400391
}