{
    "effect_pehe": 7.150180816650391,
    "effect_mae": 0.7228813171386719
}