{
    "effect_pehe": 8.077428817749023,
    "effect_mae": 0.9503250122070312
}