{
    "effect_pehe": 5.63858699798584,
    "effect_mae": 0.5743231773376465
}