{
    "effect_pehe": 5.428318023681641,
    "effect_mae": 0.15030574798583984
}