{
    "effect_pehe": 6.2333269119262695,
    "effect_mae": 0.3746933937072754
}