{
    "effect_pehe": 8.489418983459473,
    "effect_mae": 0.8503255844116211
}