{
    "effect_pehe": 9.962897300720215,
    "effect_mae": 0.6585416793823242
}