{
    "epoch": [
        0,
        1,
        2,
        3,
        4,
        5,
        6,
        7,
        8,
        9,
        10,
        11,
        12,
        13,
        14,
        15,
        16,
        17,
        18,
        19,
        20,
        21,
        22,
        23,
        24,
        25,
        26,
        27,
        28,
        29,
        30,
        31,
        32,
        33,
        34,
        35,
        36,
        37,
        38,
        39
    ],
    "train_loss": [
        317.31817626953125,
        316.7415771484375,
        316.1435852050781,
        315.5213317871094,
        314.845458984375,
        314.10675048828125,
        313.28436279296875,
        312.36016845703125,
        311.32177734375,
        310.1642150878906,
        308.8602600097656,
        307.405517578125,
        305.79656982421875,
        303.90911865234375,
        301.78424072265625,
        299.5141296386719,
        296.8883056640625,
        294.0727844238281,
        290.9557189941406,
        287.56597900390625,
        283.7652893066406,
        279.75030517578125,
        275.3590087890625,
        270.5525207519531,
        265.3465576171875,
        259.7391662597656,
        253.67626953125,
        247.33734130859375,
        240.46078491210938,
        233.14520263671875,
        225.70765686035156,
        217.6936492919922,
        209.83108520507812,
        201.53187561035156,
        193.40911865234375,
        185.1662139892578,
        177.5226287841797,
        169.84539794921875,
        162.83042907714844,
        155.71839904785156
    ],
    "val_loss": [
        306.59698486328125,
        305.9366760253906,
        305.2610778808594,
        304.54327392578125,
        303.78741455078125,
        302.9836120605469,
        302.1414489746094,
        301.205078125,
        300.25396728515625,
        299.24993896484375,
        298.3020324707031,
        297.3849182128906,
        296.6123352050781,
        296.12286376953125,
        296.1073303222656,
        296.5670166015625,
        297.9539794921875,
        300.39569091796875,
        304.50299072265625,
        310.67510986328125,
        319.2746887207031,
        331.3273010253906,
        347.2366943359375,
        367.910400390625,
        394.45703125,
        427.13995361328125,
        467.693115234375,
        516.9486083984375,
        575.563232421875,
        644.3912353515625,
        725.0740356445312,
        817.9432983398438,
        924.730712890625,
        1044.0076904296875,
        1178.30419921875,
        1326.7315673828125,
        1485.5028076171875,
        1653.2838134765625,
        1819.716064453125,
        1988.8092041015625
    ]
}