{
    "epoch": [
        0,
        1,
        2,
        3,
        4,
        5,
        6,
        7,
        8,
        9,
        10,
        11,
        12,
        13,
        14,
        15,
        16,
        17,
        18,
        19,
        20,
        21,
        22,
        23,
        24,
        25,
        26,
        27,
        28,
        29,
        30,
        31,
        32,
        33,
        34,
        35,
        36,
        37,
        38,
        39,
        40,
        41,
        42,
        43,
        44,
        45,
        46,
        47,
        48,
        49,
        50,
        51,
        52,
        53,
        54,
        55,
        56,
        57,
        58,
        59,
        60,
        61,
        62,
        63,
        64,
        65,
        66,
        67,
        68,
        69,
        70,
        71,
        72,
        73,
        74,
        75,
        76,
        77,
        78,
        79,
        80,
        81,
        82,
        83,
        84,
        85
    ],
    "train_loss": [
        403.2734375,
        402.5400390625,
        401.77374267578125,
        400.9813232421875,
        400.13092041015625,
        399.2115173339844,
        398.2341613769531,
        397.22088623046875,
        396.11859130859375,
        394.9434814453125,
        393.6102294921875,
        392.06512451171875,
        390.3052978515625,
        388.26641845703125,
        386.03143310546875,
        383.4978942871094,
        380.6863098144531,
        377.4989013671875,
        374.01312255859375,
        370.01641845703125,
        365.8341979980469,
        360.9947509765625,
        355.529052734375,
        349.6175537109375,
        343.3114929199219,
        336.0996398925781,
        328.52813720703125,
        320.2174377441406,
        311.2943420410156,
        301.5755615234375,
        291.66253662109375,
        280.89837646484375,
        269.7333984375,
        258.250732421875,
        246.29620361328125,
        234.1251220703125,
        222.08712768554688,
        210.10313415527344,
        198.9805450439453,
        188.35003662109375,
        178.8421173095703,
        170.7687225341797,
        163.91015625,
        159.39739990234375,
        155.98391723632812,
        154.20249938964844,
        153.44146728515625,
        152.54052734375,
        151.5192108154297,
        149.136474609375,
        146.83335876464844,
        143.788330078125,
        140.91136169433594,
        138.51499938964844,
        136.2410888671875,
        134.8642578125,
        133.93731689453125,
        133.83169555664062,
        133.35110473632812,
        133.30184936523438,
        133.56776428222656,
        132.9374542236328,
        132.44027709960938,
        132.2090606689453,
        131.181884765625,
        130.2326202392578,
        129.86398315429688,
        128.836669921875,
        128.47341918945312,
        127.74852752685547,
        127.02239990234375,
        126.53851318359375,
        126.48402404785156,
        125.36835479736328,
        124.86334228515625,
        124.2116470336914,
        123.83362579345703,
        123.09275817871094,
        122.10393524169922,
        121.88524627685547,
        121.38363647460938,
        120.21192169189453,
        120.37076568603516,
        119.5787353515625,
        119.51382446289062,
        119.17841339111328
    ],
    "val_loss": [
        299.700927734375,
        299.09808349609375,
        298.4595642089844,
        297.730224609375,
        296.9720458984375,
        296.1568603515625,
        295.20257568359375,
        294.1619873046875,
        292.9945983886719,
        291.71221923828125,
        290.2795715332031,
        288.6885070800781,
        286.8719177246094,
        284.9828186035156,
        282.80792236328125,
        280.5066223144531,
        278.1022644042969,
        275.2978820800781,
        272.35064697265625,
        269.1331481933594,
        265.36041259765625,
        261.541015625,
        257.2522888183594,
        252.72509765625,
        247.69908142089844,
        242.31813049316406,
        236.6445770263672,
        231.03244018554688,
        224.58380126953125,
        218.23648071289062,
        211.70870971679688,
        204.63253784179688,
        197.92648315429688,
        190.81907653808594,
        183.979248046875,
        177.1895294189453,
        171.01617431640625,
        165.0884246826172,
        160.2952880859375,
        156.3282012939453,
        154.25050354003906,
        153.3587188720703,
        155.2733917236328,
        159.65245056152344,
        165.7004852294922,
        172.98773193359375,
        181.69461059570312,
        188.53631591796875,
        192.66786193847656,
        193.79856872558594,
        192.28213500976562,
        187.85987854003906,
        180.71148681640625,
        173.02163696289062,
        166.05291748046875,
        158.79824829101562,
        153.61497497558594,
        148.16249084472656,
        144.5305633544922,
        142.89845275878906,
        141.2677764892578,
        142.30770874023438,
        143.07554626464844,
        144.88037109375,
        147.7096710205078,
        150.7921905517578,
        156.1556854248047,
        162.08074951171875,
        167.9090118408203,
        174.97195434570312,
        182.38673400878906,
        188.68106079101562,
        195.39646911621094,
        201.83346557617188,
        207.7156982421875,
        211.4086456298828,
        215.0255889892578,
        218.13775634765625,
        220.6310577392578,
        222.90768432617188,
        225.2138671875,
        226.84300231933594,
        228.8804168701172,
        232.88973999023438,
        235.59312438964844,
        239.14779663085938
    ]
}