{
    "effect_pehe": 6.414052963256836,
    "effect_mae": 1.2983818054199219
}