{
    "effect_pehe": 6.300466060638428,
    "effect_mae": 0.5921297073364258
}