{
    "effect_pehe": 8.450488090515137,
    "effect_mae": 0.15296339988708496
}