{
    "effect_pehe": 7.747812747955322,
    "effect_mae": 0.20482349395751953
}