{
    "effect_pehe": 9.253422737121582,
    "effect_mae": 0.6198387145996094
}