{
    "effect_pehe": 5.234577655792236,
    "effect_mae": 0.2869577407836914
}