{
    "effect_pehe": 10.423407554626465,
    "effect_mae": 0.9852075576782227
}