{
    "effect_pehe": 5.727462291717529,
    "effect_mae": 0.8614239692687988
}