{
    "effect_pehe": 6.560323238372803,
    "effect_mae": 0.5178685188293457
}