{
    "effect_pehe": 6.306274890899658,
    "effect_mae": 1.2791080474853516
}