{
    "effect_pehe": 7.872221946716309,
    "effect_mae": 0.786008358001709
}