{
    "effect_pehe": 9.458758354187012,
    "effect_mae": 1.5290350914001465
}