{
    "effect_pehe": 1.1103321313858032,
    "effect_mae": 0.02494215965270996
}