{
    "effect_pehe": 1.3495163917541504,
    "effect_mae": 0.012624576687812805
}