{
    "effect_pehe": 1.990881085395813,
    "effect_mae": 0.030514448881149292
}