{
    "effect_pehe": 0.7937380075454712,
    "effect_mae": 0.00750499963760376
}