{
    "effect_pehe": 1.4916510581970215,
    "effect_mae": 0.04162943363189697
}