{
    "effect_pehe": 1.6125017404556274,
    "effect_mae": 0.15340480208396912
}