{
    "effect_pehe": 1.7943568229675293,
    "effect_mae": 0.43570902943611145
}