{
    "effect_pehe": 2.1245157718658447,
    "effect_mae": 0.15995164215564728
}