{
    "effect_pehe": 1.865095853805542,
    "effect_mae": 0.11226630210876465
}