{
    "effect_pehe": 2.0605781078338623,
    "effect_mae": 0.06569087505340576
}