{
    "effect_pehe": 1.7828526496887207,
    "effect_mae": 0.387736976146698
}