{
    "effect_pehe": 3.3626041412353516,
    "effect_mae": 0.4868229627609253
}