{
    "effect_pehe": 2.6959409713745117,
    "effect_mae": 0.03560459613800049
}