{
    "effect_pehe": 2.7506930828094482,
    "effect_mae": 0.7996835708618164
}