{
    "effect_pehe": 1.347342610359192,
    "effect_mae": 0.38870692253112793
}