{
    "effect_pehe": 0.7733240723609924,
    "effect_mae": 0.06038856506347656
}