{
    "effect_pehe": 1.109355092048645,
    "effect_mae": 0.10978317260742188
}