{
    "effect_pehe": 1.8674910068511963,
    "effect_mae": 0.7838945984840393
}