{
    "effect_pehe": 0.8031650185585022,
    "effect_mae": 0.00987386703491211
}