{
    "effect_pehe": 0.7790794968605042,
    "effect_mae": 0.05224752426147461
}