{
    "effect_pehe": 1.8993675708770752,
    "effect_mae": 0.09077739715576172
}