{
    "effect_pehe": 6.633045196533203,
    "effect_mae": 0.1942148208618164
}