{
    "effect_pehe": 4.498995780944824,
    "effect_mae": 0.38820314407348633
}