{
    "effect_pehe": 4.914107322692871,
    "effect_mae": 0.4553394317626953
}