{
    "effect_pehe": 9.686981201171875,
    "effect_mae": 0.2283182144165039
}