{
    "effect_pehe": 4.06899881362915,
    "effect_mae": 1.100773811340332
}