{
    "effect_pehe": 15.448116302490234,
    "effect_mae": 1.3396234512329102
}