{
    "effect_pehe": 9.179011344909668,
    "effect_mae": 0.6942017078399658
}