{
    "effect_pehe": 18.329378128051758,
    "effect_mae": 1.788905143737793
}