{
    "effect_pehe": 14.881474661710484,
    "effect_mae": 9.356975369874734
}