{
    "effect_pehe": 14.056817334074621,
    "effect_mae": 6.353328335547562
}