{
    "effect_pehe": 16.814511790611718,
    "effect_mae": 11.695256169471566
}