{
    "effect_pehe": 12.359460021400073,
    "effect_mae": 5.541146533052232
}