{
    "effect_pehe": 13.941338717974164,
    "effect_mae": 9.46249485402198
}