{
    "effect_pehe": 24.394550286430384,
    "effect_mae": 16.270872958248468
}