{
    "effect_pehe": 13.586097669056288,
    "effect_mae": 8.314247676817214
}