{
    "effect_pehe": 16.395164003358218,
    "effect_mae": 10.965713722149374
}