{
    "effect_pehe": 17.29483809882284,
    "effect_mae": 10.114669369065389
}