{
    "effect_pehe": 22.431496117966994,
    "effect_mae": 13.964653073428149
}