{
    "effect_pehe": 21.935977260221343,
    "effect_mae": 15.935060454652428
}