{
    "effect_pehe": 22.69215099865676,
    "effect_mae": 15.855738517951774
}