{
    "effect_pehe": 15.314468255819552,
    "effect_mae": 9.024120235247647
}