{
    "effect_pehe": 7.717408180236816,
    "effect_mae": 5.308282375335693
}