{
    "effect_pehe": 7.087640762329102,
    "effect_mae": 2.3181095123291016
}