{
    "effect_pehe": 7.717408657073975,
    "effect_mae": 5.308282375335693
}