{
    "effect_pehe": 7.087641716003418,
    "effect_mae": 2.3181095123291016
}