{
    "effect_pehe": 14.489901542663574,
    "effect_mae": 9.97439193725586
}