{
    "effect_pehe": 3.3866114526477262,
    "effect_mae": 2.681336377783355
}