{
    "effect_pehe": 3.4033619060262583,
    "effect_mae": 2.7406668026115946
}