{
    "effect_pehe": 9.014059509901418,
    "effect_mae": 6.846501456824998
}