{
    "effect_pehe": 10.60862351743307,
    "effect_mae": 7.861077550859411
}