{
    "effect_pehe": 8.72247932291135,
    "effect_mae": 6.248498208632382
}