{
    "effect_pehe": 19.862577438354492,
    "effect_mae": 0.20972156524658203
}