{
    "effect_pehe": 0.7699682712554932,
    "effect_mae": 0.06806409358978271
}