{
    "effect_pehe": 0.8760350346565247,
    "effect_mae": 0.005683422088623047
}