{
    "effect_pehe": 4.200131893157959,
    "effect_mae": 2.607483386993408
}