{
    "effect_pehe": 1.8997056484222412,
    "effect_mae": 0.9771334528923035
}