{
    "effect_pehe": 0.8049332499504089,
    "effect_mae": 0.09359025955200195
}