{
    "effect_pehe": 1.9781808853149414,
    "effect_mae": 0.2636265754699707
}