{
    "effect_pehe": 2.51939058303833,
    "effect_mae": 0.06137281656265259
}