{
    "effect_pehe": 2.5375678539276123,
    "effect_mae": 1.256011962890625
}