{
    "effect_pehe": 1.6895784139633179,
    "effect_mae": 0.07512927055358887
}