{
    "effect_pehe": 1.1198363304138184,
    "effect_mae": 0.09780359268188477
}