{
    "effect_pehe": 3.2527859210968018,
    "effect_mae": 2.2327418327331543
}