{
    "effect_pehe": 11.518979630283686,
    "effect_mae": 8.36522645901316
}