{
    "effect_pehe": 7.381684231161158,
    "effect_mae": 5.155165112285523
}