{
    "effect_pehe": 16.043974044232733,
    "effect_mae": 11.33870394984666
}