{
    "effect_pehe": 13.740590705061951,
    "effect_mae": 6.389719232407695
}