{
    "effect_pehe": 13.245465143207623,
    "effect_mae": 5.969257074797398
}