{
    "effect_pehe": 15.937935160055149,
    "effect_mae": 11.565456049847075
}