{
    "effect_pehe": 16.038434557466736,
    "effect_mae": 11.359098031662645
}