{
    "effect_pehe": 15.12536629909822,
    "effect_mae": 7.894399838311821
}