{
    "effect_pehe": 2.844082794033563,
    "effect_mae": 2.2311175831055974
}