{
    "effect_pehe": 3.3561282873197613,
    "effect_mae": 2.694126129686006
}