{
    "effect_pehe": 3.0976782420128512,
    "effect_mae": 2.469167079746121
}