{
    "effect_pehe": 3.8043298637148184,
    "effect_mae": 2.999666328514248
}