{
    "effect_pehe": 1.789107322692871,
    "effect_mae": 0.39621543884277344
}