{
    "effect_pehe": 2.652346611022949,
    "effect_mae": 0.4861116409301758
}