{
    "effect_pehe": 0.8382872343063354,
    "effect_mae": 0.04062318801879883
}