{
    "effect_pehe": 1.3374559879302979,
    "effect_mae": 0.3893308639526367
}