{
    "effect_pehe": 0.7832406759262085,
    "effect_mae": 0.025555849075317383
}