{
    "effect_pehe": 2.4631693363189697,
    "effect_mae": 1.3718311786651611
}