{
    "effect_pehe": 0.7981244325637817,
    "effect_mae": 0.09345507621765137
}