{
    "effect_pehe": 1.220382571220398,
    "effect_mae": 0.15060044825077057
}