{
    "effect_pehe": 1.7905970811843872,
    "effect_mae": 0.6673489809036255
}