{
    "effect_pehe": 2.0387842655181885,
    "effect_mae": 0.09164094924926758
}