{
    "effect_pehe": 0.9780175685882568,
    "effect_mae": 0.04194068908691406
}