{
    "effect_pehe": 46.537602753476556,
    "effect_mae": 41.58254429802502
}