{
    "effect_pehe": 18.948713767613846,
    "effect_mae": 11.633422932488623
}