{
    "effect_pehe": 48.48395570172947,
    "effect_mae": 43.169388166726684
}