{
    "effect_pehe": 41.958008837585155,
    "effect_mae": 32.95989523722677
}