{
    "effect_pehe": 40.75417349027281,
    "effect_mae": 31.622795585704864
}