{
    "effect_pehe": 15.674879168785582,
    "effect_mae": 9.299073447657026
}