{
    "effect_pehe": 20.646470215069446,
    "effect_mae": 16.194735484059056
}