{
    "effect_pehe": 45.59440256669713,
    "effect_mae": 39.630135014067655
}