{
    "effect_pehe": 22.303498789867884,
    "effect_mae": 16.30826250796982
}