{
    "effect_pehe": 8.54478931427002,
    "effect_mae": 3.6703073978424072
}