{
    "epoch": [
        0,
        1,
        2,
        3,
        4,
        5,
        6,
        7,
        8,
        9,
        10,
        11,
        12,
        13,
        14,
        15,
        16,
        17,
        18,
        19,
        20,
        21,
        22,
        23,
        24,
        25,
        26,
        27,
        28,
        29,
        30,
        31,
        32,
        33,
        34,
        35,
        36,
        37,
        38,
        39,
        40,
        41,
        42,
        43,
        44,
        45,
        46,
        47,
        48,
        49,
        50,
        51,
        52,
        53,
        54,
        55,
        56,
        57,
        58,
        59,
        60,
        61,
        62,
        63,
        64,
        65,
        66,
        67,
        68,
        69,
        70,
        71,
        72,
        73,
        74
    ],
    "train_loss": [
        3.1764988899230957,
        1.88027822971344,
        2.5239779949188232,
        1.8302732706069946,
        2.0923731327056885,
        1.5921248197555542,
        1.5674293041229248,
        1.537136197090149,
        1.58222496509552,
        1.4872125387191772,
        1.0185095071792603,
        0.7147911190986633,
        1.2883018255233765,
        1.7301206588745117,
        0.9397401213645935,
        0.9102953672409058,
        1.0664652585983276,
        1.0315985679626465,
        0.9924229979515076,
        0.9638820290565491,
        0.5759343504905701,
        0.7391082644462585,
        0.6490465402603149,
        0.559601366519928,
        0.560819685459137,
        0.8208243250846863,
        0.40608611702919006,
        0.920347273349762,
        0.7830138802528381,
        0.5038789510726929,
        0.6228368878364563,
        0.6212731599807739,
        0.5937285423278809,
        0.6088208556175232,
        0.3767179250717163,
        0.35147857666015625,
        0.3954635262489319,
        0.4545322060585022,
        0.5362610220909119,
        0.6684924960136414,
        0.5152174830436707,
        0.4038887321949005,
        0.5034767389297485,
        0.34689900279045105,
        0.5097870230674744,
        0.4412076771259308,
        0.4212147891521454,
        0.4969569742679596,
        0.3122691512107849,
        0.4876505136489868,
        0.34709253907203674,
        0.6394082307815552,
        0.5163074731826782,
        0.5591791868209839,
        0.5630452632904053,
        0.5735622048377991,
        0.37120041251182556,
        0.6075245141983032,
        0.34578850865364075,
        0.3099360167980194,
        0.5004135966300964,
        0.37843185663223267,
        0.3416619598865509,
        0.530633807182312,
        0.3274715542793274,
        0.3916909992694855,
        0.33608561754226685,
        0.5435176491737366,
        0.540590763092041,
        0.24027134478092194,
        0.36987075209617615,
        0.5370650887489319,
        0.3599088788032532,
        0.29709041118621826,
        0.40740966796875
    ],
    "val_loss": [
        0.9149884581565857,
        0.8032132983207703,
        1.353568434715271,
        1.094752311706543,
        1.1007001399993896,
        1.1058070659637451,
        1.1394596099853516,
        1.1757317781448364,
        1.1281572580337524,
        0.6224621534347534,
        0.4939252734184265,
        0.593794047832489,
        0.4375077784061432,
        0.6581426858901978,
        0.39674094319343567,
        0.4831445515155792,
        0.5643519163131714,
        0.4665604829788208,
        0.36952704191207886,
        0.31853386759757996,
        0.2823236286640167,
        0.3846653699874878,
        0.43420958518981934,
        0.373523086309433,
        0.32833027839660645,
        0.4666387438774109,
        0.25909531116485596,
        0.3205324113368988,
        0.23015068471431732,
        0.23630976676940918,
        0.2828180193901062,
        0.22191515564918518,
        0.2793181836605072,
        0.30117517709732056,
        0.26130861043930054,
        0.24293041229248047,
        0.31781071424484253,
        0.19459068775177002,
        0.14475665986537933,
        0.21611939370632172,
        0.20671211183071136,
        0.1931791454553604,
        0.18569302558898926,
        0.23634742200374603,
        0.2466105967760086,
        0.24607045948505402,
        0.228612020611763,
        0.21806855499744415,
        0.22185418009757996,
        0.12355075776576996,
        0.22871117293834686,
        0.19232113659381866,
        0.20282967388629913,
        0.1551157832145691,
        0.14115625619888306,
        0.17463573813438416,
        0.2339249849319458,
        0.19866777956485748,
        0.20663848519325256,
        0.14449167251586914,
        0.16849584877490997,
        0.20450009405612946,
        0.17137455940246582,
        0.20001371204853058,
        0.13356173038482666,
        0.14525426924228668,
        0.16753889620304108,
        0.13227491080760956,
        0.21354855597019196,
        0.1826375275850296,
        0.21595287322998047,
        0.1789712756872177,
        0.15263356268405914,
        0.15152549743652344,
        0.13902992010116577
    ]
}