{
    "epoch": [
        0,
        1,
        2,
        3,
        4,
        5,
        6,
        7,
        8,
        9,
        10,
        11,
        12,
        13,
        14,
        15,
        16,
        17,
        18,
        19,
        20,
        21,
        22,
        23,
        24,
        25,
        26,
        27,
        28,
        29,
        30,
        31,
        32,
        33,
        34,
        35,
        36,
        37,
        38,
        39,
        40,
        41,
        42,
        43,
        44,
        45,
        46,
        47,
        48,
        49,
        50,
        51,
        52,
        53,
        54,
        55,
        56,
        57,
        58,
        59,
        60,
        61,
        62,
        63,
        64,
        65,
        66,
        67,
        68,
        69,
        70
    ],
    "train_loss": [
        3.1088385581970215,
        1.8041402101516724,
        1.4800901412963867,
        2.135929822921753,
        1.9103928804397583,
        1.3031299114227295,
        1.2127670049667358,
        0.6773321032524109,
        0.8721272945404053,
        1.113482117652893,
        1.1376179456710815,
        1.190253496170044,
        0.9747670888900757,
        0.8846356272697449,
        0.494544118642807,
        0.5950524806976318,
        0.8916937708854675,
        0.9814613461494446,
        0.7480201125144958,
        1.0060776472091675,
        0.5839735865592957,
        0.47881370782852173,
        0.5012367367744446,
        0.5359140038490295,
        0.5811158418655396,
        0.8433261513710022,
        0.5990449786186218,
        0.5259262323379517,
        0.4357469379901886,
        0.38096198439598083,
        0.5645150542259216,
        0.6154050827026367,
        0.4363458454608917,
        0.44933220744132996,
        0.475067138671875,
        0.35026246309280396,
        0.4900400638580322,
        0.5563575625419617,
        0.3783990144729614,
        0.3892114460468292,
        0.3878687620162964,
        0.356498122215271,
        0.42088404297828674,
        0.38590383529663086,
        0.34171175956726074,
        0.3495101034641266,
        0.42932942509651184,
        0.30445414781570435,
        0.37599214911460876,
        0.3769289255142212,
        0.2773524820804596,
        0.3743441700935364,
        0.3362365961074829,
        0.37588223814964294,
        0.30449792742729187,
        0.29581159353256226,
        0.44003748893737793,
        0.38080763816833496,
        0.2946692109107971,
        0.29728853702545166,
        0.35641753673553467,
        0.31141844391822815,
        0.30557170510292053,
        0.30588260293006897,
        0.320069283246994,
        0.34480321407318115,
        0.2664532959461212,
        0.28799188137054443,
        0.34618207812309265,
        0.27012884616851807,
        0.32957398891448975
    ],
    "val_loss": [
        2.4047560691833496,
        1.5990289449691772,
        0.9668803215026855,
        1.0641950368881226,
        1.882089614868164,
        0.900114119052887,
        1.0954784154891968,
        0.8429005146026611,
        0.6821762323379517,
        0.9585996270179749,
        1.5836410522460938,
        1.6475598812103271,
        1.049389362335205,
        1.459105372428894,
        0.744671642780304,
        0.6274458169937134,
        0.980140209197998,
        1.127170205116272,
        1.3003003597259521,
        1.6743755340576172,
        0.4262809753417969,
        1.0581175088882446,
        0.7423146963119507,
        0.9056181311607361,
        0.8100773692131042,
        0.6238288283348083,
        0.5898973941802979,
        0.4542326033115387,
        0.57939213514328,
        0.8356782793998718,
        0.4505790174007416,
        0.7110723257064819,
        0.3945561945438385,
        0.4702555239200592,
        0.4019359350204468,
        0.5313555002212524,
        0.6420238018035889,
        0.4759812355041504,
        0.48881813883781433,
        0.6487431526184082,
        0.6134703159332275,
        0.47183313965797424,
        0.48552846908569336,
        0.38863885402679443,
        0.5948511958122253,
        0.2605774998664856,
        0.4125787019729614,
        0.32571420073509216,
        0.4748819172382355,
        0.5232076644897461,
        0.801787257194519,
        0.5328083634376526,
        0.4624983072280884,
        0.3566884398460388,
        0.3131886124610901,
        0.4566080868244171,
        0.34682533144950867,
        0.5421847701072693,
        0.4136770963668823,
        0.5385898947715759,
        0.423724502325058,
        0.38774776458740234,
        0.47072044014930725,
        0.3789941072463989,
        0.4814085364341736,
        0.39583620429039,
        0.46777546405792236,
        0.38134610652923584,
        0.4404350817203522,
        0.37087926268577576,
        0.26899775862693787
    ]
}