{
    "effect_pehe": 8.719482259643874,
    "effect_mae": 5.596782746645174
}