{
    "effect_pehe": 14.219534432051919,
    "effect_mae": 10.177920769658515
}