{
    "effect_pehe": 8.549164373337211,
    "effect_mae": 5.473125794003591
}