{
    "effect_pehe": 6.490159189203918,
    "effect_mae": 4.529779597794018
}