{
    "effect_pehe": 6.478564721858248,
    "effect_mae": 4.33982167790532
}