{
    "effect_pehe": 5.541104618044148,
    "effect_mae": 3.417257109106083
}