{
    "effect_pehe": 10.17561340445038,
    "effect_mae": 7.318266777706729
}