{
    "effect_pehe": 11.277306749849597,
    "effect_mae": 8.110211895561765
}