{
    "effect_pehe": 5.815299941593945,
    "effect_mae": 4.356399569826796
}