{
    "effect_pehe": 7.846069193431717,
    "effect_mae": 5.708638564939143
}