{
    "effect_pehe": 4.130439063526762,
    "effect_mae": 3.266287442224056
}