{
    "effect_pehe": 4.383830092312554,
    "effect_mae": 3.4814712181098724
}