{
    "epoch": [
        0,
        1,
        2,
        3,
        4,
        5,
        6,
        7,
        8,
        9,
        10,
        11,
        12,
        13,
        14,
        15,
        16,
        17,
        18,
        19,
        20,
        21,
        22,
        23,
        24,
        25,
        26,
        27,
        28,
        29,
        30,
        31,
        32,
        33,
        34,
        35,
        36,
        37,
        38,
        39,
        40,
        41,
        42,
        43,
        44,
        45,
        46,
        47,
        48,
        49,
        50,
        51,
        52,
        53,
        54,
        55,
        56,
        57,
        58,
        59,
        60,
        61,
        62,
        63,
        64,
        65,
        66,
        67,
        68,
        69,
        70,
        71,
        72,
        73
    ],
    "train_loss": [
        378.38189697265625,
        377.6566162109375,
        376.96490478515625,
        376.2341613769531,
        375.4429016113281,
        374.5969543457031,
        373.64471435546875,
        372.56866455078125,
        371.3225402832031,
        369.8535461425781,
        367.9444580078125,
        365.7933349609375,
        363.18505859375,
        360.1307678222656,
        356.9630126953125,
        352.9712219238281,
        347.6573181152344,
        342.908935546875,
        337.06158447265625,
        330.7579040527344,
        323.0790710449219,
        316.4791564941406,
        305.8069152832031,
        293.0361328125,
        282.6321105957031,
        270.579345703125,
        256.47491455078125,
        241.1255340576172,
        223.83529663085938,
        200.87501525878906,
        185.6367950439453,
        164.08572387695312,
        143.55987548828125,
        130.27511596679688,
        115.44564056396484,
        115.56866455078125,
        122.11527252197266,
        123.03736877441406,
        120.5582046508789,
        117.82970428466797,
        108.43671417236328,
        96.05094146728516,
        89.64942169189453,
        91.26872253417969,
        92.7337875366211,
        93.32453155517578,
        89.30038452148438,
        93.84346008300781,
        88.2798843383789,
        87.55632019042969,
        84.5347900390625,
        82.48518371582031,
        81.49201202392578,
        79.46624755859375,
        79.46978759765625,
        80.64147186279297,
        76.52313232421875,
        79.38327026367188,
        76.62388610839844,
        75.95201110839844,
        76.84922790527344,
        76.2697525024414,
        75.59644317626953,
        71.87896728515625,
        72.42074584960938,
        74.60633850097656,
        76.88428497314453,
        70.07511138916016,
        68.48959350585938,
        70.02145385742188,
        71.57608032226562,
        69.38025665283203,
        71.147705078125,
        66.40001678466797
    ],
    "val_loss": [
        258.82952880859375,
        258.289306640625,
        257.7200927734375,
        257.11566162109375,
        256.464599609375,
        255.7532196044922,
        254.8776397705078,
        253.9676513671875,
        252.72320556640625,
        251.26779174804688,
        249.57052612304688,
        247.47738647460938,
        244.95797729492188,
        241.68972778320312,
        238.25741577148438,
        234.5499725341797,
        229.261962890625,
        223.3428497314453,
        216.50868225097656,
        208.95513916015625,
        201.52645874023438,
        191.21107482910156,
        179.79376220703125,
        169.2821502685547,
        158.09054565429688,
        146.7821044921875,
        132.2427520751953,
        120.46537780761719,
        105.84249877929688,
        97.07966613769531,
        85.9999771118164,
        76.14604949951172,
        70.68125915527344,
        68.88909912109375,
        79.52157592773438,
        90.97881317138672,
        104.46424865722656,
        125.79397583007812,
        126.05384063720703,
        113.20294952392578,
        94.19898986816406,
        84.0586929321289,
        67.97928619384766,
        60.87356185913086,
        61.15495681762695,
        55.582374572753906,
        52.09833908081055,
        53.72419357299805,
        52.07664108276367,
        52.084842681884766,
        53.69829177856445,
        58.23809814453125,
        59.248897552490234,
        59.58622741699219,
        65.64948272705078,
        64.32916259765625,
        66.77674865722656,
        66.70719909667969,
        69.49883270263672,
        63.72074508666992,
        64.54617309570312,
        65.89555358886719,
        63.468692779541016,
        59.96976089477539,
        59.91242980957031,
        57.84319305419922,
        59.246639251708984,
        60.27170944213867,
        56.84137725830078,
        63.388755798339844,
        61.655433654785156,
        63.10545349121094,
        60.514381408691406,
        58.81111145019531
    ]
}