{
    "epoch": [
        0,
        1,
        2,
        3,
        4,
        5,
        6,
        7,
        8,
        9,
        10,
        11,
        12,
        13,
        14,
        15,
        16,
        17,
        18,
        19,
        20,
        21,
        22,
        23,
        24,
        25,
        26,
        27,
        28,
        29,
        30,
        31,
        32,
        33,
        34,
        35,
        36,
        37,
        38,
        39,
        40
    ],
    "train_loss": [
        322.72222900390625,
        321.9478454589844,
        321.21429443359375,
        320.4967041015625,
        319.7944030761719,
        318.97479248046875,
        318.10980224609375,
        317.1611328125,
        316.06427001953125,
        314.9081726074219,
        313.4060363769531,
        311.8109130859375,
        309.731201171875,
        307.1612548828125,
        304.0977478027344,
        300.7555236816406,
        296.4915771484375,
        291.8898620605469,
        285.6808166503906,
        278.2176513671875,
        270.19775390625,
        260.8766174316406,
        249.68359375,
        237.19944763183594,
        223.95843505859375,
        206.21197509765625,
        191.3345184326172,
        174.0137176513672,
        158.18695068359375,
        142.1923828125,
        129.56593322753906,
        120.77494049072266,
        110.55029296875,
        110.7044448852539,
        112.8580322265625,
        102.23095703125,
        101.60881042480469,
        87.75914764404297,
        80.467041015625,
        73.77276611328125,
        68.72635650634766
    ],
    "val_loss": [
        311.8841247558594,
        311.0572509765625,
        310.2345886230469,
        309.3459777832031,
        308.4951171875,
        307.6082458496094,
        306.6587829589844,
        305.6766052246094,
        304.59979248046875,
        303.4984436035156,
        302.38470458984375,
        301.252685546875,
        299.88092041015625,
        298.78228759765625,
        297.7951965332031,
        296.9108581542969,
        297.4383544921875,
        298.87127685546875,
        301.1542663574219,
        306.84466552734375,
        318.51824951171875,
        331.2735290527344,
        357.76300048828125,
        392.1464538574219,
        454.7125549316406,
        528.03662109375,
        656.9386596679688,
        826.9425659179688,
        1023.0867309570312,
        1251.2154541015625,
        1652.640869140625,
        2110.85546875,
        2432.697021484375,
        2781.803955078125,
        2815.947021484375,
        2765.7216796875,
        2645.38427734375,
        2346.119873046875,
        1928.172607421875,
        1536.3587646484375,
        1406.6793212890625
    ]
}