{
    "effect_pehe": 7.127634525299072,
    "effect_mae": 4.341856956481934
}