{
    "effect_pehe": 9.303812980651855,
    "effect_mae": 3.3517885208129883
}