{
    "effect_pehe": 6.743095874786377,
    "effect_mae": 4.896020889282227
}