{
    "epoch": [
        0,
        1,
        2,
        3,
        4,
        5,
        6,
        7,
        8,
        9,
        10,
        11,
        12,
        13,
        14,
        15,
        16,
        17,
        18,
        19,
        20,
        21,
        22,
        23,
        24,
        25,
        26,
        27,
        28,
        29,
        30,
        31,
        32,
        33,
        34,
        35,
        36,
        37,
        38,
        39,
        40,
        41,
        42,
        43,
        44,
        45,
        46,
        47,
        48,
        49,
        50,
        51,
        52,
        53,
        54,
        55,
        56,
        57,
        58,
        59,
        60,
        61,
        62,
        63,
        64,
        65,
        66,
        67,
        68,
        69,
        70,
        71,
        72,
        73,
        74,
        75,
        76,
        77,
        78,
        79,
        80,
        81,
        82,
        83,
        84,
        85,
        86,
        87,
        88,
        89,
        90,
        91,
        92,
        93,
        94,
        95,
        96,
        97,
        98,
        99,
        100,
        101,
        102,
        103,
        104,
        105,
        106,
        107,
        108,
        109,
        110,
        111,
        112,
        113,
        114,
        115,
        116,
        117,
        118,
        119,
        120,
        121,
        122
    ],
    "train_loss": [
        370.68634033203125,
        369.7920227050781,
        368.8652648925781,
        367.9565734863281,
        366.9829406738281,
        365.9552917480469,
        364.9292297363281,
        363.7391052246094,
        362.55029296875,
        361.0894775390625,
        359.6004333496094,
        357.4053955078125,
        355.2146301269531,
        351.5809326171875,
        348.55316162109375,
        344.39849853515625,
        340.1429443359375,
        335.1312255859375,
        328.1839599609375,
        320.5122375488281,
        312.2963562011719,
        302.8374328613281,
        293.7832946777344,
        280.64501953125,
        268.47711181640625,
        255.7512664794922,
        237.3585662841797,
        219.29620361328125,
        201.29884338378906,
        187.52931213378906,
        177.57559204101562,
        158.7986297607422,
        155.66610717773438,
        144.3172607421875,
        136.3207244873047,
        128.35850524902344,
        120.22409057617188,
        110.20469665527344,
        106.76354217529297,
        98.17210388183594,
        96.61306762695312,
        99.06444549560547,
        95.36195373535156,
        92.63265228271484,
        91.74793243408203,
        92.63720703125,
        90.0284423828125,
        91.28472900390625,
        89.65027618408203,
        90.82766723632812,
        85.12787628173828,
        87.84388732910156,
        83.50714111328125,
        82.34422302246094,
        84.43571472167969,
        82.322998046875,
        83.21330261230469,
        82.62531280517578,
        79.98268127441406,
        82.22583770751953,
        83.41939544677734,
        79.1102523803711,
        78.26862335205078,
        77.47267150878906,
        77.14171600341797,
        79.42845153808594,
        77.84913635253906,
        76.22118377685547,
        76.1941909790039,
        75.3413314819336,
        75.89122772216797,
        73.81504821777344,
        74.13273620605469,
        79.11157989501953,
        74.3625259399414,
        72.1876449584961,
        73.18243408203125,
        72.61982727050781,
        72.06299591064453,
        69.34632873535156,
        70.93307495117188,
        72.76219177246094,
        70.37969970703125,
        70.81889343261719,
        69.79653930664062,
        69.3067398071289,
        69.49535369873047,
        66.71814727783203,
        71.59725189208984,
        70.384521484375,
        68.22769165039062,
        69.6201171875,
        67.45307159423828,
        70.7220230102539,
        66.7752685546875,
        67.27875518798828,
        66.1185073852539,
        66.88178253173828,
        64.66134643554688,
        63.54072952270508,
        66.39876556396484,
        64.31934356689453,
        63.24391174316406,
        65.09879302978516,
        63.41838455200195,
        63.7269172668457,
        60.679649353027344,
        64.77185821533203,
        60.10824203491211,
        62.001712799072266,
        63.36285400390625,
        62.267452239990234,
        59.57233428955078,
        60.793548583984375,
        60.6449089050293,
        57.883846282958984,
        60.76848602294922,
        57.19975662231445,
        57.706912994384766,
        60.707481384277344,
        55.54613494873047,
        57.25609588623047,
        58.489166259765625
    ],