{
    "epoch": [
        0,
        1,
        2,
        3,
        4,
        5,
        6,
        7,
        8,
        9,
        10,
        11,
        12,
        13,
        14,
        15,
        16,
        17,
        18,
        19,
        20,
        21,
        22,
        23,
        24,
        25,
        26,
        27,
        28,
        29,
        30,
        31,
        32,
        33,
        34,
        35,
        36,
        37,
        38,
        39,
        40,
        41,
        42,
        43,
        44,
        45,
        46,
        47,
        48,
        49,
        50,
        51,
        52,
        53,
        54,
        55,
        56,
        57,
        58,
        59,
        60,
        61,
        62,
        63,
        64,
        65,
        66,
        67,
        68,
        69,
        70,
        71,
        72,
        73,
        74,
        75,
        76,
        77,
        78,
        79,
        80,
        81,
        82,
        83,
        84,
        85,
        86,
        87,
        88,
        89,
        90,
        91,
        92,
        93,
        94
    ],
    "train_loss": [
        291.1153259277344,
        290.50885009765625,
        289.870849609375,
        289.1785583496094,
        288.3966369628906,
        287.5328369140625,
        286.4664611816406,
        285.2709045410156,
        283.83905029296875,
        282.2012023925781,
        280.193359375,
        277.8000183105469,
        275.0019226074219,
        271.826416015625,
        267.9032897949219,
        263.1744384765625,
        257.8633728027344,
        251.2248992919922,
        243.5681610107422,
        235.0600128173828,
        224.82102966308594,
        212.79788208007812,
        200.3760528564453,
        183.93435668945312,
        168.48666381835938,
        151.53924560546875,
        133.53533935546875,
        116.25350189208984,
        100.89574432373047,
        90.87857818603516,
        91.82952117919922,
        96.2100601196289,
        99.30970764160156,
        102.74967193603516,
        102.92896270751953,
        95.72769927978516,
        89.80521392822266,
        78.07913208007812,
        76.74500274658203,
        76.50788116455078,
        73.75289916992188,
        74.15884399414062,
        76.26924896240234,
        76.20992279052734,
        76.41118621826172,
        74.4654312133789,
        73.25758361816406,
        71.34890747070312,
        68.42330169677734,
        64.44844055175781,
        64.81739807128906,
        65.17291259765625,
        61.99555206298828,
        61.570674896240234,
        62.3495979309082,
        64.10064697265625,
        62.47836685180664,
        62.21831130981445,
        63.37779235839844,
        61.61508560180664,
        59.882972717285156,
        57.60359191894531,
        60.62989044189453,
        56.85184097290039,
        58.734214782714844,
        56.872154235839844,
        56.59370422363281,
        57.84958267211914,
        57.38127136230469,
        56.85078048706055,
        55.843666076660156,
        54.5894889831543,
        54.769775390625,
        54.64299011230469,
        53.51803970336914,
        53.801292419433594,
        51.97707748413086,
        53.949546813964844,
        53.80955505371094,
        51.55631637573242,
        52.280879974365234,
        52.08828353881836,
        55.393096923828125,
        52.2076530456543,
        50.35420608520508,
        51.43330764770508,
        50.10646057128906,
        53.17103576660156,
        50.64896774291992,
        49.21854782104492,
        50.063804626464844,
        50.384246826171875,
        50.363529205322266,
        48.665428161621094,
        51.12590026855469
    ],
    "val_loss": [
        271.6891784667969,
        271.1114501953125,
        270.4996032714844,
        269.8339538574219,
        269.0840759277344,
        268.2383728027344,
        267.22821044921875,
        266.0541076660156,
        264.73529052734375,
        263.1368713378906,
        261.23150634765625,
        259.011474609375,
        256.2397155761719,
        253.0431671142578,
        249.45480346679688,
        245.132568359375,
        239.65402221679688,
        233.64602661132812,
        226.11329650878906,
        217.90029907226562,
        208.45477294921875,
        197.1949005126953,
        185.15589904785156,
        171.28175354003906,
        155.88101196289062,
        138.717529296875,
        123.97496032714844,
        106.34254455566406,
        94.02831268310547,
        85.14430236816406,
        84.79019165039062,
        89.55012512207031,
        101.13248443603516,
        103.765380859375,
        106.02275085449219,
        100.89069366455078,
        94.94127655029297,
        79.19630432128906,
        78.63579559326172,
        72.97725677490234,
        74.24698638916016,
        72.54721069335938,
        73.21782684326172,
        72.12254333496094,
        69.31019592285156,
        72.61884307861328,
        70.46196746826172,
        74.47879791259766,
        70.27806091308594,
        66.92756652832031,
        69.60863494873047,
        67.73259735107422,
        67.37832641601562,
        70.10308837890625,
        73.65129089355469,
        75.68017578125,
        72.11611938476562,
        71.24085235595703,
        73.20487213134766,
        72.61378479003906,
        68.65746307373047,
        66.7795181274414,
        66.01519012451172,
        63.42751693725586,
        67.22671508789062,
        66.46528625488281,
        66.3299560546875,
        67.6163330078125,
        64.0610122680664,
        62.82439041137695,
        66.16081237792969,
        70.86152648925781,
        71.25701904296875,
        71.81797790527344,
        71.14537811279297,
        71.52375793457031,
        69.9172134399414,
        69.62107849121094,
        70.84623718261719,
        72.6565170288086,
        69.19900512695312,
        70.34602355957031,
        69.19365692138672,
        68.15801239013672,
        66.97705078125,
        68.91163635253906,
        70.35800170898438,
        67.79479217529297,
        68.07688903808594,
        72.7174301147461,
        70.709716796875,
        72.63043212890625,
        76.02811431884766,
        72.25474548339844,
        70.49224853515625
    ]
}