{
    "effect_pehe": 11.979841232299805,
    "effect_mae": 8.888958930969238
}