{
    "effect_pehe": 20.611590833425517,
    "effect_mae": 9.56445577872489
}