{
    "effect_pehe": 14.129747106331713,
    "effect_mae": 6.88462980276137
}