{
    "effect_pehe": 17.74126872155776,
    "effect_mae": 10.639610664258205
}