{
    "effect_pehe": 13.954558242110714,
    "effect_mae": 8.633740434912031
}