{
    "effect_pehe": 19.744323587152046,
    "effect_mae": 12.347300081944702
}