{
    "effect_pehe": 25.040492905395443,
    "effect_mae": 17.13279800534115
}