{
    "effect_pehe": 16.37319003999033,
    "effect_mae": 11.131688096057797
}