{
    "effect_pehe": 16.31669884682472,
    "effect_mae": 7.662352045994572
}