{
    "effect_pehe": 6.50785493850708,
    "effect_mae": 3.1808183193206787
}