{
    "effect_pehe": 6.3948493003845215,
    "effect_mae": 3.451448440551758
}