{
    "effect_pehe": 12.113934516906738,
    "effect_mae": 3.6981844902038574
}