{
    "effect_pehe": 10.432188034057617,
    "effect_mae": 1.2410078048706055
}