{
    "effect_pehe": 9.50798511505127,
    "effect_mae": 0.5751867294311523
}