{
    "effect_pehe": 11.024513244628906,
    "effect_mae": 1.0103082656860352
}