{
    "effect_pehe": 14.249493598937988,
    "effect_mae": 2.9090518951416016
}