{
    "effect_pehe": 10.099869728088379,
    "effect_mae": 2.0214710235595703
}