{
    "effect_pehe": 14.675922393798828,
    "effect_mae": 0.3182945251464844
}