{
    "effect_pehe": 14.003335952758789,
    "effect_mae": 2.9513397216796875
}