{
    "effect_pehe": 3.3478429291097824,
    "effect_mae": 2.668208720050398
}