{
    "effect_pehe": 3.706546328117616,
    "effect_mae": 2.9558226623480404
}