{
    "effect_pehe": 3.6724321298562455,
    "effect_mae": 2.9090207013840277
}