{
    "effect_pehe": 18.04156512312023,
    "effect_mae": 11.382057767917882
}