{
    "effect_pehe": 15.667902237370752,
    "effect_mae": 8.819738566549908
}