{
    "effect_pehe": 21.211153100892524,
    "effect_mae": 9.586212798884542
}