{
    "effect_pehe": 14.401375666875383,
    "effect_mae": 6.8087277955107
}