{
    "effect_pehe": 5.022559642791748,
    "effect_mae": 0.36047887802124023
}