{
    "effect_pehe": 4.0114641189575195,
    "effect_mae": 0.0938982367515564
}