{
    "effect_pehe": 4.97212028503418,
    "effect_mae": 0.9752326011657715
}