{
    "effect_pehe": 4.254637718200684,
    "effect_mae": 0.2140318751335144
}