{
    "effect_pehe": 4.829686164855957,
    "effect_mae": 0.8719820380210876
}