{
    "effect_pehe": 4.325146675109863,
    "effect_mae": 1.25026535987854
}