{
    "effect_pehe": 4.134549140930176,
    "effect_mae": 2.4232282638549805
}