{
    "effect_pehe": 4.636221885681152,
    "effect_mae": 0.17600750923156738
}