{
    "effect_pehe": 4.024927139282227,
    "effect_mae": 0.04858958721160889
}