{
    "effect_pehe": 5.434540736865623,
    "effect_mae": 4.431648661305865
}