{
    "effect_pehe": 3.1007523711241163,
    "effect_mae": 2.5125563440672436
}