{
    "effect_pehe": 4.963384990938574,
    "effect_mae": 4.014427227363659
}