{
    "effect_pehe": 4.408728984707225,
    "effect_mae": 3.4746917906417916
}