{
    "effect_pehe": 1.852957844734192,
    "effect_mae": 0.43588683009147644
}