{
    "effect_pehe": 1.2981467247009277,
    "effect_mae": 0.046298086643218994
}