{
    "effect_pehe": 2.006309747695923,
    "effect_mae": 0.30854982137680054
}