{
    "effect_pehe": 1.208054780960083,
    "effect_mae": 0.10975563526153564
}