{
    "effect_pehe": 1.9294042587280273,
    "effect_mae": 0.36995068192481995
}