{
    "effect_pehe": 2.4532692432403564,
    "effect_mae": 0.04054775834083557
}