{
    "effect_pehe": 1.8968256711959839,
    "effect_mae": 0.08196952939033508
}