{
    "effect_pehe": 2.0877456665039062,
    "effect_mae": 0.030406266450881958
}