{
    "effect_pehe": 1.4021499156951904,
    "effect_mae": 0.1887848973274231
}