{
    "effect_pehe": 2.2144317626953125,
    "effect_mae": 0.0058201998472213745
}