{
    "effect_pehe": 3.406090497970581,
    "effect_mae": 0.4144670367240906
}