{
    "effect_pehe": 1.2482154369354248,
    "effect_mae": 0.09129375219345093
}