{
    "effect_pehe": 2.1236491203308105,
    "effect_mae": 0.1536039113998413
}