{
    "effect_pehe": 1.837420105934143,
    "effect_mae": 0.07038849592208862
}