{
    "effect_pehe": 16.232337951660156,
    "effect_mae": 0.43874645233154297
}