{
    "effect_pehe": 15.226086616516113,
    "effect_mae": 0.9264998435974121
}