{
    "effect_pehe": 12.694963455200195,
    "effect_mae": 4.260281562805176
}