{
    "effect_pehe": 15.348247528076172,
    "effect_mae": 4.689006805419922
}