{
    "effect_pehe": 12.013999938964844,
    "effect_mae": 4.095729351043701
}