{
    "effect_pehe": 13.751705169677734,
    "effect_mae": 1.681262493133545
}