{
    "effect_pehe": 13.90900993347168,
    "effect_mae": 0.42585086822509766
}