{
    "effect_pehe": 13.801613807678223,
    "effect_mae": 1.6745123863220215
}