{
    "effect_pehe": 18.226524353027344,
    "effect_mae": 0.5322656631469727
}