{
    "effect_pehe": 13.528812408447266,
    "effect_mae": 0.3582921028137207
}