{
    "effect_pehe": 8.606953620910645,
    "effect_mae": 2.7601771354675293
}