{
    "effect_pehe": 10.646595001220703,
    "effect_mae": 1.5293073654174805
}