{
    "effect_pehe": 17.436433792114258,
    "effect_mae": 0.4886312484741211
}