{
    "effect_pehe": 12.173701286315918,
    "effect_mae": 2.481003761291504
}