{
    "effect_pehe": 6.565822124481201,
    "effect_mae": 4.229048252105713
}