{
    "effect_pehe": 15.305208206176758,
    "effect_mae": 0.7856245040893555
}