{
    "effect_pehe": 6.429451942443848,
    "effect_mae": 1.547600269317627
}