{
    "effect_pehe": 10.747393608093262,
    "effect_mae": 3.245047092437744
}