{
    "effect_pehe": 6.383759021759033,
    "effect_mae": 2.854696273803711
}