{
    "effect_pehe": 6.787017822265625,
    "effect_mae": 1.7348723411560059
}