{
    "effect_pehe": 5.917654991149902,
    "effect_mae": 3.321146011352539
}