{
    "effect_pehe": 11.025707244873047,
    "effect_mae": 2.1240968704223633
}