{
    "effect_pehe": 10.794034004211426,
    "effect_mae": 2.315802574157715
}