{
    "effect_pehe": 10.660797119140625,
    "effect_mae": 1.6043548583984375
}