{
    "effect_pehe": 0.8491497039794922,
    "effect_mae": 0.0389382541179657
}