{
    "effect_pehe": 2.688778877258301,
    "effect_mae": 0.04560506343841553
}