{
    "effect_pehe": 1.7529853582382202,
    "effect_mae": 0.27901411056518555
}