{
    "effect_pehe": 0.7648950219154358,
    "effect_mae": 0.0067844390869140625
}