{
    "effect_pehe": 1.7274270057678223,
    "effect_mae": 0.19846822321414948
}