{
    "effect_pehe": 2.0735199451446533,
    "effect_mae": 0.2487395703792572
}