{
    "effect_pehe": 1.9406378269195557,
    "effect_mae": 0.22302769124507904
}