{
    "effect_pehe": 1.3283940553665161,
    "effect_mae": 0.16509178280830383
}