{
    "effect_pehe": 2.110856056213379,
    "effect_mae": 0.14675204455852509
}