{
    "effect_pehe": 2.9863510534113913,
    "effect_mae": 2.360883953861582
}