{
    "effect_pehe": 3.482330128026981,
    "effect_mae": 2.749576955376708
}