{
    "effect_pehe": 3.0724621318317293,
    "effect_mae": 2.449385749388622
}