{
    "effect_pehe": 3.0439325272958806,
    "effect_mae": 2.437061427991822
}