{
    "effect_pehe": 4.71671932874658,
    "effect_mae": 3.7914759194062535
}