{
    "effect_pehe": 4.119925437261548,
    "effect_mae": 3.3028725621005797
}