{
    "effect_pehe": 3.246289822583404,
    "effect_mae": 2.605230994488138
}