{
    "effect_pehe": 2.8562187802936716,
    "effect_mae": 2.275970632242025
}