{
    "effect_pehe": 3.4644205570220947,
    "effect_mae": 2.5473971366882324
}