{
    "effect_pehe": 3.9196159839630127,
    "effect_mae": 2.2985219955444336
}