{
    "effect_pehe": 0.7987038493156433,
    "effect_mae": 0.10431277751922607
}