{
    "effect_pehe": 1.4304072856903076,
    "effect_mae": 0.6239395141601562
}