{
    "effect_pehe": 2.133035182952881,
    "effect_mae": 0.20138400793075562
}