{
    "effect_pehe": 1.5658942461013794,
    "effect_mae": 1.0159443616867065
}