{
    "effect_pehe": 1.5017527341842651,
    "effect_mae": 0.6843115091323853
}