{
    "effect_pehe": 2.6551969051361084,
    "effect_mae": 0.47850579023361206
}