{
    "effect_pehe": 4.760135650634766,
    "effect_mae": 0.008466243743896484
}