{
    "effect_pehe": 3.8787777423858643,
    "effect_mae": 0.7658436298370361
}