{
    "effect_pehe": 8.374435424804688,
    "effect_mae": 1.9051780700683594
}