{
    "effect_pehe": 18.33135223388672,
    "effect_mae": 1.918360710144043
}