{
    "effect_pehe": 18.745981216430664,
    "effect_mae": 2.348750114440918
}