{
    "effect_pehe": 6.253198623657227,
    "effect_mae": 0.6615705490112305
}