{
    "effect_pehe": 5.78297233581543,
    "effect_mae": 0.9562788009643555
}