{
    "effect_pehe": 6.207286834716797,
    "effect_mae": 1.8789358139038086
}