{
    "effect_pehe": 13.356050491333008,
    "effect_mae": 0.20453214645385742
}