{
    "effect_pehe": 6.668820381164551,
    "effect_mae": 0.232940673828125
}