{
    "effect_pehe": 11.431925773620605,
    "effect_mae": 0.6423282623291016
}