{
    "effect_pehe": 10.03352165222168,
    "effect_mae": 2.119654655456543
}