{
    "epoch": [
        0,
        1,
        2,
        3,
        4,
        5,
        6,
        7,
        8,
        9,
        10,
        11,
        12,
        13,
        14,
        15,
        16,
        17,
        18,
        19,
        20,
        21,
        22,
        23,
        24,
        25,
        26,
        27,
        28,
        29,
        30,
        31,
        32,
        33,
        34,
        35,
        36,
        37,
        38,
        39,
        40,
        41,
        42,
        43,
        44,
        45,
        46,
        47,
        48,
        49,
        50,
        51,
        52,
        53,
        54,
        55,
        56,
        57,
        58,
        59,
        60,
        61,
        62,
        63,
        64,
        65,
        66,
        67,
        68,
        69,
        70,
        71,
        72,
        73,
        74,
        75,
        76,
        77,
        78,
        79,
        80,
        81,
        82,
        83,
        84,
        85,
        86,
        87,
        88,
        89,
        90,
        91,
        92,
        93,
        94,
        95,
        96,
        97,
        98,
        99,
        100,
        101,
        102,
        103,
        104,
        105,
        106,
        107,
        108,
        109,
        110,
        111,
        112,
        113,
        114,
        115,
        116,
        117,
        118,
        119,
        120,
        121,
        122,
        123,
        124,
        125,
        126,
        127,
        128,
        129,
        130,
        131,
        132,
        133,
        134,
        135,
        136,
        137,
        138,
        139,
        140,
        141,
        142,
        143,
        144,
        145,
        146,
        147,
        148,
        149,
        150,
        151,
        152,
        153,
        154,
        155,
        156,
        157,
        158,
        159,
        160,
        161,
        162,
        163,
        164,
        165,
        166,
        167,
        168,
        169,
        170,
        171,
        172,
        173,
        174,
        175,
        176,
        177,
        178,
        179,
        180,
        181,
        182,
        183,
        184
    ],
    "train_loss": [
        285.3027038574219,
        284.91986083984375,
        284.5440673828125,
        284.1603088378906,
        283.7657775878906,
        283.35552978515625,
        282.9179382324219,
        282.4564514160156,
        281.9575500488281,
        281.4195556640625,
        280.82293701171875,
        280.1504211425781,
        279.3918762207031,
        278.5244445800781,
        277.46636962890625,
        276.214111328125,
        274.7659912109375,
        273.0830993652344,
        271.0201721191406,
        268.67266845703125,
        265.9415588378906,
        262.5367126464844,
        258.860107421875,
        254.35479736328125,
        249.3335418701172,
        243.79869079589844,
        237.0606231689453,
        229.7946014404297,
        221.0366973876953,
        211.72332763671875,
        201.63861083984375,
        190.79568481445312,
        179.04409790039062,
        166.33428955078125,
        156.0805206298828,
        145.1318817138672,
        137.15036010742188,
        131.94271850585938,
        129.16954040527344,
        131.1126251220703,
        131.57008361816406,
        129.15419006347656,
        127.11337280273438,
        120.91500854492188,
        114.46734619140625,
        109.96768951416016,
        108.26085662841797,
        105.86717224121094,
        105.88385772705078,
        105.44817352294922,
        106.23767852783203,
        105.94013214111328,
        105.93360137939453,
        105.5791015625,
        105.37486267089844,
        103.73866271972656,
        102.34461212158203,
        101.58740234375,
        100.03229522705078,
        98.59728240966797,
        98.74224853515625,
        98.20098114013672,
        97.92155456542969,
        97.22118377685547,
        97.48725128173828,
        97.36866760253906,
        96.06889343261719,
        97.33122253417969,
        96.58467102050781,
        95.88627624511719,
        95.70309448242188,
        96.1712646484375,
        95.04703521728516,
        94.68824005126953,
        94.10746002197266,
        94.29943084716797,
        94.48344421386719,
        94.2992935180664,
        92.71804809570312,
        93.30269622802734,
        92.6634750366211,
        93.2379150390625,
        92.19041442871094,
        92.89019775390625,
        92.12337493896484,
        92.01775360107422,
        92.17581939697266,
        91.75145721435547,
        90.84971618652344,
        92.02909088134766,
        91.68537139892578,
        91.02960205078125,
        89.87651062011719,
        90.54547882080078,
        90.9792709350586,
        89.30397033691406,
        89.73927307128906,
        88.90867614746094,
        89.23474884033203,
        88.12030029296875,
        89.56670379638672,
        89.16341400146484,
        87.79816436767578,
        88.48112487792969,
        87.8255386352539,
        88.05864715576172,
        89.13809204101562,
        87.68508911132812,
        87.45155334472656,
        87.76920318603516,
        87.96005249023438,
        86.78009796142578,
        86.79563903808594,
        85.81649780273438,
        86.99325561523438,
        86.37078857421875,
        86.92378997802734,
        87.01107025146484,
        85.06902313232422,
        86.0285873413086,
        85.27806854248047,
        84.8406982421875,
        86.69047546386719,
        84.84260559082031,
        86.13262176513672,
        85.08517456054688,
        84.8381118774414,
        85.06251525878906,
        83.08841705322266,
        84.62006378173828,
        83.52595520019531,
        84.53307342529297,
        84.25511169433594,
        82.2857437133789,
        84.10564422607422,
        83.07852172851562,
        83.13085174560547,
        83.35689544677734,
        82.63978576660156,
        82.64946746826172,
        82.94853210449219,
        82.18844604492188,
        83.052978515625,
        80.63602447509766,
        82.30937957763672,
        81.25003051757812,
        83.25811767578125,
        82.10677337646484,
        81.43392944335938,
        81.3427963256836,
        80.84967803955078,
        81.31781005859375,
        81.26853942871094,
        80.76045989990234,
        79.94876098632812,
        80.9110336303711,
        80.30441284179688,
        81.76696014404297,
        80.75071716308594,
        78.5240249633789,
        79.39844512939453,
        80.0604248046875,
        80.07421875,
        80.33191680908203,
        79.83467102050781,
        79.28455352783203,
        79.966064453125,
        78.93376922607422,
        78.87968444824219,
        79.08368682861328,
        78.97008514404297,
        80.21694946289062,
        80.23846435546875,
        79.3592300415039,
        80.47262573242188,
        80.02317810058594,
        79.22869873046875,
        79.56990051269531,
        79.3436279296875,
        78.63333129882812,
        78.9185791015625,
        79.54656982421875,
        81.03607177734375,
        77.29277801513672,
        77.38433837890625
    ],