{
    "effect_pehe": 10.975770950317383,
    "effect_mae": 3.965843677520752
}