{
    "effect_pehe": 7.168449878692627,
    "effect_mae": 0.8308005332946777
}