{
    "effect_pehe": 7.051974773406982,
    "effect_mae": 0.7468342781066895
}