{
    "effect_pehe": 9.362122535705566,
    "effect_mae": 0.5259099006652832
}