{
    "effect_pehe": 21.02975845336914,
    "effect_mae": 4.249509811401367
}