{
    "effect_pehe": 11.591071128845215,
    "effect_mae": 3.859761953353882
}