{
    "effect_pehe": 14.149557113647461,
    "effect_mae": 1.7832684516906738
}