{
    "effect_pehe": 16.170412063598633,
    "effect_mae": 2.4143896102905273
}