{
    "effect_pehe": 16.710302352905273,
    "effect_mae": 2.3486623764038086
}