{
    "effect_pehe": 20.085712432861328,
    "effect_mae": 5.068800926208496
}