{
    "effect_pehe": 19.4312686920166,
    "effect_mae": 6.389492034912109
}