{
    "effect_pehe": 12.268681526184082,
    "effect_mae": 4.481116771697998
}