{
    "effect_pehe": 13.098360061645508,
    "effect_mae": 2.7892262935638428
}