{
    "effect_pehe": 14.320998191833496,
    "effect_mae": 1.2884011268615723
}