{
    "effect_pehe": 13.730542182922363,
    "effect_mae": 2.151099681854248
}