{
    "effect_pehe": 13.2029390335083,
    "effect_mae": 4.045666694641113
}