{
    "effect_pehe": 11.920459747314453,
    "effect_mae": 4.288454532623291
}