{
    "effect_pehe": 13.954512596130371,
    "effect_mae": 0.08302783966064453
}