{
    "effect_pehe": 5.482698440551758,
    "effect_mae": 3.342122793197632
}