{
    "effect_pehe": 12.507229804992676,
    "effect_mae": 9.642744064331055
}