{
    "epoch": [
        0,
        1,
        2,
        3,
        4,
        5,
        6,
        7,
        8,
        9,
        10,
        11,
        12,
        13,
        14,
        15,
        16,
        17,
        18,
        19,
        20,
        21,
        22,
        23,
        24,
        25,
        26,
        27,
        28,
        29,
        30,
        31,
        32,
        33,
        34,
        35,
        36,
        37,
        38,
        39,
        40,
        41,
        42,
        43,
        44,
        45,
        46,
        47,
        48,
        49
    ],
    "train_loss": [
        356.40625,
        355.7567443847656,
        355.1155090332031,
        354.4635314941406,
        353.7868957519531,
        353.10125732421875,
        352.36285400390625,
        351.5883483886719,
        350.7440185546875,
        349.8184509277344,
        348.7721252441406,
        347.6020202636719,
        346.2876281738281,
        344.79827880859375,
        343.1191711425781,
        341.2490234375,
        339.16009521484375,
        336.8481750488281,
        334.25030517578125,
        331.3741455078125,
        328.2008056640625,
        324.693115234375,
        320.860107421875,
        316.7615966796875,
        312.3316345214844,
        307.5237121582031,
        302.44091796875,
        297.0433654785156,
        291.2320861816406,
        285.1059265136719,
        278.6770935058594,
        271.8969421386719,
        264.877197265625,
        257.65460205078125,
        250.26531982421875,
        242.76968383789062,
        235.2725830078125,
        227.8317108154297,
        220.40029907226562,
        213.0367889404297,
        205.84487915039062,
        198.91209411621094,
        192.0242156982422,
        185.19610595703125,
        178.569091796875,
        172.1550750732422,
        165.940185546875,
        160.19786071777344,
        155.068359375,
        150.58853149414062
    ],
    "val_loss": [
        2653.19873046875,
        2647.650146484375,
        2641.25732421875,
        2632.886474609375,
        2625.9521484375,
        2619.11767578125,
        2611.531494140625,
        2603.22802734375,
        2593.810791015625,
        2583.367431640625,
        2571.512939453125,
        2558.33251953125,
        2543.82080078125,
        2528.241455078125,
        2510.861572265625,
        2491.76513671875,
        2470.6123046875,
        2448.330322265625,
        2425.63232421875,
        2401.82470703125,
        2378.53466796875,
        2357.073486328125,
        2339.628662109375,
        2326.661865234375,
        2320.587158203125,
        2322.57666015625,
        2335.5576171875,
        2360.64697265625,
        2398.556640625,
        2449.19970703125,
        2513.024658203125,
        2588.79541015625,
        2673.192138671875,
        2764.9521484375,
        2861.8125,
        2960.55615234375,
        3058.478271484375,
        3153.689208984375,
        3243.397705078125,
        3327.544189453125,
        3402.802490234375,
        3470.800537109375,
        3529.827392578125,
        3576.982177734375,
        3612.9931640625,
        3637.685791015625,
        3647.88623046875,
        3643.880615234375,
        3623.82470703125,
        3586.23876953125
    ]
}