{
    "effect_pehe": 5.729074478149414,
    "effect_mae": 4.487940311431885
}