{
    "epoch": [
        0,
        1,
        2,
        3,
        4,
        5,
        6,
        7,
        8,
        9,
        10,
        11,
        12,
        13,
        14,
        15,
        16,
        17,
        18,
        19,
        20,
        21,
        22,
        23,
        24,
        25
    ],
    "train_loss": [
        336.85894775390625,
        336.2186279296875,
        335.5763244628906,
        334.9090270996094,
        334.20574951171875,
        333.4647521972656,
        332.6561279296875,
        331.7894592285156,
        330.85882568359375,
        329.8217468261719,
        328.6359558105469,
        327.2748107910156,
        325.71588134765625,
        323.9499206542969,
        321.9881286621094,
        319.774658203125,
        317.2826232910156,
        314.4366455078125,
        311.2712707519531,
        307.7782287597656,
        303.87530517578125,
        299.55230712890625,
        294.8501892089844,
        289.68975830078125,
        284.099853515625,
        278.00604248046875
    ],
    "val_loss": [
        10735.4111328125,
        10737.9296875,
        10740.1611328125,
        10742.212890625,
        10744.3037109375,
        10746.806640625,
        10749.2509765625,
        10751.9560546875,
        10755.0966796875,
        10758.828125,
        10763.1484375,
        10768.07421875,
        10773.373046875,
        10779.4892578125,
        10786.046875,
        10793.126953125,
        10800.94140625,
        10809.4228515625,
        10818.490234375,
        10828.130859375,
        10838.3974609375,
        10848.9072265625,
        10859.85546875,
        10871.6708984375,
        10884.2236328125,
        10896.9736328125
    ]
}