{
    "effect_pehe": 8.421463966369629,
    "effect_mae": 6.272340297698975
}