{
    "epoch": [
        0,
        1,
        2,
        3,
        4,
        5,
        6,
        7,
        8,
        9,
        10,
        11,
        12,
        13,
        14,
        15,
        16,
        17,
        18,
        19,
        20,
        21,
        22,
        23,
        24,
        25,
        26,
        27,
        28,
        29,
        30,
        31,
        32,
        33,
        34,
        35,
        36
    ],
    "train_loss": [
        781.54345703125,
        780.4774780273438,
        779.3513793945312,
        778.1874389648438,
        776.961181640625,
        775.6283569335938,
        774.1600341796875,
        772.521484375,
        770.6856689453125,
        768.6358032226562,
        766.3294067382812,
        763.726806640625,
        760.7821655273438,
        757.362548828125,
        753.5242309570312,
        749.2157592773438,
        744.3751831054688,
        739.0452270507812,
        733.095458984375,
        726.6668090820312,
        719.5525512695312,
        711.8023681640625,
        703.59521484375,
        694.7125244140625,
        685.3336791992188,
        675.3271484375,
        664.79833984375,
        653.5704956054688,
        641.9530639648438,
        629.6026611328125,
        616.781494140625,
        603.496337890625,
        589.445068359375,
        575.0369262695312,
        560.2374877929688,
        544.4585571289062,
        527.801025390625
    ],
    "val_loss": [
        3847.666259765625,
        3846.45751953125,
        3845.2548828125,
        3844.2451171875,
        3843.12548828125,
        3841.835693359375,
        3840.65478515625,
        3839.447509765625,
        3838.384033203125,
        3837.4375,
        3836.806640625,
        3836.603271484375,
        3836.70556640625,
        3837.171630859375,
        3838.46875,
        3840.522216796875,
        3843.831298828125,
        3848.615478515625,
        3855.210693359375,
        3863.710693359375,
        3875.264404296875,
        3890.30908203125,
        3908.760009765625,
        3932.137939453125,
        3960.2939453125,
        3994.75244140625,
        4034.575927734375,
        4081.18359375,
        4134.76123046875,
        4193.46240234375,
        4258.48876953125,
        4327.94970703125,
        4400.78759765625,
        4474.35986328125,
        4547.36474609375,
        4621.47607421875,
        4693.689453125
    ]
}