{
    "effect_pehe": 13.40964126586914,
    "effect_mae": 3.6797995567321777
}