{
    "epoch": [
        0,
        1,
        2,
        3,
        4,
        5,
        6,
        7,
        8,
        9,
        10,
        11,
        12,
        13,
        14,
        15,
        16,
        17,
        18,
        19,
        20,
        21,
        22,
        23,
        24,
        25
    ],
    "train_loss": [
        181.31874084472656,
        180.8405303955078,
        180.38058471679688,
        179.91635131835938,
        179.44309997558594,
        178.95602416992188,
        178.43875122070312,
        177.88392639160156,
        177.28314208984375,
        176.6189727783203,
        175.8814239501953,
        175.06910705566406,
        174.1595458984375,
        173.16107177734375,
        172.05076599121094,
        170.84872436523438,
        169.5187530517578,
        168.0736541748047,
        166.48898315429688,
        164.7587890625,
        162.8241729736328,
        160.66204833984375,
        158.28604125976562,
        155.67149353027344,
        152.79248046875,
        149.68603515625
    ],
    "val_loss": [
        174.9452362060547,
        174.97409057617188,
        175.27792358398438,
        175.9671630859375,
        177.0799102783203,
        178.66653442382812,
        181.00979614257812,
        184.43014526367188,
        189.2054901123047,
        195.59542846679688,
        203.8397216796875,
        214.84988403320312,
        228.45729064941406,
        245.2764892578125,
        266.4395446777344,
        292.42730712890625,
        325.81878662109375,
        367.9427490234375,
        418.3394775390625,
        477.81256103515625,
        547.4860229492188,
        629.6416625976562,
        726.2762451171875,
        839.197265625,
        970.9729614257812,
        1130.2686767578125
    ]
}