{
    "effect_pehe": 22.38117790222168,
    "effect_mae": 15.909454345703125
}