{
    "effect_pehe": 13.935173988342285,
    "effect_mae": 10.965181350708008
}