{
    "effect_pehe": 21.640734894082943,
    "effect_mae": 15.011674706932798
}