{
    "effect_pehe": 16.566402629513348,
    "effect_mae": 9.848138428926141
}