{
    "effect_pehe": 15.056670820657457,
    "effect_mae": 9.148260182074527
}