{
    "effect_pehe": 21.660797871845148,
    "effect_mae": 14.133158651124981
}