{
    "effect_pehe": 16.02699623397105,
    "effect_mae": 9.161458141323857
}