{
    "effect_pehe": 18.49242246896526,
    "effect_mae": 12.525302128116245
}