{
    "effect_pehe": 22.361955673479933,
    "effect_mae": 14.770266113431342
}