{
    "effect_pehe": 18.128482034735338,
    "effect_mae": 11.37106996795961
}