{
    "effect_pehe": 13.383066709873232,
    "effect_mae": 8.255512433027269
}