{
    "effect_pehe": 21.43838332179292,
    "effect_mae": 13.709585019403088
}