{
    "effect_pehe": 13.807989059009099,
    "effect_mae": 8.667667368095
}