{
    "effect_pehe": 4.922479152679443,
    "effect_mae": 1.3836355209350586
}