{
    "effect_pehe": 5.047859191894531,
    "effect_mae": 3.5132358074188232
}