{
    "effect_pehe": 3.608842611312866,
    "effect_mae": 0.16870832443237305
}