{
    "effect_pehe": 5.8443145751953125,
    "effect_mae": 3.154672145843506
}