{
    "effect_pehe": 3.7073545455932617,
    "effect_mae": 1.0507084131240845
}