{
    "effect_pehe": 5.738828659057617,
    "effect_mae": 2.9508309364318848
}