{
    "effect_pehe": 3.6742141246795654,
    "effect_mae": 0.17888331413269043
}