{
    "effect_pehe": 3.6407246589660645,
    "effect_mae": 0.18128442764282227
}