{
    "effect_pehe": 3.610074043273926,
    "effect_mae": 0.0002262592315673828
}