{
    "effect_pehe": 3.618680715560913,
    "effect_mae": 0.8362928628921509
}