{
    "epoch": [
        0,
        1,
        2,
        3,
        4,
        5,
        6,
        7,
        8,
        9,
        10,
        11,
        12,
        13,
        14,
        15,
        16,
        17,
        18,
        19,
        20,
        21,
        22,
        23,
        24,
        25,
        26,
        27,
        28,
        29,
        30,
        31,
        32,
        33,
        34,
        35,
        36,
        37,
        38,
        39,
        40,
        41,
        42,
        43,
        44,
        45,
        46,
        47,
        48,
        49,
        50,
        51,
        52,
        53,
        54,
        55,
        56,
        57,
        58,
        59,
        60,
        61,
        62,
        63,
        64,
        65,
        66,
        67,
        68,
        69,
        70,
        71,
        72,
        73,
        74,
        75,
        76,
        77,
        78,
        79,
        80,
        81,
        82,
        83,
        84,
        85,
        86,
        87,
        88,
        89,
        90,
        91,
        92,
        93,
        94,
        95,
        96,
        97,
        98,
        99,
        100,
        101,
        102,
        103,
        104,
        105,
        106,
        107,
        108,
        109,
        110,
        111,
        112,
        113,
        114,
        115,
        116,
        117,
        118,
        119,
        120,
        121,
        122,
        123,
        124,
        125,
        126,
        127,
        128,
        129,
        130,
        131,
        132,
        133,
        134,
        135,
        136,
        137,
        138,
        139,
        140
    ],
    "train_loss": [
        46.76679229736328,
        46.71100616455078,
        46.65168762207031,
        46.585662841796875,
        46.511802673339844,
        46.42609405517578,
        46.32655334472656,
        46.207332611083984,
        46.06294250488281,
        45.893436431884766,
        45.687686920166016,
        45.44760513305664,
        45.16592788696289,
        44.83355712890625,
        44.4463005065918,
        44.00370407104492,
        43.477230072021484,
        42.873348236083984,
        42.19293212890625,
        41.426937103271484,
        40.57493591308594,
        39.605796813964844,
        38.565521240234375,
        37.358516693115234,
        36.098594665527344,
        34.648895263671875,
        33.1388053894043,
        31.409042358398438,
        29.620847702026367,
        27.636079788208008,
        25.63836097717285,
        23.676469802856445,
        21.72930145263672,
        19.73138999938965,
        18.00870132446289,
        16.55021858215332,
        15.503511428833008,
        14.65670108795166,
        14.308024406433105,
        13.869839668273926,
        13.453789710998535,
        12.981721878051758,
        12.636516571044922,
        11.8878755569458,
        11.461841583251953,
        10.881902694702148,
        10.526893615722656,
        10.197501182556152,
        9.889272689819336,
        9.841904640197754,
        9.731574058532715,
        9.701358795166016,
        9.727254867553711,
        9.650873184204102,
        9.581416130065918,
        9.463470458984375,
        9.438467025756836,
        9.282076835632324,
        9.189842224121094,
        9.03519058227539,
        8.914794921875,
        8.78149700164795,
        8.789267539978027,
        8.660745620727539,
        8.637137413024902,
        8.604350090026855,
        8.492965698242188,
        8.482722282409668,
        8.368690490722656,
        8.360461235046387,
        8.25685977935791,
        8.223525047302246,
        8.177037239074707,
        8.121822357177734,
        8.079326629638672,
        8.060728073120117,
        8.034253120422363,
        8.003365516662598,
        7.9781880378723145,
        7.917908668518066,
        7.854872226715088,
        7.8446125984191895,
        7.813632011413574,
        7.793961048126221,
        7.76193904876709,
        7.744691371917725,
        7.715590000152588,
        7.679040431976318,
        7.660554885864258,
        7.609378814697266,
        7.593329429626465,
        7.550148010253906,
        7.568028926849365,
        7.535342693328857,
        7.494392395019531,
        7.4743242263793945,
        7.445119857788086,
        7.420251846313477,
        7.397255897521973,
        7.3661346435546875,
        7.377676963806152,
        7.344890117645264,
        7.310850143432617,
        7.285276889801025,
        7.266255855560303,
        7.250739097595215,
        7.217452526092529,
        7.18828010559082,
        7.199302673339844,
        7.167514324188232,
        7.140272617340088,
        7.1328959465026855,
        7.101412296295166,
        7.077064037322998,
        7.050118446350098,
        7.038330078125,
        7.029990196228027,
        7.008044242858887,
        6.973143100738525,
        6.965088367462158,
        6.951418876647949,
        6.925259113311768,
        6.916494846343994,
        6.872099876403809,
        6.884057521820068,
        6.84267520904541,
        6.8249897956848145,
        6.803830623626709,
        6.815998554229736,
        6.792878150939941,
        6.754332542419434,
        6.727444171905518,
        6.712280750274658,
        6.705725193023682,
        6.692122936248779,
        6.661724090576172,
        6.650337219238281,
        6.620667934417725,
        6.599393367767334,
        6.590615749359131,
        6.58382511138916
    ],