{
    "effect_pehe": 7.720508098602295,
    "effect_mae": 1.2425298690795898
}