{
    "effect_pehe": 7.4371724128723145,
    "effect_mae": 0.46926215291023254
}