{
    "effect_pehe": 6.5751872062683105,
    "effect_mae": 0.21404440701007843
}