{
    "effect_pehe": 6.713562488555908,
    "effect_mae": 0.07045513391494751
}