{
    "effect_pehe": 7.086130142211914,
    "effect_mae": 1.3111217021942139
}