{
    "epoch": [
        0,
        1,
        2,
        3,
        4,
        5,
        6,
        7,
        8,
        9,
        10,
        11,
        12,
        13,
        14,
        15,
        16,
        17,
        18,
        19,
        20,
        21,
        22,
        23,
        24,
        25,
        26,
        27,
        28,
        29,
        30,
        31,
        32,
        33,
        34,
        35,
        36,
        37,
        38,
        39,
        40,
        41,
        42,
        43,
        44,
        45,
        46,
        47,
        48,
        49,
        50,
        51,
        52,
        53,
        54,
        55,
        56,
        57,
        58,
        59,
        60,
        61,
        62,
        63,
        64,
        65,
        66,
        67,
        68,
        69,
        70,
        71,
        72,
        73,
        74,
        75,
        76,
        77,
        78,
        79,
        80,
        81,
        82,
        83,
        84,
        85,
        86,
        87,
        88,
        89,
        90,
        91,
        92,
        93,
        94,
        95,
        96,
        97,
        98,
        99,
        100,
        101,
        102,
        103,
        104,
        105,
        106,
        107,
        108,
        109,
        110,
        111,
        112,
        113,
        114,
        115,
        116,
        117,
        118,
        119,
        120,
        121,
        122,
        123,
        124,
        125,
        126,
        127,
        128,
        129,
        130,
        131,
        132,
        133,
        134,
        135,
        136,
        137
    ],
    "train_loss": [
        47.76752471923828,
        47.71308135986328,
        47.65839767456055,
        47.60144805908203,
        47.53696060180664,
        47.45944595336914,
        47.369361877441406,
        47.26162338256836,
        47.1349983215332,
        46.984901428222656,
        46.8133659362793,
        46.601959228515625,
        46.36231231689453,
        46.078086853027344,
        45.75775146484375,
        45.37794876098633,
        44.94952392578125,
        44.4653205871582,
        43.93841552734375,
        43.35316848754883,
        42.67612075805664,
        41.958587646484375,
        41.14093780517578,
        40.23839569091797,
        39.197792053222656,
        38.00751876831055,
        36.73261260986328,
        35.29492950439453,
        33.683475494384766,
        31.962270736694336,
        30.10555076599121,
        28.129074096679688,
        26.014822006225586,
        23.845909118652344,
        21.62643051147461,
        19.40076446533203,
        17.220230102539062,
        15.191082954406738,
        13.426042556762695,
        11.990484237670898,
        10.893802642822266,
        10.366178512573242,
        10.139676094055176,
        10.185653686523438,
        10.138606071472168,
        10.002579689025879,
        9.40345287322998,
        8.567355155944824,
        7.974330902099609,
        7.31069278717041,
        6.886059284210205,
        6.710105895996094,
        6.673152923583984,
        6.692434787750244,
        6.682580471038818,
        6.82554817199707,
        6.877337455749512,
        6.744832992553711,
        6.529399871826172,
        6.365794658660889,
        6.210034370422363,
        6.1003193855285645,
        6.012580394744873,
        5.891421794891357,
        5.815690517425537,
        5.763635635375977,
        5.71343469619751,
        5.6525421142578125,
        5.652006149291992,
        5.55629301071167,
        5.479349613189697,
        5.445804595947266,
        5.389932155609131,
        5.34034538269043,
        5.304258346557617,
        5.213353157043457,
        5.213326454162598,
        5.200852394104004,
        5.165929317474365,
        5.158203601837158,
        5.118067741394043,
        5.116130352020264,
        5.08488655090332,
        5.0731000900268555,
        5.028360366821289,
        5.005390167236328,
        4.977371692657471,
        4.971238613128662,
        4.942956447601318,
        4.902646541595459,
        4.89155912399292,
        4.889438629150391,
        4.868093013763428,
        4.830904960632324,
        4.838603973388672,
        4.8074164390563965,
        4.779007911682129,
        4.734310626983643,
        4.749696731567383,
        4.7214555740356445,
        4.701756000518799,
        4.696400165557861,
        4.674438953399658,
        4.6533918380737305,
        4.633777141571045,
        4.649254322052002,
        4.600814342498779,
        4.602551460266113,
        4.592827320098877,
        4.588139533996582,
        4.555138111114502,
        4.539178848266602,
        4.519352436065674,
        4.509154319763184,
        4.4972310066223145,
        4.4838643074035645,
        4.462682247161865,
        4.470155715942383,
        4.4580230712890625,
        4.442076206207275,
        4.423818588256836,
        4.4158525466918945,
        4.391366004943848,
        4.3998589515686035,
        4.385910511016846,
        4.361564636230469,
        4.341114521026611,
        4.3454389572143555,
        4.330104827880859,
        4.310887336730957,
        4.2886176109313965,
        4.288977146148682,
        4.286710262298584,
        4.269326210021973,
        4.263904571533203,
        4.232753276824951,
        4.231451034545898,
        4.2264628410339355
    ],