{
    "effect_pehe": 6.7206645011901855,
    "effect_mae": 0.08595699071884155
}