{
    "effect_pehe": 8.129144668579102,
    "effect_mae": 0.23393979668617249
}