{
    "epoch": [
        0,
        1,
        2,
        3,
        4,
        5,
        6,
        7,
        8,
        9,
        10,
        11,
        12,
        13,
        14,
        15,
        16,
        17,
        18,
        19,
        20,
        21,
        22,
        23,
        24,
        25,
        26,
        27,
        28,
        29,
        30,
        31,
        32,
        33,
        34,
        35,
        36,
        37,
        38,
        39,
        40,
        41,
        42,
        43,
        44,
        45,
        46,
        47,
        48,
        49,
        50,
        51,
        52,
        53,
        54,
        55,
        56,
        57,
        58,
        59,
        60,
        61,
        62,
        63,
        64,
        65,
        66,
        67,
        68,
        69,
        70,
        71,
        72,
        73,
        74,
        75,
        76,
        77,
        78,
        79,
        80,
        81,
        82,
        83,
        84,
        85,
        86,
        87,
        88,
        89,
        90,
        91,
        92,
        93,
        94,
        95,
        96,
        97,
        98,
        99,
        100,
        101,
        102,
        103,
        104,
        105,
        106,
        107,
        108,
        109,
        110,
        111,
        112,
        113,
        114,
        115,
        116,
        117,
        118,
        119,
        120,
        121,
        122,
        123,
        124,
        125,
        126,
        127,
        128,
        129,
        130,
        131,
        132,
        133,
        134,
        135,
        136,
        137,
        138,
        139,
        140,
        141,
        142,
        143,
        144
    ],
    "train_loss": [
        46.203407287597656,
        46.136741638183594,
        46.07057571411133,
        46.000701904296875,
        45.92274475097656,
        45.83452606201172,
        45.72895431518555,
        45.607215881347656,
        45.46025848388672,
        45.289615631103516,
        45.08973693847656,
        44.848751068115234,
        44.57196044921875,
        44.26047134399414,
        43.89622497558594,
        43.48367691040039,
        43.04201889038086,
        42.52682113647461,
        41.967185974121094,
        41.38256072998047,
        40.77939987182617,
        40.139549255371094,
        39.43289566040039,
        38.65449523925781,
        37.80914306640625,
        36.7403678894043,
        35.619754791259766,
        34.38372802734375,
        32.99692153930664,
        31.465425491333008,
        29.939828872680664,
        28.296184539794922,
        26.55350685119629,
        24.824113845825195,
        23.01848793029785,
        21.347978591918945,
        19.83312225341797,
        18.51227378845215,
        17.492578506469727,
        16.741392135620117,
        16.34990119934082,
        15.950594902038574,
        15.604913711547852,
        15.08665943145752,
        14.579361915588379,
        13.943307876586914,
        13.372282028198242,
        12.741377830505371,
        12.350459098815918,
        11.91326904296875,
        11.613958358764648,
        11.2842378616333,
        10.866509437561035,
        10.56075382232666,
        9.987175941467285,
        9.664796829223633,
        9.482850074768066,
        9.05723762512207,
        8.83086109161377,
        8.720168113708496,
        8.471141815185547,
        8.322484970092773,
        8.301167488098145,
        7.937936782836914,
        7.946471214294434,
        7.968055248260498,
        7.7621684074401855,
        7.593930721282959,
        7.63599157333374,
        7.422382354736328,
        7.338654041290283,
        7.324423789978027,
        7.20966100692749,
        7.147659778594971,
        7.039496898651123,
        7.028979778289795,
        6.984120845794678,
        6.927506923675537,
        6.886519432067871,
        6.845139980316162,
        6.764244556427002,
        6.794195175170898,
        6.685945987701416,
        6.663893699645996,
        6.599039554595947,
        6.536922931671143,
        6.542816638946533,
        6.520666599273682,
        6.519744873046875,
        6.452925682067871,
        6.422700881958008,
        6.362287521362305,
        6.3555684089660645,
        6.319331645965576,
        6.274453639984131,
        6.2464189529418945,
        6.237593650817871,
        6.191376209259033,
        6.193102836608887,
        6.1660051345825195,
        6.143308162689209,
        6.127978801727295,
        6.09091854095459,
        6.081326484680176,
        6.061214447021484,
        6.012338638305664,
        6.00175666809082,
        5.981198310852051,
        5.9654717445373535,
        5.9469380378723145,
        5.94346284866333,
        5.90733528137207,
        5.892747402191162,
        5.87257194519043,
        5.862704277038574,
        5.821176052093506,
        5.810080051422119,
        5.811835765838623,
        5.767063617706299,
        5.751204967498779,
        5.751486778259277,
        5.725813388824463,
        5.716278076171875,
        5.70965576171875,
        5.667929649353027,
        5.673272609710693,
        5.648850440979004,
        5.617384433746338,
        5.617066860198975,
        5.608447074890137,
        5.5948486328125,
        5.583953857421875,
        5.565465927124023,
        5.550084590911865,
        5.526767253875732,
        5.511566638946533,
        5.494400501251221,
        5.488813877105713,
        5.493444919586182,
        5.4554443359375,
        5.445840835571289,
        5.429693222045898,
        5.420217514038086,
        5.403775691986084,
        5.396045684814453
    ],