{
    "epoch": [
        0,
        1,
        2,
        3,
        4,
        5,
        6,
        7,
        8,
        9,
        10,
        11,
        12,
        13,
        14,
        15,
        16,
        17,
        18,
        19,
        20,
        21,
        22,
        23,
        24,
        25,
        26,
        27,
        28,
        29,
        30,
        31,
        32,
        33,
        34,
        35,
        36,
        37,
        38,
        39,
        40,
        41,
        42,
        43,
        44,
        45,
        46,
        47,
        48,
        49,
        50,
        51,
        52,
        53,
        54,
        55,
        56,
        57,
        58,
        59,
        60,
        61,
        62,
        63,
        64,
        65,
        66,
        67,
        68,
        69,
        70,
        71,
        72,
        73,
        74,
        75,
        76,
        77,
        78,
        79,
        80,
        81,
        82,
        83,
        84,
        85,
        86,
        87,
        88,
        89,
        90,
        91,
        92,
        93,
        94,
        95,
        96,
        97,
        98,
        99,
        100,
        101,
        102,
        103,
        104,
        105,
        106,
        107,
        108,
        109,
        110,
        111,
        112,
        113,
        114,
        115,
        116,
        117,
        118,
        119,
        120,
        121,
        122,
        123,
        124,
        125,
        126,
        127,
        128,
        129,
        130,
        131,
        132,
        133,
        134,
        135,
        136,
        137,
        138,
        139,
        140,
        141,
        142,
        143,
        144,
        145,
        146,
        147,
        148,
        149,
        150,
        151,
        152,
        153,
        154,
        155,
        156,
        157,
        158,
        159,
        160,
        161
    ],
    "train_loss": [
        50.52122116088867,
        50.45977783203125,
        50.399696350097656,
        50.338497161865234,
        50.272560119628906,
        50.20294189453125,
        50.12358093261719,
        50.03078079223633,
        49.923526763916016,
        49.79610824584961,
        49.64521026611328,
        49.46575927734375,
        49.25785446166992,
        49.00415802001953,
        48.7192268371582,
        48.38022994995117,
        47.97893142700195,
        47.501285552978516,
        46.964691162109375,
        46.35287857055664,
        45.656646728515625,
        44.8320198059082,
        43.93466567993164,
        42.92707824707031,
        41.82469177246094,
        40.57239532470703,
        39.1931266784668,
        37.64498519897461,
        35.90877151489258,
        34.096702575683594,
        32.06655502319336,
        29.920249938964844,
        27.635303497314453,
        25.249849319458008,
        22.762052536010742,
        20.30977439880371,
        17.902267456054688,
        15.565587997436523,
        13.52971363067627,
        11.717607498168945,
        10.505973815917969,
        9.79227066040039,
        9.599640846252441,
        9.704915046691895,
        9.706968307495117,
        9.731579780578613,
        9.156733512878418,
        8.408177375793457,
        7.705678939819336,
        7.072320461273193,
        6.511209011077881,
        6.3525390625,
        6.343528747558594,
        6.439613342285156,
        6.481090068817139,
        6.564155101776123,
        6.6216912269592285,
        6.5095624923706055,
        6.500216484069824,
        6.319528102874756,
        6.089179039001465,
        5.8786115646362305,
        5.68042516708374,
        5.5845770835876465,
        5.4971723556518555,
        5.456509590148926,
        5.403327941894531,
        5.4089860916137695,
        5.366573810577393,
        5.355408668518066,
        5.281243324279785,
        5.128602504730225,
        5.0928850173950195,
        5.003390789031982,
        4.949303150177002,
        4.910027980804443,
        4.8815107345581055,
        4.873682975769043,
        4.836863994598389,
        4.822532653808594,
        4.8090500831604,
        4.773027420043945,
        4.751002311706543,
        4.709478855133057,
        4.650055408477783,
        4.6410722732543945,
        4.596063613891602,
        4.57550048828125,
        4.566047191619873,
        4.539135456085205,
        4.5270676612854,
        4.502700328826904,
        4.486263751983643,
        4.44638204574585,
        4.427474021911621,
        4.380389213562012,
        4.381359577178955,
        4.358664512634277,
        4.341598987579346,
        4.322202205657959,
        4.299945831298828,
        4.283973693847656,
        4.286715507507324,
        4.256171703338623,
        4.246352672576904,
        4.217681884765625,
        4.199816703796387,
        4.179120063781738,
        4.17925500869751,
        4.157168865203857,
        4.156283378601074,
        4.132472515106201,
        4.118263244628906,
        4.097833156585693,
        4.077384948730469,
        4.075291156768799,
        4.063704967498779,
        4.048989772796631,
        4.013961315155029,
        4.014639377593994,
        4.009693145751953,
        3.9945015907287598,
        3.9704244136810303,
        3.9558064937591553,
        3.9478423595428467,
        3.9333853721618652,
        3.9280686378479004,
        3.9067931175231934,
        3.898533582687378,
        3.8830301761627197,
        3.875661611557007,
        3.874283790588379,
        3.859022617340088,
        3.8518805503845215,
        3.8275606632232666,
        3.807634115219116,
        3.8095526695251465,
        3.806220769882202,
        3.779235363006592,
        3.7777559757232666,
        3.7636759281158447,
        3.755023717880249,
        3.7379705905914307,
        3.7277238368988037,
        3.7242956161499023,
        3.7156729698181152,
        3.704285144805908,
        3.6889936923980713,
        3.6921579837799072,
        3.6695303916931152,
        3.6578755378723145,
        3.6523935794830322,
        3.6293344497680664,
        3.63893723487854,
        3.631723642349243,
        3.624330997467041,
        3.6052536964416504,
        3.5936832427978516,
        3.582803249359131,
        3.5713553428649902,
        3.5620808601379395,
        3.5571155548095703
    ],