{
    "effect_pehe": 6.949742794036865,
    "effect_mae": 0.6534963846206665
}