{
    "effect_pehe": 7.599207878112793,
    "effect_mae": 0.04222768545150757
}