{
    "effect_pehe": 1.8698828220367432,
    "effect_mae": 0.09403276443481445
}