{
    "effect_pehe": 1.9515637159347534,
    "effect_mae": 0.16611602902412415
}