{
    "effect_pehe": 3.8167378902435303,
    "effect_mae": 0.41035085916519165
}