{
    "effect_pehe": 1.7789289951324463,
    "effect_mae": 0.2917562425136566
}