{
    "effect_pehe": 1.9217876195907593,
    "effect_mae": 0.30572953820228577
}