{
    "effect_pehe": 1.001839280128479,
    "effect_mae": 0.04983800649642944
}