{
    "effect_pehe": 3.3227930068969727,
    "effect_mae": 0.2503948509693146
}