{
    "effect_pehe": 1.5655285120010376,
    "effect_mae": 0.007209897041320801
}