{
    "effect_pehe": 2.0634918212890625,
    "effect_mae": 0.029668360948562622
}