{
    "effect_pehe": 0.8234168887138367,
    "effect_mae": 0.04567477107048035
}