{
    "effect_pehe": 2.0154731273651123,
    "effect_mae": 0.4450441896915436
}