{
    "effect_pehe": 3.111626148223877,
    "effect_mae": 0.08461064100265503
}