{
    "effect_pehe": 2.1059725284576416,
    "effect_mae": 0.04229825735092163
}