{
    "effect_pehe": 7.800172295202081,
    "effect_mae": 4.8140841648835595
}