{
    "effect_pehe": 12.384882495889315,
    "effect_mae": 6.633745719626019
}