{
    "effect_pehe": 20.205976870961322,
    "effect_mae": 12.828105001011785
}