{
    "effect_pehe": 6.540279817412931,
    "effect_mae": 4.268086700822668
}