{
    "effect_pehe": 5.835081590425703,
    "effect_mae": 3.7155958789365098
}