{
    "effect_pehe": 16.45643112735414,
    "effect_mae": 8.189065779911655
}