{
    "effect_pehe": 6.973148345947266,
    "effect_mae": 1.0008821487426758
}