{
    "effect_pehe": 8.74536418914795,
    "effect_mae": 0.16382503509521484
}