{
    "effect_pehe": 7.7326436042785645,
    "effect_mae": 1.207967758178711
}