{
    "effect_pehe": 4.2987165451049805,
    "effect_mae": 0.9744179248809814
}