{
    "effect_pehe": 8.096911430358887,
    "effect_mae": 1.0387487411499023
}