{
    "effect_pehe": 3.2512571811676025,
    "effect_mae": 0.7488837242126465
}