{
    "effect_pehe": 18.324064254760742,
    "effect_mae": 1.8478307723999023
}