{
    "effect_pehe": 7.216643333435059,
    "effect_mae": 0.2870903015136719
}