{
    "effect_pehe": 8.636242866516113,
    "effect_mae": 2.433084487915039
}