{
    "effect_pehe": 0.8081207871437073,
    "effect_mae": 0.048147574067115784
}