{
    "effect_pehe": 2.099905252456665,
    "effect_mae": 0.31208524107933044
}