{
    "effect_pehe": 0.792374849319458,
    "effect_mae": 0.010080993175506592
}