{
    "effect_pehe": 1.1369925737380981,
    "effect_mae": 0.2597696781158447
}