{
    "effect_pehe": 3.227681875228882,
    "effect_mae": 0.15394744277000427
}