{
    "effect_pehe": 2.030322313308716,
    "effect_mae": 0.053988873958587646
}