{
    "effect_pehe": 3.2007555961608887,
    "effect_mae": 0.5846680998802185
}