{
    "effect_pehe": 1.923708200454712,
    "effect_mae": 0.37134018540382385
}