{
    "effect_pehe": 1.0886889696121216,
    "effect_mae": 0.18503029644489288
}