{
    "effect_pehe": 1.177044153213501,
    "effect_mae": 0.18991117179393768
}