{
    "effect_pehe": 1.219679832458496,
    "effect_mae": 0.039007484912872314
}