{
    "effect_pehe": 1.9439657926559448,
    "effect_mae": 0.22585716843605042
}