{
    "effect_pehe": 21.224164469187755,
    "effect_mae": 13.064341275155332
}