{
    "effect_pehe": 14.147165108770391,
    "effect_mae": 6.2307953031513765
}