{
    "effect_pehe": 19.025507624515477,
    "effect_mae": 9.972128442278397
}