{
    "effect_pehe": 16.112763391367658,
    "effect_mae": 10.606590366890956
}