{
    "effect_pehe": 18.501639068399225,
    "effect_mae": 12.697692171227434
}