{
    "effect_pehe": 13.752914131055265,
    "effect_mae": 8.286242905282336
}