{
    "effect_pehe": 21.332216576774677,
    "effect_mae": 14.005094790761051
}