{
    "effect_pehe": 13.77676552069668,
    "effect_mae": 8.199365299410132
}