{
    "effect_pehe": 14.761238437188792,
    "effect_mae": 9.049151001196638
}