{
    "effect_pehe": 14.605173853433477,
    "effect_mae": 6.493730812633302
}