{
    "effect_pehe": 13.864050710410835,
    "effect_mae": 6.733382029910037
}