{
    "effect_pehe": 18.469856947382667,
    "effect_mae": 11.474265057303743
}