{
    "effect_pehe": 17.24281888116778,
    "effect_mae": 7.812634846329079
}