{
    "effect_pehe": 10.839672423587833,
    "effect_mae": 8.009478960944529
}