{
    "effect_pehe": 5.933064378265767,
    "effect_mae": 4.596512464872212
}