{
    "effect_pehe": 6.044836741367235,
    "effect_mae": 4.105260627445287
}