{
    "effect_pehe": 5.6692207416039215,
    "effect_mae": 3.649577020329639
}