{
    "effect_pehe": 7.344692426270268,
    "effect_mae": 4.557735020718396
}