{
    "effect_pehe": 9.148330180354222,
    "effect_mae": 7.096830423998218
}