{
    "effect_pehe": 9.750901668107788,
    "effect_mae": 6.509384577731427
}