{
    "effect_pehe": 8.358866228704837,
    "effect_mae": 6.219690179116609
}