{
    "effect_pehe": 7.837556729854593,
    "effect_mae": 6.0133152496123685
}