{
    "effect_pehe": 8.841262230958176,
    "effect_mae": 6.253680164761241
}