{
    "effect_pehe": 13.679341316223145,
    "effect_mae": 2.3907666206359863
}