{
    "effect_pehe": 16.16761589050293,
    "effect_mae": 0.39736175537109375
}