{
    "effect_pehe": 19.90308952331543,
    "effect_mae": 1.896005630493164
}