{
    "effect_pehe": 13.662206649780273,
    "effect_mae": 0.5865130424499512
}