{
    "effect_pehe": 50.664939880371094,
    "effect_mae": 3.9196267127990723
}