{
    "epoch": [
        0,
        1,
        2,
        3,
        4,
        5,
        6,
        7,
        8,
        9,
        10,
        11,
        12,
        13,
        14,
        15,
        16,
        17,
        18,
        19,
        20,
        21,
        22,
        23,
        24,
        25,
        26,
        27,
        28,
        29,
        30,
        31,
        32,
        33,
        34,
        35,
        36,
        37,
        38,
        39,
        40,
        41,
        42,
        43,
        44,
        45,
        46,
        47,
        48,
        49,
        50,
        51,
        52,
        53,
        54,
        55,
        56,
        57
    ],
    "train_loss": [
        504.06121826171875,
        503.6485290527344,
        503.24658203125,
        502.8535461425781,
        502.4534912109375,
        502.0514831542969,
        501.6323547363281,
        501.2050476074219,
        500.7982482910156,
        500.3812561035156,
        499.93572998046875,
        499.4395751953125,
        498.87872314453125,
        498.244384765625,
        497.5488586425781,
        496.7744140625,
        495.85552978515625,
        494.8336181640625,
        493.687255859375,
        492.3846740722656,
        490.9609375,
        489.362548828125,
        487.6155700683594,
        485.6770324707031,
        483.5806579589844,
        481.29510498046875,
        478.7972106933594,
        476.1214294433594,
        473.2720947265625,
        470.15228271484375,
        466.86639404296875,
        463.4086608886719,
        459.7662353515625,
        455.8857421875,
        451.8372802734375,
        447.6296081542969,
        443.392822265625,
        438.8941345214844,
        434.3756103515625,
        429.8294677734375,
        425.0537414550781,
        420.3788146972656,
        415.7493896484375,
        411.10369873046875,
        406.6697082519531,
        402.4770202636719,
        398.5028991699219,
        394.4490051269531,
        390.95135498046875,
        387.8636169433594,
        385.21295166015625,
        382.6372985839844,
        380.536865234375,
        378.6575012207031,
        377.0591125488281,
        375.8373107910156,
        374.8030700683594,
        373.6851501464844
    ],
    "val_loss": [
        683.059326171875,
        682.6297607421875,
        682.2142944335938,
        681.81787109375,
        681.3986206054688,
        680.9783325195312,
        680.5612182617188,
        680.1153564453125,
        679.7031860351562,
        679.2776489257812,
        678.8239135742188,
        678.3261108398438,
        677.7652587890625,
        677.1502075195312,
        676.463134765625,
        675.6992797851562,
        674.849609375,
        673.8316650390625,
        672.80615234375,
        671.5906372070312,
        670.2965698242188,
        668.896728515625,
        667.4574584960938,
        665.8965454101562,
        664.35888671875,
        662.6425170898438,
        661.0534057617188,
        659.4885864257812,
        658.0776977539062,
        656.8124389648438,
        655.9132080078125,
        655.0936889648438,
        654.852294921875,
        655.4183349609375,
        656.4760131835938,
        658.1596069335938,
        660.978271484375,
        664.541748046875,
        669.221435546875,
        674.9722900390625,
        681.6439208984375,
        689.6142578125,
        698.59814453125,
        708.05517578125,
        719.08837890625,
        730.1296997070312,
        741.4842529296875,
        752.7110595703125,
        763.0639038085938,
        772.7409057617188,
        779.9044189453125,
        785.5798950195312,
        787.8032836914062,
        787.5932006835938,
        783.1848754882812,
        776.0017700195312,
        765.7222900390625,
        752.113037109375
    ]
}