{
    "effect_pehe": 14.31308364868164,
    "effect_mae": 3.405576467514038
}