{
    "effect_pehe": 52.81422805786133,
    "effect_mae": 18.519702911376953
}