{
    "effect_pehe": 52.114566802978516,
    "effect_mae": 27.694297790527344
}