{
    "effect_pehe": 34.29706954956055,
    "effect_mae": 2.2401490211486816
}