{
    "effect_pehe": 15.262726783752441,
    "effect_mae": 6.529454708099365
}