{
    "effect_pehe": 17.692569732666016,
    "effect_mae": 8.066500663757324
}