{
    "epoch": [
        0,
        1,
        2,
        3,
        4,
        5,
        6,
        7,
        8,
        9,
        10,
        11,
        12,
        13,
        14,
        15,
        16,
        17,
        18,
        19,
        20,
        21,
        22,
        23,
        24,
        25,
        26,
        27,
        28,
        29,
        30,
        31,
        32,
        33,
        34,
        35,
        36,
        37,
        38,
        39,
        40,
        41,
        42,
        43,
        44,
        45,
        46,
        47,
        48,
        49,
        50,
        51,
        52,
        53,
        54,
        55,
        56,
        57,
        58,
        59,
        60,
        61,
        62,
        63,
        64,
        65,
        66,
        67,
        68,
        69,
        70,
        71,
        72,
        73,
        74,
        75,
        76,
        77,
        78,
        79,
        80,
        81,
        82,
        83,
        84,
        85,
        86,
        87,
        88,
        89,
        90,
        91,
        92,
        93,
        94,
        95,
        96,
        97,
        98,
        99,
        100
    ],
    "train_loss": [
        1130.5921630859375,
        1130.13134765625,
        1129.6416015625,
        1129.137451171875,
        1128.596923828125,
        1128.014404296875,
        1127.4251708984375,
        1126.791015625,
        1126.0692138671875,
        1125.2552490234375,
        1124.333740234375,
        1123.296875,
        1122.18212890625,
        1120.9517822265625,
        1119.5938720703125,
        1118.073486328125,
        1116.3817138671875,
        1114.5130615234375,
        1112.4017333984375,
        1110.0611572265625,
        1107.463623046875,
        1104.5528564453125,
        1101.3045654296875,
        1097.73779296875,
        1093.8878173828125,
        1089.5892333984375,
        1084.833251953125,
        1079.8941650390625,
        1074.648193359375,
        1069.008056640625,
        1062.9769287109375,
        1056.781494140625,
        1050.2646484375,
        1043.5657958984375,
        1036.445556640625,
        1029.195068359375,
        1021.5445556640625,
        1013.7066040039062,
        1005.6092529296875,
        997.3427734375,
        988.9061889648438,
        980.0447998046875,
        971.2275390625,
        962.6082763671875,
        952.9447631835938,
        943.7962646484375,
        934.2847290039062,
        924.4658203125,
        914.8110961914062,
        904.5458374023438,
        895.202880859375,
        884.9519653320312,
        875.8657836914062,
        867.0870971679688,
        858.7772216796875,
        851.115478515625,
        843.9181518554688,
        838.13232421875,
        832.6735229492188,
        828.2314453125,
        825.2793579101562,
        822.8162841796875,
        821.4814453125,
        820.3472290039062,
        819.903564453125,
        819.2484741210938,
        818.924072265625,
        818.7432250976562,
        819.1011352539062,
        817.9003295898438,
        817.31640625,
        817.3460083007812,
        816.4691772460938,
        815.8923950195312,
        816.1109008789062,
        815.5597534179688,
        815.7186279296875,
        814.4078369140625,
        814.8367309570312,
        813.9043579101562,
        813.3580932617188,
        812.5982666015625,
        811.798583984375,
        811.6160888671875,
        811.9472045898438,
        811.1318969726562,
        810.9304809570312,
        809.9132080078125,
        809.4879150390625,
        808.8736572265625,
        808.2584838867188,
        807.8861694335938,
        807.2359619140625,
        806.994140625,
        807.4664306640625,
        806.4871215820312,
        806.1985473632812,
        805.8345336914062,
        804.3882446289062,
        804.0169677734375,
        803.9491577148438
    ],
    "val_loss": [
        966.8922729492188,
        966.4992065429688,
        966.0667724609375,
        965.6220703125,
        965.1511840820312,
        964.6666870117188,
        964.1320190429688,
        963.5681762695312,
        962.9434204101562,
        962.2476196289062,
        961.4656982421875,
        960.5859375,
        959.5890502929688,
        958.5928344726562,
        957.3823852539062,
        956.2271118164062,
        954.8404541015625,
        953.2572631835938,
        951.5135498046875,
        949.659423828125,
        947.5107421875,
        945.3388671875,
        942.876953125,
        940.2142333984375,
        937.4138793945312,
        934.5422973632812,
        931.5331420898438,
        928.4959106445312,
        925.4385375976562,
        922.5053100585938,
        919.8660278320312,
        916.9419555664062,
        914.323974609375,
        911.7433471679688,
        909.0003662109375,
        906.3388061523438,
        903.5623779296875,
        900.2041625976562,
        897.0406494140625,
        893.254150390625,
        889.609619140625,
        884.8250122070312,
        880.7992553710938,
        875.56298828125,
        870.2066040039062,
        864.1878051757812,
        858.1386108398438,
        851.71240234375,
        844.7926025390625,
        837.544921875,
        830.3927001953125,
        822.763916015625,
        815.404296875,
        808.7728271484375,
        801.1987915039062,
        795.04443359375,
        788.9923706054688,
        783.8779296875,
        778.2916259765625,
        772.9434204101562,
        769.893310546875,
        766.070068359375,
        762.1605834960938,
        758.93994140625,
        754.2744750976562,
        751.005126953125,
        747.0291748046875,
        743.024169921875,
        738.9768676757812,
        735.359375,
        731.3060302734375,
        729.2664184570312,
        727.07421875,
        724.6603393554688,
        723.5167846679688,
        722.4357299804688,
        723.408447265625,
        723.2998657226562,
        723.7874145507812,
        725.8772583007812,
        727.2096557617188,
        729.2222290039062,
        731.8731079101562,
        734.76123046875,
        739.5740356445312,
        741.6143798828125,
        746.3540649414062,
        748.1895751953125,
        751.2756958007812,
        753.0985107421875,
        754.6692504882812,
        756.2110595703125,
        756.7655639648438,
        758.4398193359375,
        758.4999389648438,
        761.7919311523438,
        763.8690185546875,
        766.0747680664062,
        767.743408203125,
        771.4703369140625,
        773.7206420898438
    ]
}