{
    "effect_pehe": 15.933295249938965,
    "effect_mae": 6.904682159423828
}