{
    "epoch": [
        0,
        1,
        2,
        3,
        4,
        5,
        6,
        7,
        8,
        9,
        10,
        11,
        12,
        13,
        14,
        15,
        16,
        17,
        18,
        19,
        20,
        21,
        22,
        23,
        24,
        25,
        26,
        27,
        28,
        29,
        30,
        31,
        32,
        33,
        34,
        35,
        36,
        37,
        38,
        39,
        40,
        41,
        42,
        43,
        44,
        45,
        46,
        47,
        48,
        49,
        50,
        51,
        52,
        53,
        54,
        55,
        56,
        57,
        58,
        59,
        60,
        61,
        62,
        63,
        64,
        65,
        66,
        67,
        68,
        69,
        70,
        71,
        72,
        73,
        74,
        75,
        76,
        77,
        78,
        79,
        80,
        81,
        82,
        83,
        84,
        85,
        86,
        87,
        88,
        89,
        90,
        91,
        92
    ],
    "train_loss": [
        503.5744934082031,
        503.1800537109375,
        502.7948913574219,
        502.42242431640625,
        502.0587463378906,
        501.6748352050781,
        501.2803649902344,
        500.8619384765625,
        500.40228271484375,
        499.9057312011719,
        499.3739929199219,
        498.765625,
        498.1158142089844,
        497.38983154296875,
        496.5628662109375,
        495.63946533203125,
        494.5923156738281,
        493.4704895019531,
        492.197998046875,
        490.7931823730469,
        489.2550964355469,
        487.56005859375,
        485.77777099609375,
        483.7361145019531,
        481.5754699707031,
        479.26336669921875,
        476.7650146484375,
        474.1407165527344,
        471.2877197265625,
        468.24322509765625,
        465.0546875,
        461.5050048828125,
        457.872802734375,
        453.9573669433594,
        449.8067932128906,
        445.45703125,
        440.9646301269531,
        436.33807373046875,
        431.38372802734375,
        426.4703369140625,
        421.11029052734375,
        415.8857116699219,
        410.7765808105469,
        405.4143371582031,
        400.43072509765625,
        395.5240478515625,
        390.7858581542969,
        386.5406799316406,
        382.6518859863281,
        378.916259765625,
        375.8865661621094,
        373.34423828125,
        371.28399658203125,
        369.6794738769531,
        368.4721984863281,
        367.4993591308594,
        366.5634460449219,
        365.9060974121094,
        365.4522399902344,
        364.9310607910156,
        364.63726806640625,
        364.4293212890625,
        364.4418640136719,
        364.2191162109375,
        364.55950927734375,
        364.5092468261719,
        364.32476806640625,
        364.2129211425781,
        364.0869445800781,
        363.2063903808594,
        363.06976318359375,
        362.51507568359375,
        362.00311279296875,
        361.719970703125,
        361.84661865234375,
        361.5805969238281,
        361.22320556640625,
        361.0589599609375,
        360.919677734375,
        360.7648620605469,
        360.59320068359375,
        360.3517150878906,
        360.26434326171875,
        360.1986083984375,
        360.027099609375,
        359.5110168457031,
        359.6065368652344,
        359.1230163574219,
        359.0619812011719,
        358.7064208984375,
        358.836669921875,
        358.32879638671875,
        358.389404296875
    ],
    "val_loss": [
        373.1451721191406,
        372.7898254394531,
        372.45574951171875,
        372.12432861328125,
        371.8014221191406,
        371.4640197753906,
        371.1209411621094,
        370.7554016113281,
        370.3398742675781,
        369.9163818359375,
        369.4596862792969,
        368.9383544921875,
        368.3708801269531,
        367.7567443847656,
        367.0525207519531,
        366.2523498535156,
        365.3846435546875,
        364.3739929199219,
        363.3070983886719,
        362.0928649902344,
        360.7699279785156,
        359.3191223144531,
        357.6639709472656,
        355.8777160644531,
        353.9723815917969,
        351.8277893066406,
        349.6159973144531,
        347.1751708984375,
        344.5139465332031,
        341.6286926269531,
        338.6960754394531,
        335.481201171875,
        332.15771484375,
        328.7425231933594,
        325.20672607421875,
        321.4259948730469,
        317.6298828125,
        313.8453369140625,
        309.88592529296875,
        306.1740417480469,
        302.2251281738281,
        298.37786865234375,
        294.6088562011719,
        290.82965087890625,
        287.5384521484375,
        284.068115234375,
        281.17218017578125,
        278.21905517578125,
        275.8633728027344,
        274.14642333984375,
        272.21392822265625,
        270.9783935546875,
        269.9140625,
        269.31744384765625,
        269.2533264160156,
        268.5137023925781,
        268.09515380859375,
        267.60687255859375,
        266.92547607421875,
        266.2189636230469,
        265.26763916015625,
        264.71490478515625,
        264.4143371582031,
        264.2821044921875,
        263.3954772949219,
        262.86395263671875,
        263.10845947265625,
        262.6198425292969,
        262.8600158691406,
        262.91864013671875,
        263.0663146972656,
        263.3097839355469,
        263.4915466308594,
        263.827392578125,
        264.4808044433594,
        264.6778259277344,
        265.18035888671875,
        265.61700439453125,
        265.5525817871094,
        266.22601318359375,
        266.44329833984375,
        266.1131591796875,
        266.4390563964844,
        266.2445068359375,
        266.869873046875,
        266.7792053222656,
        266.54443359375,
        266.91265869140625,
        266.7666931152344,
        266.61871337890625,
        266.6041564941406,
        266.2558288574219,
        266.0246276855469
    ]
}