{
    "effect_pehe": 14.004953384399414,
    "effect_mae": 2.494905471801758
}