{
    "effect_pehe": 1.0021625757217407,
    "effect_mae": 0.09238076210021973
}