{
    "effect_pehe": 0.7714542150497437,
    "effect_mae": 0.03975534439086914
}