{
    "effect_pehe": 1.5777207612991333,
    "effect_mae": 0.2628231346607208
}