{
    "effect_pehe": 2.3232429027557373,
    "effect_mae": 1.2229647636413574
}