{
    "effect_pehe": 0.7679458856582642,
    "effect_mae": 0.021663427352905273
}