{
    "effect_pehe": 1.8557442426681519,
    "effect_mae": 1.2669378519058228
}