{
    "effect_pehe": 1.403565526008606,
    "effect_mae": 0.1577550172805786
}