{
    "effect_pehe": 1.6951193809509277,
    "effect_mae": 0.03170418739318848
}