{
    "effect_pehe": 3.8183071613311768,
    "effect_mae": 2.333742618560791
}