{
    "effect_pehe": 44.82721498550432,
    "effect_mae": 24.52979056303883
}