{
    "effect_pehe": 4.1270257587982115,
    "effect_mae": 3.307585316831479
}