{
    "effect_pehe": 4.125168903100535,
    "effect_mae": 3.180017618394852
}