{
    "effect_pehe": 3.268210622891526,
    "effect_mae": 2.599865167972504
}