{
    "effect_pehe": 2.981512063796587,
    "effect_mae": 2.3462065731725716
}