{
    "effect_pehe": 3.3705043201637963,
    "effect_mae": 2.7199513579290455
}