{
    "effect_pehe": 3.4343277393160974,
    "effect_mae": 2.717781107345723
}