{
    "effect_pehe": 3.662400432520845,
    "effect_mae": 2.8744652192028246
}