{
    "effect_pehe": 3.3166731909426423,
    "effect_mae": 2.6252507803434253
}