{
    "effect_pehe": 4.705812638899188,
    "effect_mae": 3.6563021801780344
}