{
    "effect_pehe": 2.983643345628698,
    "effect_mae": 2.362783442137635
}