{
    "effect_pehe": 4.635723405936967,
    "effect_mae": 3.710460042270866
}