{
    "effect_pehe": 2.3338980674743652,
    "effect_mae": 0.9989373683929443
}