{
    "effect_pehe": 1.9981118440628052,
    "effect_mae": 0.5168302059173584
}