{
    "effect_pehe": 1.229466438293457,
    "effect_mae": 0.07381625473499298
}