{
    "effect_pehe": 2.5660369396209717,
    "effect_mae": 1.4321346282958984
}