{
    "effect_pehe": 0.763810932636261,
    "effect_mae": 0.03554677963256836
}