{
    "effect_pehe": 2.0763068199157715,
    "effect_mae": 0.08906126022338867
}