{
    "effect_pehe": 1.3796861171722412,
    "effect_mae": 0.518096923828125
}