{
    "effect_pehe": 2.1263628005981445,
    "effect_mae": 0.9994339942932129
}