{
    "effect_pehe": 3.4508886337280273,
    "effect_mae": 2.302924156188965
}