{
    "effect_pehe": 2.4693472385406494,
    "effect_mae": 0.007954299449920654
}