{
    "effect_pehe": 0.8221582770347595,
    "effect_mae": 0.06608152389526367
}