{
    "effect_pehe": 1.6736903190612793,
    "effect_mae": 1.127011775970459
}