{
    "effect_pehe": 0.7991181015968323,
    "effect_mae": 0.03257608413696289
}