{
    "effect_pehe": 1.503438949584961,
    "effect_mae": 0.022682994604110718
}