{
    "effect_pehe": 7.653809070587158,
    "effect_mae": 0.2379741668701172
}