{
    "effect_pehe": 9.82339859008789,
    "effect_mae": 0.46112728118896484
}