{
    "effect_pehe": 8.202560424804688,
    "effect_mae": 2.709109306335449
}