{
    "effect_pehe": 4.239625453948975,
    "effect_mae": 0.9797723293304443
}