{
    "effect_pehe": 8.66445541381836,
    "effect_mae": 0.9174203872680664
}