{
    "effect_pehe": 4.437744617462158,
    "effect_mae": 1.1707041263580322
}