{
    "effect_pehe": 29.548707962036133,
    "effect_mae": 3.36419677734375
}