{
    "effect_pehe": 9.678298950195312,
    "effect_mae": 0.38655900955200195
}