{
    "effect_pehe": 4.6197428703308105,
    "effect_mae": 0.19700002670288086
}