{
    "effect_pehe": 3.5258824825286865,
    "effect_mae": 1.1391167640686035
}