{
    "epoch": [
        0,
        1,
        2,
        3,
        4,
        5,
        6,
        7,
        8,
        9,
        10,
        11,
        12,
        13,
        14,
        15,
        16,
        17,
        18,
        19,
        20,
        21,
        22,
        23,
        24,
        25,
        26,
        27,
        28,
        29,
        30,
        31,
        32,
        33,
        34,
        35,
        36,
        37,
        38,
        39,
        40,
        41,
        42,
        43,
        44,
        45,
        46,
        47,
        48,
        49,
        50,
        51,
        52
    ],
    "train_loss": [
        862.755615234375,
        329.0312194824219,
        261.24603271484375,
        335.1597595214844,
        343.01153564453125,
        352.4700927734375,
        259.4515075683594,
        169.50238037109375,
        142.05577087402344,
        118.6026840209961,
        116.19208526611328,
        138.69027709960938,
        158.5584259033203,
        151.27520751953125,
        109.37196350097656,
        83.07673645019531,
        63.43084716796875,
        72.1194076538086,
        76.14461517333984,
        80.93697357177734,
        86.61204528808594,
        73.84585571289062,
        77.28208923339844,
        66.13412475585938,
        61.52530288696289,
        53.193817138671875,
        54.731719970703125,
        64.4208755493164,
        57.045799255371094,
        50.710105895996094,
        43.17710494995117,
        45.2673454284668,
        39.515708923339844,
        36.195804595947266,
        41.49958801269531,
        36.16572952270508,
        31.309545516967773,
        33.24637985229492,
        29.054590225219727,
        31.961210250854492,
        30.26628303527832,
        27.54644775390625,
        25.27452278137207,
        28.87934112548828,
        24.227890014648438,
        24.18790054321289,
        22.3756046295166,
        23.99953269958496,
        25.072895050048828,
        19.910673141479492,
        21.93999671936035,
        19.562725067138672,
        20.24459457397461
    ],
    "val_loss": [
        1225.1507568359375,
        878.3922729492188,
        838.698974609375,
        892.0623168945312,
        851.88525390625,
        1018.0619506835938,
        922.2689819335938,
        730.8941650390625,
        621.1332397460938,
        542.294677734375,
        558.4794921875,
        532.8630981445312,
        592.6641235351562,
        571.6906127929688,
        522.5548706054688,
        516.8701782226562,
        480.26922607421875,
        511.7211608886719,
        534.4594116210938,
        577.0940551757812,
        554.2617797851562,
        490.7699890136719,
        500.5212707519531,
        497.2606506347656,
        455.2684020996094,
        457.5068359375,
        427.9366455078125,
        414.9308166503906,
        460.3581237792969,
        466.3729248046875,
        423.5693054199219,
        507.8997497558594,
        445.6578674316406,
        457.88226318359375,
        517.05712890625,
        464.7026672363281,
        462.5348205566406,
        489.51019287109375,
        483.0790710449219,
        453.57855224609375,
        487.8746032714844,
        475.8568115234375,
        462.2353515625,
        473.15423583984375,
        449.9495544433594,
        431.60980224609375,
        454.7801208496094,
        470.35455322265625,
        442.9900817871094,
        449.5594482421875,
        486.0042419433594,
        467.55059814453125,
        475.880126953125
    ]
}