{
    "effect_pehe": 22.12842559814453,
    "effect_mae": 3.867156505584717
}