{
    "epoch": [
        0,
        1,
        2,
        3,
        4,
        5,
        6,
        7,
        8,
        9,
        10,
        11,
        12,
        13,
        14,
        15,
        16,
        17,
        18,
        19,
        20,
        21,
        22,
        23,
        24,
        25,
        26,
        27,
        28,
        29,
        30,
        31,
        32,
        33,
        34,
        35,
        36,
        37,
        38,
        39,
        40,
        41,
        42,
        43,
        44,
        45,
        46,
        47,
        48,
        49,
        50,
        51,
        52,
        53,
        54,
        55,
        56,
        57,
        58,
        59,
        60,
        61,
        62,
        63,
        64,
        65,
        66,
        67,
        68,
        69,
        70,
        71,
        72,
        73
    ],
    "train_loss": [
        261234.9375,
        138356.453125,
        82945.5859375,
        95321.0,
        121818.8359375,
        101969.78125,
        74617.3359375,
        47415.078125,
        39421.76171875,
        46318.91796875,
        52674.53515625,
        45681.01953125,
        62983.875,
        52900.828125,
        36976.57421875,
        27695.744140625,
        26712.7578125,
        30525.447265625,
        35564.74609375,
        34396.1328125,
        33947.6015625,
        24627.55859375,
        18650.359375,
        15534.40625,
        18155.888671875,
        20827.263671875,
        24625.98046875,
        20855.755859375,
        19378.44921875,
        15721.884765625,
        12607.7900390625,
        11964.412109375,
        12447.8310546875,
        12056.0185546875,
        11627.73046875,
        11833.1240234375,
        10214.603515625,
        9663.724609375,
        7102.2373046875,
        8544.5205078125,
        7595.22998046875,
        7680.4306640625,
        6937.404296875,
        7227.677734375,
        6040.1064453125,
        6386.11572265625,
        5382.62890625,
        6096.91943359375,
        4821.15771484375,
        4662.5595703125,
        3766.36279296875,
        4096.1806640625,
        4100.16015625,
        3833.462158203125,
        3757.755859375,
        3548.970458984375,
        3501.447998046875,
        3028.646728515625,
        3164.830078125,
        2517.314208984375,
        2417.653076171875,
        2251.12158203125,
        2155.885986328125,
        2326.758544921875,
        1841.6917724609375,
        1798.5703125,
        1641.086669921875,
        1605.7535400390625,
        1895.6239013671875,
        1449.322998046875,
        1232.7808837890625,
        1360.607666015625,
        1280.8514404296875,
        1087.82080078125
    ],
    "val_loss": [
        553132.1875,
        299087.125,
        109312.40625,
        146498.21875,
        139644.953125,
        148606.828125,
        145231.6875,
        87833.1328125,
        48251.62109375,
        80461.46875,
        130514.890625,
        116348.9453125,
        166440.421875,
        151619.4375,
        68309.1171875,
        92228.671875,
        52925.19140625,
        57559.6953125,
        69095.8046875,
        54660.20703125,
        47395.2578125,
        44923.23046875,
        57540.77734375,
        101409.2421875,
        112997.0703125,
        94577.859375,
        132108.46875,
        41339.34375,
        50791.5234375,
        36235.38671875,
        77052.5703125,
        56737.78125,
        27473.3984375,
        60625.7890625,
        40437.7265625,
        28727.44140625,
        41631.5,
        54362.08203125,
        26569.6328125,
        59534.79296875,
        38689.09765625,
        82522.234375,
        49639.12890625,
        41640.48046875,
        22963.1796875,
        27757.44921875,
        18733.3828125,
        37550.9765625,
        16304.0439453125,
        33567.7578125,
        36309.171875,
        40670.671875,
        29462.580078125,
        31874.021484375,
        23940.443359375,
        47167.609375,
        35030.16015625,
        19046.30078125,
        24627.3125,
        24579.701171875,
        33816.59375,
        22984.80859375,
        27435.759765625,
        27346.080078125,
        30385.2265625,
        36270.1640625,
        33097.125,
        45418.19921875,
        25330.38671875,
        21030.8984375,
        26898.3515625,
        27002.267578125,
        31406.51171875,
        36612.640625
    ]
}