{
    "effect_pehe": 480.708984375,
    "effect_mae": 451.6048278808594
}