{
    "epoch": [
        0,
        1,
        2,
        3,
        4,
        5,
        6,
        7,
        8,
        9,
        10,
        11,
        12,
        13,
        14,
        15,
        16,
        17,
        18,
        19,
        20,
        21,
        22,
        23,
        24,
        25,
        26,
        27,
        28,
        29,
        30,
        31,
        32,
        33,
        34,
        35,
        36,
        37,
        38,
        39,
        40,
        41,
        42,
        43,
        44,
        45,
        46,
        47,
        48,
        49,
        50,
        51,
        52,
        53,
        54,
        55,
        56,
        57,
        58,
        59,
        60,
        61,
        62,
        63,
        64,
        65,
        66,
        67,
        68,
        69,
        70,
        71,
        72,
        73,
        74,
        75,
        76,
        77,
        78,
        79,
        80,
        81,
        82,
        83,
        84,
        85,
        86,
        87,
        88,
        89,
        90,
        91,
        92,
        93,
        94,
        95,
        96,
        97,
        98,
        99,
        100,
        101,
        102,
        103,
        104,
        105,
        106,
        107,
        108,
        109,
        110,
        111,
        112,
        113,
        114,
        115,
        116,
        117,
        118,
        119,
        120,
        121,
        122,
        123,
        124,
        125,
        126,
        127,
        128,
        129,
        130,
        131,
        132,
        133,
        134,
        135,
        136,
        137,
        138,
        139,
        140,
        141,
        142,
        143,
        144,
        145,
        146,
        147,
        148,
        149
    ],
    "train_loss": [
        280.1091613769531,
        159.6725616455078,
        134.4827880859375,
        132.09222412109375,
        120.48978424072266,
        116.91824340820312,
        86.83139038085938,
        64.25981140136719,
        49.6406364440918,
        43.64655685424805,
        48.92404556274414,
        51.6273307800293,
        45.715675354003906,
        41.88003921508789,
        33.81674575805664,
        28.34406089782715,
        22.06961441040039,
        22.92203140258789,
        24.181528091430664,
        24.894786834716797,
        25.14533805847168,
        19.357906341552734,
        17.920442581176758,
        14.468810081481934,
        13.3309965133667,
        14.46972942352295,
        14.287822723388672,
        14.694639205932617,
        13.044848442077637,
        10.46870231628418,
        8.700236320495605,
        8.395726203918457,
        9.205275535583496,
        9.011959075927734,
        8.19565200805664,
        8.249797821044922,
        7.585788726806641,
        6.691288948059082,
        5.987062931060791,
        5.325727939605713,
        5.826941967010498,
        6.03221321105957,
        5.083709239959717,
        5.011501789093018,
        4.673899173736572,
        4.273604393005371,
        4.006791591644287,
        3.929612398147583,
        4.2214436531066895,
        3.770219564437866,
        3.2256693840026855,
        3.192908763885498,
        2.949577569961548,
        3.074129343032837,
        3.244900941848755,
        3.040154218673706,
        2.5500311851501465,
        2.505314588546753,
        2.4055581092834473,
        2.2076642513275146,
        2.277665615081787,
        2.2265100479125977,
        2.001147747039795,
        1.996637225151062,
        1.8585160970687866,
        1.9040305614471436,
        1.946063756942749,
        1.691606879234314,
        1.8150789737701416,
        1.4833526611328125,
        1.527133822441101,
        1.6770013570785522,
        1.4994068145751953,
        1.476830244064331,
        1.4322080612182617,
        1.4583258628845215,
        1.4050348997116089,
        1.258261799812317,
        1.2029494047164917,
        1.2155953645706177,
        1.1759965419769287,
        1.0552101135253906,
        1.0761750936508179,
        1.2173535823822021,
        1.0358822345733643,
        0.9497710466384888,
        1.023603081703186,
        0.9524828791618347,
        0.9341083765029907,
        0.9935153722763062,
        0.8869370818138123,
        0.9045060276985168,
        0.824435830116272,
        0.8694246411323547,
        0.7955850958824158,
        0.8260646462440491,
        0.8183678984642029,
        0.7884029746055603,
        0.7881041169166565,
        0.7801031470298767,
        0.7824680209159851,
        0.7601250410079956,
        0.7495465874671936,
        0.7283798456192017,
        0.6956692934036255,
        0.7168876528739929,
        0.7188568711280823,
        0.6946796774864197,
        0.6407977342605591,
        0.6911744475364685,
        0.7021880745887756,
        0.6761265993118286,
        0.6547847986221313,
        0.6548795104026794,
        0.62413090467453,
        0.6130465269088745,
        0.6338933110237122,
        0.6289563179016113,
        0.6098942160606384,
        0.625173032283783,
        0.6277646422386169,
        0.5947623252868652,
        0.5969133973121643,
        0.5867534875869751,
        0.5935643315315247,
        0.5909347534179688,
        0.6146395802497864,
        0.6012747287750244,
        0.5975456237792969,
        0.5933018922805786,
        0.59718918800354,
        0.5444967150688171,
        0.571546196937561,
        0.5774438977241516,
        0.5652710199356079,
        0.5518527626991272,
        0.5467937588691711,
        0.5464479923248291,
        0.5604813098907471,
        0.5452042818069458,
        0.5770271420478821,
        0.566349983215332,
        0.5703021287918091,
        0.559583842754364,
        0.5510163307189941,
        0.5573539137840271,
        0.5424733757972717,
        0.5422617793083191,
        0.5316101908683777,
        0.5609883069992065
    ],