{
    "epoch": [
        0,
        1,
        2,
        3,
        4,
        5,
        6,
        7,
        8,
        9,
        10,
        11,
        12,
        13,
        14,
        15,
        16,
        17,
        18,
        19,
        20,
        21,
        22,
        23,
        24,
        25,
        26,
        27,
        28,
        29,
        30,
        31,
        32,
        33,
        34,
        35,
        36,
        37,
        38,
        39,
        40,
        41,
        42,
        43,
        44,
        45,
        46,
        47,
        48,
        49,
        50,
        51,
        52,
        53,
        54,
        55,
        56,
        57,
        58,
        59,
        60,
        61,
        62,
        63,
        64,
        65,
        66,
        67,
        68,
        69,
        70,
        71,
        72,
        73,
        74,
        75,
        76,
        77,
        78,
        79,
        80,
        81,
        82,
        83,
        84,
        85,
        86,
        87,
        88,
        89,
        90,
        91,
        92,
        93,
        94,
        95,
        96,
        97,
        98,
        99,
        100,
        101,
        102,
        103,
        104,
        105,
        106,
        107,
        108,
        109,
        110,
        111,
        112,
        113,
        114,
        115,
        116,
        117,
        118,
        119,
        120,
        121,
        122,
        123,
        124,
        125
    ],
    "train_loss": [
        225.0891571044922,
        265.3739318847656,
        195.27845764160156,
        181.4674835205078,
        168.67396545410156,
        134.57431030273438,
        115.48782348632812,
        112.0044174194336,
        103.55773162841797,
        88.31658935546875,
        72.97544860839844,
        68.92000579833984,
        68.7976303100586,
        64.59370422363281,
        51.868736267089844,
        50.12888717651367,
        42.82299041748047,
        45.35169982910156,
        39.466773986816406,
        30.559045791625977,
        30.605113983154297,
        30.986536026000977,
        27.661548614501953,
        21.87278175354004,
        20.922182083129883,
        21.283761978149414,
        18.28061866760254,
        16.430856704711914,
        15.97793197631836,
        13.984066009521484,
        12.82520580291748,
        11.981804847717285,
        9.820510864257812,
        9.198175430297852,
        8.184162139892578,
        7.267834186553955,
        6.5493950843811035,
        5.790516376495361,
        5.478709697723389,
        4.660688400268555,
        3.974398374557495,
        4.081529140472412,
        3.3901865482330322,
        3.284902811050415,
        2.7760672569274902,
        3.0570647716522217,
        2.736461877822876,
        2.2982726097106934,
        2.2128963470458984,
        2.0201151371002197,
        1.9211987257003784,
        1.7662237882614136,
        1.6334303617477417,
        1.6207605600357056,
        1.3172292709350586,
        1.2166694402694702,
        1.2276557683944702,
        1.130969762802124,
        1.069449543952942,
        0.9595297574996948,
        0.9599970579147339,
        0.9235115051269531,
        0.8781774044036865,
        0.8276817202568054,
        0.7743432521820068,
        0.7511073350906372,
        0.7278469800949097,
        0.7109972834587097,
        0.6854022145271301,
        0.6520883440971375,
        0.6502105593681335,
        0.6261485815048218,
        0.5944935083389282,
        0.6096698641777039,
        0.5869163274765015,
        0.5726395845413208,
        0.5728444457054138,
        0.5590056777000427,
        0.505189836025238,
        0.4939574897289276,
        0.5252619981765747,
        0.5196340084075928,
        0.5091246962547302,
        0.4587995707988739,
        0.500526487827301,
        0.46930500864982605,
        0.5015172362327576,
        0.4845621883869171,
        0.4797261655330658,
        0.4554155766963959,
        0.44731926918029785,
        0.4498956501483917,
        0.49178048968315125,
        0.4652041792869568,
        0.4523211121559143,
        0.4748200476169586,
        0.45679205656051636,
        0.43879082798957825,
        0.46394243836402893,
        0.46155744791030884,
        0.40944603085517883,
        0.4322648048400879,
        0.4268183410167694,
        0.43447309732437134,
        0.4558563828468323,
        0.46549052000045776,
        0.4469775855541229,
        0.4449809789657593,
        0.44301989674568176,
        0.42705559730529785,
        0.42380884289741516,
        0.44334736466407776,
        0.4313102066516876,
        0.4277270436286926,
        0.4284636378288269,
        0.4378302991390228,
        0.4334389269351959,
        0.4349735677242279,
        0.4208504259586334,
        0.4333677589893341,
        0.4553185701370239,
        0.41522976756095886,
        0.43456703424453735,
        0.43258485198020935,
        0.42526569962501526,
        0.4253210723400116
    ],