{
    "effect_pehe": 5.290889263153076,
    "effect_mae": 2.9496641159057617
}