{
    "effect_pehe": 38.74214172363281,
    "effect_mae": 12.527608871459961
}