{
    "effect_pehe": 6.4981770515441895,
    "effect_mae": 2.3894906044006348
}