{
    "effect_pehe": 12.513701438903809,
    "effect_mae": 8.653107643127441
}