{
    "effect_pehe": 6.075906276702881,
    "effect_mae": 1.7807435989379883
}