{
    "effect_pehe": 13.300623893737793,
    "effect_mae": 1.7638931274414062
}