{
    "effect_pehe": 111.8320541381836,
    "effect_mae": 100.24659729003906
}