{
    "effect_pehe": 4.697131633758545,
    "effect_mae": 0.32671165466308594
}