{
    "effect_pehe": 4.437036514282227,
    "effect_mae": 0.6197824478149414
}