{
    "effect_pehe": 5.597725868225098,
    "effect_mae": 0.10578739643096924
}