{
    "epoch": [
        0,
        1,
        2,
        3,
        4,
        5,
        6,
        7,
        8,
        9,
        10,
        11,
        12,
        13,
        14,
        15,
        16,
        17,
        18,
        19,
        20,
        21,
        22,
        23,
        24,
        25,
        26,
        27,
        28,
        29,
        30,
        31,
        32,
        33,
        34,
        35,
        36,
        37,
        38,
        39,
        40,
        41,
        42,
        43,
        44,
        45,
        46,
        47,
        48,
        49,
        50,
        51,
        52,
        53,
        54,
        55,
        56,
        57,
        58,
        59,
        60,
        61,
        62,
        63,
        64,
        65,
        66,
        67,
        68,
        69,
        70,
        71,
        72,
        73,
        74,
        75,
        76,
        77,
        78,
        79,
        80,
        81,
        82,
        83,
        84,
        85,
        86,
        87,
        88,
        89,
        90,
        91,
        92,
        93,
        94,
        95,
        96,
        97,
        98,
        99,
        100,
        101,
        102,
        103,
        104
    ],
    "train_loss": [
        19.592567443847656,
        19.57102394104004,
        19.550928115844727,
        19.52788734436035,
        19.5015869140625,
        19.470182418823242,
        19.43230438232422,
        19.384645462036133,
        19.329452514648438,
        19.26230812072754,
        19.180927276611328,
        19.09153175354004,
        18.986825942993164,
        18.85932731628418,
        18.715789794921875,
        18.547155380249023,
        18.357858657836914,
        18.146957397460938,
        17.912267684936523,
        17.64299201965332,
        17.355236053466797,
        17.02351188659668,
        16.658344268798828,
        16.262020111083984,
        15.827260971069336,
        15.349676132202148,
        14.84591293334961,
        14.293521881103516,
        13.723945617675781,
        13.127632141113281,
        12.520195007324219,
        11.89195728302002,
        11.278634071350098,
        10.675088882446289,
        10.111666679382324,
        9.587897300720215,
        9.111668586730957,
        8.700140953063965,
        8.32789421081543,
        7.961704254150391,
        7.673745155334473,
        7.397689342498779,
        7.1504340171813965,
        6.929847240447998,
        6.733924388885498,
        6.5849714279174805,
        6.448007106781006,
        6.346869945526123,
        6.278666019439697,
        6.231670379638672,
        6.180953025817871,
        6.145045757293701,
        6.1084723472595215,
        6.08326530456543,
        6.038522243499756,
        5.999549388885498,
        5.9829421043396,
        5.956522464752197,
        5.925436973571777,
        5.898075580596924,
        5.86299991607666,
        5.84342098236084,
        5.818383693695068,
        5.781110763549805,
        5.764167308807373,
        5.7249932289123535,
        5.719750881195068,
        5.691407680511475,
        5.65646505355835,
        5.636998653411865,
        5.6069159507751465,
        5.582892417907715,
        5.5724382400512695,
        5.535519599914551,
        5.519295692443848,
        5.51061487197876,
        5.4805731773376465,
        5.472081184387207,
        5.443154335021973,
        5.433619976043701,
        5.408585071563721,
        5.375288009643555,
        5.371763706207275,
        5.346268653869629,
        5.317831993103027,
        5.294079780578613,
        5.285732746124268,
        5.270092010498047,
        5.242527961730957,
        5.222855091094971,
        5.2056169509887695,
        5.182130336761475,
        5.165274143218994,
        5.132349014282227,
        5.118896961212158,
        5.096744537353516,
        5.074712753295898,
        5.057654857635498,
        5.041982173919678,
        5.011051177978516,
        4.996213436126709,
        4.9814934730529785,
        4.966508865356445,
        4.938592433929443,
        4.909520149230957
    ],
    "val_loss": [
        21.886871337890625,
        21.865642547607422,
        21.84393882751465,
        21.81978988647461,
        21.794376373291016,
        21.762615203857422,
        21.723766326904297,
        21.680198669433594,
        21.623552322387695,
        21.557973861694336,
        21.481813430786133,
        21.39357566833496,
        21.290056228637695,
        21.17034912109375,
        21.029760360717773,
        20.866416931152344,
        20.691612243652344,
        20.47604751586914,
        20.253122329711914,
        19.994417190551758,
        19.715145111083984,
        19.391944885253906,
        19.03632926940918,
        18.6600399017334,
        18.22681999206543,
        17.764705657958984,
        17.24930191040039,
        16.722850799560547,
        16.144758224487305,
        15.55046558380127,
        14.9558687210083,
        14.349645614624023,
        13.701955795288086,
        13.104694366455078,
        12.540946006774902,
        11.973217010498047,
        11.445849418640137,
        11.018385887145996,
        10.581101417541504,
        10.220537185668945,
        9.884957313537598,
        9.586228370666504,
        9.330032348632812,
        9.07893180847168,
        8.928988456726074,
        8.766098022460938,
        8.657164573669434,
        8.575814247131348,
        8.544734001159668,
        8.490530967712402,
        8.495108604431152,
        8.481143951416016,
        8.458526611328125,
        8.452768325805664,
        8.439346313476562,
        8.427994728088379,
        8.42632007598877,
        8.397807121276855,
        8.40733814239502,
        8.37458324432373,
        8.379220962524414,
        8.340324401855469,
        8.326000213623047,
        8.356435775756836,
        8.32158374786377,
        8.297384262084961,
        8.32612133026123,
        8.2822847366333,
        8.273637771606445,
        8.275601387023926,
        8.280881881713867,
        8.271661758422852,
        8.267578125,
        8.256163597106934,
        8.239497184753418,
        8.278220176696777,
        8.256353378295898,
        8.24232006072998,
        8.251863479614258,
        8.237476348876953,
        8.273293495178223,
        8.287008285522461,
        8.253262519836426,
        8.288374900817871,
        8.266371726989746,
        8.304502487182617,
        8.247360229492188,
        8.280189514160156,
        8.299113273620605,
        8.280606269836426,
        8.299285888671875,
        8.283796310424805,
        8.301332473754883,
        8.284370422363281,
        8.295463562011719,
        8.296309471130371,
        8.292757987976074,
        8.30420970916748,
        8.306930541992188,
        8.311671257019043,
        8.283734321594238,
        8.327594757080078,
        8.30186653137207,
        8.298161506652832,
        8.30911636352539
    ]
}