{
    "effect_pehe": 4.331299781799316,
    "effect_mae": 0.5334861278533936
}