{
    "epoch": [
        0,
        1,
        2,
        3,
        4,
        5,
        6,
        7,
        8,
        9,
        10,
        11,
        12,
        13,
        14,
        15,
        16,
        17,
        18,
        19,
        20,
        21,
        22,
        23,
        24,
        25,
        26,
        27,
        28,
        29,
        30,
        31,
        32,
        33,
        34,
        35,
        36,
        37,
        38,
        39,
        40,
        41,
        42,
        43,
        44,
        45,
        46,
        47,
        48,
        49,
        50,
        51,
        52,
        53,
        54,
        55,
        56,
        57,
        58,
        59,
        60,
        61,
        62,
        63,
        64,
        65,
        66,
        67,
        68,
        69,
        70,
        71,
        72,
        73,
        74,
        75,
        76,
        77,
        78,
        79,
        80,
        81,
        82,
        83,
        84,
        85,
        86,
        87,
        88,
        89,
        90,
        91,
        92,
        93,
        94
    ],
    "train_loss": [
        21.985776901245117,
        21.95001220703125,
        21.913772583007812,
        21.874713897705078,
        21.831737518310547,
        21.784454345703125,
        21.72894859313965,
        21.666099548339844,
        21.59055519104004,
        21.50491714477539,
        21.40355682373047,
        21.285037994384766,
        21.14747428894043,
        20.994352340698242,
        20.807819366455078,
        20.600330352783203,
        20.366790771484375,
        20.102249145507812,
        19.79900360107422,
        19.47150421142578,
        19.101043701171875,
        18.69666862487793,
        18.245248794555664,
        17.74288558959961,
        17.21381378173828,
        16.611631393432617,
        15.991575241088867,
        15.311518669128418,
        14.584425926208496,
        13.843132972717285,
        13.042410850524902,
        12.244986534118652,
        11.445584297180176,
        10.673688888549805,
        9.925633430480957,
        9.263328552246094,
        8.708297729492188,
        8.23016357421875,
        7.901655197143555,
        7.7064080238342285,
        7.541019916534424,
        7.422824859619141,
        7.283819198608398,
        7.152729034423828,
        6.9908013343811035,
        6.831170082092285,
        6.711874961853027,
        6.620515823364258,
        6.577377796173096,
        6.536003112792969,
        6.526387691497803,
        6.495966911315918,
        6.439662933349609,
        6.392533302307129,
        6.363275051116943,
        6.3067474365234375,
        6.275842666625977,
        6.274186134338379,
        6.233019828796387,
        6.1934099197387695,
        6.166123390197754,
        6.127949237823486,
        6.092995643615723,
        6.08324670791626,
        6.0620574951171875,
        6.036423683166504,
        6.005940914154053,
        5.977268218994141,
        5.957090854644775,
        5.937702655792236,
        5.9178876876831055,
        5.912322521209717,
        5.882470607757568,
        5.873009204864502,
        5.8508758544921875,
        5.82028341293335,
        5.785881519317627,
        5.792832851409912,
        5.760733127593994,
        5.755926132202148,
        5.72636079788208,
        5.6951165199279785,
        5.690126895904541,
        5.6705427169799805,
        5.649657726287842,
        5.641353130340576,
        5.599388599395752,
        5.583557605743408,
        5.563138961791992,
        5.54381799697876,
        5.526671409606934,
        5.515567302703857,
        5.497509002685547,
        5.457749366760254,
        5.433140277862549
    ],
    "val_loss": [
        19.27216339111328,
        19.231592178344727,
        19.191638946533203,
        19.15154266357422,
        19.106630325317383,
        19.058183670043945,
        19.00414276123047,
        18.942716598510742,
        18.874622344970703,
        18.799612045288086,
        18.712865829467773,
        18.608476638793945,
        18.492761611938477,
        18.363569259643555,
        18.22231101989746,
        18.056047439575195,
        17.85346031188965,
        17.650848388671875,
        17.40645980834961,
        17.138044357299805,
        16.834672927856445,
        16.49455451965332,
        16.137405395507812,
        15.735873222351074,
        15.286785125732422,
        14.811853408813477,
        14.300639152526855,
        13.745317459106445,
        13.159321784973145,
        12.540292739868164,
        11.930704116821289,
        11.284772872924805,
        10.626548767089844,
        10.02968978881836,
        9.469478607177734,
        8.986394882202148,
        8.583710670471191,
        8.279662132263184,
        8.067416191101074,
        7.996285915374756,
        7.938849449157715,
        7.929839134216309,
        7.841757297515869,
        7.786182403564453,
        7.648515701293945,
        7.472997188568115,
        7.337421894073486,
        7.225539684295654,
        7.193440914154053,
        7.1590962409973145,
        7.0951313972473145,
        7.090277194976807,
        6.991851329803467,
        6.974800109863281,
        6.901329517364502,
        6.888332843780518,
        6.853468894958496,
        6.863253116607666,
        6.868128299713135,
        6.840697765350342,
        6.807322978973389,
        6.796385765075684,
        6.779221534729004,
        6.803884029388428,
        6.818225860595703,
        6.787515640258789,
        6.822266578674316,
        6.792956352233887,
        6.7890625,
        6.765652179718018,
        6.809664726257324,
        6.788888931274414,
        6.827594757080078,
        6.832642555236816,
        6.811753273010254,
        6.818755149841309,
        6.853212356567383,
        6.865933895111084,
        6.8704729080200195,
        6.895431995391846,
        6.904334545135498,
        6.905253887176514,
        6.914396286010742,
        6.899672508239746,
        6.93300199508667,
        6.924896240234375,
        6.9449944496154785,
        6.914358615875244,
        6.93005895614624,
        6.951759338378906,
        6.959560394287109,
        6.945422172546387,
        6.945703506469727,
        6.966483116149902,
        6.940518379211426
    ]
}