{
    "epoch": [
        0,
        1,
        2,
        3,
        4,
        5,
        6,
        7,
        8,
        9,
        10,
        11,
        12,
        13,
        14,
        15,
        16,
        17,
        18,
        19,
        20,
        21,
        22,
        23,
        24,
        25,
        26,
        27,
        28,
        29,
        30,
        31,
        32,
        33,
        34,
        35,
        36,
        37,
        38,
        39,
        40,
        41,
        42,
        43,
        44,
        45,
        46,
        47,
        48,
        49,
        50,
        51,
        52,
        53,
        54,
        55,
        56,
        57,
        58,
        59,
        60,
        61,
        62,
        63,
        64,
        65,
        66,
        67,
        68,
        69,
        70,
        71,
        72,
        73,
        74,
        75,
        76,
        77,
        78,
        79,
        80,
        81,
        82,
        83,
        84,
        85,
        86,
        87,
        88,
        89,
        90,
        91,
        92,
        93,
        94,
        95,
        96,
        97,
        98,
        99,
        100,
        101,
        102,
        103,
        104,
        105,
        106,
        107,
        108,
        109
    ],
    "train_loss": [
        19.0725040435791,
        19.04045295715332,
        19.008544921875,
        18.97602081298828,
        18.940664291381836,
        18.9027099609375,
        18.860200881958008,
        18.81061553955078,
        18.755050659179688,
        18.69204330444336,
        18.61899185180664,
        18.53297233581543,
        18.43811798095703,
        18.32440185546875,
        18.195697784423828,
        18.0468807220459,
        17.87466049194336,
        17.67783546447754,
        17.455528259277344,
        17.20804214477539,
        16.93162727355957,
        16.628665924072266,
        16.288972854614258,
        15.922492980957031,
        15.524354934692383,
        15.09683895111084,
        14.635601043701172,
        14.160605430603027,
        13.650949478149414,
        13.141419410705566,
        12.601892471313477,
        12.06737995147705,
        11.535120964050293,
        11.026814460754395,
        10.537287712097168,
        10.073290824890137,
        9.638347625732422,
        9.27698802947998,
        8.930953025817871,
        8.621768951416016,
        8.343794822692871,
        8.082779884338379,
        7.832362174987793,
        7.58927583694458,
        7.371898651123047,
        7.169815540313721,
        6.984155654907227,
        6.81646728515625,
        6.681572437286377,
        6.545253276824951,
        6.447761058807373,
        6.316183567047119,
        6.217161655426025,
        6.12244176864624,
        6.051774978637695,
        5.9764862060546875,
        5.94101095199585,
        5.898951053619385,
        5.861287593841553,
        5.818829536437988,
        5.776285171508789,
        5.742710113525391,
        5.708560943603516,
        5.685033798217773,
        5.662113189697266,
        5.627483367919922,
        5.604687690734863,
        5.568296909332275,
        5.528162956237793,
        5.50478982925415,
        5.48197603225708,
        5.464982032775879,
        5.441349506378174,
        5.418414115905762,
        5.382846832275391,
        5.355493545532227,
        5.3257598876953125,
        5.310136795043945,
        5.290226459503174,
        5.277619361877441,
        5.244198799133301,
        5.223349094390869,
        5.20166015625,
        5.178530693054199,
        5.160659313201904,
        5.139438152313232,
        5.115665912628174,
        5.100927352905273,
        5.089375019073486,
        5.061522960662842,
        5.033603191375732,
        5.023839473724365,
        4.998141765594482,
        4.97911262512207,
        4.956552505493164,
        4.93281888961792,
        4.920568943023682,
        4.9035797119140625,
        4.8831939697265625,
        4.862399101257324,
        4.852355480194092,
        4.823477268218994,
        4.804605484008789,
        4.7878923416137695,
        4.770461082458496,
        4.750768184661865,
        4.7264628410339355,
        4.709712982177734,
        4.690415382385254,
        4.664323329925537
    ],
    "val_loss": [
        18.141685485839844,
        18.118494033813477,
        18.09466552734375,
        18.072940826416016,
        18.04961585998535,
        18.02190399169922,
        17.99015998840332,
        17.954652786254883,
        17.913938522338867,
        17.86591339111328,
        17.808298110961914,
        17.7445125579834,
        17.66307830810547,
        17.57077980041504,
        17.463619232177734,
        17.341154098510742,
        17.201053619384766,
        17.04163932800293,
        16.852266311645508,
        16.649200439453125,
        16.408021926879883,
        16.152273178100586,
        15.878143310546875,
        15.571584701538086,
        15.231274604797363,
        14.874382972717285,
        14.489389419555664,
        14.101651191711426,
        13.684429168701172,
        13.247942924499512,
        12.822978019714355,
        12.369866371154785,
        11.95296573638916,
        11.525262832641602,
        11.088236808776855,
        10.731757164001465,
        10.349203109741211,
        10.044271469116211,
        9.774285316467285,
        9.48635482788086,
        9.253381729125977,
        9.02914810180664,
        8.85757827758789,
        8.702890396118164,
        8.589895248413086,
        8.450146675109863,
        8.362135887145996,
        8.308675765991211,
        8.231827735900879,
        8.1688232421875,
        8.071806907653809,
        7.986601829528809,
        7.9052839279174805,
        7.7946672439575195,
        7.728095531463623,
        7.636518478393555,
        7.589823246002197,
        7.556922435760498,
        7.5408477783203125,
        7.552138328552246,
        7.549636363983154,
        7.569202423095703,
        7.595454692840576,
        7.590305805206299,
        7.644254207611084,
        7.6357598304748535,
        7.6333842277526855,
        7.598116397857666,
        7.580317974090576,
        7.555765628814697,
        7.541992664337158,
        7.537291049957275,
        7.526248455047607,
        7.530050754547119,
        7.545576572418213,
        7.544909954071045,
        7.577450752258301,
        7.598978519439697,
        7.591987133026123,
        7.580352783203125,
        7.577620983123779,
        7.558087348937988,
        7.538576602935791,
        7.542801856994629,
        7.5215935707092285,
        7.540250778198242,
        7.5389509201049805,
        7.539337635040283,
        7.589522361755371,
        7.590957164764404,
        7.6007537841796875,
        7.617725372314453,
        7.615390777587891,
        7.641905784606934,
        7.644896984100342,
        7.656162738800049,
        7.655034065246582,
        7.628790855407715,
        7.675211429595947,
        7.677735328674316,
        7.702386856079102,
        7.713528633117676,
        7.697465419769287,
        7.7490715980529785,
        7.725257873535156,
        7.752890110015869,
        7.755923271179199,
        7.757610321044922,
        7.749349117279053,
        7.7720160484313965
    ]
}