{
    "effect_pehe": 5.756588935852051,
    "effect_mae": 0.6973624229431152
}