{
    "effect_pehe": 4.8110480308532715,
    "effect_mae": 0.661378026008606
}