{
    "effect_pehe": 7.393038272857666,
    "effect_mae": 2.8069024085998535
}