{
    "effect_pehe": 5.6369733810424805,
    "effect_mae": 1.4340755939483643
}