{
    "effect_pehe": 5.464364051818848,
    "effect_mae": 0.3284180164337158
}