{
    "effect_pehe": 5.559323787689209,
    "effect_mae": 0.17219436168670654
}