{
    "effect_pehe": 4.665660858154297,
    "effect_mae": 1.0179417133331299
}