{
    "epoch": [
        0,
        1,
        2,
        3,
        4,
        5,
        6,
        7,
        8,
        9,
        10,
        11,
        12,
        13,
        14,
        15,
        16,
        17,
        18,
        19,
        20,
        21,
        22,
        23,
        24,
        25,
        26,
        27,
        28,
        29,
        30,
        31,
        32,
        33,
        34,
        35,
        36,
        37,
        38,
        39,
        40,
        41,
        42,
        43,
        44,
        45,
        46,
        47,
        48,
        49,
        50,
        51,
        52,
        53,
        54,
        55,
        56,
        57,
        58,
        59,
        60,
        61,
        62,
        63,
        64,
        65,
        66,
        67,
        68,
        69,
        70,
        71,
        72,
        73,
        74,
        75,
        76,
        77,
        78,
        79,
        80,
        81,
        82,
        83,
        84,
        85,
        86,
        87,
        88,
        89,
        90,
        91,
        92,
        93,
        94,
        95,
        96,
        97,
        98,
        99,
        100,
        101,
        102,
        103,
        104,
        105,
        106,
        107
    ],
    "train_loss": [
        24.43309783935547,
        24.39032745361328,
        24.346899032592773,
        24.300933837890625,
        24.250938415527344,
        24.193132400512695,
        24.127901077270508,
        24.05097770690918,
        23.961467742919922,
        23.858348846435547,
        23.73520278930664,
        23.5948429107666,
        23.42671012878418,
        23.240907669067383,
        23.025680541992188,
        22.782875061035156,
        22.497777938842773,
        22.184303283691406,
        21.836135864257812,
        21.440065383911133,
        21.004610061645508,
        20.52021026611328,
        19.98918342590332,
        19.395654678344727,
        18.754417419433594,
        18.045150756835938,
        17.286169052124023,
        16.46628189086914,
        15.584638595581055,
        14.655339241027832,
        13.669938087463379,
        12.656475067138672,
        11.612563133239746,
        10.579825401306152,
        9.589301109313965,
        8.6417875289917,
        7.792627811431885,
        7.056064605712891,
        6.46919584274292,
        6.023090839385986,
        5.669466495513916,
        5.394854545593262,
        5.184941291809082,
        5.005208969116211,
        4.823249816894531,
        4.68208646774292,
        4.575040817260742,
        4.489043235778809,
        4.396268844604492,
        4.345067501068115,
        4.279804229736328,
        4.233264446258545,
        4.186501979827881,
        4.136938095092773,
        4.113798141479492,
        4.04973030090332,
        4.014889717102051,
        3.9742398262023926,
        3.9398841857910156,
        3.901498317718506,
        3.876561164855957,
        3.8572475910186768,
        3.816033124923706,
        3.779308319091797,
        3.761441707611084,
        3.7296242713928223,
        3.710277557373047,
        3.6859564781188965,
        3.666804790496826,
        3.647810220718384,
        3.6173384189605713,
        3.600336790084839,
        3.567359209060669,
        3.561749219894409,
        3.5530846118927,
        3.526585578918457,
        3.5124258995056152,
        3.493464946746826,
        3.492980718612671,
        3.4648830890655518,
        3.449374198913574,
        3.4327776432037354,
        3.415869951248169,
        3.4123740196228027,
        3.3955953121185303,
        3.3808248043060303,
        3.3614742755889893,
        3.343735933303833,
        3.3371670246124268,
        3.315934896469116,
        3.309319257736206,
        3.3030319213867188,
        3.283682107925415,
        3.2683370113372803,
        3.259566307067871,
        3.2476320266723633,
        3.2397096157073975,
        3.224201202392578,
        3.208897113800049,
        3.191845178604126,
        3.201638698577881,
        3.178579568862915,
        3.1603550910949707,
        3.1545987129211426,
        3.1467442512512207,
        3.128600835800171,
        3.1267333030700684,
        3.1109163761138916
    ],
    "val_loss": [
        23.23105812072754,
        23.190048217773438,
        23.15142822265625,
        23.108646392822266,
        23.062549591064453,
        23.0112361907959,
        22.9494686126709,
        22.87851905822754,
        22.794572830200195,
        22.69923210144043,
        22.58465003967285,
        22.447904586791992,
        22.29682159423828,
        22.1170711517334,
        21.908796310424805,
        21.676677703857422,
        21.414417266845703,
        21.110153198242188,
        20.771133422851562,
        20.399580001831055,
        19.9783878326416,
        19.517684936523438,
        19.004634857177734,
        18.443574905395508,
        17.823150634765625,
        17.15160369873047,
        16.412168502807617,
        15.632641792297363,
        14.803704261779785,
        13.89614200592041,
        12.951844215393066,
        11.985742568969727,
        10.975444793701172,
        10.000723838806152,
        9.046858787536621,
        8.161018371582031,
        7.356396675109863,
        6.682919025421143,
        6.190817356109619,
        5.772507667541504,
        5.502624988555908,
        5.291404724121094,
        5.119258880615234,
        4.981451511383057,
        4.856705665588379,
        4.7129740715026855,
        4.6131415367126465,
        4.495487213134766,
        4.381543159484863,
        4.304243564605713,
        4.220088005065918,
        4.198623180389404,
        4.162065029144287,
        4.103903770446777,
        4.108687877655029,
        4.088903427124023,
        4.102873802185059,
        4.073330402374268,
        4.080674171447754,
        4.063640117645264,
        4.06634521484375,
        4.00958776473999,
        3.9990503787994385,
        3.981449842453003,
        3.966769218444824,
        3.9235239028930664,
        3.9215970039367676,
        3.9122300148010254,
        3.9002418518066406,
        3.900536060333252,
        3.9055979251861572,
        3.9167797565460205,
        3.8998100757598877,
        3.91487979888916,
        3.933478593826294,
        3.9337596893310547,
        3.9309093952178955,
        3.936598539352417,
        3.9258294105529785,
        3.907799005508423,
        3.885248899459839,
        3.916834592819214,
        3.8739395141601562,
        3.884601593017578,
        3.897650957107544,
        3.891448974609375,
        3.908453941345215,
        3.915210008621216,
        3.914268970489502,
        3.9348256587982178,
        3.915761947631836,
        3.930432081222534,
        3.9130477905273438,
        3.922935724258423,
        3.910836935043335,
        3.9286231994628906,
        3.91630220413208,
        3.9204533100128174,
        3.925626754760742,
        3.9435389041900635,
        3.9437472820281982,
        3.942134141921997,
        3.949680805206299,
        3.956707239151001,
        3.941225528717041,
        3.9632418155670166,
        3.95831036567688,
        3.976144313812256
    ]
}