{
    "effect_pehe": 5.736776828765869,
    "effect_mae": 0.03349655866622925
}