{
    "effect_pehe": 3.4415283203125,
    "effect_mae": 0.5833837985992432
}