{
    "effect_pehe": 2.320374011993408,
    "effect_mae": 0.0027347803115844727
}