{
    "effect_pehe": 2.028392791748047,
    "effect_mae": 0.2057621330022812
}