{
    "effect_pehe": 1.740505337715149,
    "effect_mae": 0.39027222990989685
}