{
    "effect_pehe": 0.7676922082901001,
    "effect_mae": 0.014400094747543335
}