{
    "effect_pehe": 2.2092883586883545,
    "effect_mae": 0.3553410470485687
}