{
    "effect_pehe": 1.1027215719223022,
    "effect_mae": 0.21554216742515564
}