{
    "effect_pehe": 1.8845077753067017,
    "effect_mae": 0.20779551565647125
}