{
    "effect_pehe": 2.181122064590454,
    "effect_mae": 0.0863802433013916
}