{
    "effect_pehe": 2.4995086193084717,
    "effect_mae": 0.2905625104904175
}