{
    "effect_pehe": 0.8027876019477844,
    "effect_mae": 0.04602015018463135
}