{
    "effect_pehe": 11.653728165709596,
    "effect_mae": 9.03555260798387
}