{
    "effect_pehe": 6.5903668413870005,
    "effect_mae": 4.954418806008531
}