{
    "effect_pehe": 6.756874308729498,
    "effect_mae": 5.257354556589114
}