{
    "effect_pehe": 6.703934720749748,
    "effect_mae": 4.536479309694876
}