{
    "effect_pehe": 7.755586881918367,
    "effect_mae": 5.599142289192864
}