{
    "effect_pehe": 9.004829462879675,
    "effect_mae": 5.978252122547645
}