{
    "effect_pehe": 9.105429808234744,
    "effect_mae": 6.859952741179761
}