{
    "effect_pehe": 9.111208206011012,
    "effect_mae": 6.618536658166008
}