{
    "effect_pehe": 13.360179965796595,
    "effect_mae": 7.639791238566301
}