{
    "effect_pehe": 13.822564432366194,
    "effect_mae": 6.902860219263766
}