{
    "effect_pehe": 13.30341735574795,
    "effect_mae": 7.38075321627815
}