{
    "effect_pehe": 11.608885890112411,
    "effect_mae": 4.908178067305642
}