{
    "effect_pehe": 13.771468071970292,
    "effect_mae": 6.343187342656463
}