{
    "effect_pehe": 15.184147260796266,
    "effect_mae": 7.0250520470285505
}