{
    "effect_pehe": 3.9422246581568867,
    "effect_mae": 3.1262186965174785
}