{
    "effect_pehe": 4.052812167700746,
    "effect_mae": 3.262893693941472
}