{
    "effect_pehe": 3.7990180299454446,
    "effect_mae": 3.077200495294001
}