{
    "effect_pehe": 5.36901872025014,
    "effect_mae": 4.4753306567037425
}