{
    "effect_pehe": 11.597479984383387,
    "effect_mae": 10.83136635722727
}