{
    "effect_pehe": 5.304025831279079,
    "effect_mae": 4.431832966819594
}