{
    "effect_pehe": 4.099010534800858,
    "effect_mae": 3.2507258139466373
}