{
    "effect_pehe": 4.350934865903302,
    "effect_mae": 3.460989722616522
}