{
    "effect_pehe": 4.093727251205917,
    "effect_mae": 3.2528451452032807
}