{
    "effect_pehe": 4.304540506916994,
    "effect_mae": 3.4225359398324917
}