{
    "effect_pehe": 2.993400015703264,
    "effect_mae": 2.3620873456567635
}