{
    "effect_pehe": 2.3948187877401876,
    "effect_mae": 1.9236706830520443
}