{
    "effect_pehe": 3.0055382625893987,
    "effect_mae": 2.3577844704647197
}