{
    "effect_pehe": 2.4832573095718473,
    "effect_mae": 1.9461867604476246
}