{
    "effect_pehe": 13.035428047180176,
    "effect_mae": 2.213444709777832
}