{
    "effect_pehe": 11.900847434997559,
    "effect_mae": 3.947549343109131
}