{
    "effect_pehe": 18.842514038085938,
    "effect_mae": 5.376690864562988
}