{
    "effect_pehe": 13.442634582519531,
    "effect_mae": 2.9281492233276367
}