{
    "effect_pehe": 16.18625259399414,
    "effect_mae": 4.278378486633301
}