{
    "effect_pehe": 13.965519905090332,
    "effect_mae": 2.354966640472412
}