{
    "effect_pehe": 14.044628143310547,
    "effect_mae": 0.2334437370300293
}