{
    "effect_pehe": 13.760478973388672,
    "effect_mae": 0.29245710372924805
}