{
    "effect_pehe": 21.731061935424805,
    "effect_mae": 8.342987060546875
}