{
    "effect_pehe": 18.360578536987305,
    "effect_mae": 0.5064697265625
}