{
    "effect_pehe": 19.807950973510742,
    "effect_mae": 1.847208023071289
}