{
    "effect_pehe": 16.170597076416016,
    "effect_mae": 4.088371276855469
}