{
    "effect_pehe": 13.857379913330078,
    "effect_mae": 1.559537410736084
}