{
    "effect_pehe": 18.8317813873291,
    "effect_mae": 5.352114677429199
}