{
    "effect_pehe": 17.275968551635742,
    "effect_mae": 5.771313667297363
}