{
    "effect_pehe": 12.108952522277832,
    "effect_mae": 4.2804436683654785
}