{
    "effect_pehe": 17.242544174194336,
    "effect_mae": 0.45499181747436523
}