{
    "effect_pehe": 21.807437812111257,
    "effect_mae": 15.036319340092124
}