{
    "effect_pehe": 11.038234644643042,
    "effect_mae": 8.368230887544277
}