{
    "effect_pehe": 6.713020767641391,
    "effect_mae": 4.970870230272684
}