{
    "effect_pehe": 17.660218481462575,
    "effect_mae": 11.272131166441373
}