{
    "effect_pehe": 8.825435011225181,
    "effect_mae": 7.64513233330971
}