{
    "effect_pehe": 11.450691117790328,
    "effect_mae": 7.781000038767976
}