{
    "effect_pehe": 8.582139165887272,
    "effect_mae": 7.44756783297525
}