{
    "effect_pehe": 5.879773420908156,
    "effect_mae": 4.329278108301235
}