{
    "effect_pehe": 6.393197845678645,
    "effect_mae": 4.517225873145789
}