{
    "effect_pehe": 20.51952090805875,
    "effect_mae": 18.08210096571254
}