{
    "effect_pehe": 0.7926958799362183,
    "effect_mae": 0.030205249786376953
}