{
    "effect_pehe": 1.400495171546936,
    "effect_mae": 0.17157280445098877
}