{
    "effect_pehe": 1.1280856132507324,
    "effect_mae": 0.17119956016540527
}