{
    "effect_pehe": 0.7617124319076538,
    "effect_mae": 0.043196916580200195
}