{
    "effect_pehe": 0.7923763394355774,
    "effect_mae": 0.05792427062988281
}