{
    "effect_pehe": 1.7609986066818237,
    "effect_mae": 0.6031708717346191
}