{
    "effect_pehe": 1.2524267435073853,
    "effect_mae": 0.3817570209503174
}