{
    "effect_pehe": 1.2204779386520386,
    "effect_mae": 0.15510989725589752
}