{
    "effect_pehe": 2.3023934364318848,
    "effect_mae": 0.8445212841033936
}