{
    "effect_pehe": 0.756799042224884,
    "effect_mae": 0.01644134521484375
}