{
    "effect_pehe": 1.6961840391159058,
    "effect_mae": 0.6227618455886841
}