{
    "effect_pehe": 10.6665620803833,
    "effect_mae": 1.6852993965148926
}