{
    "effect_pehe": 7.20637321472168,
    "effect_mae": 0.7335948944091797
}