{
    "effect_pehe": 11.436102867126465,
    "effect_mae": 2.709291458129883
}}