{
    "effect_pehe": 9.635589599609375,
    "effect_mae": 0.3329925537109375
}