{
    "effect_pehe": 15.735271453857422,
    "effect_mae": 0.9925565719604492
}