{
    "effect_pehe": 8.970596313476562,
    "effect_mae": 0.7828311920166016
}}