{
    "effect_pehe": 6.9746198654174805,
    "effect_mae": 0.02339649200439453
}