{
    "effect_pehe": 8.631726264953613,
    "effect_mae": 1.7506418228149414
}