{
    "effect_pehe": 7.095488548278809,
    "effect_mae": 0.707301139831543
}