{
    "effect_pehe": 5.54294490814209,
    "effect_mae": 0.9312381744384766
}