{
    "effect_pehe": 7.125608921051025,
    "effect_mae": 2.619540214538574
}