{
    "effect_pehe": 6.435227394104004,
    "effect_mae": 1.8971357345581055
}