{
    "effect_pehe": 33.554630279541016,
    "effect_mae": 28.0823917388916
}