{
    "effect_pehe": 6.146767616271973,
    "effect_mae": 1.5629539489746094
}