{
    "effect_pehe": 4.8128485679626465,
    "effect_mae": 0.04467201232910156
}