{
    "effect_pehe": 9.098394393920898,
    "effect_mae": 0.7297868728637695
}