{
    "effect_pehe": 8.165719032287598,
    "effect_mae": 1.1887240409851074
}