{
    "effect_pehe": 8.267219543457031,
    "effect_mae": 1.1283855438232422
}