{
    "effect_pehe": 6.689867973327637,
    "effect_mae": 0.6211843490600586
}