{
    "effect_pehe": 8.143336296081543,
    "effect_mae": 0.4356222152709961
}