{
    "effect_pehe": 6.841594696044922,
    "effect_mae": 0.7372546195983887
}