{
    "effect_pehe": 5.916399955749512,
    "effect_mae": 0.607968807220459
}