{
    "effect_pehe": 5.430506706237793,
    "effect_mae": 0.10392904281616211
}