{
    "effect_pehe": 8.663344383239746,
    "effect_mae": 0.04459667205810547
}