{
    "effect_pehe": 16.797414779663086,
    "effect_mae": 1.002044677734375
}