{
    "effect_pehe": 8.627347946166992,
    "effect_mae": 1.1420273780822754
}