{
    "effect_pehe": 7.873315334320068,
    "effect_mae": 0.4423050880432129
}