{
    "effect_pehe": 6.548581600189209,
    "effect_mae": 0.6779122352600098
}