{
    "effect_pehe": 9.385759353637695,
    "effect_mae": 0.7528157234191895
}