{
    "effect_pehe": 3.89564726139505,
    "effect_mae": 3.0732580313500186
}