{
    "effect_pehe": 4.843979451765109,
    "effect_mae": 3.886205118716552
}