{
    "effect_pehe": 3.7592021868247723,
    "effect_mae": 2.9961121717564203
}