{
    "effect_pehe": 4.529467763215366,
    "effect_mae": 3.613444257589907
}