{
    "effect_pehe": 3.946703147464136,
    "effect_mae": 3.157759011775011
}