{
    "effect_pehe": 4.8864093743041455,
    "effect_mae": 3.8997434909779156
}