{
    "effect_pehe": 4.897018032648088,
    "effect_mae": 3.888426652004065
}