{
    "effect_pehe": 4.883691124640823,
    "effect_mae": 3.876159942454391
}