{
    "effect_pehe": 3.7597578635517963,
    "effect_mae": 2.9477338079256272
}