{
    "effect_pehe": 4.6693571001618865,
    "effect_mae": 3.7841339747961373
}