{
    "effect_pehe": 4.875268400848287,
    "effect_mae": 3.9026580181984842
}