{
    "effect_pehe": 3.979279831678351,
    "effect_mae": 3.2099417542268864
}