{
    "effect_pehe": 3.9152969582226187,
    "effect_mae": 3.115018746566514
}