{
    "effect_pehe": 3.680312379478249,
    "effect_mae": 2.967046863042228
}