{
    "effect_pehe": 4.145316778375186,
    "effect_mae": 3.321883909530574
}