{
    "effect_pehe": 3.9823979593223804,
    "effect_mae": 3.1870532077423186
}