{
    "effect_pehe": 12.383302688598633,
    "effect_mae": 2.9588403701782227
}