{
    "effect_pehe": 21.0118408203125,
    "effect_mae": 1.5590763092041016
}