{
    "effect_pehe": 18.706510543823242,
    "effect_mae": 2.1470069885253906
}