{
    "effect_pehe": 6.015964031219482,
    "effect_mae": 2.084695816040039
}