{
    "effect_pehe": 5.235637664794922,
    "effect_mae": 0.32356929779052734
}