{
    "effect_pehe": 22.503496170043945,
    "effect_mae": 0.15959739685058594
}