{
    "effect_pehe": 19.5865478515625,
    "effect_mae": 0.16905498504638672
}