{
    "effect_pehe": 9.096675872802734,
    "effect_mae": 0.16655540466308594
}