{
    "effect_pehe": 5.068767070770264,
    "effect_mae": 0.7351546287536621
}