{
    "effect_pehe": 14.02353572845459,
    "effect_mae": 0.1011195182800293
}