{
    "effect_pehe": 6.809895992279053,
    "effect_mae": 0.09241294860839844
}