{
    "effect_pehe": 4.300178050994873,
    "effect_mae": 0.3417689800262451
}