{
    "effect_pehe": 9.439311981201172,
    "effect_mae": 1.6753883361816406
}