{
    "effect_pehe": 9.790747477830353,
    "effect_mae": 7.312060499496787
}