{
    "effect_pehe": 6.918883668287818,
    "effect_mae": 5.217302611484976
}