{
    "effect_pehe": 21.008662761141927,
    "effect_mae": 15.295460457786191
}