{
    "effect_pehe": 8.903252393711723,
    "effect_mae": 6.372943120823519
}