{
    "effect_pehe": 6.792103320380766,
    "effect_mae": 4.5311282839539535
}