{
    "effect_pehe": 8.119067605614617,
    "effect_mae": 5.7243039956606125
}