{
    "effect_pehe": 6.292030200638859,
    "effect_mae": 4.802992626814489
}