{
    "effect_pehe": 8.401778681290324,
    "effect_mae": 6.594119636158143
}