{
    "effect_pehe": 11.588709992402041,
    "effect_mae": 9.36671556516774
}