{
    "effect_pehe": 8.739886512370818,
    "effect_mae": 6.370664166577442
}