{
    "effect_pehe": 6.197381496429443,
    "effect_mae": 2.0574750900268555
}