{
    "effect_pehe": 16.89012336730957,
    "effect_mae": 3.4602482318878174
}