{
    "effect_pehe": 12.608055114746094,
    "effect_mae": 1.5586566925048828
}