{
    "effect_pehe": 7.677363872528076,
    "effect_mae": 3.26180362701416
}