{
    "effect_pehe": 5.823227882385254,
    "effect_mae": 0.3802804946899414
}