{
    "effect_pehe": 4.179346084594727,
    "effect_mae": 0.4257204532623291
}