{
    "effect_pehe": 6.419106960296631,
    "effect_mae": 1.6565208435058594
}