{
    "effect_pehe": 4.194903373718262,
    "effect_mae": 0.4164152145385742
}