{
    "effect_pehe": 5.2027268409729,
    "effect_mae": 1.1340456008911133
}