{
    "effect_pehe": 12.80525016784668,
    "effect_mae": 1.031874179840088
}