{
    "effect_pehe": 5.099466323852539,
    "effect_mae": 0.1833939552307129
}