{
    "effect_pehe": 5.297673446064822,
    "effect_mae": 4.235690361859044
}