{
    "effect_pehe": 4.222103629455894,
    "effect_mae": 3.362348727500328
}