{
    "effect_pehe": 4.041481762796226,
    "effect_mae": 3.207006213822753
}