{
    "effect_pehe": 4.248736493133285,
    "effect_mae": 3.3801733170954567
}