{
    "effect_pehe": 3.380433266140509,
    "effect_mae": 2.6813535851954904
}