{
    "effect_pehe": 4.391656976383433,
    "effect_mae": 3.469360824402005
}