{
    "effect_pehe": 5.080405236430853,
    "effect_mae": 4.051514944241494
}