{
    "effect_pehe": 3.2012930586751054,
    "effect_mae": 2.5391758358951066
}