{
    "effect_pehe": 1.94608473777771,
    "effect_mae": 0.3817267417907715
}