{
    "effect_pehe": 2.5102436542510986,
    "effect_mae": 1.399451732635498
}