{
    "effect_pehe": 0.7916141152381897,
    "effect_mae": 0.053326964378356934
}