{
    "effect_pehe": 2.6700260639190674,
    "effect_mae": 0.45538073778152466
}