{
    "effect_pehe": 4.027332782745361,
    "effect_mae": 2.367030143737793
}