{
    "effect_pehe": 2.819648504257202,
    "effect_mae": 0.4950829744338989
}