{
    "effect_pehe": 1.8458137512207031,
    "effect_mae": 0.2706933617591858
}