{
    "effect_pehe": 1.6345847845077515,
    "effect_mae": 0.24293434619903564
}