{
    "effect_pehe": 0.8572965264320374,
    "effect_mae": 0.07931506633758545
}