{
    "effect_pehe": 1.5297058820724487,
    "effect_mae": 0.5932067036628723
}