{
    "effect_pehe": 1.6905152797698975,
    "effect_mae": 0.20279240608215332
}