{
    "effect_pehe": 0.8042428493499756,
    "effect_mae": 0.06809616088867188
}