{
    "effect_pehe": 2.066831111907959,
    "effect_mae": 0.16798043251037598
}