{
    "effect_pehe": 1.301059603691101,
    "effect_mae": 0.2748265266418457
}