{
    "effect_pehe": 2.4645907878875732,
    "effect_mae": 0.07873237133026123
}