{
    "effect_pehe": 3.0783658027648926,
    "effect_mae": 0.0309903621673584
}