{
    "effect_pehe": 0.7832167744636536,
    "effect_mae": 0.022969722747802734
}