{
    "epoch": [
        0,
        1,
        2,
        3,
        4,
        5,
        6,
        7,
        8,
        9,
        10,
        11,
        12,
        13,
        14,
        15,
        16,
        17,
        18,
        19,
        20,
        21,
        22,
        23,
        24,
        25,
        26,
        27,
        28,
        29,
        30,
        31,
        32,
        33,
        34,
        35,
        36,
        37,
        38,
        39,
        40,
        41,
        42,
        43,
        44,
        45,
        46,
        47,
        48,
        49,
        50,
        51,
        52,
        53,
        54,
        55,
        56,
        57,
        58,
        59,
        60,
        61,
        62,
        63,
        64,
        65,
        66,
        67,
        68,
        69,
        70,
        71,
        72,
        73,
        74,
        75,
        76,
        77,
        78,
        79,
        80,
        81,
        82,
        83,
        84,
        85,
        86,
        87,
        88,
        89,
        90,
        91,
        92,
        93,
        94,
        95,
        96,
        97,
        98,
        99,
        100,
        101,
        102,
        103,
        104,
        105,
        106,
        107,
        108,
        109,
        110,
        111,
        112,
        113,
        114,
        115,
        116,
        117,
        118,
        119,
        120,
        121,
        122,
        123,
        124,
        125,
        126,
        127,
        128,
        129,
        130,
        131,
        132,
        133,
        134,
        135,
        136,
        137,
        138,
        139,
        140,
        141,
        142,
        143,
        144,
        145,
        146,
        147,
        148,
        149,
        150,
        151,
        152,
        153,
        154,
        155,
        156,
        157,
        158,
        159,
        160,
        161,
        162,
        163,
        164,
        165,
        166,
        167,
        168,
        169,
        170,
        171,
        172,
        173,
        174,
        175,
        176,
        177
    ],
    "train_loss": [
        44.059322357177734,
        43.9277458190918,
        43.79426956176758,
        43.655521392822266,
        43.5059700012207,
        43.34606170654297,
        43.166202545166016,
        42.95659255981445,
        42.707454681396484,
        42.417144775390625,
        42.07759094238281,
        41.687355041503906,
        41.224586486816406,
        40.73012161254883,
        40.16070556640625,
        39.54067611694336,
        38.89737319946289,
        38.24249267578125,
        37.6396369934082,
        37.119327545166016,
        36.669193267822266,
        36.36274719238281,
        35.9487190246582,
        35.48738479614258,
        34.868797302246094,
        34.11009216308594,
        33.39861297607422,
        32.57588577270508,
        31.682693481445312,
        30.707321166992188,
        29.554683685302734,
        28.462024688720703,
        27.320842742919922,
        26.200313568115234,
        25.072126388549805,
        23.757524490356445,
        22.372573852539062,
        21.036815643310547,
        19.795433044433594,
        18.54288101196289,
        17.328231811523438,
        16.187543869018555,
        15.227736473083496,
        14.36276626586914,
        13.573494911193848,
        13.005731582641602,
        12.453259468078613,
        12.000177383422852,
        11.599188804626465,
        11.155462265014648,
        10.709060668945312,
        10.120516777038574,
        9.55278205871582,
        8.787261962890625,
        8.195487976074219,
        7.665066242218018,
        7.315301418304443,
        7.010246753692627,
        6.966959476470947,
        6.897624492645264,
        6.940981864929199,
        6.946341037750244,
        6.890252590179443,
        6.777647018432617,
        6.685359001159668,
        6.382165431976318,
        6.174414157867432,
        5.951163291931152,
        5.78297758102417,
        5.650558948516846,
        5.537389755249023,
        5.502455234527588,
        5.43385648727417,
        5.494210720062256,
        5.478048801422119,
        5.40479040145874,
        5.131608963012695,
        5.051394462585449,
        5.032656669616699,
        4.914802074432373,
        4.869840145111084,
        4.843008041381836,
        4.781249523162842,
        4.790497303009033,
        4.785118103027344,
        4.679880619049072,
        4.716071605682373,
        4.645720481872559,
        4.5795979499816895,
        4.518702507019043,
        4.534751892089844,
        4.496392726898193,
        4.498509883880615,
        4.527924537658691,
        4.435888767242432,
        4.434487342834473,
        4.479836463928223,
        4.442232131958008,
        4.376255989074707,
        4.38302755355835,
        4.394500255584717,
        4.318820476531982,
        4.3535075187683105,
        4.332281589508057,
        4.318947792053223,
        4.266731262207031,
        4.305222988128662,
        4.27438497543335,
        4.246122360229492,
        4.21728515625,
        4.211081504821777,
        4.210527420043945,
        4.21772575378418,
        4.198307991027832,
        4.199759006500244,
        4.1797261238098145,
        4.184682369232178,
        4.161872863769531,
        4.154170036315918,
        4.14821720123291,
        4.14784049987793,
        4.131322383880615,
        4.1008782386779785,
        4.094090938568115,
        4.086919784545898,
        4.080615997314453,
        4.064685344696045,
        4.068058967590332,
        4.0743303298950195,
        4.054680824279785,
        4.032331943511963,
        4.024965286254883,
        4.033438682556152,
        4.019088268280029,
        3.9832019805908203,
        3.9856019020080566,
        3.978545904159546,
        3.97861647605896,
        3.9515678882598877,
        3.952908754348755,
        3.9510297775268555,
        3.9511220455169678,
        3.9233558177948,
        3.935594320297241,
        3.9141411781311035,
        3.9045255184173584,
        3.9041106700897217,
        3.8930764198303223,
        3.8829221725463867,
        3.8580801486968994,
        3.8686411380767822,
        3.856569290161133,
        3.8403148651123047,
        3.8441667556762695,
        3.8306362628936768,
        3.8494911193847656,
        3.8196260929107666,
        3.7931644916534424,
        3.795856475830078,
        3.8022403717041016,
        3.7856245040893555,
        3.7693798542022705,
        3.7744059562683105,
        3.7502081394195557,
        3.7553558349609375,
        3.7545368671417236,
        3.7465860843658447,
        3.7432737350463867,
        3.735125780105591,
        3.727522134780884,
        3.730666160583496,
        3.713160276412964,
        3.7055418491363525,
        3.689600944519043,
        3.6765027046203613,
        3.6692700386047363,
        3.655587673187256,
        3.6756834983825684
    ],