{
    "effect_pehe": 6.129491329193115,
    "effect_mae": 3.9544715881347656
}