{
    "epoch": [
        0,
        1,
        2,
        3,
        4,
        5,
        6,
        7,
        8,
        9,
        10,
        11,
        12,
        13,
        14,
        15,
        16,
        17,
        18,
        19,
        20,
        21,
        22,
        23,
        24,
        25,
        26,
        27,
        28,
        29,
        30,
        31,
        32,
        33,
        34,
        35,
        36,
        37,
        38,
        39,
        40,
        41,
        42,
        43,
        44,
        45,
        46,
        47,
        48,
        49,
        50,
        51,
        52,
        53,
        54,
        55,
        56,
        57,
        58,
        59,
        60,
        61,
        62,
        63,
        64,
        65,
        66,
        67,
        68,
        69,
        70,
        71,
        72,
        73,
        74,
        75,
        76,
        77,
        78,
        79,
        80,
        81,
        82,
        83,
        84,
        85,
        86,
        87,
        88,
        89,
        90,
        91,
        92,
        93,
        94,
        95,
        96,
        97,
        98,
        99,
        100,
        101,
        102,
        103,
        104,
        105,
        106,
        107,
        108,
        109,
        110,
        111,
        112,
        113,
        114,
        115,
        116,
        117,
        118,
        119,
        120,
        121,
        122,
        123,
        124,
        125,
        126,
        127,
        128,
        129,
        130,
        131,
        132,
        133,
        134,
        135,
        136,
        137,
        138,
        139,
        140,
        141,
        142,
        143,
        144,
        145,
        146,
        147,
        148,
        149,
        150,
        151,
        152,
        153,
        154,
        155,
        156,
        157,
        158,
        159,
        160,
        161,
        162,
        163
    ],
    "train_loss": [
        51.31697082519531,
        51.07708740234375,
        50.827880859375,
        50.56486129760742,
        50.27947235107422,
        49.957603454589844,
        49.584999084472656,
        49.151573181152344,
        48.64128494262695,
        48.04441452026367,
        47.35426330566406,
        46.52862548828125,
        45.57683563232422,
        44.4373664855957,
        43.11954116821289,
        41.62001037597656,
        39.974143981933594,
        38.14575958251953,
        36.20114517211914,
        34.35020446777344,
        32.719947814941406,
        31.47899627685547,
        30.825592041015625,
        30.428264617919922,
        30.06373405456543,
        29.751567840576172,
        29.428056716918945,
        28.979080200195312,
        28.538808822631836,
        27.908884048461914,
        27.44153594970703,
        27.15473747253418,
        26.90320587158203,
        26.71926498413086,
        26.557170867919922,
        26.370189666748047,
        26.06723403930664,
        25.70018768310547,
        25.253976821899414,
        24.64490509033203,
        24.06723976135254,
        23.496082305908203,
        22.967252731323242,
        22.54848289489746,
        22.176836013793945,
        21.80385971069336,
        21.354228973388672,
        20.820798873901367,
        20.210338592529297,
        19.541181564331055,
        18.78767967224121,
        18.078405380249023,
        17.438600540161133,
        16.806243896484375,
        16.150470733642578,
        15.490508079528809,
        14.776140213012695,
        14.040255546569824,
        13.376397132873535,
        12.752520561218262,
        12.209855079650879,
        11.749350547790527,
        11.293356895446777,
        10.85197925567627,
        10.447693824768066,
        10.15310287475586,
        9.91024398803711,
        9.67857551574707,
        9.466601371765137,
        9.29178237915039,
        9.166522979736328,
        9.067469596862793,
        8.963820457458496,
        8.880433082580566,
        8.814298629760742,
        8.755813598632812,
        8.692986488342285,
        8.624378204345703,
        8.539803504943848,
        8.470887184143066,
        8.379433631896973,
        8.28838062286377,
        8.17049789428711,
        8.07913875579834,
        7.988923072814941,
        7.894871234893799,
        7.801558971405029,
        7.722085952758789,
        7.641496658325195,
        7.581336975097656,
        7.5194830894470215,
        7.455163478851318,
        7.3980021476745605,
        7.344707489013672,
        7.2724151611328125,
        7.229273796081543,
        7.172248363494873,
        7.133326530456543,
        7.083608150482178,
        7.042519569396973,
        6.998306751251221,
        6.95688009262085,
        6.902670860290527,
        6.866684436798096,
        6.835437297821045,
        6.800704479217529,
        6.76222562789917,
        6.718937873840332,
        6.703335762023926,
        6.66481351852417,
        6.647254943847656,
        6.625154972076416,
        6.58204984664917,
        6.536168575286865,
        6.516989707946777,
        6.47702169418335,
        6.457470893859863,
        6.421244144439697,
        6.413541793823242,
        6.368605613708496,
        6.350276947021484,
        6.323947906494141,
        6.304966449737549,
        6.283147811889648,
        6.223743915557861,
        6.233773231506348,
        6.199326992034912,
        6.192109107971191,
        6.169858455657959,
        6.154411792755127,
        6.120954513549805,
        6.089380264282227,
        6.102113723754883,
        6.074409008026123,
        6.048120498657227,
        6.034641265869141,
        6.036031723022461,
        6.024647235870361,
        5.989624977111816,
        5.9953227043151855,
        5.959513187408447,
        5.96502685546875,
        5.947282791137695,
        5.926450252532959,
        5.9202446937561035,
        5.893247127532959,
        5.882837295532227,
        5.874974727630615,
        5.839070796966553,
        5.843016147613525,
        5.824501991271973,
        5.830338001251221,
        5.802023410797119,
        5.789860725402832,
        5.77542781829834,
        5.7595038414001465,
        5.748011589050293,
        5.749349594116211,
        5.726963043212891,
        5.710764408111572,
        5.6920270919799805,
        5.686784744262695,
        5.675458908081055,
        5.66285514831543
    ],