{
    "effect_pehe": 4.283810138702393,
    "effect_mae": 1.7365121841430664
}