{
    "effect_pehe": 5.404926776885986,
    "effect_mae": 1.3885939121246338
}