{
    "effect_pehe": 5.822630405426025,
    "effect_mae": 1.4719836711883545
}