{
    "epoch": [
        0,
        1,
        2,
        3,
        4,
        5,
        6,
        7,
        8,
        9,
        10,
        11,
        12,
        13,
        14,
        15,
        16,
        17,
        18,
        19,
        20,
        21,
        22,
        23,
        24,
        25,
        26,
        27,
        28,
        29,
        30,
        31,
        32,
        33,
        34,
        35,
        36,
        37,
        38,
        39,
        40,
        41,
        42,
        43,
        44,
        45,
        46,
        47,
        48,
        49,
        50,
        51,
        52,
        53,
        54,
        55,
        56,
        57,
        58,
        59,
        60,
        61,
        62,
        63,
        64,
        65,
        66,
        67,
        68,
        69,
        70,
        71,
        72,
        73,
        74,
        75,
        76,
        77,
        78,
        79,
        80,
        81,
        82,
        83,
        84,
        85,
        86,
        87,
        88,
        89,
        90,
        91,
        92,
        93,
        94,
        95,
        96,
        97,
        98,
        99,
        100,
        101,
        102,
        103,
        104,
        105,
        106,
        107,
        108,
        109,
        110,
        111,
        112,
        113,
        114,
        115,
        116,
        117,
        118,
        119,
        120,
        121,
        122,
        123,
        124,
        125,
        126,
        127,
        128,
        129,
        130,
        131,
        132,
        133,
        134,
        135,
        136,
        137,
        138,
        139,
        140,
        141,
        142,
        143,
        144,
        145,
        146,
        147,
        148,
        149,
        150,
        151,
        152,
        153,
        154,
        155,
        156,
        157,
        158,
        159,
        160,
        161,
        162,
        163,
        164,
        165,
        166,
        167,
        168,
        169,
        170,
        171,
        172,
        173,
        174,
        175,
        176,
        177,
        178,
        179,
        180
    ],
    "train_loss": [
        51.34978103637695,
        51.17796325683594,
        51.00861740112305,
        50.834346771240234,
        50.6497688293457,
        50.44861602783203,
        50.225502014160156,
        49.965919494628906,
        49.65923309326172,
        49.29482650756836,
        48.865543365478516,
        48.3492546081543,
        47.742916107177734,
        47.04417419433594,
        46.20906066894531,
        45.249752044677734,
        44.09955596923828,
        42.81532669067383,
        41.34573745727539,
        39.72284698486328,
        38.00361251831055,
        36.3021240234375,
        34.83283233642578,
        33.86539840698242,
        33.783790588378906,
        34.538780212402344,
        35.63453674316406,
        35.857723236083984,
        35.427608489990234,
        34.481781005859375,
        33.76533126831055,
        33.19065475463867,
        32.95597457885742,
        32.9536247253418,
        33.06678009033203,
        33.047996520996094,
        33.03855895996094,
        32.95998001098633,
        32.72580337524414,
        32.44390106201172,
        32.18049240112305,
        31.828861236572266,
        31.59071159362793,
        31.29325294494629,
        31.008678436279297,
        30.72854232788086,
        30.456113815307617,
        30.114953994750977,
        29.750608444213867,
        29.359373092651367,
        28.902851104736328,
        28.46581268310547,
        27.8912410736084,
        27.339614868164062,
        26.685354232788086,
        25.96893310546875,
        25.2369441986084,
        24.4794921875,
        23.814542770385742,
        23.042448043823242,
        22.27308464050293,
        21.56233787536621,
        20.828733444213867,
        20.2032413482666,
        19.657991409301758,
        19.117923736572266,
        18.73079490661621,
        18.397705078125,
        18.126571655273438,
        17.84418296813965,
        17.590450286865234,
        17.32765769958496,
        17.03261947631836,
        16.69025421142578,
        16.354698181152344,
        15.95242977142334,
        15.565519332885742,
        15.169970512390137,
        14.787873268127441,
        14.44899845123291,
        14.125039100646973,
        13.841731071472168,
        13.604805946350098,
        13.388303756713867,
        13.202014923095703,
        13.047309875488281,
        12.9002685546875,
        12.776135444641113,
        12.638083457946777,
        12.526829719543457,
        12.444646835327148,
        12.377289772033691,
        12.298686027526855,
        12.250473022460938,
        12.19857406616211,
        12.175493240356445,
        12.117774963378906,
        12.070556640625,
        11.988704681396484,
        11.93812370300293,
        11.873292922973633,
        11.809913635253906,
        11.752114295959473,
        11.72573184967041,
        11.69972038269043,
        11.648736953735352,
        11.648406028747559,
        11.617286682128906,
        11.566225051879883,
        11.549320220947266,
        11.512872695922852,
        11.46982479095459,
        11.450522422790527,
        11.406898498535156,
        11.391945838928223,
        11.346078872680664,
        11.318799018859863,
        11.291230201721191,
        11.242654800415039,
        11.20257568359375,
        11.184410095214844,
        11.152667999267578,
        11.113157272338867,
        11.115272521972656,
        11.064275741577148,
        11.033443450927734,
        10.976983070373535,
        10.95185375213623,
        10.960869789123535,
        10.906984329223633,
        10.869462966918945,
        10.869715690612793,
        10.83858871459961,
        10.786700248718262,
        10.787406921386719,
        10.69421100616455,
        10.70179271697998,
        10.692323684692383,
        10.653668403625488,
        10.638985633850098,
        10.6089448928833,
        10.604363441467285,
        10.541890144348145,
        10.52854061126709,
        10.532048225402832,
        10.498941421508789,
        10.47360897064209,
        10.44060230255127,
        10.393035888671875,
        10.357213973999023,
        10.347433090209961,
        10.356683731079102,
        10.298263549804688,
        10.298120498657227,
        10.239814758300781,
        10.208719253540039,
        10.192442893981934,
        10.174345016479492,
        10.16438102722168,
        10.12310791015625,
        10.100146293640137,
        10.061068534851074,
        10.022000312805176,
        10.006020545959473,
        10.002645492553711,
        9.948478698730469,
        9.931612014770508,
        9.898862838745117,
        9.852590560913086,
        9.862781524658203,
        9.811521530151367,
        9.79381275177002,
        9.731289863586426,
        9.74230670928955,
        9.705381393432617,
        9.647440910339355,
        9.609090805053711,
        9.587315559387207,
        9.55671215057373,
        9.535055160522461,
        9.511832237243652
    ],