{
    "effect_pehe": 4.83167028427124,
    "effect_mae": 0.0721282958984375
}