{
    "effect_pehe": 6.268227577209473,
    "effect_mae": 1.2018120288848877
}