{
    "effect_pehe": 6.146877765655518,
    "effect_mae": 0.7738033533096313
}