{
    "effect_pehe": 6.886024475097656,
    "effect_mae": 0.14478275179862976
}