{
    "epoch": [
        0,
        1,
        2,
        3,
        4,
        5,
        6,
        7,
        8,
        9,
        10,
        11,
        12,
        13,
        14,
        15,
        16,
        17,
        18,
        19,
        20,
        21,
        22,
        23,
        24,
        25,
        26,
        27,
        28,
        29,
        30,
        31,
        32,
        33,
        34,
        35,
        36,
        37,
        38,
        39,
        40,
        41,
        42,
        43,
        44,
        45,
        46,
        47,
        48,
        49,
        50,
        51,
        52,
        53,
        54,
        55,
        56,
        57,
        58,
        59,
        60,
        61,
        62,
        63,
        64,
        65,
        66,
        67,
        68,
        69,
        70,
        71,
        72,
        73,
        74,
        75,
        76,
        77,
        78,
        79,
        80,
        81,
        82,
        83,
        84,
        85,
        86,
        87,
        88,
        89,
        90,
        91,
        92,
        93,
        94,
        95,
        96,
        97,
        98,
        99,
        100,
        101,
        102
    ],
    "train_loss": [
        35.91642379760742,
        35.8659553527832,
        35.81578063964844,
        35.763545989990234,
        35.7098503112793,
        35.6476936340332,
        35.579078674316406,
        35.5009651184082,
        35.40961456298828,
        35.30249786376953,
        35.179222106933594,
        35.03490447998047,
        34.86927032470703,
        34.68720626831055,
        34.48513412475586,
        34.246002197265625,
        33.980445861816406,
        33.72285842895508,
        33.417625427246094,
        33.173667907714844,
        32.923072814941406,
        32.714900970458984,
        32.453697204589844,
        32.13430404663086,
        31.7514591217041,
        31.28824234008789,
        30.830997467041016,
        30.27890968322754,
        29.718921661376953,
        29.078317642211914,
        28.436874389648438,
        27.760156631469727,
        27.028034210205078,
        26.29828643798828,
        25.5487003326416,
        24.828758239746094,
        24.14823341369629,
        23.501895904541016,
        22.918081283569336,
        22.42426300048828,
        21.94243621826172,
        21.602155685424805,
        21.28305435180664,
        21.119335174560547,
        20.961891174316406,
        20.773788452148438,
        20.680917739868164,
        20.5249080657959,
        20.30390739440918,
        20.039947509765625,
        19.772085189819336,
        19.493610382080078,
        19.220195770263672,
        18.900482177734375,
        18.67392921447754,
        18.487468719482422,
        18.364702224731445,
        18.257383346557617,
        18.149097442626953,
        18.04780387878418,
        17.945356369018555,
        17.8350887298584,
        17.71898651123047,
        17.596355438232422,
        17.49059295654297,
        17.355026245117188,
        17.299022674560547,
        17.142240524291992,
        17.18339729309082,
        17.066415786743164,
        17.085039138793945,
        16.95280647277832,
        16.882097244262695,
        16.83533477783203,
        16.803131103515625,
        16.719125747680664,
        16.622600555419922,
        16.58929443359375,
        16.57297706604004,
        16.472843170166016,
        16.496145248413086,
        16.42218017578125,
        16.37139892578125,
        16.3203125,
        16.197900772094727,
        16.21236801147461,
        16.15859603881836,
        16.11409568786621,
        16.073434829711914,
        16.059358596801758,
        15.97515869140625,
        15.937503814697266,
        15.916927337646484,
        15.797441482543945,
        15.775940895080566,
        15.7286958694458,
        15.730555534362793,
        15.68303394317627,
        15.621063232421875,
        15.532109260559082,
        15.494405746459961,
        15.469339370727539,
        15.424237251281738
    ],
    "val_loss": [
        35.677608489990234,
        35.632118225097656,
        35.586212158203125,
        35.53919219970703,
        35.491432189941406,
        35.43873977661133,
        35.37919616699219,
        35.30712890625,
        35.229610443115234,
        35.13456344604492,
        35.023834228515625,
        34.8938102722168,
        34.75796890258789,
        34.599220275878906,
        34.442623138427734,
        34.25662612915039,
        34.03632736206055,
        33.813716888427734,
        33.651832580566406,
        33.42460632324219,
        33.27678680419922,
        33.12770080566406,
        32.99457931518555,
        32.74678039550781,
        32.30880355834961,
        31.845840454101562,
        31.408519744873047,
        30.835458755493164,
        30.203432083129883,
        29.627349853515625,
        28.930295944213867,
        28.272661209106445,
        27.585466384887695,
        26.878223419189453,
        26.152759552001953,
        25.480737686157227,
        24.941905975341797,
        24.384010314941406,
        23.881452560424805,
        23.52993392944336,
        23.180158615112305,
        22.95131492614746,
        22.798831939697266,
        22.732362747192383,
        22.605491638183594,
        22.57870101928711,
        22.57879066467285,
        22.489103317260742,
        22.189781188964844,
        21.91254234313965,
        21.692750930786133,
        21.388916015625,
        21.04660987854004,
        20.748422622680664,
        20.3959903717041,
        20.266475677490234,
        20.119609832763672,
        20.109355926513672,
        20.149755477905273,
        20.09295654296875,
        20.153032302856445,
        20.08013343811035,
        20.101289749145508,
        20.042789459228516,
        19.94474220275879,
        19.95968246459961,
        20.015430450439453,
        20.096811294555664,
        20.0059814453125,
        20.047075271606445,
        20.066312789916992,
        19.930158615112305,
        19.96825408935547,
        19.894601821899414,
        19.93321990966797,
        19.963058471679688,
        19.817657470703125,
        19.801088333129883,
        19.88189697265625,
        19.808055877685547,
        19.867616653442383,
        19.890899658203125,
        19.943838119506836,
        19.918819427490234,
        20.026573181152344,
        20.056446075439453,
        20.071643829345703,
        20.078039169311523,
        20.22908592224121,
        20.07897186279297,
        20.141008377075195,
        20.230405807495117,
        20.051733016967773,
        20.14081573486328,
        20.08167266845703,
        20.124855041503906,
        20.29627799987793,
        20.249300003051758,
        20.1647891998291,
        20.320026397705078,
        20.334152221679688,
        20.25969123840332,
        20.44502830505371
    ]
}