{
    "effect_pehe": 6.691606521606445,
    "effect_mae": 1.9115321636199951
}