{
    "effect_pehe": 6.270284652709961,
    "effect_mae": 0.2429758906364441
}