{
    "epoch": [
        0,
        1,
        2,
        3,
        4,
        5,
        6,
        7,
        8,
        9,
        10,
        11,
        12,
        13,
        14,
        15,
        16,
        17,
        18,
        19,
        20,
        21,
        22,
        23,
        24,
        25,
        26,
        27,
        28,
        29,
        30,
        31,
        32,
        33,
        34,
        35,
        36,
        37,
        38,
        39,
        40,
        41,
        42,
        43,
        44,
        45,
        46,
        47,
        48,
        49,
        50,
        51,
        52,
        53,
        54,
        55,
        56,
        57,
        58,
        59,
        60,
        61,
        62,
        63,
        64,
        65,
        66,
        67,
        68,
        69,
        70,
        71,
        72,
        73,
        74,
        75,
        76,
        77,
        78,
        79,
        80,
        81,
        82,
        83,
        84,
        85,
        86,
        87,
        88,
        89,
        90,
        91,
        92,
        93,
        94,
        95,
        96,
        97,
        98,
        99,
        100,
        101,
        102,
        103,
        104,
        105,
        106,
        107,
        108,
        109,
        110,
        111,
        112,
        113,
        114,
        115,
        116,
        117,
        118,
        119,
        120,
        121,
        122,
        123
    ],
    "train_loss": [
        43.2248649597168,
        43.17628479003906,
        43.12574005126953,
        43.06962203979492,
        43.01258087158203,
        42.94582748413086,
        42.873085021972656,
        42.789390563964844,
        42.69573974609375,
        42.58784866333008,
        42.46510696411133,
        42.31003189086914,
        42.14394760131836,
        41.93712615966797,
        41.70594787597656,
        41.44842529296875,
        41.15802764892578,
        40.812713623046875,
        40.458126068115234,
        40.037010192871094,
        39.612613677978516,
        39.08340072631836,
        38.53559112548828,
        37.86830520629883,
        37.08580780029297,
        36.2380256652832,
        35.303531646728516,
        34.202781677246094,
        33.1027946472168,
        31.809410095214844,
        30.51569938659668,
        29.09215545654297,
        27.610157012939453,
        26.069976806640625,
        24.47138023376465,
        22.80644989013672,
        21.21185874938965,
        19.626981735229492,
        18.23346519470215,
        16.928932189941406,
        15.801054000854492,
        14.850296020507812,
        14.399091720581055,
        14.136043548583984,
        14.025406837463379,
        13.817493438720703,
        13.675436973571777,
        13.040104866027832,
        12.412914276123047,
        11.68191146850586,
        11.165596008300781,
        10.810400009155273,
        10.680863380432129,
        10.578636169433594,
        10.685830116271973,
        10.802329063415527,
        10.700592041015625,
        10.786654472351074,
        10.646687507629395,
        10.423598289489746,
        10.315642356872559,
        10.143593788146973,
        9.996533393859863,
        9.907682418823242,
        9.894861221313477,
        9.829350471496582,
        9.748015403747559,
        9.779196739196777,
        9.673877716064453,
        9.636941909790039,
        9.545976638793945,
        9.495326042175293,
        9.386096000671387,
        9.303943634033203,
        9.222742080688477,
        9.190768241882324,
        9.189924240112305,
        9.135310173034668,
        9.138749122619629,
        9.065169334411621,
        9.045661926269531,
        9.03628158569336,
        8.953335762023926,
        8.918139457702637,
        8.86995792388916,
        8.853172302246094,
        8.82608413696289,
        8.798768043518066,
        8.780415534973145,
        8.737719535827637,
        8.703693389892578,
        8.698614120483398,
        8.64201545715332,
        8.59495735168457,
        8.579313278198242,
        8.556135177612305,
        8.528964042663574,
        8.476712226867676,
        8.456178665161133,
        8.459278106689453,
        8.41470718383789,
        8.395034790039062,
        8.375096321105957,
        8.344794273376465,
        8.324834823608398,
        8.290456771850586,
        8.26183795928955,
        8.240042686462402,
        8.234070777893066,
        8.18165111541748,
        8.188283920288086,
        8.16153621673584,
        8.12717342376709,
        8.113137245178223,
        8.084193229675293,
        8.053750991821289,
        8.023488998413086,
        8.002790451049805,
        8.014139175415039,
        7.948230743408203,
        7.923115253448486,
        7.912808895111084,
        7.892553329467773,
        7.85581636428833
    ],