{
    "effect_pehe": 6.66256046295166,
    "effect_mae": 1.8413071632385254
}