{
    "effect_pehe": 7.8687310218811035,
    "effect_mae": 2.0838468074798584
}