{
    "effect_pehe": 7.916563987731934,
    "effect_mae": 2.1221442222595215
}