{
    "effect_pehe": 6.492833137512207,
    "effect_mae": 1.2088264226913452
}