{
    "epoch": [
        0,
        1,
        2,
        3,
        4,
        5,
        6,
        7,
        8,
        9,
        10,
        11,
        12,
        13,
        14,
        15,
        16,
        17,
        18,
        19,
        20,
        21,
        22,
        23,
        24,
        25,
        26,
        27,
        28,
        29,
        30,
        31,
        32,
        33,
        34,
        35,
        36,
        37,
        38,
        39,
        40,
        41,
        42,
        43,
        44,
        45,
        46,
        47,
        48,
        49,
        50,
        51,
        52,
        53,
        54,
        55,
        56,
        57,
        58,
        59,
        60,
        61,
        62,
        63,
        64,
        65,
        66,
        67,
        68,
        69,
        70,
        71,
        72,
        73,
        74,
        75,
        76,
        77,
        78,
        79,
        80,
        81,
        82,
        83,
        84,
        85
    ],
    "train_loss": [
        30.2537899017334,
        30.21728515625,
        30.178382873535156,
        30.13614845275879,
        30.08951187133789,
        30.036027908325195,
        29.976675033569336,
        29.914867401123047,
        29.846424102783203,
        29.769094467163086,
        29.690683364868164,
        29.600759506225586,
        29.505521774291992,
        29.404293060302734,
        29.29105567932129,
        29.17083168029785,
        29.00796127319336,
        28.83119773864746,
        28.633235931396484,
        28.4042911529541,
        28.14717674255371,
        27.854753494262695,
        27.54148292541504,
        27.186845779418945,
        26.797574996948242,
        26.365516662597656,
        25.906150817871094,
        25.401872634887695,
        24.870820999145508,
        24.29360008239746,
        23.686981201171875,
        23.051912307739258,
        22.404056549072266,
        21.74510955810547,
        21.088287353515625,
        20.435924530029297,
        19.88457679748535,
        19.264169692993164,
        18.797338485717773,
        18.426340103149414,
        18.147703170776367,
        17.9171142578125,
        17.727317810058594,
        17.49274444580078,
        17.28666114807129,
        16.949417114257812,
        16.561355590820312,
        16.3388671875,
        16.15141487121582,
        15.970039367675781,
        15.960442543029785,
        15.881731033325195,
        15.791597366333008,
        15.647947311401367,
        15.596776962280273,
        15.5050687789917,
        15.390807151794434,
        15.261829376220703,
        15.106249809265137,
        15.039822578430176,
        14.946406364440918,
        14.978137969970703,
        14.763577461242676,
        14.67728328704834,
        14.64754867553711,
        14.64057445526123,
        14.486639976501465,
        14.449390411376953,
        14.416651725769043,
        14.368206977844238,
        14.309890747070312,
        14.245072364807129,
        14.156129837036133,
        14.116206169128418,
        14.068379402160645,
        14.025362014770508,
        13.92332935333252,
        13.91190242767334,
        13.901321411132812,
        13.751380920410156,
        13.761541366577148,
        13.68569564819336,
        13.612735748291016,
        13.601592063903809,
        13.58481502532959,
        13.442150115966797
    ],
    "val_loss": [
        30.321474075317383,
        30.2924747467041,
        30.262004852294922,
        30.230831146240234,
        30.195650100708008,
        30.15499496459961,
        30.104921340942383,
        30.051536560058594,
        29.998260498046875,
        29.937753677368164,
        29.861759185791016,
        29.797243118286133,
        29.71794891357422,
        29.635692596435547,
        29.546409606933594,
        29.445486068725586,
        29.3092098236084,
        29.165891647338867,
        28.971233367919922,
        28.763063430786133,
        28.50538444519043,
        28.23259162902832,
        27.933368682861328,
        27.598108291625977,
        27.221494674682617,
        26.82123565673828,
        26.384395599365234,
        25.91044044494629,
        25.387916564941406,
        24.831504821777344,
        24.26671600341797,
        23.670345306396484,
        23.026723861694336,
        22.36273193359375,
        21.67555046081543,
        21.085712432861328,
        20.561321258544922,
        20.0413818359375,
        19.696802139282227,
        19.374282836914062,
        19.220273971557617,
        19.08504295349121,
        19.00533676147461,
        19.14153289794922,
        18.927431106567383,
        18.502506256103516,
        18.304475784301758,
        17.878427505493164,
        17.77926254272461,
        17.66061782836914,
        17.49068260192871,
        17.632741928100586,
        17.31934356689453,
        17.48110008239746,
        17.18793296813965,
        17.266719818115234,
        17.37908172607422,
        17.197101593017578,
        17.372419357299805,
        17.446842193603516,
        17.150333404541016,
        17.35094451904297,
        17.375364303588867,
        17.295639038085938,
        17.417865753173828,
        17.504947662353516,
        17.36907958984375,
        17.46450424194336,
        17.34761619567871,
        17.31492042541504,
        17.408525466918945,
        17.295822143554688,
        17.365234375,
        17.370750427246094,
        17.334041595458984,
        17.251049041748047,
        17.342805862426758,
        17.48148536682129,
        17.39236831665039,
        17.456777572631836,
        17.48782730102539,
        17.47925567626953,
        17.382827758789062,
        17.630863189697266,
        17.57521629333496,
        17.63497543334961
    ]
}