{
    "epoch": [
        0,
        1,
        2,
        3,
        4,
        5,
        6,
        7,
        8,
        9,
        10,
        11,
        12,
        13,
        14,
        15,
        16,
        17,
        18,
        19,
        20,
        21,
        22,
        23,
        24,
        25,
        26,
        27,
        28,
        29,
        30,
        31,
        32,
        33,
        34,
        35,
        36,
        37,
        38,
        39,
        40,
        41,
        42,
        43,
        44,
        45,
        46,
        47,
        48,
        49,
        50,
        51,
        52,
        53,
        54,
        55,
        56,
        57,
        58,
        59,
        60,
        61,
        62,
        63,
        64,
        65,
        66,
        67,
        68,
        69,
        70,
        71,
        72,
        73,
        74,
        75,
        76,
        77,
        78,
        79,
        80,
        81,
        82,
        83,
        84,
        85,
        86,
        87,
        88,
        89,
        90,
        91,
        92,
        93,
        94,
        95,
        96,
        97,
        98,
        99,
        100,
        101,
        102,
        103,
        104,
        105,
        106,
        107,
        108,
        109,
        110,
        111
    ],
    "train_loss": [
        33.679264068603516,
        33.63953399658203,
        33.59956741333008,
        33.55809020996094,
        33.5149040222168,
        33.46843719482422,
        33.41837692260742,
        33.3629035949707,
        33.29975128173828,
        33.22611999511719,
        33.14307403564453,
        33.044708251953125,
        32.93658447265625,
        32.81162643432617,
        32.66704559326172,
        32.50010299682617,
        32.32279586791992,
        32.10872268676758,
        31.873695373535156,
        31.614147186279297,
        31.345151901245117,
        31.020824432373047,
        30.699132919311523,
        30.345956802368164,
        29.957483291625977,
        29.524776458740234,
        29.04077911376953,
        28.510961532592773,
        27.95811653137207,
        27.325599670410156,
        26.67542266845703,
        25.981294631958008,
        25.237838745117188,
        24.485109329223633,
        23.72715950012207,
        22.96931266784668,
        22.26202392578125,
        21.606122970581055,
        21.052387237548828,
        20.552261352539062,
        20.27960777282715,
        20.106311798095703,
        19.980152130126953,
        19.966455459594727,
        19.861032485961914,
        19.74482536315918,
        19.5827693939209,
        19.33610725402832,
        19.09092903137207,
        18.869226455688477,
        18.714094161987305,
        18.668230056762695,
        18.623178482055664,
        18.58106803894043,
        18.60109519958496,
        18.48409080505371,
        18.4669132232666,
        18.410104751586914,
        18.39484405517578,
        18.332714080810547,
        18.196928024291992,
        18.123640060424805,
        18.075891494750977,
        18.00636863708496,
        17.94192123413086,
        17.889551162719727,
        17.84356689453125,
        17.791324615478516,
        17.759496688842773,
        17.662391662597656,
        17.624116897583008,
        17.61106300354004,
        17.55594253540039,
        17.497283935546875,
        17.44321632385254,
        17.39809799194336,
        17.323867797851562,
        17.309459686279297,
        17.278060913085938,
        17.232202529907227,
        17.15981674194336,
        17.104106903076172,
        17.043041229248047,
        17.040781021118164,
        16.976213455200195,
        16.9288387298584,
        16.913799285888672,
        16.829425811767578,
        16.82347297668457,
        16.731307983398438,
        16.681453704833984,
        16.64703941345215,
        16.603137969970703,
        16.560245513916016,
        16.491485595703125,
        16.439071655273438,
        16.39409065246582,
        16.359642028808594,
        16.28912353515625,
        16.27492332458496,
        16.18682861328125,
        16.135499954223633,
        16.083797454833984,
        16.053930282592773,
        15.984601020812988,
        15.946022987365723,
        15.887105941772461,
        15.840958595275879,
        15.776017189025879,
        15.712584495544434,
        15.660017967224121,
        15.604740142822266
    ],
    "val_loss": [
        35.042335510253906,
        35.00239562988281,
        34.96283721923828,
        34.921669006347656,
        34.87812805175781,
        34.830204010009766,
        34.781612396240234,
        34.72127914428711,
        34.65670394897461,
        34.57891082763672,
        34.4921875,
        34.39407730102539,
        34.280487060546875,
        34.146549224853516,
        33.999637603759766,
        33.81975173950195,
        33.63290786743164,
        33.40861892700195,
        33.152618408203125,
        32.87816619873047,
        32.56320571899414,
        32.23931121826172,
        31.902130126953125,
        31.518579483032227,
        31.10486602783203,
        30.644424438476562,
        30.096763610839844,
        29.522268295288086,
        28.906309127807617,
        28.21827507019043,
        27.483083724975586,
        26.69695281982422,
        25.896398544311523,
        25.075166702270508,
        24.25161361694336,
        23.431793212890625,
        22.585826873779297,
        21.74233627319336,
        21.15981674194336,
        20.552366256713867,
        20.18134880065918,
        19.989774703979492,
        19.806528091430664,
        19.744611740112305,
        19.63604164123535,
        19.68526840209961,
        19.50615119934082,
        19.47807502746582,
        19.143301010131836,
        19.06430435180664,
        19.03131103515625,
        19.0167236328125,
        19.065793991088867,
        19.10057258605957,
        19.11349105834961,
        19.13904571533203,
        19.065977096557617,
        19.085010528564453,
        19.028549194335938,
        18.936845779418945,
        18.88801383972168,
        18.89363670349121,
        18.84229850769043,
        18.830045700073242,
        18.702577590942383,
        18.71396827697754,
        18.774070739746094,
        18.65282440185547,
        18.6295166015625,
        18.60041046142578,
        18.683353424072266,
        18.69402503967285,
        18.685224533081055,
        18.62095069885254,
        18.68157958984375,
        18.56559944152832,
        18.59754180908203,
        18.609712600708008,
        18.56548500061035,
        18.61128807067871,
        18.527053833007812,
        18.531234741210938,
        18.58355140686035,
        18.54474639892578,
        18.550649642944336,
        18.524959564208984,
        18.506895065307617,
        18.51894187927246,
        18.587902069091797,
        18.571313858032227,
        18.55271339416504,
        18.618059158325195,
        18.636104583740234,
        18.671443939208984,
        18.646162033081055,
        18.566957473754883,
        18.677066802978516,
        18.708646774291992,
        18.737722396850586,
        18.78108024597168,
        18.74425506591797,
        18.726350784301758,
        18.726531982421875,
        18.80808448791504,
        18.889781951904297,
        18.806747436523438,
        18.865182876586914,
        18.909940719604492,
        18.910802841186523,
        18.907548904418945,
        18.927587509155273,
        18.904905319213867
    ]
}