{
    "effect_pehe": 29.02995929889213,
    "effect_mae": 17.96055657632791
}