{
    "effect_pehe": 25.601107431097194,
    "effect_mae": 17.194028859171983
}