{
    "effect_pehe": 16.139082793764555,
    "effect_mae": 9.457983601360072
}