{
    "effect_pehe": 8.455890487113189,
    "effect_mae": 6.381226959037367
}