{
    "effect_pehe": 39.70116295516172,
    "effect_mae": 21.877585241842276
}