{
    "effect_pehe": 14.0581464428721,
    "effect_mae": 10.665008478794606
}