{
    "effect_pehe": 9.055802046429978,
    "effect_mae": 6.883272073741047
}