{
    "effect_pehe": 24.11126237391404,
    "effect_mae": 18.43602669655397
}