{
    "effect_pehe": 23.150766372680664,
    "effect_mae": 6.1962995529174805
}