{
    "effect_pehe": 7.443574905395508,
    "effect_mae": 1.3000187873840332
}