{
    "effect_pehe": 6.965372085571289,
    "effect_mae": 3.527364730834961
}