{
    "effect_pehe": 21.963350296020508,
    "effect_mae": 8.310290336608887
}