{
    "effect_pehe": 8.97123908996582,
    "effect_mae": 5.611166000366211
}