{
    "effect_pehe": 10.525660514831543,
    "effect_mae": 0.1707777976989746
}