{
    "effect_pehe": 8.734210968017578,
    "effect_mae": 0.9114241600036621
}