{
    "effect_pehe": 12.967597007751465,
    "effect_mae": 6.592294692993164
}