{
    "effect_pehe": 7.45180082321167,
    "effect_mae": 1.8872017860412598
}