{
    "effect_pehe": 17.64857203384132,
    "effect_mae": 11.964416731449665
}