{
    "effect_pehe": 12.855829390182501,
    "effect_mae": 6.408427415516275
}