{
    "effect_pehe": 19.79144275445869,
    "effect_mae": 11.530115333473692
}