{
    "effect_pehe": 22.130415680004106,
    "effect_mae": 13.836540627449713
}