{
    "effect_pehe": 17.662371071185795,
    "effect_mae": 11.012226579380103
}