{
    "effect_pehe": 17.217739684165306,
    "effect_mae": 10.343978365358147
}