{
    "effect_pehe": 12.382398491742684,
    "effect_mae": 5.831729921094007
}