{
    "effect_pehe": 16.56883580451763,
    "effect_mae": 9.725150280593057
}