{
    "effect_pehe": 16.43526519318699,
    "effect_mae": 9.244707471391639
}