{
    "epoch": [
        0,
        1,
        2,
        3,
        4,
        5,
        6,
        7,
        8,
        9,
        10,
        11,
        12,
        13,
        14,
        15,
        16,
        17,
        18,
        19,
        20,
        21,
        22,
        23,
        24,
        25,
        26,
        27,
        28,
        29,
        30,
        31,
        32,
        33,
        34,
        35,
        36,
        37,
        38,
        39,
        40,
        41,
        42,
        43,
        44,
        45,
        46,
        47,
        48,
        49,
        50,
        51,
        52,
        53,
        54,
        55,
        56,
        57,
        58,
        59,
        60,
        61,
        62,
        63,
        64,
        65,
        66,
        67,
        68,
        69,
        70,
        71,
        72,
        73,
        74,
        75,
        76,
        77,
        78,
        79,
        80,
        81,
        82,
        83,
        84,
        85,
        86,
        87,
        88,
        89,
        90,
        91,
        92,
        93,
        94,
        95,
        96,
        97,
        98,
        99,
        100,
        101,
        102,
        103,
        104,
        105,
        106,
        107,
        108,
        109,
        110,
        111,
        112,
        113,
        114,
        115,
        116,
        117,
        118,
        119,
        120,
        121,
        122,
        123,
        124,
        125,
        126,
        127,
        128,
        129,
        130,
        131,
        132,
        133,
        134
    ],
    "train_loss": [
        50.199954986572266,
        50.05143737792969,
        49.89521026611328,
        49.7274284362793,
        49.54418182373047,
        49.348453521728516,
        49.13169860839844,
        48.897823333740234,
        48.62981414794922,
        48.334808349609375,
        47.99921798706055,
        47.622520446777344,
        47.195980072021484,
        46.696128845214844,
        46.14045715332031,
        45.506771087646484,
        44.81511688232422,
        44.03754806518555,
        43.2034912109375,
        42.32756423950195,
        41.40895080566406,
        40.48135757446289,
        39.617515563964844,
        38.83396530151367,
        38.187808990478516,
        37.689964294433594,
        37.304100036621094,
        37.00067901611328,
        36.68627166748047,
        36.35965347290039,
        36.00642776489258,
        35.5871696472168,
        35.06721496582031,
        34.52165603637695,
        33.94997787475586,
        33.37962341308594,
        32.81491470336914,
        32.2365837097168,
        31.633464813232422,
        30.986547470092773,
        30.282695770263672,
        29.54659652709961,
        28.772146224975586,
        27.980113983154297,
        27.167694091796875,
        26.287744522094727,
        25.3736515045166,
        24.426895141601562,
        23.50031280517578,
        22.667184829711914,
        21.911645889282227,
        21.188308715820312,
        20.47390365600586,
        19.791748046875,
        19.165699005126953,
        18.636882781982422,
        18.157564163208008,
        17.714336395263672,
        17.336978912353516,
        17.017059326171875,
        16.73529052734375,
        16.4305419921875,
        16.150718688964844,
        15.935612678527832,
        15.732295036315918,
        15.563349723815918,
        15.377493858337402,
        15.225048065185547,
        15.072907447814941,
        14.951467514038086,
        14.836767196655273,
        14.710501670837402,
        14.580452919006348,
        14.451737403869629,
        14.363471984863281,
        14.216915130615234,
        14.070738792419434,
        13.94426155090332,
        13.797978401184082,
        13.662470817565918,
        13.50674057006836,
        13.368593215942383,
        13.222833633422852,
        13.060454368591309,
        12.90067195892334,
        12.747986793518066,
        12.603310585021973,
        12.452314376831055,
        12.29724407196045,
        12.15727710723877,
        12.011961936950684,
        11.85331916809082,
        11.730401039123535,
        11.586478233337402,
        11.454488754272461,
        11.328051567077637,
        11.209321975708008,
        11.076668739318848,
        10.97542953491211,
        10.872600555419922,
        10.766891479492188,
        10.691742897033691,
        10.62096881866455,
        10.535361289978027,
        10.462016105651855,
        10.413500785827637,
        10.33387565612793,
        10.298849105834961,
        10.241866111755371,
        10.186841011047363,
        10.135560989379883,
        10.088872909545898,
        10.057920455932617,
        10.022171974182129,
        9.991748809814453,
        9.934476852416992,
        9.92829704284668,
        9.899042129516602,
        9.856246948242188,
        9.827710151672363,
        9.805255889892578,
        9.76656723022461,
        9.763322830200195,
        9.711189270019531,
        9.699450492858887,
        9.653721809387207,
        9.655810356140137,
        9.62030029296875,
        9.591938018798828,
        9.600044250488281,
        9.554079055786133,
        9.542466163635254,
        9.512600898742676,
        9.473530769348145,
        9.460638999938965
    ],