{
    "effect_pehe": 4.596310138702393,
    "effect_mae": 0.8577225804328918
}