{
    "epoch": [
        0,
        1,
        2,
        3,
        4,
        5,
        6,
        7,
        8,
        9,
        10,
        11,
        12,
        13,
        14,
        15,
        16,
        17,
        18,
        19,
        20,
        21,
        22,
        23,
        24,
        25,
        26,
        27,
        28,
        29,
        30,
        31,
        32,
        33,
        34,
        35,
        36,
        37,
        38,
        39,
        40,
        41,
        42,
        43,
        44,
        45,
        46,
        47,
        48,
        49,
        50,
        51,
        52,
        53,
        54,
        55,
        56,
        57,
        58,
        59,
        60,
        61,
        62,
        63,
        64,
        65,
        66,
        67,
        68,
        69,
        70,
        71,
        72,
        73,
        74,
        75,
        76,
        77,
        78,
        79,
        80,
        81,
        82,
        83,
        84,
        85,
        86,
        87,
        88,
        89,
        90,
        91,
        92,
        93,
        94,
        95,
        96,
        97,
        98,
        99,
        100,
        101,
        102,
        103,
        104,
        105,
        106,
        107,
        108,
        109,
        110,
        111,
        112,
        113,
        114,
        115,
        116,
        117,
        118,
        119,
        120,
        121,
        122,
        123,
        124,
        125,
        126,
        127,
        128,
        129,
        130,
        131,
        132,
        133,
        134,
        135,
        136,
        137,
        138,
        139,
        140,
        141,
        142,
        143,
        144,
        145,
        146
    ],
    "train_loss": [
        55.595088958740234,
        55.32919692993164,
        55.05905532836914,
        54.779441833496094,
        54.48531723022461,
        54.17858123779297,
        53.842857360839844,
        53.469322204589844,
        53.04819107055664,
        52.56740188598633,
        52.02037048339844,
        51.39651870727539,
        50.691932678222656,
        49.884490966796875,
        48.97150421142578,
        47.93720626831055,
        46.77574157714844,
        45.482704162597656,
        44.07197570800781,
        42.524314880371094,
        40.86545181274414,
        39.12286376953125,
        37.347328186035156,
        35.59767150878906,
        33.99928283691406,
        32.69528579711914,
        31.89311408996582,
        31.714475631713867,
        32.192508697509766,
        32.95807647705078,
        33.52432632446289,
        33.56312942504883,
        33.118072509765625,
        32.36945343017578,
        31.606430053710938,
        30.958782196044922,
        30.513826370239258,
        30.26590919494629,
        30.185659408569336,
        30.17676544189453,
        30.1650447845459,
        30.08495330810547,
        29.964723587036133,
        29.754154205322266,
        29.482975006103516,
        29.15723991394043,
        28.82891082763672,
        28.495403289794922,
        28.179506301879883,
        27.87774658203125,
        27.576318740844727,
        27.28999137878418,
        27.000102996826172,
        26.69993019104004,
        26.388914108276367,
        26.08808708190918,
        25.74592399597168,
        25.375139236450195,
        24.991777420043945,
        24.58868980407715,
        24.179536819458008,
        23.794090270996094,
        23.43711280822754,
        23.113624572753906,
        22.818025588989258,
        22.544719696044922,
        22.28476333618164,
        22.069923400878906,
        21.87856674194336,
        21.72324562072754,
        21.574552536010742,
        21.459836959838867,
        21.360624313354492,
        21.25216293334961,
        21.13202667236328,
        20.99708366394043,
        20.844608306884766,
        20.690237045288086,
        20.539072036743164,
        20.397472381591797,
        20.237306594848633,
        20.121915817260742,
        19.984102249145508,
        19.854671478271484,
        19.733552932739258,
        19.631568908691406,
        19.518123626708984,
        19.43410873413086,
        19.30559730529785,
        19.21312713623047,
        19.119619369506836,
        19.020679473876953,
        18.938995361328125,
        18.85395050048828,
        18.782390594482422,
        18.70541000366211,
        18.650402069091797,
        18.608997344970703,
        18.567626953125,
        18.52374839782715,
        18.45382308959961,
        18.411090850830078,
        18.368896484375,
        18.338468551635742,
        18.293560028076172,
        18.248336791992188,
        18.226024627685547,
        18.196109771728516,
        18.133359909057617,
        18.110206604003906,
        18.067819595336914,
        18.039627075195312,
        17.98780632019043,
        17.95222282409668,
        17.924283981323242,
        17.87868881225586,
        17.852943420410156,
        17.818387985229492,
        17.778106689453125,
        17.74297332763672,
        17.707489013671875,
        17.670202255249023,
        17.643173217773438,
        17.59810447692871,
        17.57157325744629,
        17.544973373413086,
        17.484615325927734,
        17.463397979736328,
        17.42776870727539,
        17.393415451049805,
        17.34767723083496,
        17.292715072631836,
        17.266891479492188,
        17.21562957763672,
        17.176467895507812,
        17.164350509643555,
        17.10449981689453,
        17.090103149414062,
        17.03873062133789,
        16.983062744140625,
        16.94357681274414,
        16.918054580688477,
        16.871498107910156,
        16.8164119720459,
        16.768775939941406,
        16.73091697692871,
        16.694805145263672
    ],