{
    "effect_pehe": 4.633531093597412,
    "effect_mae": 0.21329236030578613
}