{
    "effect_pehe": 5.894818305969238,
    "effect_mae": 3.272960662841797
}