{
    "effect_pehe": 4.356385707855225,
    "effect_mae": 0.6059057712554932
}