{
    "epoch": [
        0,
        1,
        2,
        3,
        4,
        5,
        6,
        7,
        8,
        9,
        10,
        11,
        12,
        13,
        14,
        15,
        16,
        17,
        18,
        19,
        20,
        21,
        22,
        23,
        24,
        25,
        26,
        27,
        28,
        29,
        30,
        31,
        32,
        33,
        34,
        35,
        36,
        37,
        38,
        39,
        40,
        41,
        42,
        43,
        44,
        45,
        46,
        47,
        48,
        49,
        50,
        51,
        52,
        53,
        54,
        55,
        56,
        57,
        58,
        59,
        60,
        61,
        62,
        63,
        64,
        65,
        66,
        67,
        68,
        69,
        70,
        71,
        72,
        73,
        74,
        75,
        76,
        77,
        78,
        79,
        80,
        81,
        82,
        83,
        84,
        85,
        86,
        87,
        88,
        89,
        90,
        91,
        92,
        93,
        94,
        95,
        96,
        97,
        98,
        99,
        100,
        101,
        102,
        103,
        104,
        105,
        106,
        107,
        108,
        109,
        110,
        111,
        112,
        113,
        114,
        115,
        116,
        117,
        118,
        119,
        120,
        121,
        122,
        123,
        124,
        125,
        126,
        127,
        128,
        129,
        130,
        131,
        132,
        133,
        134,
        135,
        136,
        137,
        138,
        139,
        140,
        141,
        142,
        143,
        144,
        145,
        146,
        147,
        148,
        149,
        150,
        151,
        152,
        153,
        154,
        155,
        156,
        157
    ],
    "train_loss": [
        24.523046493530273,
        24.37759780883789,
        24.241477966308594,
        24.11061668395996,
        23.981327056884766,
        23.846866607666016,
        23.70135498046875,
        23.540597915649414,
        23.3568115234375,
        23.146745681762695,
        22.90789222717285,
        22.63397789001465,
        22.31940460205078,
        21.96143913269043,
        21.555519104003906,
        21.091447830200195,
        20.574331283569336,
        19.996973037719727,
        19.362131118774414,
        18.68914222717285,
        17.980281829833984,
        17.25655746459961,
        16.562620162963867,
        15.944211959838867,
        15.462104797363281,
        15.191000938415527,
        15.155348777770996,
        15.291494369506836,
        15.485000610351562,
        15.552532196044922,
        15.438092231750488,
        15.159459114074707,
        14.81274700164795,
        14.468306541442871,
        14.199051856994629,
        14.014098167419434,
        13.89359188079834,
        13.809746742248535,
        13.737605094909668,
        13.641898155212402,
        13.514567375183105,
        13.341163635253906,
        13.130261421203613,
        12.894858360290527,
        12.651435852050781,
        12.421530723571777,
        12.20617961883545,
        12.01351547241211,
        11.82564926147461,
        11.631620407104492,
        11.415578842163086,
        11.172113418579102,
        10.896679878234863,
        10.603145599365234,
        10.300857543945312,
        10.00570011138916,
        9.713683128356934,
        9.417899131774902,
        9.118669509887695,
        8.80007266998291,
        8.468311309814453,
        8.1371488571167,
        7.808652400970459,
        7.492798328399658,
        7.193843841552734,
        6.904321670532227,
        6.6429548263549805,
        6.394155502319336,
        6.170230865478516,
        5.977033615112305,
        5.810765266418457,
        5.685458183288574,
        5.579763889312744,
        5.491611480712891,
        5.430035591125488,
        5.379298210144043,
        5.342896461486816,
        5.299261569976807,
        5.262587547302246,
        5.217101097106934,
        5.172351837158203,
        5.121267318725586,
        5.0685601234436035,
        5.022114276885986,
        4.965860843658447,
        4.919595241546631,
        4.865022659301758,
        4.82640266418457,
        4.786198139190674,
        4.73881196975708,
        4.703049659729004,
        4.676562309265137,
        4.635240077972412,
        4.5950093269348145,
        4.55952262878418,
        4.519224166870117,
        4.480637550354004,
        4.445303916931152,
        4.395100116729736,
        4.354517936706543,
        4.312620639801025,
        4.269684791564941,
        4.220593452453613,
        4.182667255401611,
        4.140599250793457,
        4.101126670837402,
        4.060906410217285,
        4.024169445037842,
        3.9830830097198486,
        3.9518544673919678,
        3.920121431350708,
        3.8845882415771484,
        3.8563809394836426,
        3.824514627456665,
        3.7997446060180664,
        3.77895450592041,
        3.755892038345337,
        3.727339506149292,
        3.7073731422424316,
        3.6823890209198,
        3.663541078567505,
        3.6471574306488037,
        3.6265790462493896,
        3.608450412750244,
        3.596205472946167,
        3.580277919769287,
        3.562030553817749,
        3.5530762672424316,
        3.5439419746398926,
        3.5239810943603516,
        3.5094923973083496,
        3.500606060028076,
        3.484645128250122,
        3.46815824508667,
        3.460998058319092,
        3.4432995319366455,
        3.4334073066711426,
        3.4161243438720703,
        3.4061737060546875,
        3.393080711364746,
        3.3831369876861572,
        3.3669917583465576,
        3.3598666191101074,
        3.3435122966766357,
        3.3305859565734863,
        3.3208255767822266,
        3.300248622894287,
        3.2966177463531494,
        3.28275203704834,
        3.274078369140625,
        3.2699687480926514,
        3.267557382583618,
        3.2452969551086426,
        3.2322545051574707,
        3.2295868396759033,
        3.2110793590545654,
        3.1998651027679443,
        3.194182872772217
    ],