{
    "effect_pehe": 4.963085651397705,
    "effect_mae": 1.9374456405639648
}