{
    "effect_pehe": 6.206055641174316,
    "effect_mae": 2.336029529571533
}