{
    "effect_pehe": 9.591530799865723,
    "effect_mae": 8.373172760009766
}