{
    "effect_pehe": 4.876504898071289,
    "effect_mae": 2.174437999725342
}