{
    "epoch": [
        0,
        1,
        2,
        3,
        4,
        5,
        6,
        7,
        8,
        9,
        10,
        11,
        12,
        13,
        14,
        15,
        16,
        17,
        18,
        19,
        20,
        21,
        22,
        23,
        24,
        25,
        26,
        27,
        28,
        29,
        30,
        31,
        32,
        33,
        34,
        35,
        36,
        37,
        38,
        39,
        40,
        41,
        42,
        43,
        44,
        45,
        46,
        47,
        48,
        49,
        50,
        51,
        52,
        53,
        54,
        55,
        56,
        57,
        58,
        59,
        60,
        61,
        62,
        63,
        64,
        65,
        66,
        67,
        68,
        69,
        70,
        71,
        72,
        73,
        74,
        75,
        76,
        77,
        78,
        79,
        80,
        81,
        82,
        83,
        84,
        85,
        86,
        87,
        88,
        89,
        90,
        91,
        92,
        93,
        94,
        95,
        96,
        97,
        98,
        99,
        100,
        101,
        102,
        103,
        104,
        105,
        106,
        107,
        108,
        109,
        110,
        111,
        112,
        113,
        114,
        115,
        116,
        117,
        118,
        119,
        120,
        121,
        122,
        123,
        124,
        125,
        126,
        127,
        128,
        129,
        130,
        131,
        132,
        133,
        134,
        135,
        136,
        137,
        138,
        139,
        140,
        141
    ],
    "train_loss": [
        42.68650436401367,
        42.5057487487793,
        42.33112716674805,
        42.16465759277344,
        41.995567321777344,
        41.821964263916016,
        41.64093780517578,
        41.45094299316406,
        41.24163818359375,
        41.012474060058594,
        40.753726959228516,
        40.47066879272461,
        40.159549713134766,
        39.81456756591797,
        39.42460250854492,
        38.99222946166992,
        38.51396179199219,
        37.98133087158203,
        37.393192291259766,
        36.75156784057617,
        36.07317352294922,
        35.346805572509766,
        34.59730529785156,
        33.84550476074219,
        33.10914993286133,
        32.460697174072266,
        31.942440032958984,
        31.636873245239258,
        31.56535530090332,
        31.71152687072754,
        31.93853759765625,
        32.05717849731445,
        31.990684509277344,
        31.73280906677246,
        31.37253761291504,
        30.992958068847656,
        30.664306640625,
        30.392019271850586,
        30.214492797851562,
        30.06864356994629,
        29.95406723022461,
        29.82785415649414,
        29.67070198059082,
        29.493383407592773,
        29.258909225463867,
        28.98179054260254,
        28.7058048248291,
        28.396244049072266,
        28.092056274414062,
        27.794889450073242,
        27.484130859375,
        27.164703369140625,
        26.828107833862305,
        26.506956100463867,
        26.207374572753906,
        25.925186157226562,
        25.67024803161621,
        25.40087890625,
        25.12984848022461,
        24.88801383972168,
        24.674972534179688,
        24.506528854370117,
        24.34250831604004,
        24.17491340637207,
        24.03960609436035,
        23.928359985351562,
        23.804914474487305,
        23.660747528076172,
        23.51544189453125,
        23.375394821166992,
        23.20516014099121,
        23.05487632751465,
        22.884933471679688,
        22.734249114990234,
        22.56865692138672,
        22.40116310119629,
        22.246030807495117,
        22.08902359008789,
        21.947185516357422,
        21.795576095581055,
        21.67148208618164,
        21.547086715698242,
        21.422985076904297,
        21.3148136138916,
        21.210641860961914,
        21.111495971679688,
        21.039134979248047,
        20.960092544555664,
        20.88214874267578,
        20.81500244140625,
        20.75086784362793,
        20.691547393798828,
        20.625,
        20.576108932495117,
        20.521240234375,
        20.45914077758789,
        20.40380096435547,
        20.34739875793457,
        20.308002471923828,
        20.25029182434082,
        20.1816349029541,
        20.14238739013672,
        20.094362258911133,
        20.070125579833984,
        19.996505737304688,
        19.959068298339844,
        19.92389488220215,
        19.89866828918457,
        19.850872039794922,
        19.800064086914062,
        19.752653121948242,
        19.7150821685791,
        19.68454933166504,
        19.64150619506836,
        19.602872848510742,
        19.542245864868164,
        19.498294830322266,
        19.478355407714844,
        19.416162490844727,
        19.39422035217285,
        19.339725494384766,
        19.281435012817383,
        19.249643325805664,
        19.169506072998047,
        19.116540908813477,
        19.079099655151367,
        19.035797119140625,
        18.964012145996094,
        18.91771125793457,
        18.872591018676758,
        18.8184757232666,
        18.77588653564453,
        18.69930648803711,
        18.6455078125,
        18.604595184326172,
        18.55612564086914,
        18.493928909301758,
        18.43735122680664,
        18.398967742919922,
        18.33751678466797,
        18.265417098999023,
        18.221471786499023
    ],