{
    "effect_pehe": 7.458766937255859,
    "effect_mae": 1.7917280197143555
}