{
    "epoch": [
        0,
        1,
        2,
        3,
        4,
        5,
        6,
        7,
        8,
        9,
        10,
        11,
        12,
        13,
        14,
        15,
        16,
        17,
        18,
        19,
        20,
        21,
        22,
        23,
        24,
        25,
        26,
        27,
        28,
        29,
        30,
        31,
        32,
        33,
        34,
        35,
        36,
        37,
        38,
        39,
        40,
        41,
        42,
        43,
        44,
        45,
        46,
        47,
        48,
        49,
        50,
        51,
        52,
        53,
        54,
        55,
        56,
        57,
        58,
        59,
        60,
        61,
        62,
        63,
        64,
        65,
        66,
        67,
        68,
        69,
        70,
        71,
        72,
        73,
        74,
        75,
        76,
        77,
        78,
        79,
        80,
        81,
        82,
        83,
        84,
        85,
        86,
        87,
        88,
        89,
        90,
        91,
        92,
        93,
        94,
        95,
        96,
        97,
        98,
        99,
        100,
        101,
        102,
        103,
        104,
        105,
        106,
        107,
        108,
        109,
        110,
        111,
        112,
        113,
        114,
        115,
        116,
        117,
        118,
        119,
        120,
        121,
        122,
        123,
        124,
        125,
        126,
        127,
        128,
        129,
        130,
        131,
        132,
        133,
        134,
        135,
        136
    ],
    "train_loss": [
        34.49268341064453,
        34.34999465942383,
        34.201499938964844,
        34.046077728271484,
        33.88771438598633,
        33.721473693847656,
        33.538795471191406,
        33.335479736328125,
        33.10432434082031,
        32.847076416015625,
        32.556434631347656,
        32.23671340942383,
        31.885000228881836,
        31.49515151977539,
        31.076763153076172,
        30.623674392700195,
        30.159587860107422,
        29.67917251586914,
        29.216644287109375,
        28.772037506103516,
        28.385971069335938,
        28.10472869873047,
        27.9058780670166,
        27.796829223632812,
        27.75332260131836,
        27.71127700805664,
        27.652158737182617,
        27.555952072143555,
        27.386817932128906,
        27.16468048095703,
        26.922441482543945,
        26.688243865966797,
        26.477035522460938,
        26.2999267578125,
        26.15471076965332,
        26.007423400878906,
        25.854537963867188,
        25.661338806152344,
        25.444002151489258,
        25.1768741607666,
        24.89565658569336,
        24.586214065551758,
        24.267253875732422,
        23.966968536376953,
        23.65236473083496,
        23.335317611694336,
        22.994857788085938,
        22.62714958190918,
        22.228342056274414,
        21.82884407043457,
        21.447847366333008,
        21.099842071533203,
        20.77302360534668,
        20.450485229492188,
        20.140975952148438,
        19.873226165771484,
        19.65940284729004,
        19.457340240478516,
        19.259098052978516,
        19.10779571533203,
        18.981992721557617,
        18.83683204650879,
        18.684988021850586,
        18.567888259887695,
        18.46767807006836,
        18.33232307434082,
        18.211345672607422,
        18.112634658813477,
        18.003450393676758,
        17.896921157836914,
        17.80803108215332,
        17.724966049194336,
        17.634471893310547,
        17.55536651611328,
        17.472322463989258,
        17.371889114379883,
        17.274808883666992,
        17.193206787109375,
        17.102327346801758,
        17.010385513305664,
        16.9044132232666,
        16.825481414794922,
        16.73033332824707,
        16.65251350402832,
        16.570207595825195,
        16.470508575439453,
        16.401735305786133,
        16.343095779418945,
        16.247215270996094,
        16.18489646911621,
        16.11648178100586,
        16.043235778808594,
        15.966776847839355,
        15.908803939819336,
        15.851588249206543,
        15.78528118133545,
        15.731554985046387,
        15.679183959960938,
        15.611515998840332,
        15.58233642578125,
        15.537426948547363,
        15.495238304138184,
        15.424805641174316,
        15.417243957519531,
        15.346641540527344,
        15.294312477111816,
        15.268331527709961,
        15.216344833374023,
        15.18116283416748,
        15.137175559997559,
        15.079582214355469,
        15.049093246459961,
        14.98755931854248,
        14.941549301147461,
        14.88968276977539,
        14.83629035949707,
        14.808822631835938,
        14.750865936279297,
        14.694686889648438,
        14.654099464416504,
        14.614047050476074,
        14.558993339538574,
        14.501777648925781,
        14.446717262268066,
        14.404911041259766,
        14.343792915344238,
        14.312313079833984,
        14.252220153808594,
        14.20785903930664,
        14.1736478805542,
        14.112337112426758,
        14.046890258789062,
        14.01590347290039,
        13.961662292480469,
        13.8932466506958,
        13.856619834899902,
        13.797464370727539
    ],