{
    "effect_pehe": 4.761449813842773,
    "effect_mae": 0.5555322170257568
}