{
    "epoch": [
        0,
        1,
        2,
        3,
        4,
        5,
        6,
        7,
        8,
        9,
        10,
        11,
        12,
        13,
        14,
        15,
        16,
        17,
        18,
        19,
        20,
        21,
        22,
        23,
        24,
        25,
        26,
        27,
        28,
        29,
        30,
        31,
        32,
        33,
        34,
        35,
        36,
        37,
        38,
        39,
        40,
        41,
        42,
        43,
        44,
        45,
        46,
        47,
        48,
        49,
        50,
        51,
        52,
        53,
        54,
        55,
        56,
        57,
        58,
        59,
        60,
        61,
        62,
        63,
        64,
        65,
        66,
        67,
        68,
        69,
        70,
        71,
        72,
        73,
        74,
        75,
        76,
        77,
        78,
        79,
        80,
        81,
        82,
        83,
        84,
        85,
        86,
        87,
        88,
        89,
        90,
        91,
        92,
        93,
        94,
        95,
        96,
        97,
        98,
        99,
        100,
        101,
        102,
        103,
        104,
        105,
        106,
        107,
        108,
        109,
        110,
        111,
        112,
        113,
        114,
        115,
        116,
        117,
        118,
        119,
        120,
        121,
        122,
        123,
        124,
        125,
        126,
        127,
        128,
        129,
        130,
        131,
        132,
        133,
        134,
        135,
        136,
        137,
        138,
        139,
        140,
        141,
        142,
        143,
        144,
        145,
        146,
        147,
        148,
        149,
        150,
        151,
        152,
        153,
        154,
        155,
        156,
        157,
        158,
        159,
        160,
        161,
        162,
        163,
        164,
        165,
        166,
        167,
        168,
        169,
        170,
        171,
        172,
        173,
        174,
        175,
        176,
        177,
        178,
        179,
        180,
        181,
        182,
        183,
        184,
        185
    ],
    "train_loss": [
        32.24049758911133,
        32.038753509521484,
        31.836217880249023,
        31.630231857299805,
        31.417604446411133,
        31.18999671936035,
        30.94326400756836,
        30.669904708862305,
        30.361764907836914,
        29.998287200927734,
        29.57836151123047,
        29.084196090698242,
        28.507701873779297,
        27.840255737304688,
        27.058897018432617,
        26.156654357910156,
        25.127880096435547,
        23.95795249938965,
        22.645645141601562,
        21.208772659301758,
        19.652629852294922,
        18.024511337280273,
        16.38271141052246,
        14.827400207519531,
        13.503944396972656,
        12.57220458984375,
        12.222341537475586,
        12.512741088867188,
        13.258888244628906,
        13.92552661895752,
        14.117636680603027,
        13.751604080200195,
        13.096854209899902,
        12.373213768005371,
        11.779714584350586,
        11.412227630615234,
        11.244816780090332,
        11.211450576782227,
        11.249217987060547,
        11.287527084350586,
        11.298664093017578,
        11.229818344116211,
        11.094087600708008,
        10.89513874053955,
        10.653907775878906,
        10.400700569152832,
        10.154285430908203,
        9.940762519836426,
        9.762354850769043,
        9.623635292053223,
        9.502523422241211,
        9.411199569702148,
        9.306654930114746,
        9.170669555664062,
        9.00710391998291,
        8.809940338134766,
        8.603947639465332,
        8.398435592651367,
        8.18807315826416,
        8.000856399536133,
        7.813052177429199,
        7.634188652038574,
        7.451173782348633,
        7.283360958099365,
        7.096195220947266,
        6.899415969848633,
        6.691985607147217,
        6.493982315063477,
        6.317148208618164,
        6.168980598449707,
        6.019470691680908,
        5.883642673492432,
        5.73707914352417,
        5.599791526794434,
        5.470651149749756,
        5.33879280090332,
        5.2192816734313965,
        5.10214376449585,
        4.99380350112915,
        4.880043029785156,
        4.76414680480957,
        4.649505615234375,
        4.546425819396973,
        4.455085277557373,
        4.374957084655762,
        4.289761066436768,
        4.209596633911133,
        4.145960807800293,
        4.086349010467529,
        4.041933536529541,
        4.007234573364258,
        3.965932846069336,
        3.9332845211029053,
        3.9040558338165283,
        3.8851046562194824,
        3.858407735824585,
        3.8353018760681152,
        3.8124616146087646,
        3.795295000076294,
        3.768280267715454,
        3.7497055530548096,
        3.727994680404663,
        3.716658353805542,
        3.6899349689483643,
        3.6657519340515137,
        3.648627996444702,
        3.627868175506592,
        3.61205792427063,
        3.5942091941833496,
        3.5752925872802734,
        3.561206817626953,
        3.5472471714019775,
        3.5352089405059814,
        3.5203752517700195,
        3.511080741882324,
        3.4919986724853516,
        3.4799091815948486,
        3.473790168762207,
        3.4664132595062256,
        3.450939893722534,
        3.4432225227355957,
        3.4319629669189453,
        3.423919200897217,
        3.405696153640747,
        3.405590295791626,
        3.3924784660339355,
        3.381765365600586,
        3.3677940368652344,
        3.3579373359680176,
        3.3462908267974854,
        3.3385283946990967,
        3.3296990394592285,
        3.3248603343963623,
        3.3087806701660156,
        3.306328535079956,
        3.294022560119629,
        3.2867543697357178,
        3.270697593688965,
        3.2672102451324463,
        3.2570128440856934,
        3.247436046600342,
        3.2378532886505127,
        3.226292848587036,
        3.221200704574585,
        3.203295946121216,
        3.194577217102051,
        3.1848721504211426,
        3.1758861541748047,
        3.157999277114868,
        3.154045581817627,
        3.145573139190674,
        3.134385824203491,
        3.126739263534546,
        3.1083180904388428,
        3.097890615463257,
        3.0885467529296875,
        3.0779178142547607,
        3.063898801803589,
        3.0555365085601807,
        3.0458483695983887,
        3.0322699546813965,
        3.0187015533447266,
        3.010714530944824,
        2.9975383281707764,
        2.9856669902801514,
        2.9731616973876953,
        2.9640538692474365,
        2.9517388343811035,
        2.937770366668701,
        2.925178050994873,
        2.915205478668213,
        2.9049034118652344,
        2.8935816287994385,
        2.8819756507873535,
        2.869290828704834,
        2.8599956035614014,
        2.84503173828125,
        2.8381471633911133,
        2.823477268218994,
        2.8082706928253174,
        2.8041622638702393,
        2.798647165298462,
        2.78139328956604,
        2.7720229625701904,
        2.764035224914551,
        2.742140293121338
    ],