{
    "effect_pehe": 5.874203681945801,
    "effect_mae": 2.1486284732818604
}