{
    "effect_pehe": 5.568413257598877,
    "effect_mae": 0.5866550803184509
}