{
    "effect_pehe": 5.186530590057373,
    "effect_mae": 1.3778712749481201
}