{
    "effect_pehe": 4.383747100830078,
    "effect_mae": 0.2034013867378235
}