{
    "effect_pehe": 5.049560546875,
    "effect_mae": 0.728821337223053
}