{
    "effect_pehe": 4.4275665283203125,
    "effect_mae": 0.271337628364563
}