{
    "epoch": [
        0,
        1,
        2,
        3,
        4,
        5,
        6,
        7,
        8,
        9,
        10,
        11,
        12,
        13,
        14,
        15,
        16,
        17,
        18,
        19,
        20,
        21,
        22,
        23,
        24,
        25,
        26,
        27,
        28,
        29,
        30,
        31,
        32,
        33,
        34,
        35,
        36,
        37,
        38,
        39,
        40,
        41,
        42,
        43,
        44,
        45,
        46,
        47,
        48,
        49,
        50,
        51,
        52,
        53,
        54,
        55,
        56,
        57,
        58,
        59,
        60,
        61,
        62,
        63,
        64,
        65,
        66,
        67,
        68,
        69,
        70,
        71,
        72,
        73,
        74,
        75,
        76,
        77,
        78,
        79,
        80,
        81,
        82,
        83,
        84,
        85,
        86,
        87,
        88,
        89,
        90,
        91,
        92,
        93,
        94,
        95,
        96,
        97,
        98,
        99,
        100,
        101
    ],
    "train_loss": [
        7.689324855804443,
        6.019311428070068,
        5.343164920806885,
        4.18880558013916,
        3.537684202194214,
        3.1124439239501953,
        2.894479274749756,
        2.901317596435547,
        2.8347766399383545,
        2.7942755222320557,
        2.5375802516937256,
        2.5310144424438477,
        2.492689609527588,
        2.3307347297668457,
        2.2170119285583496,
        1.9382905960083008,
        1.813912272453308,
        1.7133029699325562,
        1.7473869323730469,
        1.6314858198165894,
        1.5726131200790405,
        1.5042752027511597,
        1.4924654960632324,
        1.4920992851257324,
        1.437217116355896,
        1.3446365594863892,
        1.2986655235290527,
        1.293981909751892,
        1.2630406618118286,
        1.199857473373413,
        1.1533304452896118,
        1.188178539276123,
        1.1452089548110962,
        1.1411800384521484,
        1.1230231523513794,
        1.1045801639556885,
        1.0569055080413818,
        1.0602692365646362,
        1.0278360843658447,
        1.0249485969543457,
        1.0073920488357544,
        1.0138267278671265,
        1.00509774684906,
        0.997257649898529,
        0.9927046298980713,
        0.9682682752609253,
        0.976626455783844,
        0.9935846328735352,
        0.9649932384490967,
        0.9638309478759766,
        0.9552307724952698,
        0.9450412392616272,
        0.9443187117576599,
        0.9657407402992249,
        0.9513286352157593,
        0.940078616142273,
        0.9440423846244812,
        0.9426615834236145,
        0.9448204040527344,
        0.9333446621894836,
        0.9469115734100342,
        0.9540084600448608,
        0.9308786988258362,
        0.9253362417221069,
        0.9402215480804443,
        0.9308194518089294,
        0.9413811564445496,
        0.9443781971931458,
        0.9303776621818542,
        0.9370308518409729,
        0.9340534210205078,
        0.9306217432022095,
        0.9281255006790161,
        0.9278231859207153,
        0.9356248378753662,
        0.9245783686637878,
        0.9284935593605042,
        0.926764965057373,
        0.931695282459259,
        0.9409509301185608,
        0.9279987812042236,
        0.9372350573539734,
        0.9421900510787964,
        0.9372326731681824,
        0.9300722479820251,
        0.9357748627662659,
        0.935166597366333,
        0.9350932240486145,
        0.9292314052581787,
        0.9340208172798157,
        0.9352881908416748,
        0.9301722049713135,
        0.9299159049987793,
        0.9373230934143066,
        0.9311185479164124,
        0.9342641830444336,
        0.9307006001472473,
        0.932431161403656,
        0.9412396550178528,
        0.9265673160552979,
        0.9314825534820557,
        0.9418526887893677
    ],
    "val_loss": [
        6.865499973297119,
        6.247037887573242,
        5.830520153045654,
        4.337871551513672,
        3.4851865768432617,
        2.908292055130005,
        3.002316951751709,
        2.6951992511749268,
        2.7727911472320557,
        2.6164002418518066,
        2.511777400970459,
        2.351497173309326,
        2.4180848598480225,
        2.2623841762542725,
        1.9978992938995361,
        1.7993377447128296,
        1.747253656387329,
        1.6974937915802002,
        1.729125738143921,
        1.5398396253585815,
        1.4551228284835815,
        1.6432512998580933,
        1.5397626161575317,
        1.4013115167617798,
        1.4137420654296875,
        1.4115597009658813,
        1.3078043460845947,
        1.2529574632644653,
        1.2689917087554932,
        1.2544467449188232,
        1.219204306602478,
        1.2139551639556885,
        1.1806737184524536,
        1.1957740783691406,
        1.1671415567398071,
        1.1238036155700684,
        1.102346420288086,
        1.0470064878463745,
        1.041530728340149,
        1.0307434797286987,
        1.0144567489624023,
        0.9854386448860168,
        1.0146311521530151,
        1.0034481287002563,
        0.998839795589447,
        1.0273942947387695,
        0.9730432629585266,
        1.015846610069275,
        1.0163683891296387,
        0.9872612357139587,
        1.0072952508926392,
        1.0110862255096436,
        0.9796941876411438,
        0.9972811341285706,
        0.9921599626541138,
        0.9896466135978699,
        0.9845918416976929,
        0.9906356930732727,
        0.9698479771614075,
        0.9695383906364441,
        0.9805550575256348,
        0.9775973558425903,
        0.9540965557098389,
        0.9499384760856628,
        0.9512749910354614,
        0.9516983032226562,
        0.965671181678772,
        0.9769266843795776,
        0.9748840928077698,
        0.9660926461219788,
        0.9772231578826904,
        0.9602389335632324,
        0.9557704329490662,
        0.9463860988616943,
        0.9699349403381348,
        0.9453712701797485,
        0.9349611401557922,
        0.9641466736793518,
        0.9579493403434753,
        0.9621667861938477,
        0.9420496821403503,
        0.9690386056900024,
        0.9428263306617737,
        0.9517484307289124,
        0.9656920433044434,
        0.960342526435852,
        0.9498182535171509,
        0.950287938117981,
        0.9445436596870422,
        0.9637020230293274,
        0.9724348187446594,
        0.961015522480011,
        0.9537491202354431,
        0.9714646339416504,
        0.9630147814750671,
        0.9618089199066162,
        0.9592687487602234,
        0.9655715823173523,
        0.9438305497169495,
        0.9489201903343201,
        0.9604642391204834,
        0.9618428945541382
    ]
}