{
    "epoch": [
        0,
        1,
        2,
        3,
        4,
        5,
        6,
        7,
        8,
        9,
        10,
        11,
        12,
        13,
        14,
        15,
        16,
        17,
        18,
        19,
        20,
        21,
        22,
        23,
        24,
        25,
        26,
        27,
        28,
        29,
        30,
        31,
        32,
        33,
        34,
        35,
        36,
        37,
        38,
        39,
        40,
        41,
        42,
        43,
        44,
        45,
        46,
        47,
        48,
        49,
        50,
        51,
        52,
        53,
        54,
        55,
        56,
        57,
        58,
        59,
        60,
        61,
        62,
        63,
        64,
        65,
        66,
        67,
        68,
        69,
        70,
        71,
        72,
        73,
        74,
        75,
        76,
        77,
        78,
        79,
        80,
        81,
        82,
        83,
        84,
        85,
        86,
        87,
        88,
        89,
        90,
        91,
        92,
        93,
        94,
        95,
        96,
        97,
        98,
        99,
        100,
        101,
        102,
        103,
        104,
        105,
        106,
        107,
        108,
        109,
        110,
        111,
        112,
        113,
        114,
        115,
        116,
        117,
        118,
        119,
        120,
        121,
        122,
        123,
        124,
        125,
        126,
        127,
        128,
        129,
        130,
        131,
        132,
        133,
        134,
        135,
        136,
        137,
        138,
        139,
        140,
        141,
        142,
        143,
        144,
        145,
        146,
        147,
        148,
        149,
        150,
        151,
        152,
        153,
        154
    ],
    "train_loss": [
        10.892129898071289,
        4.678273677825928,
        3.3419926166534424,
        4.598898410797119,
        5.387821197509766,
        5.161257266998291,
        3.848926544189453,
        2.900465965270996,
        2.364992618560791,
        2.5031967163085938,
        2.833738088607788,
        3.027223825454712,
        2.9786880016326904,
        2.5355234146118164,
        2.2529914379119873,
        1.9366199970245361,
        1.8695745468139648,
        1.9074896574020386,
        2.0467467308044434,
        2.1706454753875732,
        1.9892127513885498,
        1.9003218412399292,
        1.7019575834274292,
        1.5275934934616089,
        1.5229923725128174,
        1.5764307975769043,
        1.6156401634216309,
        1.6299982070922852,
        1.5847792625427246,
        1.3959685564041138,
        1.3038440942764282,
        1.2890952825546265,
        1.2966632843017578,
        1.365904688835144,
        1.351733684539795,
        1.301112174987793,
        1.2289625406265259,
        1.2124605178833008,
        1.1431105136871338,
        1.1878764629364014,
        1.226467251777649,
        1.2050256729125977,
        1.170597791671753,
        1.169350504875183,
        1.1002817153930664,
        1.114893913269043,
        1.1287636756896973,
        1.137919306755066,
        1.1047977209091187,
        1.1003597974777222,
        1.0958749055862427,
        1.0432748794555664,
        1.060037612915039,
        1.0629396438598633,
        1.051565408706665,
        1.0571335554122925,
        1.0400627851486206,
        1.0265958309173584,
        1.0418813228607178,
        1.0278009176254272,
        1.0132859945297241,
        1.0349352359771729,
        1.005927562713623,
        1.005144715309143,
        1.0088930130004883,
        0.9812306761741638,
        0.988696813583374,
        0.978540301322937,
        0.9935941696166992,
        0.9656645059585571,
        0.9858246445655823,
        0.9627223610877991,
        0.9729487895965576,
        0.9688935875892639,
        0.9734612107276917,
        0.9613954424858093,
        0.9616007208824158,
        0.9627620577812195,
        0.9525875449180603,
        0.9524115324020386,
        0.9547329545021057,
        0.9637666344642639,
        0.9419782161712646,
        0.9571391344070435,
        0.9493133425712585,
        0.9520549774169922,
        0.9556742310523987,
        0.9364109635353088,
        0.9451354146003723,
        0.9339472055435181,
        0.9373955726623535,
        0.9418060183525085,
        0.9388387203216553,
        0.9362854361534119,
        0.9290565848350525,
        0.9407355785369873,
        0.9483969211578369,
        0.9203441143035889,
        0.92808997631073,
        0.9202294945716858,
        0.9225847721099854,
        0.9328406453132629,
        0.9343438744544983,
        0.9312356114387512,
        0.9269311428070068,
        0.9239453077316284,
        0.9296953678131104,
        0.9302271008491516,
        0.9310666918754578,
        0.9260380864143372,
        0.9230161905288696,
        0.9313505291938782,
        0.9353116750717163,
        0.9202185869216919,
        0.9114265441894531,
        0.9231998920440674,
        0.9196053743362427,
        0.9194779396057129,
        0.9144183397293091,
        0.9181602001190186,
        0.9150778651237488,
        0.9370962977409363,
        0.9075406789779663,
        0.9073113799095154,
        0.9186024069786072,
        0.9166505336761475,
        0.9217581748962402,
        0.9145025610923767,
        0.9130999445915222,
        0.9117976427078247,
        0.9159812927246094,
        0.9167264103889465,
        0.9226282835006714,
        0.9133114814758301,
        0.9202261567115784,
        0.9215239882469177,
        0.9100014567375183,
        0.9113349914550781,
        0.9266586899757385,
        0.913588285446167,
        0.914907693862915,
        0.9265388250350952,
        0.922484278678894,
        0.9150924682617188,
        0.913012683391571,
        0.9214637875556946,
        0.9199188351631165,
        0.9193593263626099,
        0.9165009260177612,
        0.9196067452430725,
        0.9090505838394165,
        0.9126349687576294,
        0.9099945425987244,
        0.9183746576309204,
        0.9199913740158081
    ],