{
    "effect_pehe": 5.182619571685791,
    "effect_mae": 1.2768901586532593
}