{
    "effect_pehe": 5.148362636566162,
    "effect_mae": 1.3207306861877441
}