{
    "epoch": [
        0,
        1,
        2,
        3,
        4,
        5,
        6,
        7,
        8,
        9,
        10,
        11,
        12,
        13,
        14,
        15,
        16,
        17,
        18,
        19,
        20,
        21,
        22,
        23,
        24,
        25,
        26,
        27,
        28,
        29,
        30,
        31,
        32,
        33,
        34,
        35,
        36,
        37,
        38,
        39,
        40,
        41,
        42,
        43,
        44,
        45,
        46,
        47,
        48,
        49,
        50,
        51,
        52,
        53,
        54,
        55,
        56,
        57,
        58,
        59,
        60,
        61,
        62,
        63,
        64,
        65,
        66,
        67,
        68,
        69,
        70,
        71,
        72,
        73,
        74,
        75,
        76,
        77,
        78,
        79,
        80,
        81,
        82,
        83,
        84,
        85,
        86,
        87,
        88,
        89,
        90,
        91,
        92,
        93,
        94,
        95,
        96,
        97,
        98,
        99,
        100,
        101,
        102,
        103,
        104,
        105,
        106,
        107,
        108,
        109,
        110,
        111,
        112,
        113,
        114,
        115,
        116,
        117,
        118,
        119,
        120,
        121,
        122,
        123,
        124,
        125,
        126,
        127,
        128,
        129,
        130,
        131,
        132,
        133,
        134,
        135,
        136,
        137,
        138,
        139,
        140,
        141,
        142,
        143,
        144,
        145,
        146,
        147,
        148,
        149,
        150,
        151,
        152,
        153,
        154,
        155,
        156,
        157,
        158,
        159,
        160,
        161,
        162
    ],
    "train_loss": [
        13.065425872802734,
        5.356425762176514,
        3.652740478515625,
        5.521820068359375,
        6.601010799407959,
        6.125436782836914,
        4.751867294311523,
        3.4131665229797363,
        2.712259531021118,
        2.9039268493652344,
        3.4680869579315186,
        3.829058885574341,
        3.6024341583251953,
        3.179041862487793,
        2.6959540843963623,
        2.324634313583374,
        2.0820682048797607,
        2.344879388809204,
        2.526787519454956,
        2.5108213424682617,
        2.4314496517181396,
        2.093050003051758,
        1.9843051433563232,
        1.8857558965682983,
        1.8449989557266235,
        1.8541797399520874,
        2.0050408840179443,
        1.8352386951446533,
        1.7634823322296143,
        1.7366185188293457,
        1.6155297756195068,
        1.5775790214538574,
        1.593382477760315,
        1.54924476146698,
        1.6143022775650024,
        1.526685357093811,
        1.5300209522247314,
        1.4672409296035767,
        1.3976107835769653,
        1.418243646621704,
        1.3871639966964722,
        1.3933225870132446,
        1.3407222032546997,
        1.3783994913101196,
        1.3036671876907349,
        1.2638554573059082,
        1.2670537233352661,
        1.2244211435317993,
        1.2680230140686035,
        1.229737639427185,
        1.163817286491394,
        1.1855698823928833,
        1.18449866771698,
        1.1772675514221191,
        1.2191307544708252,
        1.1400084495544434,
        1.1348258256912231,
        1.1490424871444702,
        1.1099331378936768,
        1.107697606086731,
        1.1295292377471924,
        1.0858957767486572,
        1.1041021347045898,
        1.0863299369812012,
        1.0738378763198853,
        1.051256537437439,
        1.0523751974105835,
        1.0391501188278198,
        1.0565874576568604,
        1.0386775732040405,
        1.0389466285705566,
        1.071007490158081,
        1.0181760787963867,
        1.0208555459976196,
        0.9995537400245667,
        1.0113131999969482,
        1.012071967124939,
        1.0038683414459229,
        1.0032764673233032,
        1.0149567127227783,
        1.0082192420959473,
        0.984942615032196,
        0.9898552894592285,
        0.9944138526916504,
        0.9824110269546509,
        0.9984610676765442,
        0.981339693069458,
        0.9817620515823364,
        0.9780168533325195,
        0.9825779795646667,
        0.9718930721282959,
        0.987259566783905,
        0.9482676386833191,
        0.9721221327781677,
        0.9673874378204346,
        0.9593393802642822,
        0.9634611010551453,
        0.9721395969390869,
        0.9664292931556702,
        0.9612675309181213,
        0.9609955549240112,
        0.9528123140335083,
        0.95406174659729,
        0.9533843994140625,
        0.958908200263977,
        0.9675880074501038,
        0.9500514268875122,
        0.9509809017181396,
        0.9598392844200134,
        0.9568669199943542,
        0.9506688714027405,
        0.9492358565330505,
        0.9453856945037842,
        0.9488999247550964,
        0.9452961087226868,
        0.9486098289489746,
        0.9460095763206482,
        0.9519240856170654,
        0.9334989190101624,
        0.9497614502906799,
        0.9489718675613403,
        0.9486095309257507,
        0.9503152966499329,
        0.9430781006813049,
        0.9441127777099609,
        0.9452334642410278,
        0.9527639150619507,
        0.9421499371528625,
        0.9470877051353455,
        0.9413774609565735,
        0.94719398021698,
        0.9469327330589294,
        0.9589077234268188,
        0.9397539496421814,
        0.9440194368362427,
        0.9506263732910156,
        0.9499565362930298,
        0.9460649490356445,
        0.9583934545516968,
        0.9336331486701965,
        0.9468327164649963,
        0.945257306098938,
        0.940230131149292,
        0.9374703764915466,
        0.9420754313468933,
        0.9508422017097473,
        0.9427928328514099,
        0.9538837671279907,
        0.9430142045021057,
        0.9385203719139099,
        0.9445562362670898,
        0.9440076351165771,
        0.9550709128379822,
        0.9388476014137268,
        0.9474694728851318,
        0.9404564499855042,
        0.9488250613212585,
        0.9411633610725403,
        0.9465789794921875,
        0.9447893500328064,
        0.9450637102127075,
        0.9447323679924011,
        0.9411701560020447
    ],