{
    "effect_pehe": 4.988892078399658,
    "effect_mae": 0.6117127537727356
}