{
    "effect_pehe": 5.076879978179932,
    "effect_mae": 0.725252091884613
}