{
    "effect_pehe": 9.094566345214844,
    "effect_mae": 0.6452584266662598
}