{
    "effect_pehe": 16.480195999145508,
    "effect_mae": 1.6574735641479492
}