{
    "effect_pehe": 18.530393600463867,
    "effect_mae": 1.577775001525879
}