{
    "effect_pehe": 12.809810638427734,
    "effect_mae": 1.2398691177368164
}