{
    "effect_pehe": 5.681661128997803,
    "effect_mae": 0.8064994812011719
}