{
    "effect_pehe": 7.238307476043701,
    "effect_mae": 0.2956695556640625
}