{
    "effect_pehe": 4.687256813049316,
    "effect_mae": 1.4746625423431396
}