{
    "effect_pehe": 6.940304756164551,
    "effect_mae": 0.4631938934326172
}