{
    "effect_pehe": 4.3624982833862305,
    "effect_mae": 0.8554952144622803
}