{
    "effect_pehe": 6.3917975425720215,
    "effect_mae": 1.2193126678466797
}