{
    "effect_pehe": 8.642602920532227,
    "effect_mae": 0.743077278137207
}