{
    "effect_pehe": 6.426082134246826,
    "effect_mae": 1.2040033340454102
}