{
    "effect_pehe": 8.714244842529297,
    "effect_mae": 2.4599599838256836
}