{
    "effect_pehe": 11.675236701965332,
    "effect_mae": 2.0290260314941406
}