{
    "effect_pehe": 4.6796746253967285,
    "effect_mae": 0.7660207748413086
}