{
    "effect_pehe": 8.668744087219238,
    "effect_mae": 1.7310256958007812
}