{
    "effect_pehe": 6.626328468322754,
    "effect_mae": 0.820185661315918
}