{
    "effect_pehe": 7.620480537414551,
    "effect_mae": 1.2674140930175781
}