{
    "effect_pehe": 6.299205303192139,
    "effect_mae": 1.379673957824707
}