{
    "effect_pehe": 9.181366920471191,
    "effect_mae": 0.6284074783325195
}