{
    "effect_pehe": 3.2034990787506104,
    "effect_mae": 0.5512421131134033
}