{
    "effect_pehe": 4.853236675262451,
    "effect_mae": 0.09003353118896484
}