{
    "effect_pehe": 4.465048789978027,
    "effect_mae": 0.7626733779907227
}