{
    "effect_pehe": 8.449111938476562,
    "effect_mae": 0.7213382720947266
}