{
    "effect_pehe": 4.975528284950503,
    "effect_mae": 3.9328480962270085
}