{
    "effect_pehe": 3.7629090664625724,
    "effect_mae": 2.978017132142949
}