{
    "effect_pehe": 3.093505635938132,
    "effect_mae": 2.4285093983465207
}