{
    "effect_pehe": 4.130079559767313,
    "effect_mae": 3.3023639712642474
}