{
    "effect_pehe": 4.713530480008133,
    "effect_mae": 3.7680971431869046
}