{
    "effect_pehe": 5.292131612492768,
    "effect_mae": 4.209913397964634
}