{
    "effect_pehe": 6.5754547119140625,
    "effect_mae": 0.6067962646484375
}