{
    "effect_pehe": 9.17096996307373,
    "effect_mae": 1.1699867248535156
}