{
    "effect_pehe": 4.28329610824585,
    "effect_mae": 0.2503824234008789
}