{
    "effect_pehe": 4.570819854736328,
    "effect_mae": 1.4801828861236572
}