{
    "effect_pehe": 6.584912300109863,
    "effect_mae": 1.2816247940063477
}