{
    "effect_pehe": 15.695258820128567,
    "effect_mae": 9.026961197256052
}