{
    "effect_pehe": 16.24244131062951,
    "effect_mae": 10.960308462266939
}