{
    "effect_pehe": 13.919388101805866,
    "effect_mae": 8.548735764078726
}