{
    "effect_pehe": 14.65744320723856,
    "effect_mae": 9.098181442538786
}