{
    "effect_pehe": 16.737517629205044,
    "effect_mae": 11.206659635984916
}