{
    "effect_pehe": 16.76859889032712,
    "effect_mae": 10.234653707453433
}