{
    "effect_pehe": 17.82988169594213,
    "effect_mae": 11.386500527896585
}