{
    "effect_pehe": 13.853583493879935,
    "effect_mae": 8.660275574122062
}