{
    "effect_pehe": 15.778667872379986,
    "effect_mae": 9.166903226947467
}