{
    "effect_pehe": 16.276999944421785,
    "effect_mae": 10.465738799259208
}