{
    "effect_pehe": 5.31087064743042,
    "effect_mae": 2.7955756187438965
}