{
    "effect_pehe": 5.184841632843018,
    "effect_mae": 0.535219669342041
}