{
    "effect_pehe": 4.012279987335205,
    "effect_mae": 0.13721752166748047
}