{
    "effect_pehe": 4.801323413848877,
    "effect_mae": 0.1751018762588501
}