{
    "epoch": [
        0,
        1,
        2,
        3,
        4,
        5,
        6,
        7,
        8,
        9,
        10,
        11,
        12,
        13,
        14,
        15,
        16,
        17,
        18,
        19,
        20,
        21,
        22,
        23,
        24,
        25,
        26,
        27,
        28,
        29,
        30,
        31,
        32,
        33,
        34,
        35,
        36,
        37,
        38,
        39,
        40,
        41,
        42,
        43,
        44,
        45,
        46,
        47,
        48,
        49,
        50,
        51,
        52,
        53,
        54,
        55,
        56,
        57,
        58,
        59,
        60,
        61,
        62,
        63,
        64,
        65,
        66,
        67,
        68,
        69,
        70,
        71,
        72,
        73,
        74,
        75,
        76,
        77,
        78,
        79,
        80,
        81,
        82,
        83,
        84,
        85,
        86,
        87,
        88,
        89,
        90,
        91,
        92,
        93,
        94,
        95,
        96,
        97,
        98,
        99,
        100,
        101,
        102,
        103,
        104,
        105,
        106,
        107,
        108,
        109,
        110,
        111,
        112,
        113,
        114,
        115,
        116,
        117,
        118,
        119
    ],
    "train_loss": [
        39.39601516723633,
        39.35305404663086,
        39.31415939331055,
        39.274497985839844,
        39.23264694213867,
        39.18524932861328,
        39.131988525390625,
        39.06797790527344,
        38.997093200683594,
        38.90941619873047,
        38.809959411621094,
        38.68804931640625,
        38.551483154296875,
        38.380828857421875,
        38.19595718383789,
        37.981712341308594,
        37.73198318481445,
        37.45853805541992,
        37.1467170715332,
        36.79581069946289,
        36.401824951171875,
        35.956573486328125,
        35.45020294189453,
        34.8831901550293,
        34.25198745727539,
        33.54668426513672,
        32.79022216796875,
        31.92460823059082,
        30.970596313476562,
        29.931371688842773,
        28.783170700073242,
        27.550460815429688,
        26.1983585357666,
        24.758712768554688,
        23.24724578857422,
        21.673782348632812,
        20.02645492553711,
        18.378185272216797,
        16.74877166748047,
        15.177604675292969,
        13.681461334228516,
        12.370924949645996,
        11.20179557800293,
        10.260753631591797,
        9.498711585998535,
        8.842985153198242,
        8.312955856323242,
        7.845729827880859,
        7.498824119567871,
        7.210546970367432,
        7.0074687004089355,
        6.872110843658447,
        6.755263328552246,
        6.647795677185059,
        6.5458664894104,
        6.456541538238525,
        6.358097553253174,
        6.309250354766846,
        6.243089199066162,
        6.175355911254883,
        6.154875755310059,
        6.105679035186768,
        6.078612327575684,
        6.0361504554748535,
        5.9857635498046875,
        5.930149555206299,
        5.89012336730957,
        5.828810214996338,
        5.806755065917969,
        5.746459007263184,
        5.730501651763916,
        5.69492244720459,
        5.675886154174805,
        5.610480308532715,
        5.586977005004883,
        5.556751728057861,
        5.5176100730896,
        5.4854326248168945,
        5.471295356750488,
        5.457334995269775,
        5.432547569274902,
        5.385138034820557,
        5.372189998626709,
        5.344367027282715,
        5.350641250610352,
        5.311279296875,
        5.295268535614014,
        5.268834114074707,
        5.231480598449707,
        5.217833042144775,
        5.195400714874268,
        5.184230327606201,
        5.158752918243408,
        5.134204387664795,
        5.106366157531738,
        5.097447395324707,
        5.078289031982422,
        5.045137405395508,
        5.0288262367248535,
        5.037300109863281,
        5.007648468017578,
        4.975403308868408,
        4.954816818237305,
        4.937466144561768,
        4.911013603210449,
        4.911768913269043,
        4.882485389709473,
        4.872008323669434,
        4.847157001495361,
        4.828853607177734,
        4.80724573135376,
        4.794011116027832,
        4.778751373291016,
        4.743155479431152,
        4.731157302856445,
        4.70914363861084,
        4.700176239013672,
        4.6783294677734375,
        4.661766052246094,
        4.636655807495117
    ],