{
    "epoch": [
        0,
        1,
        2,
        3,
        4,
        5,
        6,
        7,
        8,
        9,
        10,
        11,
        12,
        13,
        14,
        15,
        16,
        17,
        18,
        19,
        20,
        21,
        22,
        23,
        24,
        25,
        26,
        27,
        28,
        29,
        30,
        31,
        32,
        33,
        34,
        35,
        36,
        37,
        38,
        39,
        40,
        41,
        42,
        43,
        44,
        45,
        46,
        47,
        48,
        49,
        50,
        51,
        52,
        53,
        54,
        55,
        56,
        57,
        58,
        59,
        60,
        61,
        62,
        63,
        64,
        65,
        66,
        67,
        68,
        69,
        70,
        71,
        72,
        73,
        74,
        75,
        76,
        77,
        78,
        79,
        80,
        81,
        82,
        83,
        84,
        85,
        86,
        87,
        88,
        89
    ],
    "train_loss": [
        28.39400863647461,
        28.361684799194336,
        28.328886032104492,
        28.29630470275879,
        28.261518478393555,
        28.22340202331543,
        28.1811580657959,
        28.13276481628418,
        28.076290130615234,
        28.008235931396484,
        27.932727813720703,
        27.843603134155273,
        27.745540618896484,
        27.63123321533203,
        27.50215721130371,
        27.35478401184082,
        27.18365478515625,
        26.997060775756836,
        26.77506446838379,
        26.53178596496582,
        26.255023956298828,
        25.954822540283203,
        25.61262321472168,
        25.2309627532959,
        24.80884552001953,
        24.350479125976562,
        23.85922622680664,
        23.315603256225586,
        22.738006591796875,
        22.111520767211914,
        21.472900390625,
        20.832263946533203,
        20.176137924194336,
        19.52713394165039,
        18.895984649658203,
        18.32817840576172,
        17.803951263427734,
        17.350887298583984,
        16.966815948486328,
        16.60719108581543,
        16.27707290649414,
        15.940834999084473,
        15.64664363861084,
        15.353765487670898,
        15.10684871673584,
        14.882019996643066,
        14.695969581604004,
        14.508514404296875,
        14.367321014404297,
        14.20534610748291,
        14.048038482666016,
        13.924758911132812,
        13.79641056060791,
        13.623570442199707,
        13.484313011169434,
        13.311078071594238,
        13.199569702148438,
        13.03198528289795,
        12.890110969543457,
        12.737083435058594,
        12.62606430053711,
        12.48703670501709,
        12.368328094482422,
        12.265610694885254,
        12.148771286010742,
        12.041202545166016,
        11.982442855834961,
        11.911201477050781,
        11.836243629455566,
        11.752161026000977,
        11.687759399414062,
        11.623868942260742,
        11.564018249511719,
        11.50478458404541,
        11.447653770446777,
        11.398111343383789,
        11.339298248291016,
        11.277793884277344,
        11.23741340637207,
        11.179230690002441,
        11.13901424407959,
        11.076756477355957,
        11.033919334411621,
        10.998941421508789,
        10.932576179504395,
        10.901616096496582,
        10.834696769714355,
        10.80173110961914,
        10.758875846862793,
        10.700151443481445
    ],
    "val_loss": [
        26.50935935974121,
        26.479061126708984,
        26.45101547241211,
        26.421527862548828,
        26.39101791381836,
        26.357250213623047,
        26.32046127319336,
        26.27396583557129,
        26.221338272094727,
        26.16114616394043,
        26.096826553344727,
        26.011905670166016,
        25.928747177124023,
        25.821605682373047,
        25.69770622253418,
        25.563867568969727,
        25.420583724975586,
        25.248558044433594,
        25.04996681213379,
        24.826717376708984,
        24.5980224609375,
        24.31292724609375,
        24.016008377075195,
        23.671024322509766,
        23.311342239379883,
        22.91321563720703,
        22.470916748046875,
        21.97476577758789,
        21.487529754638672,
        20.972827911376953,
        20.419214248657227,
        19.849096298217773,
        19.311813354492188,
        18.79706382751465,
        18.298322677612305,
        17.808940887451172,
        17.43645477294922,
        17.05706214904785,
        16.707853317260742,
        16.341943740844727,
        16.031286239624023,
        15.7385835647583,
        15.434682846069336,
        15.086453437805176,
        14.846779823303223,
        14.588849067687988,
        14.439251899719238,
        14.246432304382324,
        14.119534492492676,
        14.073591232299805,
        13.977339744567871,
        13.848817825317383,
        13.777692794799805,
        13.68106460571289,
        13.554278373718262,
        13.455785751342773,
        13.355081558227539,
        13.230039596557617,
        13.194948196411133,
        13.144308090209961,
        13.020868301391602,
        12.940430641174316,
        12.864267349243164,
        12.930219650268555,
        12.807295799255371,
        12.881150245666504,
        12.874957084655762,
        12.887972831726074,
        12.883023262023926,
        12.95208740234375,
        12.975934982299805,
        12.956043243408203,
        13.020561218261719,
        13.020170211791992,
        13.043495178222656,
        13.069892883300781,
        13.122122764587402,
        13.106475830078125,
        13.116508483886719,
        13.181183815002441,
        13.221564292907715,
        13.220229148864746,
        13.249627113342285,
        13.33674430847168,
        13.32990550994873,
        13.358811378479004,
        13.356524467468262,
        13.411529541015625,
        13.44826889038086,
        13.427239418029785
    ]
}