{
    "epoch": [
        0,
        1,
        2,
        3,
        4,
        5,
        6,
        7,
        8,
        9,
        10,
        11,
        12,
        13,
        14,
        15,
        16,
        17,
        18,
        19,
        20,
        21,
        22,
        23,
        24,
        25,
        26,
        27,
        28,
        29,
        30,
        31,
        32,
        33,
        34,
        35,
        36,
        37,
        38,
        39,
        40,
        41,
        42,
        43,
        44,
        45,
        46,
        47,
        48,
        49,
        50,
        51,
        52,
        53,
        54,
        55,
        56,
        57,
        58,
        59,
        60,
        61,
        62,
        63,
        64,
        65,
        66,
        67,
        68,
        69,
        70,
        71,
        72,
        73,
        74,
        75,
        76,
        77,
        78,
        79,
        80,
        81,
        82,
        83,
        84,
        85,
        86,
        87,
        88,
        89,
        90,
        91,
        92,
        93,
        94,
        95,
        96,
        97,
        98,
        99,
        100,
        101,
        102,
        103,
        104,
        105,
        106,
        107,
        108,
        109,
        110,
        111,
        112,
        113,
        114,
        115,
        116,
        117,
        118,
        119,
        120,
        121,
        122,
        123,
        124,
        125,
        126,
        127,
        128,
        129,
        130,
        131,
        132,
        133,
        134,
        135
    ],
    "train_loss": [
        19.53553009033203,
        19.49872398376465,
        19.461883544921875,
        19.42194938659668,
        19.381057739257812,
        19.335216522216797,
        19.281728744506836,
        19.22028923034668,
        19.14749526977539,
        19.06562042236328,
        18.96868133544922,
        18.85696029663086,
        18.72892189025879,
        18.576414108276367,
        18.400129318237305,
        18.20376205444336,
        17.970252990722656,
        17.709440231323242,
        17.408287048339844,
        17.073917388916016,
        16.69731330871582,
        16.278789520263672,
        15.815855026245117,
        15.306527137756348,
        14.749801635742188,
        14.169391632080078,
        13.533340454101562,
        12.871105194091797,
        12.18448543548584,
        11.469207763671875,
        10.742057800292969,
        10.00108814239502,
        9.282998085021973,
        8.57379150390625,
        7.891581058502197,
        7.240212440490723,
        6.647798538208008,
        6.117946147918701,
        5.647212982177734,
        5.2179341316223145,
        4.86384916305542,
        4.529122829437256,
        4.255738735198975,
        4.025919437408447,
        3.817111015319824,
        3.6395082473754883,
        3.5097591876983643,
        3.37420654296875,
        3.2631983757019043,
        3.1619186401367188,
        3.0752058029174805,
        3.0264251232147217,
        2.985546588897705,
        2.95375657081604,
        2.9360849857330322,
        2.908987283706665,
        2.892000913619995,
        2.847487211227417,
        2.8207294940948486,
        2.7811806201934814,
        2.7540576457977295,
        2.7455646991729736,
        2.7242484092712402,
        2.695457935333252,
        2.6749799251556396,
        2.6594533920288086,
        2.636664628982544,
        2.6185033321380615,
        2.605435371398926,
        2.5809664726257324,
        2.571406126022339,
        2.5582268238067627,
        2.5513951778411865,
        2.527556896209717,
        2.515828847885132,
        2.508297920227051,
        2.491791248321533,
        2.4815969467163086,
        2.463221311569214,
        2.4593944549560547,
        2.448127031326294,
        2.433905839920044,
        2.4193577766418457,
        2.412933588027954,
        2.403287649154663,
        2.3937036991119385,
        2.373220443725586,
        2.3730759620666504,
        2.3581602573394775,
        2.345148801803589,
        2.3402509689331055,
        2.332035779953003,
        2.3207430839538574,
        2.3132896423339844,
        2.3035311698913574,
        2.2981700897216797,
        2.282923936843872,
        2.2759757041931152,
        2.2664382457733154,
        2.256720542907715,
        2.240234613418579,
        2.2495102882385254,
        2.2404820919036865,
        2.2235288619995117,
        2.2197611331939697,
        2.2040419578552246,
        2.197472333908081,
        2.191030740737915,
        2.1840994358062744,
        2.1764001846313477,
        2.1653943061828613,
        2.154073715209961,
        2.1481406688690186,
        2.1461315155029297,
        2.1293997764587402,
        2.1322073936462402,
        2.1243677139282227,
        2.1070556640625,
        2.0977797508239746,
        2.0895133018493652,
        2.090290069580078,
        2.088289976119995,
        2.0717365741729736,
        2.0704944133758545,
        2.05511736869812,
        2.0510501861572266,
        2.037522792816162,
        2.0292818546295166,
        2.0232694149017334,
        2.0167717933654785,
        2.0080533027648926,
        2.0013926029205322,
        1.9889862537384033,
        1.9868204593658447,
        1.9788734912872314,
        1.9661322832107544
    ],