{
    "epoch": [
        0,
        1,
        2,
        3,
        4,
        5,
        6,
        7,
        8,
        9,
        10,
        11,
        12,
        13,
        14,
        15,
        16,
        17,
        18,
        19,
        20,
        21,
        22,
        23,
        24,
        25,
        26,
        27,
        28,
        29,
        30,
        31,
        32,
        33,
        34,
        35,
        36,
        37,
        38,
        39,
        40,
        41,
        42,
        43,
        44,
        45,
        46,
        47,
        48,
        49,
        50,
        51,
        52,
        53,
        54,
        55,
        56,
        57,
        58,
        59,
        60,
        61,
        62,
        63,
        64,
        65,
        66,
        67,
        68,
        69,
        70,
        71,
        72,
        73,
        74,
        75,
        76,
        77,
        78,
        79,
        80,
        81,
        82,
        83,
        84,
        85,
        86,
        87,
        88,
        89,
        90,
        91,
        92,
        93,
        94,
        95,
        96,
        97,
        98,
        99,
        100,
        101,
        102,
        103,
        104,
        105,
        106,
        107,
        108,
        109,
        110,
        111,
        112,
        113
    ],
    "train_loss": [
        32.426963806152344,
        32.39463806152344,
        32.360198974609375,
        32.3207893371582,
        32.278526306152344,
        32.22551345825195,
        32.167442321777344,
        32.097068786621094,
        32.01139450073242,
        31.91250228881836,
        31.79595947265625,
        31.66047477722168,
        31.500917434692383,
        31.318382263183594,
        31.111719131469727,
        30.870498657226562,
        30.607332229614258,
        30.301403045654297,
        29.973655700683594,
        29.592880249023438,
        29.17630386352539,
        28.69804573059082,
        28.185657501220703,
        27.609996795654297,
        26.97393798828125,
        26.276016235351562,
        25.50694465637207,
        24.678791046142578,
        23.75716781616211,
        22.777355194091797,
        21.716493606567383,
        20.61077117919922,
        19.434938430786133,
        18.189682006835938,
        16.91719627380371,
        15.615419387817383,
        14.325249671936035,
        13.060005187988281,
        11.847447395324707,
        10.72598934173584,
        9.754941940307617,
        8.918646812438965,
        8.26958179473877,
        7.767718315124512,
        7.387861251831055,
        7.131026744842529,
        6.898802280426025,
        6.660965919494629,
        6.420783519744873,
        6.178159236907959,
        5.992914199829102,
        5.853973388671875,
        5.776770114898682,
        5.739494800567627,
        5.6837077140808105,
        5.622021198272705,
        5.590657711029053,
        5.513936996459961,
        5.440371036529541,
        5.414120674133301,
        5.352235317230225,
        5.333907127380371,
        5.308954238891602,
        5.261429786682129,
        5.2266011238098145,
        5.173142433166504,
        5.1441826820373535,
        5.109344005584717,
        5.067593574523926,
        5.054876327514648,
        5.030892372131348,
        5.015151500701904,
        4.974674701690674,
        4.937387943267822,
        4.907310962677002,
        4.90096378326416,
        4.879326343536377,
        4.848160266876221,
        4.846025466918945,
        4.8084716796875,
        4.795454978942871,
        4.7764058113098145,
        4.743061542510986,
        4.7303547859191895,
        4.721405506134033,
        4.693398475646973,
        4.683432102203369,
        4.653273105621338,
        4.636240482330322,
        4.630019187927246,
        4.611020565032959,
        4.59075403213501,
        4.578850269317627,
        4.547428131103516,
        4.544467449188232,
        4.524504661560059,
        4.510791778564453,
        4.484863758087158,
        4.475289821624756,
        4.4629950523376465,
        4.437228202819824,
        4.42335319519043,
        4.413891792297363,
        4.393566131591797,
        4.375889301300049,
        4.356328964233398,
        4.3443145751953125,
        4.325209140777588,
        4.312530040740967,
        4.290680885314941,
        4.267220973968506,
        4.2707600593566895,
        4.248842239379883,
        4.243307590484619
    ],
    "val_loss": [
        33.6212272644043,
        33.588951110839844,
        33.5516357421875,
        33.512916564941406,
        33.46832275390625,
        33.410579681396484,
        33.35121154785156,
        33.271785736083984,
        33.184810638427734,
        33.08257293701172,
        32.957191467285156,
        32.821434020996094,
        32.66295623779297,
        32.470237731933594,
        32.26100540161133,
        32.01909637451172,
        31.74883460998535,
        31.42961311340332,
        31.07754135131836,
        30.70624351501465,
        30.26463508605957,
        29.789283752441406,
        29.249147415161133,
        28.657381057739258,
        28.010692596435547,
        27.29314422607422,
        26.501367568969727,
        25.638137817382812,
        24.745866775512695,
        23.697519302368164,
        22.62635040283203,
        21.4627628326416,
        20.26200294494629,
        18.95890235900879,
        17.635971069335938,
        16.275766372680664,
        14.944823265075684,
        13.596440315246582,
        12.367854118347168,
        11.131562232971191,
        10.097503662109375,
        9.234620094299316,
        8.49451732635498,
        7.985016822814941,
        7.543997764587402,
        7.255126476287842,
        6.984927177429199,
        6.731048107147217,
        6.438722610473633,
        6.201517105102539,
        5.999975204467773,
        5.8283209800720215,
        5.769420146942139,
        5.740866184234619,
        5.72540807723999,
        5.721278667449951,
        5.675407409667969,
        5.693393230438232,
        5.63870906829834,
        5.600138187408447,
        5.6151862144470215,
        5.5887627601623535,
        5.6056132316589355,
        5.571043014526367,
        5.546324729919434,
        5.49083137512207,
        5.4713239669799805,
        5.42679500579834,
        5.434543132781982,
        5.43986701965332,
        5.4416184425354,
        5.460014820098877,
        5.462138652801514,
        5.438060760498047,
        5.4466142654418945,
        5.407147407531738,
        5.419628620147705,
        5.401838779449463,
        5.395556449890137,
        5.333276271820068,
        5.3624444007873535,
        5.339090347290039,
        5.341393947601318,
        5.34855842590332,
        5.331815719604492,
        5.33129358291626,
        5.344967365264893,
        5.370500087738037,
        5.32184362411499,
        5.359364986419678,
        5.372565269470215,
        5.390233039855957,
        5.349948406219482,
        5.380564212799072,
        5.368973255157471,
        5.399645805358887,
        5.365477085113525,
        5.374248504638672,
        5.383462429046631,
        5.385326862335205,
        5.376386642456055,
        5.378920078277588,
        5.397312641143799,
        5.389904022216797,
        5.418387413024902,
        5.413613796234131,
        5.398927688598633,
        5.426599979400635,
        5.399192810058594,
        5.4259467124938965,
        5.412031173706055,
        5.42633581161499,
        5.426350116729736,
        5.431940078735352
    ]
}