{
    "effect_pehe": 6.466121673583984,
    "effect_mae": 0.38938242197036743
}