{
    "effect_pehe": 4.939187049865723,
    "effect_mae": 0.5648777484893799
}