{
    "effect_pehe": 6.038809299468994,
    "effect_mae": 0.8759785890579224
}