{
    "effect_pehe": 6.8806939125061035,
    "effect_mae": 0.37203162908554077
}