{
    "effect_pehe": 6.83630895614624,
    "effect_mae": 0.42886415123939514
}