{
    "effect_pehe": 5.121881484985352,
    "effect_mae": 1.2738306522369385
}