{
    "epoch": [
        0,
        1,
        2,
        3,
        4,
        5,
        6,
        7,
        8,
        9,
        10,
        11,
        12,
        13,
        14,
        15,
        16,
        17,
        18,
        19,
        20,
        21,
        22,
        23,
        24,
        25,
        26,
        27,
        28,
        29,
        30,
        31,
        32,
        33,
        34,
        35,
        36,
        37,
        38,
        39,
        40,
        41,
        42,
        43,
        44,
        45,
        46,
        47,
        48,
        49,
        50,
        51,
        52,
        53,
        54,
        55,
        56,
        57,
        58,
        59,
        60,
        61,
        62,
        63,
        64,
        65,
        66,
        67,
        68,
        69,
        70,
        71,
        72,
        73,
        74,
        75,
        76,
        77,
        78,
        79,
        80,
        81,
        82,
        83,
        84,
        85,
        86,
        87,
        88,
        89,
        90
    ],
    "train_loss": [
        28.738941192626953,
        28.700838088989258,
        28.66160011291504,
        28.619487762451172,
        28.57314682006836,
        28.51972007751465,
        28.461801528930664,
        28.39065933227539,
        28.310516357421875,
        28.224597930908203,
        28.118038177490234,
        27.99384307861328,
        27.85618782043457,
        27.698883056640625,
        27.520488739013672,
        27.321653366088867,
        27.08915901184082,
        26.838956832885742,
        26.558164596557617,
        26.241186141967773,
        25.889286041259766,
        25.491247177124023,
        25.07345199584961,
        24.600162506103516,
        24.087141036987305,
        23.527076721191406,
        22.934019088745117,
        22.28281021118164,
        21.59817886352539,
        20.874528884887695,
        20.126623153686523,
        19.364513397216797,
        18.635242462158203,
        17.861562728881836,
        17.15673828125,
        16.515989303588867,
        15.926955223083496,
        15.439409255981445,
        15.057124137878418,
        14.751002311706543,
        14.537494659423828,
        14.401846885681152,
        14.273808479309082,
        14.104829788208008,
        13.991497039794922,
        13.796010971069336,
        13.651314735412598,
        13.536636352539062,
        13.477252006530762,
        13.39936637878418,
        13.381071090698242,
        13.3770751953125,
        13.278876304626465,
        13.206721305847168,
        13.131243705749512,
        13.0396089553833,
        12.949149131774902,
        12.928179740905762,
        12.851593017578125,
        12.810222625732422,
        12.747772216796875,
        12.676767349243164,
        12.58163833618164,
        12.555830001831055,
        12.480766296386719,
        12.434797286987305,
        12.396907806396484,
        12.313241958618164,
        12.224408149719238,
        12.161995887756348,
        12.113931655883789,
        12.036832809448242,
        12.000006675720215,
        11.919889450073242,
        11.882928848266602,
        11.84854507446289,
        11.735856056213379,
        11.67869758605957,
        11.607941627502441,
        11.5553617477417,
        11.473182678222656,
        11.421136856079102,
        11.328779220581055,
        11.290999412536621,
        11.221718788146973,
        11.158331871032715,
        11.10876750946045,
        11.121784210205078,
        11.052347183227539,
        10.936591148376465,
        10.951762199401855
    ],
    "val_loss": [
        26.068811416625977,
        26.033519744873047,
        25.999065399169922,
        25.95968246459961,
        25.917238235473633,
        25.86986541748047,
        25.812253952026367,
        25.749679565429688,
        25.67847442626953,
        25.595605850219727,
        25.50079917907715,
        25.385356903076172,
        25.25718116760254,
        25.11333656311035,
        24.95177459716797,
        24.763099670410156,
        24.554689407348633,
        24.320697784423828,
        24.0643253326416,
        23.763580322265625,
        23.44113540649414,
        23.088611602783203,
        22.69430923461914,
        22.27771759033203,
        21.79237174987793,
        21.28464698791504,
        20.755929946899414,
        20.170269012451172,
        19.5400333404541,
        18.917516708374023,
        18.25681495666504,
        17.60173797607422,
        16.96292495727539,
        16.306087493896484,
        15.746477127075195,
        15.165901184082031,
        14.749350547790527,
        14.394675254821777,
        14.189376831054688,
        14.055971145629883,
        14.015928268432617,
        14.04007339477539,
        14.01169490814209,
        14.026625633239746,
        13.891206741333008,
        13.73026180267334,
        13.61783218383789,
        13.404170036315918,
        13.302777290344238,
        13.198709487915039,
        13.171134948730469,
        13.1436767578125,
        13.160384178161621,
        13.0921630859375,
        13.125481605529785,
        13.16387939453125,
        13.202449798583984,
        13.285284042358398,
        13.313775062561035,
        13.375655174255371,
        13.360579490661621,
        13.346969604492188,
        13.330424308776855,
        13.2366304397583,
        13.172200202941895,
        13.089988708496094,
        13.148469924926758,
        13.136868476867676,
        13.124122619628906,
        13.097182273864746,
        13.201642036437988,
        13.1968994140625,
        13.215001106262207,
        13.22792911529541,
        13.275308609008789,
        13.326096534729004,
        13.280166625976562,
        13.261018753051758,
        13.201332092285156,
        13.239924430847168,
        13.279223442077637,
        13.25830364227295,
        13.255295753479004,
        13.310192108154297,
        13.366231918334961,
        13.500927925109863,
        13.614300727844238,
        13.545706748962402,
        13.658799171447754,
        13.573777198791504,
        13.634042739868164
    ]
}