{
    "effect_pehe": 8.268550872802734,
    "effect_mae": 2.84921932220459
}