{
    "effect_pehe": 5.260082244873047,
    "effect_mae": 1.9198079109191895
}