{
    "effect_pehe": 5.138958930969238,
    "effect_mae": 0.14156219363212585
}