{
    "effect_pehe": 5.402623176574707,
    "effect_mae": 2.0737862586975098
}