{
    "effect_pehe": 4.88191032409668,
    "effect_mae": 1.3366715908050537
}