{
    "effect_pehe": 4.941835880279541,
    "effect_mae": 0.0069561004638671875
}