{
    "effect_pehe": 4.444732947046749,
    "effect_mae": 3.593697873620351
}