{
    "effect_pehe": 3.3579223881120126,
    "effect_mae": 2.6663180598026552
}