{
    "effect_pehe": 4.975768699163846,
    "effect_mae": 3.9476357336107606
}