{
    "effect_pehe": 3.0515425088530734,
    "effect_mae": 2.41311196482382
}