{
    "effect_pehe": 3.195910107325146,
    "effect_mae": 2.5124516773611867
}