{
    "effect_pehe": 5.637680530548096,
    "effect_mae": 0.26422274112701416
}