{
    "effect_pehe": 7.159128665924072,
    "effect_mae": 0.07355719804763794
}