{
    "effect_pehe": 0.7857964634895325,
    "effect_mae": 0.0897526741027832
}