{
    "effect_pehe": 3.2418878078460693,
    "effect_mae": 1.7812981605529785
}