{
    "effect_pehe": 1.537010669708252,
    "effect_mae": 0.5396033525466919
}