{
    "effect_pehe": 1.2655953168869019,
    "effect_mae": 0.35072898864746094
}