{
    "effect_pehe": 1.328308343887329,
    "effect_mae": 0.2796297073364258
}