{
    "effect_pehe": 1.7991639375686646,
    "effect_mae": 0.2323453426361084
}