{
    "effect_pehe": 2.777222156524658,
    "effect_mae": 1.4903497695922852
}