{
    "epoch": [
        0,
        1,
        2,
        3,
        4,
        5,
        6,
        7,
        8,
        9,
        10,
        11,
        12,
        13,
        14,
        15,
        16,
        17,
        18,
        19,
        20,
        21,
        22,
        23,
        24,
        25,
        26,
        27,
        28,
        29,
        30,
        31,
        32,
        33,
        34,
        35,
        36,
        37,
        38,
        39,
        40,
        41,
        42,
        43,
        44,
        45,
        46,
        47,
        48,
        49,
        50,
        51,
        52,
        53,
        54,
        55,
        56,
        57,
        58,
        59,
        60,
        61,
        62,
        63,
        64,
        65,
        66,
        67,
        68,
        69,
        70,
        71,
        72,
        73,
        74,
        75,
        76,
        77,
        78,
        79,
        80,
        81,
        82,
        83,
        84,
        85,
        86,
        87,
        88,
        89,
        90,
        91,
        92,
        93,
        94,
        95,
        96,
        97,
        98,
        99,
        100,
        101,
        102,
        103,
        104,
        105,
        106,
        107,
        108,
        109,
        110,
        111,
        112,
        113,
        114,
        115,
        116,
        117,
        118,
        119,
        120,
        121,
        122,
        123,
        124,
        125,
        126,
        127,
        128,
        129,
        130,
        131,
        132
    ],
    "train_loss": [
        41.31239700317383,
        41.168556213378906,
        41.029685974121094,
        40.89182662963867,
        40.74824905395508,
        40.59743118286133,
        40.428794860839844,
        40.238075256347656,
        40.02330780029297,
        39.78178787231445,
        39.50228500366211,
        39.18524932861328,
        38.83285903930664,
        38.41831970214844,
        37.95256042480469,
        37.413352966308594,
        36.80179214477539,
        36.11224365234375,
        35.35170364379883,
        34.51056671142578,
        33.6038703918457,
        32.647342681884766,
        31.661481857299805,
        30.69253158569336,
        29.814661026000977,
        29.089298248291016,
        28.581592559814453,
        28.238035202026367,
        27.884193420410156,
        27.281082153320312,
        26.363759994506836,
        25.18964195251465,
        23.840641021728516,
        22.444438934326172,
        21.025148391723633,
        19.632158279418945,
        18.24350929260254,
        16.888309478759766,
        15.534341812133789,
        14.225658416748047,
        13.041693687438965,
        12.000776290893555,
        11.210330963134766,
        10.735175132751465,
        10.581365585327148,
        10.619854927062988,
        10.713642120361328,
        10.639877319335938,
        10.375385284423828,
        9.94506549835205,
        9.484375,
        9.136937141418457,
        8.935341835021973,
        8.872572898864746,
        8.877589225769043,
        8.917216300964355,
        8.9451904296875,
        8.908157348632812,
        8.849533081054688,
        8.732867240905762,
        8.584050178527832,
        8.438035011291504,
        8.305909156799316,
        8.194852828979492,
        8.112309455871582,
        8.060537338256836,
        8.01365852355957,
        7.9795660972595215,
        7.916469097137451,
        7.856712341308594,
        7.740592956542969,
        7.617616176605225,
        7.524450302124023,
        7.462046146392822,
        7.363017559051514,
        7.310713291168213,
        7.268611907958984,
        7.217196464538574,
        7.144876480102539,
        7.099278926849365,
        7.027603626251221,
        6.958672046661377,
        6.897432327270508,
        6.8484697341918945,
        6.7888593673706055,
        6.765702247619629,
        6.730136871337891,
        6.69891357421875,
        6.664604663848877,
        6.627328395843506,
        6.600092887878418,
        6.570588111877441,
        6.540870189666748,
        6.523187637329102,
        6.508213520050049,
        6.485587120056152,
        6.459061622619629,
        6.438825607299805,
        6.431494235992432,
        6.3983540534973145,
        6.383403778076172,
        6.362099647521973,
        6.339828968048096,
        6.325186729431152,
        6.308732986450195,
        6.286387920379639,
        6.264915943145752,
        6.261794090270996,
        6.237758636474609,
        6.232180118560791,
        6.216464519500732,
        6.2009053230285645,
        6.186437606811523,
        6.178711414337158,
        6.172661304473877,
        6.148404598236084,
        6.136550426483154,
        6.128070831298828,
        6.106489658355713,
        6.111293315887451,
        6.093533992767334,
        6.084898948669434,
        6.074700832366943,
        6.065775394439697,
        6.049231052398682,
        6.0371527671813965,
        6.025663375854492,
        6.009078025817871,
        6.005007743835449,
        5.979376792907715,
        5.98020076751709,
        5.9585041999816895,
        5.939647674560547
    ],