{
    "effect_pehe": 3.430908679962158,
    "effect_mae": 0.29081469774246216
}