{
    "effect_pehe": 4.645192623138428,
    "effect_mae": 2.0606484413146973
}