{
    "effect_pehe": 5.360231399536133,
    "effect_mae": 3.7219595909118652
}