{
    "epoch": [
        0,
        1,
        2,
        3,
        4,
        5,
        6,
        7,
        8,
        9,
        10,
        11,
        12,
        13,
        14,
        15,
        16,
        17,
        18,
        19,
        20,
        21,
        22,
        23,
        24,
        25,
        26,
        27,
        28,
        29,
        30,
        31,
        32,
        33,
        34,
        35,
        36,
        37,
        38,
        39,
        40,
        41,
        42,
        43,
        44,
        45,
        46,
        47,
        48,
        49,
        50,
        51,
        52,
        53,
        54,
        55,
        56,
        57,
        58,
        59,
        60,
        61,
        62,
        63,
        64,
        65,
        66,
        67,
        68,
        69,
        70,
        71,
        72,
        73,
        74,
        75,
        76,
        77,
        78,
        79,
        80,
        81,
        82,
        83,
        84,
        85,
        86,
        87,
        88,
        89,
        90,
        91,
        92,
        93,
        94,
        95,
        96,
        97,
        98,
        99,
        100,
        101,
        102,
        103,
        104,
        105,
        106,
        107,
        108,
        109,
        110,
        111,
        112,
        113,
        114,
        115,
        116,
        117,
        118,
        119,
        120,
        121,
        122,
        123,
        124,
        125,
        126,
        127,
        128,
        129,
        130,
        131,
        132,
        133,
        134,
        135,
        136,
        137,
        138,
        139,
        140,
        141,
        142,
        143,
        144,
        145,
        146,
        147,
        148,
        149,
        150,
        151,
        152,
        153,
        154,
        155,
        156,
        157,
        158,
        159,
        160,
        161,
        162,
        163,
        164,
        165,
        166,
        167,
        168,
        169,
        170,
        171,
        172,
        173,
        174,
        175,
        176,
        177,
        178,
        179,
        180,
        181,
        182,
        183,
        184,
        185,
        186,
        187
    ],
    "train_loss": [
        50.89044189453125,
        50.68697738647461,
        50.48846435546875,
        50.28606414794922,
        50.084068298339844,
        49.87474060058594,
        49.65160369873047,
        49.40502166748047,
        49.130916595458984,
        48.81160354614258,
        48.44440460205078,
        48.02608108520508,
        47.5471305847168,
        47.00392150878906,
        46.3887939453125,
        45.681549072265625,
        44.904354095458984,
        44.01813507080078,
        43.030147552490234,
        41.941097259521484,
        40.764671325683594,
        39.5136604309082,
        38.210296630859375,
        36.87424087524414,
        35.601165771484375,
        34.459842681884766,
        33.597312927246094,
        33.10363006591797,
        32.988563537597656,
        33.17599868774414,
        33.33867263793945,
        33.17548751831055,
        32.66511154174805,
        31.86298942565918,
        30.96564292907715,
        30.075119018554688,
        29.288480758666992,
        28.632511138916016,
        28.096622467041016,
        27.630176544189453,
        27.245220184326172,
        26.890670776367188,
        26.5260066986084,
        26.1933650970459,
        25.849658966064453,
        25.47488021850586,
        25.06833839416504,
        24.6334171295166,
        24.155357360839844,
        23.693899154663086,
        23.267988204956055,
        22.856483459472656,
        22.502582550048828,
        22.15468978881836,
        21.78116798400879,
        21.357528686523438,
        20.892614364624023,
        20.39356803894043,
        19.8581485748291,
        19.33539390563965,
        18.810680389404297,
        18.2833251953125,
        17.759748458862305,
        17.20882225036621,
        16.628326416015625,
        16.037818908691406,
        15.410319328308105,
        14.773736953735352,
        14.148697853088379,
        13.548152923583984,
        12.963213920593262,
        12.415651321411133,
        11.896958351135254,
        11.427579879760742,
        11.033945083618164,
        10.720654487609863,
        10.467317581176758,
        10.262561798095703,
        10.130979537963867,
        10.058897972106934,
        10.024110794067383,
        9.991255760192871,
        9.968396186828613,
        9.949991226196289,
        9.919890403747559,
        9.871395111083984,
        9.816097259521484,
        9.741802215576172,
        9.661771774291992,
        9.584088325500488,
        9.507009506225586,
        9.42081356048584,
        9.357316970825195,
        9.295101165771484,
        9.257637023925781,
        9.215784072875977,
        9.180744171142578,
        9.152688980102539,
        9.117571830749512,
        9.09076976776123,
        9.088434219360352,
        9.043462753295898,
        9.019012451171875,
        8.990406036376953,
        8.98599910736084,
        8.949835777282715,
        8.887356758117676,
        8.852134704589844,
        8.81917667388916,
        8.771890640258789,
        8.73308277130127,
        8.682735443115234,
        8.644822120666504,
        8.613659858703613,
        8.564361572265625,
        8.528541564941406,
        8.48662281036377,
        8.433706283569336,
        8.395378112792969,
        8.338014602661133,
        8.307530403137207,
        8.247560501098633,
        8.213757514953613,
        8.161558151245117,
        8.106585502624512,
        8.049504280090332,
        7.999814510345459,
        7.956150531768799,
        7.905464172363281,
        7.853245258331299,
        7.814064025878906,
        7.765508651733398,
        7.699756145477295,
        7.6535964012146,
        7.614842414855957,
        7.569753170013428,
        7.536457061767578,
        7.474133491516113,
        7.423828601837158,
        7.381436824798584,
        7.33875846862793,
        7.296829700469971,
        7.255453109741211,
        7.209436893463135,
        7.191788673400879,
        7.1429362297058105,
        7.102915287017822,
        7.065474033355713,
        7.0459747314453125,
        7.0102009773254395,
        6.990589141845703,
        6.944194793701172,
        6.911954879760742,
        6.879222393035889,
        6.857454299926758,
        6.844596862792969,
        6.800709247589111,
        6.808413028717041,
        6.761796474456787,
        6.73713493347168,
        6.708632946014404,
        6.710076808929443,
        6.668241500854492,
        6.650696277618408,
        6.622622489929199,
        6.593891143798828,
        6.594003200531006,
        6.555807590484619,
        6.544759273529053,
        6.525036811828613,
        6.503812313079834,
        6.462687969207764,
        6.454579830169678,
        6.4214677810668945,
        6.438547134399414,
        6.4147796630859375,
        6.386454105377197,
        6.365828514099121,
        6.3385748863220215,
        6.334864139556885,
        6.3089399337768555,
        6.27385139465332,
        6.267165660858154,
        6.2540283203125,
        6.227939128875732,
        6.199122905731201,
        6.19771146774292,
        6.164558410644531
    ],