{
    "effect_pehe": 5.101443767547607,
    "effect_mae": 0.8029022216796875
}