{
    "effect_pehe": 4.835763454437256,
    "effect_mae": 0.10770630836486816
}