{
    "effect_pehe": 6.597583293914795,
    "effect_mae": 3.3356752395629883
}