{
    "effect_pehe": 5.136053085327148,
    "effect_mae": 0.8598806858062744
}