{
    "epoch": [
        0,
        1,
        2,
        3,
        4,
        5,
        6,
        7,
        8,
        9,
        10,
        11,
        12,
        13,
        14,
        15,
        16,
        17,
        18,
        19,
        20,
        21,
        22,
        23,
        24,
        25,
        26,
        27,
        28,
        29,
        30,
        31,
        32,
        33,
        34,
        35,
        36,
        37,
        38,
        39,
        40,
        41,
        42,
        43,
        44,
        45,
        46,
        47,
        48,
        49,
        50,
        51,
        52,
        53,
        54,
        55,
        56,
        57,
        58,
        59,
        60,
        61,
        62,
        63,
        64,
        65,
        66,
        67,
        68,
        69,
        70,
        71,
        72,
        73,
        74,
        75,
        76,
        77,
        78,
        79,
        80,
        81,
        82,
        83,
        84,
        85,
        86,
        87,
        88,
        89,
        90,
        91,
        92,
        93,
        94,
        95,
        96,
        97,
        98,
        99,
        100,
        101,
        102,
        103,
        104,
        105,
        106,
        107,
        108,
        109,
        110,
        111,
        112,
        113,
        114,
        115,
        116,
        117,
        118,
        119,
        120,
        121,
        122,
        123,
        124,
        125,
        126,
        127,
        128,
        129,
        130,
        131,
        132,
        133,
        134,
        135,
        136,
        137,
        138,
        139,
        140,
        141,
        142,
        143,
        144,
        145,
        146,
        147,
        148,
        149,
        150,
        151,
        152,
        153,
        154,
        155,
        156,
        157,
        158,
        159,
        160,
        161,
        162,
        163,
        164,
        165,
        166,
        167,
        168,
        169,
        170,
        171,
        172
    ],
    "train_loss": [
        43.99749755859375,
        43.869384765625,
        43.74946212768555,
        43.63396072387695,
        43.51456832885742,
        43.38300323486328,
        43.23981475830078,
        43.08366394042969,
        42.91032028198242,
        42.71139144897461,
        42.485050201416016,
        42.22258758544922,
        41.930633544921875,
        41.604862213134766,
        41.23222732543945,
        40.81775665283203,
        40.36214828491211,
        39.850887298583984,
        39.29633712768555,
        38.70240020751953,
        38.070892333984375,
        37.42438507080078,
        36.75920867919922,
        36.100379943847656,
        35.439483642578125,
        34.77581024169922,
        33.99834060668945,
        33.11329650878906,
        32.05594253540039,
        30.871501922607422,
        29.54719352722168,
        28.122840881347656,
        26.625825881958008,
        25.069787979125977,
        23.46982192993164,
        21.8139705657959,
        20.131813049316406,
        18.43499183654785,
        16.7474365234375,
        15.076364517211914,
        13.503571510314941,
        12.053524017333984,
        10.747454643249512,
        9.668910026550293,
        8.81485366821289,
        8.18147087097168,
        7.661239147186279,
        7.212320327758789,
        6.794964790344238,
        6.355107307434082,
        5.963751792907715,
        5.583494663238525,
        5.28609037399292,
        5.047341823577881,
        4.854515552520752,
        4.70680570602417,
        4.544735431671143,
        4.409688472747803,
        4.291923522949219,
        4.180426120758057,
        4.106720924377441,
        4.006893157958984,
        3.943537712097168,
        3.9314944744110107,
        4.021909713745117,
        4.155769348144531,
        3.9045772552490234,
        3.8815674781799316,
        3.9566128253936768,
        3.7369930744171143,
        3.8182201385498047,
        3.67318058013916,
        3.6729846000671387,
        3.6336846351623535,
        3.5413284301757812,
        3.5825037956237793,
        3.476585626602173,
        3.5239906311035156,
        3.4294333457946777,
        3.457845449447632,
        3.3980841636657715,
        3.394627809524536,
        3.359055519104004,
        3.3357205390930176,
        3.3163399696350098,
        3.271897077560425,
        3.2660632133483887,
        3.1999800205230713,
        3.195793390274048,
        3.14308500289917,
        3.135500192642212,
        3.0817317962646484,
        3.073162317276001,
        3.046016216278076,
        3.0128307342529297,
        2.9917516708374023,
        2.938452959060669,
        2.9344797134399414,
        2.901970386505127,
        2.873002767562866,
        2.8359413146972656,
        2.8258960247039795,
        2.801471710205078,
        2.7655699253082275,
        2.757535696029663,
        2.7302167415618896,
        2.712024688720703,
        2.6972367763519287,
        2.6790261268615723,
        2.6635489463806152,
        2.6474876403808594,
        2.6408610343933105,
        2.6312549114227295,
        2.609410285949707,
        2.6134817600250244,
        2.599191665649414,
        2.5912420749664307,
        2.5759849548339844,
        2.563631772994995,
        2.5540149211883545,
        2.545255661010742,
        2.528028964996338,
        2.526029586791992,
        2.5209333896636963,
        2.5198118686676025,
        2.5036802291870117,
        2.500559091567993,
        2.488433361053467,
        2.4891045093536377,
        2.483583450317383,
        2.4766006469726562,
        2.4677512645721436,
        2.468906879425049,
        2.4520089626312256,
        2.4488725662231445,
        2.4451916217803955,
        2.4388558864593506,
        2.434666156768799,
        2.424402952194214,
        2.4179697036743164,
        2.4185969829559326,
        2.414001226425171,
        2.4016659259796143,
        2.4082911014556885,
        2.396899700164795,
        2.3884189128875732,
        2.392249822616577,
        2.378801107406616,
        2.3781211376190186,
        2.3760204315185547,
        2.365023612976074,
        2.37262225151062,
        2.365872383117676,
        2.3638787269592285,
        2.355097770690918,
        2.3517491817474365,
        2.340613842010498,
        2.3407695293426514,
        2.331604242324829,
        2.329259157180786,
        2.3211190700531006,
        2.325551986694336,
        2.3211772441864014,
        2.311826705932617,
        2.3147363662719727,
        2.3012547492980957,
        2.3035473823547363,
        2.3016271591186523,
        2.2930331230163574,
        2.2867980003356934,
        2.2831108570098877,
        2.2934932708740234,
        2.287043333053589
    ],