{
    "effect_pehe": 7.674335956573486,
    "effect_mae": 4.839046478271484
}