{
    "effect_pehe": 2.12850022315979,
    "effect_mae": 0.7614504098892212
}