{
    "effect_pehe": 0.7852368354797363,
    "effect_mae": 0.009801387786865234
}