{
    "effect_pehe": 1.9654823541641235,
    "effect_mae": 1.4773366451263428
}