{
    "effect_pehe": 1.0552682876586914,
    "effect_mae": 0.19934558868408203
}