{
    "effect_pehe": 3.1639270782470703,
    "effect_mae": 0.08417081832885742
}