{
    "effect_pehe": 1.860571265220642,
    "effect_mae": 0.037135764956474304
}