{
    "effect_pehe": 2.7258825302124023,
    "effect_mae": 1.5136175155639648
}