{
    "effect_pehe": 0.8160914778709412,
    "effect_mae": 0.11229467391967773
}