{
    "effect_pehe": 1.8705843687057495,
    "effect_mae": 0.11244821548461914
}