{
    "effect_pehe": 1.891850471496582,
    "effect_mae": 0.4349097013473511
}