{
    "effect_pehe": 1.781650185585022,
    "effect_mae": 0.5624914169311523
}