{
    "effect_pehe": 1.182785987854004,
    "effect_mae": 0.061449334025382996
}