{
    "effect_pehe": 0.7339346408843994,
    "effect_mae": 0.031244277954101562
}