{
    "effect_pehe": 1.8949273824691772,
    "effect_mae": 0.7190924882888794
}