{
    "effect_pehe": 3.7947936778030353,
    "effect_mae": 3.0251895249001537
}