{
    "effect_pehe": 4.016988163243701,
    "effect_mae": 3.224277472773481
}