{
    "effect_pehe": 3.5208507619369875,
    "effect_mae": 2.8070440053221737
}