{
    "effect_pehe": 4.740057504041264,
    "effect_mae": 3.76360995295032
}