{
    "effect_pehe": 4.730643820696443,
    "effect_mae": 3.723879033090517
}