{
    "effect_pehe": 4.76106982370214,
    "effect_mae": 3.7953586018613863
}