{
    "effect_pehe": 3.6763212040750743,
    "effect_mae": 2.9396872281473043
}