{
    "effect_pehe": 3.937195085271086,
    "effect_mae": 3.141197190110224
}