{
    "effect_pehe": 4.835257914203399,
    "effect_mae": 3.8102562650994005
}