{
    "effect_pehe": 5.237096292433917,
    "effect_mae": 4.14729030530923
}