{
    "effect_pehe": 4.661012748807345,
    "effect_mae": 3.703644988462765
}