{
    "effect_pehe": 4.559890792888371,
    "effect_mae": 3.6018193201797213
}