{
    "effect_pehe": 3.286768923518898,
    "effect_mae": 2.599613226519873
}