{
    "effect_pehe": 4.351621458376033,
    "effect_mae": 3.41894322926807
}