{
    "effect_pehe": 4.457824424650067,
    "effect_mae": 3.6098006102666322
}