{
    "epoch": [
        0,
        1,
        2,
        3,
        4,
        5,
        6,
        7,
        8,
        9,
        10,
        11,
        12,
        13,
        14,
        15,
        16,
        17,
        18,
        19,
        20,
        21,
        22,
        23,
        24,
        25,
        26,
        27,
        28,
        29,
        30,
        31,
        32,
        33,
        34,
        35,
        36,
        37,
        38,
        39,
        40,
        41,
        42,
        43,
        44,
        45,
        46,
        47,
        48,
        49,
        50,
        51,
        52,
        53,
        54,
        55,
        56,
        57,
        58,
        59,
        60,
        61,
        62,
        63,
        64,
        65,
        66,
        67,
        68,
        69,
        70,
        71,
        72,
        73,
        74,
        75,
        76,
        77,
        78,
        79,
        80,
        81,
        82,
        83,
        84,
        85,
        86,
        87,
        88,
        89,
        90,
        91,
        92,
        93,
        94,
        95,
        96,
        97,
        98,
        99,
        100,
        101,
        102,
        103,
        104,
        105,
        106,
        107,
        108,
        109,
        110,
        111,
        112,
        113,
        114,
        115,
        116,
        117,
        118,
        119,
        120,
        121,
        122,
        123,
        124,
        125,
        126,
        127,
        128,
        129,
        130,
        131,
        132,
        133,
        134,
        135,
        136,
        137,
        138,
        139,
        140,
        141,
        142,
        143,
        144,
        145,
        146,
        147,
        148,
        149,
        150,
        151,
        152,
        153,
        154,
        155,
        156,
        157,
        158,
        159,
        160,
        161
    ],
    "train_loss": [
        22.045120239257812,
        14.775485038757324,
        14.824047088623047,
        10.496193885803223,
        8.111712455749512,
        8.568506240844727,
        7.370368003845215,
        6.972803115844727,
        5.716259956359863,
        5.590304851531982,
        4.565019130706787,
        5.05350923538208,
        3.938551664352417,
        3.4230668544769287,
        3.1335535049438477,
        3.573798656463623,
        3.336568832397461,
        3.3798179626464844,
        2.3374059200286865,
        2.408841848373413,
        2.3804731369018555,
        2.4079456329345703,
        1.7289657592773438,
        1.823188066482544,
        1.551801323890686,
        1.903549313545227,
        1.7778416872024536,
        1.390516757965088,
        1.240576148033142,
        1.3456463813781738,
        1.163726568222046,
        1.0213418006896973,
        1.1118347644805908,
        1.0977261066436768,
        0.9734926223754883,
        0.8756946921348572,
        1.0174754858016968,
        0.7612047791481018,
        0.7060527801513672,
        0.6954978704452515,
        0.703303337097168,
        0.6602721810340881,
        0.6924005150794983,
        0.6415545344352722,
        0.6087644100189209,
        0.6161895394325256,
        0.522545576095581,
        0.5378592610359192,
        0.5969253778457642,
        0.48800647258758545,
        0.5203372240066528,
        0.5044804215431213,
        0.44291070103645325,
        0.47290298342704773,
        0.4866936206817627,
        0.4452575147151947,
        0.44862478971481323,
        0.40952441096305847,
        0.4474484324455261,
        0.4406462013721466,
        0.41453856229782104,
        0.46183717250823975,
        0.411739706993103,
        0.40438058972358704,
        0.42273378372192383,
        0.3942447006702423,
        0.37548699975013733,
        0.3837875723838806,
        0.4274991750717163,
        0.3885071277618408,
        0.4030497968196869,
        0.39775732159614563,
        0.37518078088760376,
        0.38026079535484314,
        0.42647621035575867,
        0.40465545654296875,
        0.382987380027771,
        0.3984699845314026,
        0.4221172630786896,
        0.3518108129501343,
        0.38835278153419495,
        0.3895159661769867,
        0.41801562905311584,
        0.38823285698890686,
        0.39457061886787415,
        0.4013262689113617,
        0.37124544382095337,
        0.3712491989135742,
        0.3972884714603424,
        0.37681376934051514,
        0.4037858247756958,
        0.365682989358902,
        0.35581713914871216,
        0.36900776624679565,
        0.3866768777370453,
        0.4202645421028137,
        0.38382866978645325,
        0.38058483600616455,
        0.37740209698677063,
        0.3870822489261627,
        0.35550111532211304,
        0.3337412178516388,
        0.34500911831855774,
        0.3789924681186676,
        0.3733976185321808,
        0.400090754032135,
        0.3613429367542267,
        0.394085168838501,
        0.3685351014137268,
        0.3538290858268738,
        0.36378976702690125,
        0.3552004098892212,
        0.3708800673484802,
        0.38110488653182983,
        0.33923161029815674,
        0.35518285632133484,
        0.3905620872974396,
        0.3603534996509552,
        0.3469108045101166,
        0.3466286361217499,
        0.3824000060558319,
        0.3502492606639862,
        0.37955400347709656,
        0.36529961228370667,
        0.36179494857788086,
        0.34132543206214905,
        0.36172014474868774,
        0.37692877650260925,
        0.3478032648563385,
        0.3500854969024658,
        0.3719225525856018,
        0.37634775042533875,
        0.3694974184036255,
        0.34960708022117615,
        0.37548181414604187,
        0.35622379183769226,
        0.3489650785923004,
        0.36602091789245605,
        0.36172401905059814,
        0.3488024175167084,
        0.34696218371391296,
        0.3895675837993622,
        0.3540714681148529,
        0.37909892201423645,
        0.3460809290409088,
        0.35566380620002747,
        0.3839336335659027,
        0.36890557408332825,
        0.3736281394958496,
        0.4053296744823456,
        0.39013147354125977,
        0.35627907514572144,
        0.36317968368530273,
        0.3519386947154999,
        0.38291534781455994,
        0.3718356788158417,
        0.3561609983444214,
        0.3735361397266388,
        0.3823487162590027,
        0.3513258397579193,
        0.3731508255004883,
        0.34831729531288147
    ],