{
    "effect_pehe": 9.006059646606445,
    "effect_mae": 5.0947585105896
}