{
    "effect_pehe": 7.46806526184082,
    "effect_mae": 0.9116911888122559
}