{
    "effect_pehe": 10.68419361114502,
    "effect_mae": 4.336475849151611
}