{
    "effect_pehe": 6.100636959075928,
    "effect_mae": 0.5489449501037598
}