{
    "effect_pehe": 8.619392395019531,
    "effect_mae": 4.4106221199035645
}