{
    "effect_pehe": 7.947568416595459,
    "effect_mae": 1.1588225364685059
}