{
    "effect_pehe": 11.140142440795898,
    "effect_mae": 8.011696815490723
}