{
    "effect_pehe": 9.7618408203125,
    "effect_mae": 5.877093315124512
}