{
    "effect_pehe": 7.501120567321777,
    "effect_mae": 1.8194184303283691
}