{
    "epoch": [
        0,
        1,
        2,
        3,
        4,
        5,
        6,
        7,
        8,
        9,
        10,
        11,
        12,
        13,
        14,
        15,
        16,
        17,
        18,
        19,
        20,
        21,
        22,
        23,
        24,
        25,
        26,
        27,
        28,
        29,
        30,
        31,
        32,
        33,
        34,
        35,
        36,
        37,
        38,
        39,
        40,
        41,
        42,
        43,
        44,
        45,
        46,
        47,
        48,
        49,
        50,
        51,
        52,
        53,
        54,
        55,
        56,
        57,
        58,
        59,
        60,
        61,
        62,
        63,
        64,
        65,
        66,
        67,
        68,
        69,
        70,
        71,
        72,
        73,
        74,
        75,
        76,
        77,
        78,
        79,
        80,
        81,
        82,
        83,
        84,
        85,
        86,
        87,
        88,
        89,
        90,
        91,
        92,
        93,
        94,
        95,
        96,
        97,
        98,
        99,
        100,
        101,
        102,
        103,
        104,
        105,
        106,
        107,
        108,
        109,
        110,
        111,
        112,
        113,
        114,
        115,
        116,
        117,
        118,
        119,
        120,
        121,
        122,
        123,
        124,
        125,
        126,
        127,
        128,
        129,
        130,
        131,
        132,
        133,
        134,
        135,
        136,
        137,
        138,
        139,
        140,
        141,
        142,
        143,
        144,
        145,
        146,
        147,
        148,
        149,
        150
    ],
    "train_loss": [
        20.749542236328125,
        14.181915283203125,
        11.236583709716797,
        11.154728889465332,
        8.490071296691895,
        6.412976264953613,
        5.638040065765381,
        5.124635696411133,
        4.111595630645752,
        3.7831592559814453,
        2.8961973190307617,
        2.8925421237945557,
        2.9510586261749268,
        2.391456365585327,
        2.2416131496429443,
        2.4083259105682373,
        2.3275227546691895,
        1.9412907361984253,
        1.9607691764831543,
        1.664708137512207,
        1.3563508987426758,
        1.1608288288116455,
        1.1712783575057983,
        0.9514241814613342,
        0.9057432413101196,
        0.8056268095970154,
        0.7681788802146912,
        0.8187688589096069,
        0.6608078479766846,
        0.6349444389343262,
        0.6635172367095947,
        0.6436049342155457,
        0.6512352824211121,
        0.6604540944099426,
        0.5872629880905151,
        0.583168625831604,
        0.5767837762832642,
        0.526613712310791,
        0.5265965461730957,
        0.5191209316253662,
        0.46795910596847534,
        0.48136481642723083,
        0.5043099522590637,
        0.4255443215370178,
        0.41949769854545593,
        0.4602881073951721,
        0.40780124068260193,
        0.409926176071167,
        0.4250781238079071,
        0.4125921130180359,
        0.37244558334350586,
        0.39221328496932983,
        0.4019366502761841,
        0.38504156470298767,
        0.40573158860206604,
        0.3725168704986572,
        0.36117124557495117,
        0.36853736639022827,
        0.3681703805923462,
        0.35289454460144043,
        0.36391913890838623,
        0.351153165102005,
        0.3886992931365967,
        0.3661379814147949,
        0.35365012288093567,
        0.34677767753601074,
        0.3633817434310913,
        0.35467779636383057,
        0.36018145084381104,
        0.3436228930950165,
        0.34118974208831787,
        0.36345309019088745,
        0.35179027915000916,
        0.35089102387428284,
        0.3400724530220032,
        0.3417036533355713,
        0.35740700364112854,
        0.3651411235332489,
        0.349270761013031,
        0.35756465792655945,
        0.345378041267395,
        0.3485552668571472,
        0.3583741784095764,
        0.349077433347702,
        0.33021146059036255,
        0.35387152433395386,
        0.3177245855331421,
        0.3516990840435028,
        0.3529660999774933,
        0.33880072832107544,
        0.34902966022491455,
        0.3332326412200928,
        0.3532411456108093,
        0.32691317796707153,
        0.3339787721633911,
        0.3405875861644745,
        0.32480767369270325,
        0.33737751841545105,
        0.3140102028846741,
        0.3410938084125519,
        0.33202728629112244,
        0.31621310114860535,
        0.3423539698123932,
        0.3410336375236511,
        0.3233022391796112,
        0.34109801054000854,
        0.34569239616394043,
        0.34884029626846313,
        0.3417985439300537,
        0.34518179297447205,
        0.3405926823616028,
        0.3293428122997284,
        0.34675461053848267,
        0.3516392409801483,
        0.3398147523403168,
        0.3390529751777649,
        0.34615689516067505,
        0.3333478569984436,
        0.338703989982605,
        0.3240138292312622,
        0.33822721242904663,
        0.3382892608642578,
        0.32666096091270447,
        0.3300113379955292,
        0.356587290763855,
        0.3393646776676178,
        0.3467249572277069,
        0.3295908272266388,
        0.31951215863227844,
        0.32534971833229065,
        0.32797032594680786,
        0.3167276382446289,
        0.3282608985900879,
        0.34958139061927795,
        0.341370165348053,
        0.3240903913974762,
        0.3264545798301697,
        0.32843199372291565,
        0.34848731756210327,
        0.317343145608902,
        0.32823142409324646,
        0.33779624104499817,
        0.3339798152446747,
        0.3163107633590698,
        0.3491154909133911,
        0.34391218423843384,
        0.3367023766040802,
        0.3416135013103485,
        0.32957223057746887,
        0.31293773651123047,
        0.3221885859966278
    ],