{
    "effect_pehe": 6.875737190246582,
    "effect_mae": 0.25950050354003906
}