{
    "effect_pehe": 13.44180965423584,
    "effect_mae": 0.3410677909851074
}