{
    "effect_pehe": 10.69540786743164,
    "effect_mae": 5.3031392097473145
}