{
    "effect_pehe": 6.219252586364746,
    "effect_mae": 2.4729723930358887
}