{
    "effect_pehe": 4.679896354675293,
    "effect_mae": 2.7081828117370605
}