{
    "effect_pehe": 1.929768681526184,
    "effect_mae": 0.4256165027618408
}