{
    "effect_pehe": 2.8846781253814697,
    "effect_mae": 0.7404841780662537
}