{
    "effect_pehe": 2.6994237899780273,
    "effect_mae": 0.2558005452156067
}