{
    "effect_pehe": 3.4831340312957764,
    "effect_mae": 2.4866514205932617
}