{
    "effect_pehe": 1.901645302772522,
    "effect_mae": 0.2627248167991638
}