{
    "effect_pehe": 2.063784122467041,
    "effect_mae": 0.6248421669006348
}