{
    "effect_pehe": 1.8928236961364746,
    "effect_mae": 0.27127426862716675
}