{
    "effect_pehe": 5.787304878234863,
    "effect_mae": 0.7470817565917969
}