{
    "epoch": [
        0,
        1,
        2,
        3,
        4,
        5,
        6,
        7,
        8,
        9,
        10,
        11,
        12,
        13,
        14,
        15,
        16,
        17,
        18,
        19,
        20,
        21,
        22,
        23,
        24,
        25,
        26,
        27,
        28,
        29,
        30,
        31,
        32,
        33,
        34,
        35,
        36,
        37,
        38,
        39,
        40,
        41,
        42,
        43,
        44,
        45,
        46,
        47,
        48,
        49,
        50,
        51,
        52,
        53,
        54,
        55,
        56,
        57,
        58,
        59,
        60,
        61,
        62,
        63,
        64,
        65,
        66,
        67,
        68,
        69,
        70,
        71,
        72,
        73,
        74,
        75,
        76,
        77,
        78,
        79,
        80,
        81,
        82,
        83,
        84,
        85,
        86,
        87,
        88,
        89,
        90,
        91,
        92,
        93,
        94,
        95,
        96,
        97,
        98,
        99,
        100,
        101,
        102,
        103,
        104,
        105,
        106,
        107,
        108,
        109,
        110,
        111,
        112,
        113,
        114,
        115,
        116,
        117,
        118,
        119,
        120,
        121,
        122,
        123,
        124,
        125,
        126,
        127,
        128,
        129,
        130,
        131,
        132,
        133,
        134,
        135,
        136,
        137,
        138,
        139,
        140,
        141,
        142,
        143,
        144,
        145,
        146,
        147,
        148,
        149,
        150,
        151,
        152,
        153,
        154,
        155,
        156,
        157,
        158,
        159,
        160,
        161,
        162,
        163,
        164
    ],
    "train_loss": [
        25.263259887695312,
        25.216352462768555,
        25.169384002685547,
        25.11834716796875,
        25.061555862426758,
        25.000812530517578,
        24.934167861938477,
        24.858726501464844,
        24.77333641052246,
        24.677772521972656,
        24.56620216369629,
        24.437984466552734,
        24.288057327270508,
        24.11472511291504,
        23.9136905670166,
        23.680601119995117,
        23.41463279724121,
        23.109458923339844,
        22.75652313232422,
        22.360431671142578,
        21.922250747680664,
        21.40975570678711,
        20.850446701049805,
        20.223554611206055,
        19.544048309326172,
        18.80807113647461,
        18.021472930908203,
        17.189817428588867,
        16.337787628173828,
        15.458098411560059,
        14.570767402648926,
        13.715163230895996,
        12.8795804977417,
        12.144585609436035,
        11.442541122436523,
        10.855755805969238,
        10.345203399658203,
        9.901765823364258,
        9.523481369018555,
        9.170002937316895,
        8.863411903381348,
        8.583661079406738,
        8.30821704864502,
        8.017850875854492,
        7.724850654602051,
        7.423386573791504,
        7.1215691566467285,
        6.81892728805542,
        6.530580520629883,
        6.262274265289307,
        5.991759777069092,
        5.718527793884277,
        5.464059829711914,
        5.192555904388428,
        4.9244890213012695,
        4.665777206420898,
        4.408283233642578,
        4.137090682983398,
        3.897078037261963,
        3.661012649536133,
        3.4467830657958984,
        3.2554094791412354,
        3.072028636932373,
        2.9150431156158447,
        2.7492001056671143,
        2.6244287490844727,
        2.52824068069458,
        2.44608473777771,
        2.3779456615448,
        2.3021492958068848,
        2.259963274002075,
        2.21354079246521,
        2.184427261352539,
        2.1594502925872803,
        2.142756938934326,
        2.1201446056365967,
        2.0911409854888916,
        2.079402208328247,
        2.06289005279541,
        2.0451295375823975,
        2.0289878845214844,
        2.013575553894043,
        1.9950424432754517,
        1.9839835166931152,
        1.9845011234283447,
        1.956820011138916,
        1.9411391019821167,
        1.9356977939605713,
        1.9212753772735596,
        1.916763424873352,
        1.8972285985946655,
        1.8906517028808594,
        1.8768705129623413,
        1.8616981506347656,
        1.8549530506134033,
        1.841113567352295,
        1.8302576541900635,
        1.8249750137329102,
        1.8164894580841064,
        1.8140355348587036,
        1.8054667711257935,
        1.7938830852508545,
        1.7851800918579102,
        1.7820816040039062,
        1.7737066745758057,
        1.7659372091293335,
        1.763458490371704,
        1.7513271570205688,
        1.7418774366378784,
        1.7341623306274414,
        1.734594464302063,
        1.7227598428726196,
        1.7213144302368164,
        1.713014006614685,
        1.7072314023971558,
        1.6994984149932861,
        1.6908156871795654,
        1.6934338808059692,
        1.679961919784546,
        1.6779719591140747,
        1.6709693670272827,
        1.6613835096359253,
        1.652458667755127,
        1.6515216827392578,
        1.6422640085220337,
        1.6350150108337402,
        1.636393666267395,
        1.6247940063476562,
        1.6175537109375,
        1.6162419319152832,
        1.6102752685546875,
        1.6057318449020386,
        1.5980024337768555,
        1.5910335779190063,
        1.5899399518966675,
        1.5811829566955566,
        1.575627088546753,
        1.580002784729004,
        1.5641577243804932,
        1.5582752227783203,
        1.5621401071548462,
        1.552938461303711,
        1.5496598482131958,
        1.538282036781311,
        1.5385463237762451,
        1.5311880111694336,
        1.5219700336456299,
        1.5181165933609009,
        1.519766926765442,
        1.505531907081604,
        1.4994652271270752,
        1.499257206916809,
        1.4928230047225952,
        1.4889754056930542,
        1.4877116680145264,
        1.4785500764846802,
        1.4742711782455444,
        1.475841999053955,
        1.4706783294677734,
        1.458380937576294,
        1.4544870853424072,
        1.4470815658569336,
        1.4434324502944946,
        1.438353419303894,
        1.4394311904907227
    ],