{
    "effect_pehe": 6.95318078994751,
    "effect_mae": 0.20676195621490479
}