{
    "effect_pehe": 5.486997127532959,
    "effect_mae": 0.9121041297912598
}