{
    "effect_pehe": 4.3192572593688965,
    "effect_mae": 0.3176787495613098
}