{
    "epoch": [
        0,
        1,
        2,
        3,
        4,
        5,
        6,
        7,
        8,
        9,
        10,
        11,
        12,
        13,
        14,
        15,
        16,
        17,
        18,
        19,
        20,
        21,
        22,
        23,
        24,
        25,
        26,
        27,
        28,
        29,
        30,
        31,
        32,
        33,
        34,
        35,
        36,
        37,
        38,
        39,
        40,
        41,
        42,
        43,
        44,
        45,
        46,
        47,
        48,
        49,
        50,
        51,
        52,
        53,
        54,
        55,
        56,
        57,
        58,
        59,
        60,
        61,
        62,
        63,
        64,
        65,
        66,
        67,
        68,
        69,
        70,
        71,
        72,
        73,
        74,
        75,
        76,
        77,
        78,
        79,
        80,
        81,
        82,
        83,
        84,
        85,
        86,
        87,
        88,
        89,
        90,
        91,
        92,
        93,
        94,
        95,
        96,
        97,
        98,
        99,
        100,
        101,
        102
    ],
    "train_loss": [
        29.323888778686523,
        29.294937133789062,
        29.267927169799805,
        29.239959716796875,
        29.211214065551758,
        29.181062698364258,
        29.145475387573242,
        29.104711532592773,
        29.055465698242188,
        28.998910903930664,
        28.933612823486328,
        28.855716705322266,
        28.765104293823242,
        28.65691566467285,
        28.53266143798828,
        28.389514923095703,
        28.219411849975586,
        28.02409553527832,
        27.80171012878418,
        27.548152923583984,
        27.259109497070312,
        26.934436798095703,
        26.563980102539062,
        26.155569076538086,
        25.69183921813965,
        25.186647415161133,
        24.623952865600586,
        23.995643615722656,
        23.298065185546875,
        22.560853958129883,
        21.748432159423828,
        20.87227439880371,
        19.93068504333496,
        18.936298370361328,
        17.886001586914062,
        16.793813705444336,
        15.676854133605957,
        14.565347671508789,
        13.47610092163086,
        12.402932167053223,
        11.431342124938965,
        10.530750274658203,
        9.744215965270996,
        9.04689884185791,
        8.483890533447266,
        7.997274875640869,
        7.557458877563477,
        7.193477630615234,
        6.916408061981201,
        6.707171440124512,
        6.565896987915039,
        6.472034454345703,
        6.3643879890441895,
        6.2492475509643555,
        6.096477508544922,
        5.953790187835693,
        5.775153636932373,
        5.691476821899414,
        5.623619079589844,
        5.615428447723389,
        5.6028618812561035,
        5.581134796142578,
        5.534804344177246,
        5.47250509262085,
        5.40047025680542,
        5.339599132537842,
        5.280747413635254,
        5.260223388671875,
        5.23996114730835,
        5.237774848937988,
        5.204310894012451,
        5.153605937957764,
        5.111758232116699,
        5.075984954833984,
        5.035123825073242,
        5.018216609954834,
        4.987558841705322,
        4.986703872680664,
        4.959313869476318,
        4.927917003631592,
        4.898043632507324,
        4.880722522735596,
        4.849943161010742,
        4.828348636627197,
        4.814090251922607,
        4.794732570648193,
        4.764939308166504,
        4.743301868438721,
        4.732747554779053,
        4.694367408752441,
        4.685836315155029,
        4.6648454666137695,
        4.644329071044922,
        4.622032165527344,
        4.605181694030762,
        4.586178302764893,
        4.567055702209473,
        4.546332359313965,
        4.536917209625244,
        4.514551162719727,
        4.484210968017578,
        4.477917194366455,
        4.451726913452148
    ],
    "val_loss": [
        34.49363327026367,
        34.459877014160156,
        34.428314208984375,
        34.39829635620117,
        34.36528396606445,
        34.3314094543457,
        34.28997802734375,
        34.243350982666016,
        34.18644332885742,
        34.123634338378906,
        34.04585266113281,
        33.956111907958984,
        33.848567962646484,
        33.72651290893555,
        33.57850646972656,
        33.41499710083008,
        33.21564865112305,
        32.99114227294922,
        32.7286262512207,
        32.43209457397461,
        32.094181060791016,
        31.71323585510254,
        31.280427932739258,
        30.804590225219727,
        30.288742065429688,
        29.690221786499023,
        29.020627975463867,
        28.281333923339844,
        27.47844886779785,
        26.573894500732422,
        25.632566452026367,
        24.563907623291016,
        23.413846969604492,
        22.207061767578125,
        20.909706115722656,
        19.571441650390625,
        18.156728744506836,
        16.751985549926758,
        15.311542510986328,
        13.921306610107422,
        12.64373779296875,
        11.376255989074707,
        10.322195053100586,
        9.424665451049805,
        8.679579734802246,
        8.087187767028809,
        7.629478454589844,
        7.292916297912598,
        7.088024616241455,
        7.023449420928955,
        7.023397445678711,
        7.042174339294434,
        7.039949417114258,
        6.9225077629089355,
        6.804195404052734,
        6.616375923156738,
        6.451633930206299,
        6.28203821182251,
        6.173068046569824,
        6.102542877197266,
        6.0796589851379395,
        6.064553737640381,
        6.0284342765808105,
        6.019813537597656,
        6.017794609069824,
        6.042870998382568,
        6.101083278656006,
        6.172699451446533,
        6.23049259185791,
        6.289445877075195,
        6.265994071960449,
        6.216501235961914,
        6.1438093185424805,
        6.072319507598877,
        5.994502544403076,
        5.932264804840088,
        5.938571929931641,
        5.87980842590332,
        5.903458118438721,
        5.913610935211182,
        5.919922351837158,
        5.962982654571533,
        5.957731246948242,
        6.000613689422607,
        6.0271196365356445,
        6.023343563079834,
        5.993706226348877,
        5.97645378112793,
        5.974399089813232,
        5.953120708465576,
        5.909605026245117,
        5.919020652770996,
        5.911555290222168,
        5.918999195098877,
        5.919279098510742,
        5.940293788909912,
        5.961181163787842,
        5.9591064453125,
        5.9675092697143555,
        5.978739261627197,
        5.988516807556152,
        5.973753452301025,
        5.969686985015869
    ]
}