{
    "epoch": [
        0,
        1,
        2,
        3,
        4,
        5,
        6,
        7,
        8,
        9,
        10,
        11,
        12,
        13,
        14,
        15,
        16,
        17,
        18,
        19,
        20,
        21,
        22,
        23,
        24,
        25,
        26,
        27,
        28,
        29,
        30,
        31,
        32,
        33,
        34,
        35,
        36,
        37,
        38,
        39,
        40,
        41,
        42,
        43,
        44,
        45,
        46,
        47,
        48,
        49,
        50,
        51,
        52,
        53,
        54,
        55,
        56,
        57,
        58,
        59,
        60,
        61,
        62,
        63,
        64,
        65,
        66,
        67,
        68,
        69,
        70,
        71,
        72,
        73,
        74,
        75,
        76,
        77,
        78,
        79,
        80,
        81,
        82,
        83,
        84,
        85,
        86,
        87,
        88,
        89,
        90,
        91,
        92,
        93,
        94,
        95,
        96,
        97,
        98,
        99,
        100,
        101,
        102,
        103,
        104,
        105,
        106,
        107,
        108,
        109,
        110,
        111,
        112,
        113,
        114,
        115,
        116,
        117,
        118,
        119,
        120,
        121,
        122,
        123,
        124,
        125,
        126
    ],
    "train_loss": [
        32.89255142211914,
        32.84458923339844,
        32.797115325927734,
        32.74383544921875,
        32.68507385253906,
        32.62142562866211,
        32.54682540893555,
        32.46275329589844,
        32.36496353149414,
        32.246402740478516,
        32.114437103271484,
        31.961580276489258,
        31.776657104492188,
        31.572975158691406,
        31.338836669921875,
        31.072355270385742,
        30.769237518310547,
        30.43788719177246,
        30.052383422851562,
        29.627531051635742,
        29.140499114990234,
        28.604597091674805,
        28.01806640625,
        27.355457305908203,
        26.631664276123047,
        25.832319259643555,
        24.956090927124023,
        24.008176803588867,
        22.973726272583008,
        21.85804557800293,
        20.651235580444336,
        19.36304473876953,
        18.014808654785156,
        16.60651206970215,
        15.152764320373535,
        13.666123390197754,
        12.200754165649414,
        10.769631385803223,
        9.428168296813965,
        8.197772979736328,
        7.1636061668396,
        6.29618501663208,
        5.655289649963379,
        5.1615729331970215,
        4.837158679962158,
        4.554495334625244,
        4.291877269744873,
        4.027820587158203,
        3.787271499633789,
        3.577239990234375,
        3.420762300491333,
        3.3559329509735107,
        3.331831455230713,
        3.326848268508911,
        3.2950918674468994,
        3.2444117069244385,
        3.1880054473876953,
        3.1243700981140137,
        3.0843217372894287,
        3.0366549491882324,
        2.9940507411956787,
        2.954843521118164,
        2.9198756217956543,
        2.869699478149414,
        2.86607027053833,
        2.8201539516448975,
        2.785759925842285,
        2.75142502784729,
        2.7169740200042725,
        2.6964597702026367,
        2.6800246238708496,
        2.6681437492370605,
        2.6460978984832764,
        2.6332595348358154,
        2.6084530353546143,
        2.5834972858428955,
        2.561877965927124,
        2.550182580947876,
        2.533168077468872,
        2.5157525539398193,
        2.5037753582000732,
        2.485990524291992,
        2.4764363765716553,
        2.4527769088745117,
        2.441331148147583,
        2.4195621013641357,
        2.4225144386291504,
        2.408564329147339,
        2.387486219406128,
        2.3828837871551514,
        2.356999635696411,
        2.357038736343384,
        2.3519036769866943,
        2.3241374492645264,
        2.330683469772339,
        2.310704231262207,
        2.299201250076294,
        2.286298990249634,
        2.2719719409942627,
        2.2687158584594727,
        2.265493869781494,
        2.253728151321411,
        2.238344669342041,
        2.2278850078582764,
        2.2164556980133057,
        2.2070400714874268,
        2.203856945037842,
        2.1882400512695312,
        2.1819064617156982,
        2.173628807067871,
        2.16671085357666,
        2.1555416584014893,
        2.1459288597106934,
        2.1390771865844727,
        2.1318280696868896,
        2.1245315074920654,
        2.1110551357269287,
        2.1119840145111084,
        2.0929195880889893,
        2.0865392684936523,
        2.081503391265869,
        2.0816617012023926,
        2.060472011566162,
        2.0516960620880127,
        2.0426511764526367,
        2.0408568382263184,
        2.0201282501220703
    ],