{
    "effect_pehe": 6.823095798492432,
    "effect_mae": 2.25388240814209
}