{
    "epoch": [
        0,
        1,
        2,
        3,
        4,
        5,
        6,
        7,
        8,
        9,
        10,
        11,
        12,
        13,
        14,
        15,
        16,
        17,
        18,
        19,
        20,
        21,
        22,
        23,
        24,
        25,
        26,
        27,
        28,
        29,
        30,
        31,
        32,
        33,
        34,
        35,
        36,
        37,
        38,
        39,
        40,
        41,
        42,
        43,
        44,
        45,
        46,
        47,
        48,
        49,
        50,
        51,
        52,
        53,
        54,
        55,
        56,
        57,
        58,
        59,
        60,
        61,
        62,
        63,
        64,
        65,
        66,
        67,
        68,
        69,
        70,
        71,
        72,
        73,
        74,
        75,
        76,
        77,
        78,
        79,
        80,
        81,
        82,
        83,
        84,
        85,
        86,
        87,
        88,
        89,
        90,
        91,
        92,
        93,
        94,
        95,
        96,
        97,
        98,
        99,
        100,
        101,
        102,
        103,
        104,
        105,
        106,
        107,
        108,
        109,
        110,
        111,
        112,
        113,
        114,
        115,
        116,
        117,
        118,
        119,
        120,
        121,
        122,
        123,
        124,
        125,
        126,
        127,
        128,
        129,
        130,
        131,
        132,
        133,
        134,
        135,
        136,
        137,
        138,
        139,
        140,
        141,
        142,
        143,
        144,
        145,
        146,
        147,
        148,
        149,
        150,
        151,
        152,
        153,
        154,
        155,
        156,
        157,
        158,
        159,
        160,
        161,
        162,
        163,
        164,
        165,
        166,
        167,
        168,
        169,
        170,
        171,
        172,
        173,
        174,
        175,
        176,
        177,
        178,
        179,
        180,
        181,
        182,
        183,
        184,
        185,
        186,
        187,
        188,
        189
    ],
    "train_loss": [
        47.71980667114258,
        47.66257858276367,
        47.60308074951172,
        47.54107666015625,
        47.4730224609375,
        47.3949089050293,
        47.30122375488281,
        47.19444274902344,
        47.06708526611328,
        46.92132568359375,
        46.74836349487305,
        46.55317306518555,
        46.324398040771484,
        46.066261291503906,
        45.761314392089844,
        45.41881561279297,
        45.02113723754883,
        44.557830810546875,
        44.04331588745117,
        43.459285736083984,
        42.80365753173828,
        42.064449310302734,
        41.25367736816406,
        40.353275299072266,
        39.347591400146484,
        38.24747848510742,
        37.0557975769043,
        35.75823211669922,
        34.38080596923828,
        32.88629150390625,
        31.321182250976562,
        29.651317596435547,
        27.941011428833008,
        26.15201187133789,
        24.368247985839844,
        22.55453872680664,
        20.756547927856445,
        18.97089195251465,
        17.219100952148438,
        15.558246612548828,
        14.00853443145752,
        12.57079029083252,
        11.268132209777832,
        10.143411636352539,
        9.170205116271973,
        8.310710906982422,
        7.600435733795166,
        6.99012565612793,
        6.459624767303467,
        5.979605197906494,
        5.545340538024902,
        5.176723480224609,
        4.862322807312012,
        4.603888988494873,
        4.470586776733398,
        4.364462375640869,
        4.287276744842529,
        4.212411880493164,
        4.130808353424072,
        4.0185112953186035,
        3.900053024291992,
        3.816610813140869,
        3.7362914085388184,
        3.670135498046875,
        3.605060338973999,
        3.557410717010498,
        3.495196580886841,
        3.423567295074463,
        3.3643405437469482,
        3.3182125091552734,
        3.2829620838165283,
        3.229480504989624,
        3.2221691608428955,
        3.1987199783325195,
        3.1672379970550537,
        3.128634452819824,
        3.104820966720581,
        3.0756514072418213,
        3.0584359169006348,
        3.030621290206909,
        3.003333568572998,
        2.982876777648926,
        2.9749014377593994,
        2.947688579559326,
        2.925553321838379,
        2.9141554832458496,
        2.8889095783233643,
        2.8670389652252197,
        2.8627891540527344,
        2.8338263034820557,
        2.8101391792297363,
        2.79784893989563,
        2.7935352325439453,
        2.793933153152466,
        2.7727835178375244,
        2.7520363330841064,
        2.744208335876465,
        2.729933261871338,
        2.717308521270752,
        2.718366861343384,
        2.7143054008483887,
        2.673311710357666,
        2.6745846271514893,
        2.6605446338653564,
        2.651829719543457,
        2.6366424560546875,
        2.641963481903076,
        2.6183865070343018,
        2.6065382957458496,
        2.592524290084839,
        2.582484722137451,
        2.585925340652466,
        2.565643548965454,
        2.5552055835723877,
        2.554656744003296,
        2.5389177799224854,
        2.528526782989502,
        2.5097739696502686,
        2.505760908126831,
        2.5082900524139404,
        2.4979705810546875,
        2.496082067489624,
        2.4778239727020264,
        2.4657232761383057,
        2.463618755340576,
        2.4512956142425537,
        2.4499707221984863,
        2.432694673538208,
        2.427002191543579,
        2.4147002696990967,
        2.41363787651062,
        2.4078457355499268,
        2.38985013961792,
        2.388201951980591,
        2.3764913082122803,
        2.377310276031494,
        2.3656504154205322,
        2.373666763305664,
        2.3531723022460938,
        2.3506805896759033,
        2.3333985805511475,
        2.3317127227783203,
        2.3284313678741455,
        2.321833372116089,
        2.3154351711273193,
        2.295994520187378,
        2.2889151573181152,
        2.2891812324523926,
        2.2724320888519287,
        2.2723331451416016,
        2.2642059326171875,
        2.2473902702331543,
        2.2387921810150146,
        2.238377332687378,
        2.2254862785339355,
        2.22356915473938,
        2.2252566814422607,
        2.2148680686950684,
        2.2052557468414307,
        2.2026824951171875,
        2.1993460655212402,
        2.1781861782073975,
        2.1708614826202393,
        2.169785261154175,
        2.1672987937927246,
        2.157719135284424,
        2.1493561267852783,
        2.1478629112243652,
        2.140209197998047,
        2.12575364112854,
        2.123267650604248,
        2.1200201511383057,
        2.111982822418213,
        2.1112711429595947,
        2.0998928546905518,
        2.088287830352783,
        2.0904757976531982,
        2.0865423679351807,
        2.0736494064331055,
        2.0737826824188232,
        2.061123847961426,
        2.0618999004364014,
        2.047452926635742,
        2.050220489501953,
        2.040222406387329,
        2.0345535278320312,
        2.023613929748535,
        2.01995587348938,
        2.006420373916626,
        2.003998041152954
    ],