{
    "epoch": [
        0,
        1,
        2,
        3,
        4,
        5,
        6,
        7,
        8,
        9,
        10,
        11,
        12,
        13,
        14,
        15,
        16,
        17,
        18,
        19,
        20,
        21,
        22,
        23,
        24,
        25,
        26,
        27,
        28,
        29,
        30,
        31,
        32,
        33,
        34,
        35,
        36,
        37,
        38,
        39,
        40,
        41,
        42,
        43,
        44,
        45,
        46,
        47,
        48,
        49,
        50,
        51,
        52,
        53,
        54,
        55,
        56,
        57,
        58,
        59,
        60,
        61,
        62,
        63,
        64,
        65,
        66,
        67,
        68,
        69,
        70,
        71,
        72,
        73,
        74,
        75,
        76,
        77,
        78,
        79,
        80,
        81,
        82,
        83,
        84,
        85,
        86,
        87,
        88,
        89,
        90,
        91,
        92,
        93,
        94,
        95,
        96,
        97,
        98,
        99,
        100,
        101,
        102,
        103,
        104,
        105,
        106,
        107,
        108,
        109,
        110,
        111,
        112,
        113,
        114,
        115,
        116,
        117,
        118,
        119,
        120,
        121,
        122,
        123,
        124,
        125,
        126,
        127,
        128,
        129,
        130,
        131,
        132,
        133
    ],
    "train_loss": [
        28.166067123413086,
        28.127567291259766,
        28.09023666381836,
        28.051864624023438,
        28.00780487060547,
        27.958003997802734,
        27.900989532470703,
        27.837678909301758,
        27.764911651611328,
        27.683364868164062,
        27.5853328704834,
        27.474332809448242,
        27.340557098388672,
        27.188249588012695,
        27.010557174682617,
        26.801504135131836,
        26.56266975402832,
        26.294004440307617,
        25.983715057373047,
        25.646812438964844,
        25.262489318847656,
        24.845233917236328,
        24.393796920776367,
        23.90231704711914,
        23.373228073120117,
        22.81664276123047,
        22.22323989868164,
        21.60110855102539,
        20.953899383544922,
        20.27189064025879,
        19.584474563598633,
        18.85757827758789,
        18.132843017578125,
        17.337665557861328,
        16.561389923095703,
        15.732437133789062,
        14.909636497497559,
        14.066927909851074,
        13.221197128295898,
        12.382206916809082,
        11.568388938903809,
        10.770000457763672,
        10.047770500183105,
        9.379912376403809,
        8.775357246398926,
        8.258134841918945,
        7.790008068084717,
        7.3830389976501465,
        7.055023670196533,
        6.772786617279053,
        6.5269975662231445,
        6.338050842285156,
        6.160813808441162,
        5.9967570304870605,
        5.843274116516113,
        5.705925941467285,
        5.580093860626221,
        5.435232639312744,
        5.320637226104736,
        5.204602241516113,
        5.13637638092041,
        5.074666500091553,
        5.034733772277832,
        5.0080084800720215,
        4.990281581878662,
        4.959706783294678,
        4.906514644622803,
        4.852319717407227,
        4.816922664642334,
        4.764673233032227,
        4.709325313568115,
        4.67519474029541,
        4.636170387268066,
        4.622633457183838,
        4.574585914611816,
        4.540400505065918,
        4.503978252410889,
        4.481020450592041,
        4.458891868591309,
        4.439808368682861,
        4.411021709442139,
        4.401645660400391,
        4.374022483825684,
        4.342191696166992,
        4.314292907714844,
        4.299409866333008,
        4.2843475341796875,
        4.269534587860107,
        4.241734504699707,
        4.224462985992432,
        4.19436502456665,
        4.167854309082031,
        4.1482367515563965,
        4.121204376220703,
        4.126251220703125,
        4.0806732177734375,
        4.075197696685791,
        4.058766841888428,
        4.0280890464782715,
        4.017626762390137,
        3.9859933853149414,
        3.9712085723876953,
        3.9498777389526367,
        3.9398438930511475,
        3.9190855026245117,
        3.9019598960876465,
        3.877439498901367,
        3.8578503131866455,
        3.8386616706848145,
        3.8163187503814697,
        3.826204538345337,
        3.791884183883667,
        3.7735848426818848,
        3.7460360527038574,
        3.745377779006958,
        3.721735715866089,
        3.7149617671966553,
        3.692451000213623,
        3.664696455001831,
        3.6565968990325928,
        3.6351864337921143,
        3.6088650226593018,
        3.603114128112793,
        3.586430549621582,
        3.5754833221435547,
        3.5446324348449707,
        3.5239675045013428,
        3.5074541568756104,
        3.494168758392334,
        3.463641405105591,
        3.440687894821167,
        3.4398152828216553,
        3.41180419921875,
        3.4034481048583984
    ],