{
    "epoch": [
        0,
        1,
        2,
        3,
        4,
        5,
        6,
        7,
        8,
        9,
        10,
        11,
        12,
        13,
        14,
        15,
        16,
        17,
        18,
        19,
        20,
        21,
        22,
        23,
        24,
        25,
        26,
        27,
        28,
        29,
        30,
        31,
        32,
        33,
        34,
        35,
        36,
        37,
        38,
        39,
        40,
        41,
        42,
        43,
        44,
        45,
        46,
        47,
        48,
        49,
        50,
        51,
        52,
        53,
        54,
        55,
        56,
        57,
        58,
        59,
        60,
        61,
        62,
        63,
        64,
        65,
        66,
        67,
        68,
        69,
        70,
        71,
        72,
        73,
        74,
        75,
        76,
        77,
        78,
        79,
        80,
        81,
        82,
        83,
        84,
        85,
        86,
        87,
        88,
        89,
        90,
        91,
        92,
        93,
        94,
        95,
        96,
        97,
        98,
        99,
        100,
        101,
        102,
        103,
        104,
        105,
        106,
        107,
        108,
        109,
        110,
        111,
        112,
        113,
        114,
        115,
        116,
        117,
        118,
        119,
        120
    ],
    "train_loss": [
        42.064727783203125,
        41.991695404052734,
        41.91912078857422,
        41.84595489501953,
        41.77021408081055,
        41.68476104736328,
        41.59436798095703,
        41.4941291809082,
        41.37482833862305,
        41.24620056152344,
        41.102542877197266,
        40.93503952026367,
        40.74522399902344,
        40.524715423583984,
        40.27652359008789,
        39.986637115478516,
        39.6610221862793,
        39.28520584106445,
        38.85739517211914,
        38.38536834716797,
        37.8449592590332,
        37.23914337158203,
        36.569252014160156,
        35.83805465698242,
        35.015350341796875,
        34.1150016784668,
        33.12760925292969,
        32.07363510131836,
        30.92677116394043,
        29.6816349029541,
        28.365537643432617,
        26.98062515258789,
        25.5216007232666,
        24.00726318359375,
        22.457172393798828,
        20.931718826293945,
        19.386754989624023,
        17.911073684692383,
        16.510663986206055,
        15.243435859680176,
        14.104972839355469,
        13.137397766113281,
        12.33156967163086,
        11.70173168182373,
        11.184473991394043,
        10.748086929321289,
        10.38846492767334,
        10.019885063171387,
        9.65987777709961,
        9.323460578918457,
        9.033965110778809,
        8.790084838867188,
        8.560901641845703,
        8.411694526672363,
        8.278705596923828,
        8.175798416137695,
        8.085599899291992,
        7.969051837921143,
        7.848342418670654,
        7.734469413757324,
        7.641050338745117,
        7.562792778015137,
        7.513049602508545,
        7.44500207901001,
        7.385012149810791,
        7.32441520690918,
        7.264652729034424,
        7.206535339355469,
        7.136299133300781,
        7.0800652503967285,
        7.043379783630371,
        7.0029072761535645,
        6.954787254333496,
        6.913759708404541,
        6.878547668457031,
        6.837547779083252,
        6.802828311920166,
        6.769190788269043,
        6.744019508361816,
        6.710116386413574,
        6.6668572425842285,
        6.65004301071167,
        6.611844062805176,
        6.572816848754883,
        6.5643415451049805,
        6.536285877227783,
        6.511753559112549,
        6.470699310302734,
        6.448245525360107,
        6.423681735992432,
        6.402770519256592,
        6.373861312866211,
        6.353462219238281,
        6.310739040374756,
        6.304286479949951,
        6.282543659210205,
        6.254937648773193,
        6.228549480438232,
        6.209187984466553,
        6.187743186950684,
        6.1412811279296875,
        6.130509376525879,
        6.116883754730225,
        6.08650541305542,
        6.072825908660889,
        6.044880390167236,
        6.020374774932861,
        6.011632442474365,
        5.964768409729004,
        5.949438571929932,
        5.921530723571777,
        5.9077839851379395,
        5.881448268890381,
        5.860226631164551,
        5.826957702636719,
        5.805316925048828,
        5.781878471374512,
        5.764669895172119,
        5.753352165222168,
        5.7113800048828125,
        5.709856033325195
    ],