{
    "effect_pehe": 5.87498664855957,
    "effect_mae": 0.26826775074005127
}