{
    "effect_pehe": 6.452295780181885,
    "effect_mae": 0.6591095924377441
}