{
    "epoch": [
        0,
        1,
        2,
        3,
        4,
        5,
        6,
        7,
        8,
        9,
        10,
        11,
        12,
        13,
        14,
        15,
        16,
        17,
        18,
        19,
        20,
        21,
        22,
        23,
        24,
        25,
        26,
        27,
        28,
        29,
        30,
        31,
        32,
        33,
        34,
        35,
        36,
        37,
        38,
        39,
        40,
        41,
        42,
        43,
        44,
        45,
        46,
        47,
        48,
        49,
        50,
        51,
        52,
        53,
        54,
        55,
        56,
        57,
        58,
        59,
        60,
        61,
        62,
        63,
        64,
        65,
        66,
        67,
        68,
        69,
        70,
        71,
        72,
        73,
        74,
        75,
        76,
        77,
        78,
        79,
        80,
        81,
        82,
        83,
        84,
        85,
        86,
        87,
        88,
        89,
        90,
        91,
        92,
        93,
        94,
        95,
        96,
        97,
        98,
        99,
        100,
        101,
        102,
        103,
        104,
        105,
        106,
        107,
        108,
        109,
        110,
        111,
        112,
        113,
        114,
        115
    ],
    "train_loss": [
        36.609169006347656,
        36.560646057128906,
        36.5113639831543,
        36.45916748046875,
        36.400577545166016,
        36.34113311767578,
        36.273536682128906,
        36.200042724609375,
        36.112884521484375,
        36.011775970458984,
        35.8940544128418,
        35.757564544677734,
        35.596458435058594,
        35.41057586669922,
        35.19932556152344,
        34.952972412109375,
        34.671669006347656,
        34.35546112060547,
        33.999717712402344,
        33.6064453125,
        33.161502838134766,
        32.6624870300293,
        32.117958068847656,
        31.511247634887695,
        30.84695816040039,
        30.102481842041016,
        29.2756404876709,
        28.393722534179688,
        27.420686721801758,
        26.376441955566406,
        25.248218536376953,
        24.039592742919922,
        22.756622314453125,
        21.43661880493164,
        20.065279006958008,
        18.661954879760742,
        17.272125244140625,
        15.926137924194336,
        14.631255149841309,
        13.461261749267578,
        12.391390800476074,
        11.495889663696289,
        10.762847900390625,
        10.198500633239746,
        9.712896347045898,
        9.33716106414795,
        8.980880737304688,
        8.672021865844727,
        8.346421241760254,
        8.04626750946045,
        7.835267543792725,
        7.657242298126221,
        7.539731502532959,
        7.504132270812988,
        7.455617904663086,
        7.406582355499268,
        7.330586910247803,
        7.249377250671387,
        7.17601203918457,
        7.123382091522217,
        7.056376934051514,
        7.035676002502441,
        6.991147994995117,
        6.943567752838135,
        6.895362377166748,
        6.815135478973389,
        6.776896953582764,
        6.723535537719727,
        6.72122049331665,
        6.684918403625488,
        6.642389297485352,
        6.606990337371826,
        6.563953876495361,
        6.526459217071533,
        6.49900484085083,
        6.466885566711426,
        6.451086044311523,
        6.408836364746094,
        6.378775596618652,
        6.3659844398498535,
        6.329442024230957,
        6.275958061218262,
        6.276674270629883,
        6.25345516204834,
        6.225551605224609,
        6.1848883628845215,
        6.15294885635376,
        6.1318278312683105,
        6.109857082366943,
        6.087974548339844,
        6.065006732940674,
        6.023264408111572,
        6.005056381225586,
        5.964778900146484,
        5.956223964691162,
        5.922285556793213,
        5.902623653411865,
        5.8817901611328125,
        5.8737993240356445,
        5.837514400482178,
        5.822612762451172,
        5.801851749420166,
        5.759410858154297,
        5.746501445770264,
        5.733011245727539,
        5.709507465362549,
        5.658921718597412,
        5.657717227935791,
        5.622074604034424,
        5.631560802459717,
        5.586519241333008,
        5.553880214691162,
        5.549851417541504,
        5.521922588348389,
        5.50624942779541,
        5.483021259307861
    ],
    "val_loss": [
        44.82259750366211,
        44.771053314208984,
        44.71772003173828,
        44.65664291381836,
        44.59821701049805,
        44.52842712402344,
        44.44840621948242,
        44.363243103027344,
        44.26398468017578,
        44.15093994140625,
        44.004859924316406,
        43.8432731628418,
        43.65374755859375,
        43.42967987060547,
        43.174903869628906,
        42.881526947021484,
        42.529693603515625,
        42.16828536987305,
        41.73335647583008,
        41.25864791870117,
        40.722862243652344,
        40.13817596435547,
        39.46463394165039,
        38.71558380126953,
        37.881797790527344,
        36.9794921875,
        35.97325897216797,
        34.856632232666016,
        33.68202590942383,
        32.366886138916016,
        30.944860458374023,
        29.465412139892578,
        27.87254524230957,
        26.208383560180664,
        24.43403434753418,
        22.62050437927246,
        20.8575439453125,
        19.114967346191406,
        17.33526039123535,
        15.731801986694336,
        14.25072956085205,
        12.923421859741211,
        11.760811805725098,
        10.850379943847656,
        10.104204177856445,
        9.43416690826416,
        8.860268592834473,
        8.365510940551758,
        7.897580146789551,
        7.567041873931885,
        7.347847938537598,
        7.233002662658691,
        7.1731438636779785,
        7.135836124420166,
        7.176059246063232,
        7.170536518096924,
        7.138057231903076,
        7.001847743988037,
        6.885615825653076,
        6.799444675445557,
        6.684493541717529,
        6.6488823890686035,
        6.614645004272461,
        6.583573818206787,
        6.58632755279541,
        6.58083963394165,
        6.562201976776123,
        6.584420680999756,
        6.615386962890625,
        6.648128509521484,
        6.622677326202393,
        6.5409955978393555,
        6.5208024978637695,
        6.471254348754883,
        6.404211521148682,
        6.4197306632995605,
        6.430888652801514,
        6.364272117614746,
        6.364717960357666,
        6.356492042541504,
        6.384830474853516,
        6.386307239532471,
        6.4010539054870605,
        6.403785705566406,
        6.373541355133057,
        6.367791175842285,
        6.37384557723999,
        6.323872089385986,
        6.320530414581299,
        6.337361812591553,
        6.313103675842285,
        6.332784175872803,
        6.350162029266357,
        6.3952836990356445,
        6.362122058868408,
        6.379004955291748,
        6.3764801025390625,
        6.3735270500183105,
        6.3730316162109375,
        6.3400678634643555,
        6.346242427825928,
        6.374227523803711,
        6.3599348068237305,
        6.370896816253662,
        6.401496410369873,
        6.3899712562561035,
        6.411270618438721,
        6.388187885284424,
        6.399477005004883,
        6.413895130157471,
        6.420344352722168,
        6.40397310256958,
        6.420187473297119,
        6.446573257446289,
        6.441160678863525,
        6.444657802581787
    ]
}