{
    "epoch": [
        0,
        1,
        2,
        3,
        4,
        5,
        6,
        7,
        8,
        9,
        10,
        11,
        12,
        13,
        14,
        15,
        16,
        17,
        18,
        19,
        20,
        21,
        22,
        23,
        24,
        25,
        26,
        27,
        28,
        29,
        30,
        31,
        32,
        33,
        34,
        35,
        36,
        37,
        38,
        39,
        40,
        41,
        42,
        43,
        44,
        45,
        46,
        47,
        48,
        49,
        50,
        51,
        52,
        53,
        54,
        55,
        56,
        57,
        58,
        59,
        60,
        61,
        62,
        63,
        64,
        65,
        66,
        67,
        68,
        69,
        70,
        71,
        72,
        73,
        74,
        75,
        76,
        77,
        78,
        79,
        80,
        81,
        82,
        83,
        84,
        85,
        86,
        87,
        88,
        89,
        90,
        91,
        92,
        93,
        94,
        95,
        96,
        97,
        98,
        99,
        100,
        101,
        102,
        103,
        104,
        105,
        106,
        107,
        108,
        109,
        110,
        111,
        112,
        113,
        114,
        115,
        116,
        117,
        118,
        119,
        120,
        121,
        122,
        123,
        124,
        125,
        126,
        127,
        128,
        129,
        130,
        131,
        132
    ],
    "train_loss": [
        40.07184982299805,
        40.03396224975586,
        39.99467086791992,
        39.95109939575195,
        39.90281295776367,
        39.84626007080078,
        39.78010559082031,
        39.7000617980957,
        39.606964111328125,
        39.4970817565918,
        39.367218017578125,
        39.217689514160156,
        39.043357849121094,
        38.83511734008789,
        38.599884033203125,
        38.326297760009766,
        38.022708892822266,
        37.6637077331543,
        37.276485443115234,
        36.84212875366211,
        36.33269500732422,
        35.76793670654297,
        35.136531829833984,
        34.42756271362305,
        33.643863677978516,
        32.781761169433594,
        31.820384979248047,
        30.77104377746582,
        29.6086483001709,
        28.37398338317871,
        27.01323890686035,
        25.553241729736328,
        24.01473045349121,
        22.39254379272461,
        20.693038940429688,
        18.95684242248535,
        17.19623565673828,
        15.467633247375488,
        13.810935020446777,
        12.261353492736816,
        10.870942115783691,
        9.652276992797852,
        8.589841842651367,
        7.6912617683410645,
        6.93530797958374,
        6.244100570678711,
        5.719927787780762,
        5.219157695770264,
        4.863833904266357,
        4.643604278564453,
        4.4758806228637695,
        4.354410171508789,
        4.2597975730896,
        4.157054901123047,
        4.022058010101318,
        3.9050025939941406,
        3.8202836513519287,
        3.744908094406128,
        3.735097646713257,
        3.7296552658081055,
        3.682001829147339,
        3.605009078979492,
        3.5215604305267334,
        3.436269521713257,
        3.371792793273926,
        3.3098580837249756,
        3.283736228942871,
        3.262746810913086,
        3.23197340965271,
        3.190985918045044,
        3.1282267570495605,
        3.0869431495666504,
        3.045501708984375,
        3.0269415378570557,
        3.013211965560913,
        2.999244213104248,
        2.967311143875122,
        2.9329755306243896,
        2.900942802429199,
        2.874681234359741,
        2.872270345687866,
        2.8433849811553955,
        2.819239377975464,
        2.799741744995117,
        2.7882771492004395,
        2.7575480937957764,
        2.7354767322540283,
        2.729717493057251,
        2.722325563430786,
        2.6912906169891357,
        2.6756460666656494,
        2.6583008766174316,
        2.638953447341919,
        2.6216115951538086,
        2.622718334197998,
        2.5978446006774902,
        2.5967555046081543,
        2.574366331100464,
        2.543931722640991,
        2.537160873413086,
        2.5416622161865234,
        2.531946897506714,
        2.5256710052490234,
        2.5081233978271484,
        2.4858555793762207,
        2.4866912364959717,
        2.456855535507202,
        2.4667468070983887,
        2.442898988723755,
        2.4313690662384033,
        2.433992624282837,
        2.4187161922454834,
        2.400926113128662,
        2.405440092086792,
        2.405935049057007,
        2.392808675765991,
        2.3660566806793213,
        2.357280731201172,
        2.3641726970672607,
        2.3445842266082764,
        2.329742193222046,
        2.3332512378692627,
        2.322688102722168,
        2.316164255142212,
        2.303318500518799,
        2.288240671157837,
        2.2789080142974854,
        2.2805662155151367,
        2.2577061653137207,
        2.249169111251831,
        2.2597782611846924,
        2.2397918701171875,
        2.2321436405181885
    ],