{
    "effect_pehe": 5.553772449493408,
    "effect_mae": 0.06617921590805054
}