{
    "effect_pehe": 6.464052677154541,
    "effect_mae": 0.8382455110549927
}