{
    "effect_pehe": 6.7782487869262695,
    "effect_mae": 0.10618475079536438
}