{
    "effect_pehe": 107.73090362548828,
    "effect_mae": 2.176713705062866
}