{
    "effect_pehe": 7.3249311447143555,
    "effect_mae": 0.019945800304412842
}