{
    "effect_pehe": 6.061882495880127,
    "effect_mae": 0.6616781949996948
}