{
    "epoch": [
        0,
        1,
        2,
        3,
        4,
        5,
        6,
        7,
        8,
        9,
        10,
        11,
        12,
        13,
        14,
        15,
        16,
        17,
        18,
        19,
        20,
        21,
        22,
        23,
        24,
        25,
        26,
        27,
        28,
        29,
        30,
        31,
        32,
        33,
        34,
        35,
        36,
        37,
        38,
        39,
        40,
        41,
        42,
        43,
        44,
        45,
        46,
        47,
        48,
        49,
        50,
        51,
        52,
        53,
        54,
        55,
        56,
        57,
        58,
        59,
        60,
        61,
        62,
        63,
        64,
        65,
        66,
        67,
        68,
        69,
        70,
        71,
        72,
        73,
        74,
        75,
        76,
        77,
        78,
        79,
        80,
        81,
        82,
        83,
        84,
        85,
        86,
        87,
        88,
        89,
        90,
        91,
        92,
        93,
        94,
        95,
        96,
        97,
        98,
        99,
        100,
        101,
        102,
        103,
        104,
        105,
        106,
        107,
        108,
        109
    ],
    "train_loss": [
        33.11608123779297,
        33.05917739868164,
        33.00414276123047,
        32.94936752319336,
        32.890010833740234,
        32.82575225830078,
        32.753684997558594,
        32.6739616394043,
        32.5820426940918,
        32.47726821899414,
        32.358333587646484,
        32.22344970703125,
        32.064796447753906,
        31.884923934936523,
        31.67090606689453,
        31.417972564697266,
        31.141693115234375,
        30.81741714477539,
        30.4455509185791,
        30.029129028320312,
        29.563125610351562,
        29.030986785888672,
        28.453262329101562,
        27.806257247924805,
        27.09961700439453,
        26.326608657836914,
        25.50063705444336,
        24.596302032470703,
        23.642234802246094,
        22.649913787841797,
        21.613975524902344,
        20.565814971923828,
        19.503299713134766,
        18.437698364257812,
        17.420307159423828,
        16.449888229370117,
        15.555816650390625,
        14.71384334564209,
        13.967198371887207,
        13.293768882751465,
        12.693832397460938,
        12.112089157104492,
        11.58967113494873,
        11.136463165283203,
        10.631770133972168,
        10.179769515991211,
        9.733987808227539,
        9.326811790466309,
        8.947949409484863,
        8.607600212097168,
        8.323481559753418,
        8.05436897277832,
        7.8136467933654785,
        7.636508464813232,
        7.478625774383545,
        7.338373184204102,
        7.215717792510986,
        7.080617427825928,
        6.988097190856934,
        6.921213150024414,
        6.841117858886719,
        6.7703704833984375,
        6.702432155609131,
        6.6460700035095215,
        6.570303916931152,
        6.5311808586120605,
        6.449641227722168,
        6.399117469787598,
        6.35353946685791,
        6.298994064331055,
        6.26086950302124,
        6.223991394042969,
        6.1687092781066895,
        6.150493621826172,
        6.097145080566406,
        6.044742107391357,
        6.018947124481201,
        6.00131368637085,
        5.940194129943848,
        5.919958114624023,
        5.88646125793457,
        5.848532199859619,
        5.811706066131592,
        5.778665542602539,
        5.756615161895752,
        5.730955123901367,
        5.716864585876465,
        5.67186164855957,
        5.649376392364502,
        5.609703063964844,
        5.596189022064209,
        5.571150779724121,
        5.523644924163818,
        5.51157808303833,
        5.473119735717773,
        5.441160202026367,
        5.412135124206543,
        5.3835272789001465,
        5.369548320770264,
        5.334418296813965,
        5.297200679779053,
        5.285519123077393,
        5.246405124664307,
        5.233445644378662,
        5.1892008781433105,
        5.156778812408447,
        5.136929512023926,
        5.106330394744873,
        5.088229656219482,
        5.065295696258545
    ],
    "val_loss": [
        36.628623962402344,
        36.5910530090332,
        36.55343246459961,
        36.51359939575195,
        36.47291564941406,
        36.42549133300781,
        36.37214279174805,
        36.30512237548828,
        36.23056411743164,
        36.14219284057617,
        36.036251068115234,
        35.91038131713867,
        35.76651382446289,
        35.59074020385742,
        35.38917922973633,
        35.14924621582031,
        34.86915588378906,
        34.551456451416016,
        34.168155670166016,
        33.7529296875,
        33.275169372558594,
        32.750770568847656,
        32.15278625488281,
        31.507356643676758,
        30.760534286499023,
        29.978979110717773,
        29.0721378326416,
        28.130441665649414,
        27.07577896118164,
        26.018680572509766,
        24.939477920532227,
        23.757644653320312,
        22.52344512939453,
        21.341917037963867,
        20.185449600219727,
        19.060121536254883,
        17.948917388916016,
        16.91169548034668,
        15.933354377746582,
        15.063502311706543,
        14.21152400970459,
        13.440445899963379,
        12.810876846313477,
        12.142509460449219,
        11.523444175720215,
        10.876110076904297,
        10.385448455810547,
        9.78947925567627,
        9.356813430786133,
        8.919211387634277,
        8.54336929321289,
        8.220138549804688,
        7.948147773742676,
        7.6833343505859375,
        7.5055670738220215,
        7.3618669509887695,
        7.23179817199707,
        7.0928120613098145,
        6.982982635498047,
        6.921696186065674,
        6.837680339813232,
        6.7238969802856445,
        6.628332614898682,
        6.564502716064453,
        6.537919044494629,
        6.46780252456665,
        6.421899795532227,
        6.397443771362305,
        6.348167419433594,
        6.287749767303467,
        6.294092655181885,
        6.258419036865234,
        6.234111785888672,
        6.245328426361084,
        6.199203014373779,
        6.180044651031494,
        6.202157497406006,
        6.1428375244140625,
        6.1166863441467285,
        6.117753505706787,
        6.10692834854126,
        6.096433162689209,
        6.090782165527344,
        6.048296928405762,
        6.0381364822387695,
        6.071309566497803,
        6.089438438415527,
        6.0554656982421875,
        6.0599846839904785,
        6.078436851501465,
        6.068568706512451,
        6.067923545837402,
        6.048383712768555,
        6.0861053466796875,
        6.058665752410889,
        6.061260223388672,
        6.047989845275879,
        6.076910495758057,
        6.082259178161621,
        6.096223831176758,
        6.115950584411621,
        6.117405891418457,
        6.131420612335205,
        6.095165729522705,
        6.127582550048828,
        6.1499481201171875,
        6.159902572631836,
        6.187828063964844,
        6.184864521026611,
        6.147382736206055
    ]
}