{
    "effect_pehe": 18.550861358642578,
    "effect_mae": 0.9509477615356445
}