{
    "effect_pehe": 59.569969177246094,
    "effect_mae": 19.536819458007812
}