{
    "effect_pehe": 0.7893292307853699,
    "effect_mae": 0.003930270671844482
}