{
    "effect_pehe": 3.181028127670288,
    "effect_mae": 0.43769365549087524
}