{
    "effect_pehe": 2.6679868698120117,
    "effect_mae": 0.4779059886932373
}