{
    "effect_pehe": 0.8252661228179932,
    "effect_mae": 0.056886881589889526
}