{
    "effect_pehe": 0.7671733498573303,
    "effect_mae": 0.043107569217681885
}