{
    "effect_pehe": 2.2551767826080322,
    "effect_mae": 0.2596546709537506
}