{
    "effect_pehe": 1.0322554111480713,
    "effect_mae": 0.0640336275100708
}