{
    "effect_pehe": 2.0648856163024902,
    "effect_mae": 0.15938133001327515
}