{
    "effect_pehe": 2.571619987487793,
    "effect_mae": 0.026480019092559814
}