{
    "effect_pehe": 2.0120480060577393,
    "effect_mae": 0.01645207405090332
}