{
    "effect_pehe": 0.7455510497093201,
    "effect_mae": 0.005655080080032349
}