{
    "effect_pehe": 1.6838124990463257,
    "effect_mae": 0.2122390866279602
}