{
    "effect_pehe": 7.294004917144775,
    "effect_mae": 3.4110021591186523
}