{
    "effect_pehe": 12.343123435974121,
    "effect_mae": 6.314337730407715
}