{
    "epoch": [
        0,
        1,
        2,
        3,
        4,
        5,
        6,
        7,
        8,
        9,
        10,
        11,
        12,
        13,
        14,
        15,
        16,
        17,
        18,
        19,
        20,
        21,
        22,
        23,
        24,
        25,
        26,
        27,
        28,
        29,
        30,
        31,
        32,
        33,
        34,
        35,
        36,
        37,
        38,
        39,
        40,
        41,
        42,
        43,
        44,
        45,
        46,
        47,
        48,
        49,
        50,
        51,
        52,
        53,
        54,
        55,
        56,
        57,
        58,
        59,
        60,
        61,
        62,
        63,
        64,
        65,
        66,
        67,
        68,
        69,
        70,
        71,
        72,
        73,
        74,
        75,
        76,
        77,
        78,
        79,
        80,
        81,
        82,
        83,
        84,
        85,
        86,
        87,
        88,
        89,
        90,
        91,
        92,
        93,
        94,
        95,
        96,
        97,
        98,
        99,
        100,
        101,
        102
    ],
    "train_loss": [
        317.08807373046875,
        316.3128662109375,
        315.5308837890625,
        314.7021484375,
        313.7991638183594,
        312.7939758300781,
        311.64141845703125,
        310.3101501464844,
        308.758544921875,
        307.0117492675781,
        304.89385986328125,
        302.40789794921875,
        299.5191345214844,
        296.1198425292969,
        292.19464111328125,
        287.7288513183594,
        282.5010986328125,
        276.5035095214844,
        269.55645751953125,
        261.8865966796875,
        253.14967346191406,
        242.84674072265625,
        231.65126037597656,
        218.7950897216797,
        205.0422821044922,
        190.11402893066406,
        173.82066345214844,
        157.31744384765625,
        141.0336151123047,
        125.97966766357422,
        113.7010498046875,
        104.85496520996094,
        99.15126037597656,
        93.18090057373047,
        88.76727294921875,
        81.8896713256836,
        73.59637451171875,
        67.91741180419922,
        63.51898193359375,
        61.143531799316406,
        60.929908752441406,
        60.52848815917969,
        61.665035247802734,
        61.793216705322266,
        61.55361557006836,
        61.31452941894531,
        59.85305404663086,
        58.904296875,
        57.519142150878906,
        56.86488342285156,
        55.07677459716797,
        53.8488655090332,
        54.85066604614258,
        55.0761604309082,
        55.55175018310547,
        55.37945556640625,
        54.733768463134766,
        54.142581939697266,
        54.5767936706543,
        53.95050811767578,
        54.58681106567383,
        54.00845718383789,
        54.36305618286133,
        53.789180755615234,
        53.14116668701172,
        53.76561737060547,
        53.390316009521484,
        52.741703033447266,
        53.86318588256836,
        53.49867248535156,
        52.97837448120117,
        52.67080307006836,
        53.25425720214844,
        52.374568939208984,
        52.67518997192383,
        52.66434097290039,
        52.27141189575195,
        52.093902587890625,
        52.472774505615234,
        52.426124572753906,
        53.066131591796875,
        52.25177001953125,
        51.293636322021484,
        52.01034164428711,
        52.16625213623047,
        51.6625862121582,
        51.3232307434082,
        50.82212448120117,
        51.27861404418945,
        50.79593276977539,
        50.85845947265625,
        50.88882064819336,
        50.7051887512207,
        50.815040588378906,
        50.3228645324707,
        50.54084777832031,
        50.7959098815918,
        50.50539016723633,
        50.80922317504883,
        50.539817810058594,
        50.68701171875,
        49.9963493347168,
        49.60498046875
    ],
    "val_loss": [
        263.6934814453125,
        263.0023498535156,
        262.2969970703125,
        261.5465393066406,
        260.72906494140625,
        259.82672119140625,
        258.79364013671875,
        257.6085510253906,
        256.1993103027344,
        254.61593627929688,
        252.67538452148438,
        250.45864868164062,
        247.81092834472656,
        244.72842407226562,
        241.0155792236328,
        236.82589721679688,
        231.99993896484375,
        226.4506072998047,
        220.0123748779297,
        212.44349670410156,
        204.23367309570312,
        194.93252563476562,
        184.26321411132812,
        173.0037384033203,
        160.1565704345703,
        146.66201782226562,
        132.3960723876953,
        117.99815368652344,
        104.01112365722656,
        91.15052032470703,
        81.8966293334961,
        77.5647964477539,
        73.9370346069336,
        71.18408203125,
        66.3642349243164,
        62.161956787109375,
        57.343894958496094,
        50.964874267578125,
        47.31804656982422,
        45.197608947753906,
        43.69383239746094,
        42.17339324951172,
        43.24861145019531,
        43.31977844238281,
        42.77830123901367,
        41.98101806640625,
        41.937320709228516,
        41.586341857910156,
        41.15247344970703,
        40.60299301147461,
        41.32254409790039,
        41.01306915283203,
        42.3465461730957,
        42.268062591552734,
        42.31752014160156,
        42.137290954589844,
        41.29020690917969,
        39.20209503173828,
        39.07255554199219,
        38.87278747558594,
        38.45110321044922,
        38.257808685302734,
        37.77786636352539,
        37.594200134277344,
        37.68387985229492,
        38.33020782470703,
        38.61825180053711,
        40.03367614746094,
        40.70230484008789,
        39.63615036010742,
        39.47343063354492,
        39.03287124633789,
        38.60785675048828,
        38.46253204345703,
        38.75053405761719,
        37.686214447021484,
        37.94609451293945,
        36.27857208251953,
        37.4933967590332,
        37.4092903137207,
        36.86306381225586,
        37.704734802246094,
        37.76503372192383,
        37.746734619140625,
        38.13664245605469,
        37.56465530395508,
        38.01520538330078,
        36.53226852416992,
        38.32258605957031,
        38.02916717529297,
        36.96683120727539,
        37.17486572265625,
        38.03178787231445,
        37.00033187866211,
        37.980918884277344,
        37.62419128417969,
        37.97259521484375,
        37.49668502807617,
        36.39409637451172,
        37.802040100097656,
        37.4659309387207,
        37.87199401855469,
        36.94831085205078
    ]
}