{
    "effect_pehe": 11.414163589477539,
    "effect_mae": 5.268149375915527
}