{
    "effect_pehe": 6.2815117835998535,
    "effect_mae": 1.8506107330322266
}