{
    "effect_pehe": 10.413533210754395,
    "effect_mae": 4.827524185180664
}