{
    "effect_pehe": 14.231179237365723,
    "effect_mae": 9.633816719055176
}