{
    "epoch": [
        0,
        1,
        2,
        3,
        4,
        5,
        6,
        7,
        8,
        9,
        10,
        11,
        12,
        13,
        14,
        15,
        16,
        17,
        18,
        19,
        20,
        21,
        22,
        23,
        24,
        25,
        26,
        27,
        28,
        29,
        30,
        31,
        32,
        33,
        34,
        35,
        36,
        37,
        38,
        39,
        40,
        41,
        42,
        43,
        44,
        45,
        46,
        47,
        48,
        49,
        50,
        51,
        52,
        53,
        54,
        55,
        56,
        57,
        58,
        59,
        60,
        61,
        62,
        63,
        64,
        65,
        66,
        67,
        68,
        69,
        70,
        71,
        72,
        73,
        74,
        75,
        76,
        77,
        78,
        79,
        80,
        81,
        82,
        83,
        84,
        85,
        86,
        87,
        88,
        89,
        90,
        91,
        92,
        93,
        94,
        95,
        96,
        97,
        98,
        99,
        100,
        101,
        102,
        103,
        104,
        105,
        106,
        107,
        108,
        109,
        110,
        111,
        112,
        113,
        114,
        115,
        116,
        117,
        118,
        119,
        120,
        121,
        122,
        123,
        124,
        125,
        126,
        127
    ],
    "train_loss": [
        338.08477783203125,
        337.4563293457031,
        336.80633544921875,
        336.1068420410156,
        335.33233642578125,
        334.4458312988281,
        333.4312744140625,
        332.27093505859375,
        330.91748046875,
        329.3089599609375,
        327.3761291503906,
        325.0681457519531,
        322.2507629394531,
        318.9599304199219,
        315.0785217285156,
        310.36749267578125,
        305.0027160644531,
        298.5983581542969,
        290.9185791015625,
        282.14947509765625,
        271.7969055175781,
        260.2027282714844,
        246.70721435546875,
        231.178955078125,
        214.51806640625,
        195.29661560058594,
        175.68576049804688,
        155.1175537109375,
        134.72897338867188,
        117.66413879394531,
        104.19812774658203,
        97.65946960449219,
        96.36563873291016,
        96.7238540649414,
        95.50326538085938,
        89.91455841064453,
        81.34827423095703,
        73.86437225341797,
        69.08048248291016,
        65.871337890625,
        66.47697448730469,
        68.50993347167969,
        69.48538970947266,
        70.16803741455078,
        70.86663055419922,
        68.91967010498047,
        67.56745910644531,
        64.90921020507812,
        62.95595169067383,
        61.78085708618164,
        63.365116119384766,
        61.71278381347656,
        63.23649597167969,
        62.901649475097656,
        62.44517517089844,
        61.762794494628906,
        61.12392807006836,
        60.807376861572266,
        60.42756271362305,
        61.5350227355957,
        61.002281188964844,
        61.20431137084961,
        59.9979248046875,
        60.2022819519043,
        59.69319534301758,
        58.82677459716797,
        58.4345588684082,
        59.20341491699219,
        59.77528381347656,
        58.96878433227539,
        58.733619689941406,
        58.600975036621094,
        58.910850524902344,
        59.477603912353516,
        58.69280242919922,
        58.8519401550293,
        57.612247467041016,
        58.15663146972656,
        58.2105598449707,
        57.777469635009766,
        57.03482437133789,
        57.26746368408203,
        57.60028839111328,
        57.03560256958008,
        57.74031066894531,
        56.151466369628906,
        57.1196403503418,
        56.81867218017578,
        57.03263473510742,
        57.32836151123047,
        57.00727844238281,
        56.17032241821289,
        56.77985763549805,
        57.16020584106445,
        55.75893783569336,
        56.15653991699219,
        55.55990982055664,
        55.51540756225586,
        55.21367263793945,
        55.625244140625,
        55.976409912109375,
        55.99443054199219,
        55.958251953125,
        55.472984313964844,
        54.829898834228516,
        55.417991638183594,
        54.99339294433594,
        55.643184661865234,
        54.28988265991211,
        55.043312072753906,
        54.82166290283203,
        54.242584228515625,
        54.12133026123047,
        55.06017303466797,
        53.828731536865234,
        53.45101547241211,
        54.64689636230469,
        54.183204650878906,
        54.167327880859375,
        53.18547058105469,
        53.50059127807617,
        53.55229568481445,
        53.01014709472656,
        53.187435150146484,
        52.27091979980469,
        51.76152038574219,
        53.07286834716797,
        52.896484375
    ],