{
    "effect_pehe": 4.051445960998535,
    "effect_mae": 2.164461851119995
}