{
    "epoch": [
        0,
        1,
        2,
        3,
        4,
        5,
        6,
        7,
        8,
        9,
        10,
        11,
        12,
        13,
        14,
        15,
        16,
        17,
        18,
        19,
        20,
        21,
        22,
        23,
        24,
        25,
        26,
        27,
        28,
        29,
        30,
        31,
        32,
        33,
        34,
        35,
        36,
        37,
        38,
        39,
        40,
        41,
        42,
        43,
        44,
        45,
        46,
        47,
        48,
        49,
        50,
        51,
        52,
        53,
        54,
        55,
        56,
        57,
        58,
        59,
        60,
        61,
        62,
        63,
        64,
        65,
        66,
        67,
        68,
        69,
        70,
        71,
        72,
        73,
        74,
        75,
        76,
        77,
        78,
        79,
        80,
        81,
        82,
        83,
        84,
        85,
        86,
        87,
        88,
        89,
        90,
        91,
        92,
        93,
        94,
        95,
        96,
        97,
        98,
        99,
        100,
        101,
        102,
        103,
        104,
        105,
        106,
        107,
        108,
        109,
        110,
        111,
        112,
        113,
        114,
        115,
        116,
        117,
        118,
        119,
        120,
        121,
        122,
        123,
        124,
        125,
        126,
        127,
        128,
        129,
        130,
        131,
        132,
        133,
        134,
        135,
        136,
        137,
        138,
        139,
        140,
        141,
        142,
        143,
        144,
        145,
        146,
        147,
        148,
        149,
        150,
        151,
        152,
        153,
        154,
        155,
        156,
        157,
        158,
        159,
        160,
        161,
        162,
        163,
        164,
        165,
        166,
        167,
        168,
        169,
        170,
        171,
        172,
        173,
        174,
        175,
        176,
        177,
        178,
        179,
        180,
        181,
        182,
        183,
        184,
        185,
        186,
        187,
        188,
        189,
        190,
        191
    ],
    "train_loss": [
        378.3330383300781,
        377.6960754394531,
        377.0439453125,
        376.3667907714844,
        375.62457275390625,
        374.80462646484375,
        373.8634948730469,
        372.7770690917969,
        371.52197265625,
        370.0793151855469,
        368.36614990234375,
        366.39501953125,
        363.9976806640625,
        361.2323913574219,
        357.9423828125,
        353.9135437011719,
        349.2885437011719,
        343.7720642089844,
        337.4513854980469,
        329.7387390136719,
        320.98675537109375,
        310.8718566894531,
        299.20147705078125,
        286.1324768066406,
        271.0965576171875,
        254.84410095214844,
        236.58139038085938,
        217.7814178466797,
        197.7180938720703,
        177.840087890625,
        161.31820678710938,
        147.62416076660156,
        138.71458435058594,
        136.17529296875,
        132.43161010742188,
        127.92372131347656,
        120.68040466308594,
        110.12784576416016,
        100.9153823852539,
        94.2848892211914,
        90.5815658569336,
        88.53491973876953,
        87.44084167480469,
        86.98177337646484,
        88.44694519042969,
        87.46321868896484,
        85.78901672363281,
        84.4769287109375,
        82.28900146484375,
        79.60121154785156,
        78.54330444335938,
        78.31300354003906,
        76.77581787109375,
        75.17047882080078,
        75.47393798828125,
        75.45323181152344,
        75.76428985595703,
        74.53727722167969,
        76.74242401123047,
        75.17654418945312,
        75.36388397216797,
        74.19395446777344,
        74.3180923461914,
        74.12812805175781,
        72.89839172363281,
        72.04032135009766,
        72.50355529785156,
        72.16847229003906,
        72.19535064697266,
        72.77203369140625,
        70.99984741210938,
        70.31826782226562,
        70.73990631103516,
        70.7170639038086,
        72.32389831542969,
        70.2147216796875,
        69.26844024658203,
        69.60306549072266,
        69.75762176513672,
        69.4968490600586,
        69.97632598876953,
        69.9200439453125,
        68.84550476074219,
        70.61576843261719,
        68.82941436767578,
        68.7373275756836,
        68.98582458496094,
        69.09568786621094,
        69.23681640625,
        69.01028442382812,
        67.94841003417969,
        68.40174102783203,
        68.2891616821289,
        68.65851593017578,
        67.66010284423828,
        67.40792083740234,
        67.0749282836914,
        67.29496002197266,
        67.1274185180664,
        68.16107177734375,
        66.19937896728516,
        66.7112045288086,
        66.46465301513672,
        66.21964263916016,
        66.50682067871094,
        65.14305877685547,
        66.58722686767578,
        65.24022674560547,
        65.40586853027344,
        66.34488677978516,
        65.5422134399414,
        64.94448852539062,
        64.96004486083984,
        65.08104705810547,
        64.78089904785156,
        64.29938507080078,
        64.58140563964844,
        63.93576431274414,
        64.7289047241211,
        64.7068862915039,
        63.221092224121094,
        63.363685607910156,
        64.02731323242188,
        63.8929557800293,
        64.1838150024414,
        63.35102844238281,
        62.870758056640625,
        61.61028289794922,
        63.1848030090332,
        63.240333557128906,
        63.14219284057617,
        61.95785140991211,
        62.48521041870117,
        60.796775817871094,
        61.44297409057617,
        61.943721771240234,
        60.898799896240234,
        61.023929595947266,
        61.94187927246094,
        61.31694030761719,
        61.74405288696289,
        60.802425384521484,
        61.36697769165039,
        61.212398529052734,
        61.39634323120117,
        60.66148376464844,
        60.01493835449219,
        60.027191162109375,
        60.08409881591797,
        59.53835678100586,
        59.1991081237793,
        60.30108642578125,
        59.85015106201172,
        59.45315170288086,
        58.1790771484375,
        59.508331298828125,
        58.979469299316406,
        59.055564880371094,
        60.17765808105469,
        57.820106506347656,
        57.462547302246094,
        60.199283599853516,
        58.77873229980469,
        57.307159423828125,
        57.692665100097656,
        57.17995834350586,
        56.84779357910156,
        56.68297576904297,
        55.63555908203125,
        57.84804153442383,
        56.8682746887207,
        57.319923400878906,
        57.02997970581055,
        56.24049758911133,
        56.655643463134766,
        56.02540969848633,
        55.87465286254883,
        55.55278396606445,
        56.37403106689453,
        55.64310836791992,
        54.79289245605469,
        54.670494079589844,
        54.31654357910156,
        53.62169647216797,
        54.75432586669922,
        55.00031280517578,
        53.57128143310547,
        54.64337158203125,
        52.60091018676758,
        53.06142044067383,
        54.01615524291992,
        52.951698303222656
    ],