{
    "effect_pehe": 5.486422538757324,
    "effect_mae": 0.2630434036254883
}