{
    "effect_pehe": 8.932297706604004,
    "effect_mae": 1.6944255828857422
}