{
    "effect_pehe": 7.901340007781982,
    "effect_mae": 0.1190643310546875
}