{
    "effect_pehe": 12.551985740661621,
    "effect_mae": 2.642561912536621
}