{
    "effect_pehe": 7.805144786834717,
    "effect_mae": 0.705772876739502
}