{
    "effect_pehe": 9.336462020874023,
    "effect_mae": 5.036751747131348
}