{
    "effect_pehe": 15.5856351852417,
    "effect_mae": 11.192586898803711
}