{
    "effect_pehe": 2.809339761734009,
    "effect_mae": 0.5687947273254395
}