{
    "effect_pehe": 1.1254603862762451,
    "effect_mae": 0.5173908472061157
}