{
    "effect_pehe": 2.5451457500457764,
    "effect_mae": 1.2435858249664307
}