{
    "effect_pehe": 0.7736122012138367,
    "effect_mae": 0.060759544372558594
}