{
    "effect_pehe": 1.646906852722168,
    "effect_mae": 0.025119930505752563
}