{
    "effect_pehe": 1.524969220161438,
    "effect_mae": 0.8702514171600342
}