{
    "effect_pehe": 1.6816270351409912,
    "effect_mae": 0.141632080078125
}