{
    "effect_pehe": 1.8646830320358276,
    "effect_mae": 0.5472865104675293
}