{
    "effect_pehe": 0.756583034992218,
    "effect_mae": 0.091636061668396
}