{
    "effect_pehe": 1.829289197921753,
    "effect_mae": 0.3364905118942261
}