{
    "effect_pehe": 3.741668701171875,
    "effect_mae": 1.1466894149780273
}