{
    "effect_pehe": 17.602075613335753,
    "effect_mae": 8.373385425322635
}