{
    "effect_pehe": 20.45340241028647,
    "effect_mae": 10.290126885820555
}