{
    "effect_pehe": 29.064516130249856,
    "effect_mae": 10.475201268598601
}