{
    "effect_pehe": 14.604621003952037,
    "effect_mae": 6.625740768926114
}