{
    "effect_pehe": 17.37691092076012,
    "effect_mae": 7.503192829326424
}