{
    "effect_pehe": 12.292656898498535,
    "effect_mae": 8.482929229736328
}