{
    "effect_pehe": 4.551628112792969,
    "effect_mae": 1.8231515884399414
}