{
    "effect_pehe": 7.082772254943848,
    "effect_mae": 4.796600341796875
}