{
    "effect_pehe": 4.437572479248047,
    "effect_mae": 1.3222432136535645
}