{
    "effect_pehe": 13.669668197631836,
    "effect_mae": 8.606328964233398
}