{
    "effect_pehe": 5.722763538360596,
    "effect_mae": 1.3719041347503662
}