{
    "effect_pehe": 5.659878253936768,
    "effect_mae": 2.3696107864379883
}