{
    "effect_pehe": 3.7694485187530518,
    "effect_mae": 0.10155820846557617
}