{
    "effect_pehe": 5.514868259429932,
    "effect_mae": 0.3485291004180908
}