{
    "effect_pehe": 26.99501609802246,
    "effect_mae": 19.772064208984375
}