{
    "effect_pehe": 28.380361557006836,
    "effect_mae": 20.357131958007812
}