{
    "effect_pehe": 4.961474418640137,
    "effect_mae": 0.25171247124671936
}