{
    "effect_pehe": 4.746222972869873,
    "effect_mae": 1.5693199634552002
}