{
    "effect_pehe": 8.519617080688477,
    "effect_mae": 1.9780397415161133
}