{
    "effect_pehe": 8.27563190460205,
    "effect_mae": 0.6186017990112305
}