{
    "effect_pehe": 8.80180835723877,
    "effect_mae": 0.7499818801879883
}