{
    "effect_pehe": 12.286026000976562,
    "effect_mae": 0.4346904754638672
}