{
    "effect_pehe": 6.350317478179932,
    "effect_mae": 0.3243446350097656
}