{
    "effect_pehe": 9.403019905090332,
    "effect_mae": 2.107424736022949
}