{
    "effect_pehe": 1.3367387056350708,
    "effect_mae": 0.1284276247024536
}