{
    "effect_pehe": 1.4809730052947998,
    "effect_mae": 0.48459526896476746
}