{
    "effect_pehe": 2.837644100189209,
    "effect_mae": 0.6945739984512329
}