{
    "effect_pehe": 1.7888542413711548,
    "effect_mae": 0.054017066955566406
}