{
    "effect_pehe": 1.5735423564910889,
    "effect_mae": 0.9930675029754639
}