{
    "effect_pehe": 0.8052875995635986,
    "effect_mae": 0.0005458593368530273
}