{
    "effect_pehe": 1.893285870552063,
    "effect_mae": 0.6091229915618896
}