{
    "effect_pehe": 0.8183972239494324,
    "effect_mae": 0.0089874267578125
}