{
    "effect_pehe": 6.959168434143066,
    "effect_mae": 1.856198787689209
}