{
    "effect_pehe": 6.759172439575195,
    "effect_mae": 0.2825908660888672
}