{
    "effect_pehe": 8.979822158813477,
    "effect_mae": 3.2137341499328613
}