{
    "effect_pehe": 22.23858070373535,
    "effect_mae": 5.997182846069336
}