{
    "effect_pehe": 6.564857006072998,
    "effect_mae": 2.0853891372680664
}