{
    "effect_pehe": 442.34130859375,
    "effect_mae": 379.58929443359375
}