{
    "effect_pehe": 7.120769500732422,
    "effect_mae": 0.7571430206298828
}