{
    "effect_pehe": 8.05617904663086,
    "effect_mae": 1.5063676834106445
}