{
    "effect_pehe": 10.784706115722656,
    "effect_mae": 0.6862888336181641
}