{
    "epoch": [
        0,
        1,
        2,
        3,
        4,
        5,
        6,
        7,
        8,
        9,
        10,
        11,
        12,
        13,
        14,
        15,
        16,
        17,
        18,
        19,
        20,
        21,
        22,
        23,
        24,
        25,
        26,
        27,
        28,
        29,
        30,
        31,
        32,
        33,
        34,
        35,
        36,
        37,
        38,
        39,
        40,
        41,
        42,
        43,
        44,
        45,
        46,
        47,
        48,
        49,
        50,
        51,
        52,
        53,
        54,
        55,
        56,
        57,
        58,
        59,
        60,
        61,
        62,
        63,
        64,
        65,
        66,
        67,
        68,
        69,
        70,
        71,
        72,
        73,
        74,
        75,
        76,
        77,
        78,
        79,
        80,
        81,
        82,
        83,
        84,
        85,
        86,
        87,
        88,
        89,
        90,
        91,
        92,
        93,
        94,
        95,
        96,
        97,
        98,
        99,
        100,
        101,
        102,
        103,
        104,
        105,
        106,
        107,
        108,
        109,
        110,
        111,
        112,
        113,
        114,
        115,
        116,
        117,
        118,
        119,
        120,
        121,
        122,
        123,
        124,
        125,
        126,
        127,
        128,
        129,
        130,
        131,
        132,
        133,
        134,
        135,
        136,
        137,
        138,
        139,
        140,
        141,
        142,
        143,
        144,
        145,
        146,
        147,
        148,
        149,
        150
    ],
    "train_loss": [
        68.16544342041016,
        33.937049865722656,
        26.2302188873291,
        34.984920501708984,
        38.70587921142578,
        34.24650573730469,
        23.175092697143555,
        20.48015785217285,
        15.929987907409668,
        15.531533241271973,
        16.36842918395996,
        16.604215621948242,
        20.84794807434082,
        14.584001541137695,
        11.87053394317627,
        7.0966620445251465,
        6.917943477630615,
        6.748308181762695,
        9.206238746643066,
        8.955153465270996,
        8.534927368164062,
        6.3649678230285645,
        5.1898674964904785,
        5.1484174728393555,
        4.733940601348877,
        4.486289978027344,
        5.174239158630371,
        5.902918338775635,
        4.483903408050537,
        4.616650104522705,
        4.07762336730957,
        3.6725409030914307,
        3.7002220153808594,
        3.454606533050537,
        3.570497989654541,
        3.8078253269195557,
        3.1699411869049072,
        3.03891921043396,
        2.815009117126465,
        2.7605340480804443,
        2.5164272785186768,
        2.718256950378418,
        2.425743341445923,
        2.236879825592041,
        2.1998069286346436,
        2.0674309730529785,
        2.0546555519104004,
        1.9166147708892822,
        2.1252551078796387,
        1.694526195526123,
        1.4743094444274902,
        1.4464353322982788,
        1.4888229370117188,
        1.4611090421676636,
        1.4911577701568604,
        1.322443962097168,
        1.6252491474151611,
        1.2165594100952148,
        1.2250624895095825,
        1.3207837343215942,
        1.2976304292678833,
        1.1747082471847534,
        1.2366597652435303,
        1.0561041831970215,
        1.0304707288742065,
        1.1048259735107422,
        1.0268522500991821,
        1.197219967842102,
        0.9778924584388733,
        1.1223002672195435,
        1.0085207223892212,
        0.9532091617584229,
        1.0464694499969482,
        1.0113626718521118,
        0.8835203051567078,
        0.9564943313598633,
        0.8547121286392212,
        0.9228495359420776,
        0.7994474768638611,
        0.8365193009376526,
        0.8230763077735901,
        0.8945851922035217,
        0.8571038842201233,
        0.8216133713722229,
        0.8325830698013306,
        0.7655124664306641,
        0.8101954460144043,
        0.67533278465271,
        0.7361864447593689,
        0.7756377458572388,
        0.8127161264419556,
        0.7080211639404297,
        0.7458658814430237,
        0.719696581363678,
        0.7250784635543823,
        0.7002351880073547,
        0.703362226486206,
        0.6692621111869812,
        0.7136834859848022,
        0.6875017881393433,
        0.6764656901359558,
        0.6461997628211975,
        0.701911449432373,
        0.6676254868507385,
        0.6546092629432678,
        0.6604505181312561,
        0.7023484110832214,
        0.5907549262046814,
        0.6772801876068115,
        0.6097099781036377,
        0.6115250587463379,
        0.6218732595443726,
        0.638836145401001,
        0.599873423576355,
        0.6113821268081665,
        0.6507376432418823,
        0.6210353970527649,
        0.6129040718078613,
        0.582662045955658,
        0.6065372824668884,
        0.5616203546524048,
        0.6296184062957764,
        0.5953426361083984,
        0.6223933100700378,
        0.5738834142684937,
        0.5957710146903992,
        0.634303092956543,
        0.598925769329071,
        0.6428108811378479,
        0.6298578977584839,
        0.5764116048812866,
        0.5850328207015991,
        0.5896880626678467,
        0.5992452502250671,
        0.5962966680526733,
        0.6021937727928162,
        0.6185972690582275,
        0.6116164326667786,
        0.5788425803184509,
        0.5668177008628845,
        0.6210064888000488,
        0.5461946129798889,
        0.5748604536056519,
        0.6124017834663391,
        0.6160487532615662,
        0.5860338807106018,
        0.5793392658233643,
        0.5602656006813049,
        0.5747653841972351,
        0.5816711783409119,
        0.5906921625137329
    ],