{
    "effect_pehe": 7.1442131996154785,
    "effect_mae": 2.4508414268493652
}