{
    "effect_pehe": 6.835702896118164,
    "effect_mae": 0.9122843742370605
}