{
    "epoch": [
        0,
        1,
        2,
        3,
        4,
        5,
        6,
        7,
        8,
        9,
        10,
        11,
        12,
        13,
        14,
        15,
        16,
        17,
        18,
        19,
        20,
        21,
        22,
        23,
        24,
        25,
        26,
        27,
        28,
        29,
        30,
        31,
        32,
        33,
        34,
        35,
        36,
        37,
        38,
        39,
        40,
        41,
        42,
        43,
        44,
        45,
        46,
        47,
        48,
        49,
        50,
        51,
        52,
        53,
        54,
        55,
        56,
        57,
        58,
        59,
        60,
        61,
        62,
        63,
        64,
        65,
        66,
        67,
        68,
        69,
        70,
        71,
        72,
        73,
        74,
        75,
        76,
        77,
        78,
        79,
        80,
        81,
        82,
        83,
        84,
        85,
        86,
        87,
        88,
        89,
        90,
        91,
        92,
        93,
        94,
        95,
        96,
        97,
        98,
        99,
        100,
        101,
        102,
        103,
        104,
        105,
        106,
        107,
        108,
        109,
        110,
        111,
        112,
        113,
        114,
        115,
        116,
        117,
        118,
        119,
        120,
        121,
        122,
        123,
        124
    ],
    "train_loss": [
        30.249849319458008,
        20.038156509399414,
        22.87995147705078,
        14.522195816040039,
        12.106029510498047,
        11.172520637512207,
        10.76644229888916,
        10.544325828552246,
        8.54727554321289,
        6.802278518676758,
        8.140885353088379,
        7.419061183929443,
        6.877234935760498,
        4.911328315734863,
        5.00697135925293,
        5.577572345733643,
        5.687783718109131,
        5.067566871643066,
        4.460204601287842,
        3.9577548503875732,
        3.5297672748565674,
        3.7265167236328125,
        3.735546827316284,
        3.7545859813690186,
        2.8877623081207275,
        2.957831859588623,
        2.5921247005462646,
        2.4221320152282715,
        2.273899793624878,
        1.920194149017334,
        2.2365355491638184,
        1.9424065351486206,
        2.0568103790283203,
        1.7457417249679565,
        1.7345809936523438,
        1.3774031400680542,
        1.5849807262420654,
        1.6106352806091309,
        1.2247260808944702,
        1.1039973497390747,
        1.2342109680175781,
        1.2875155210494995,
        1.093880534172058,
        1.0765304565429688,
        1.0279793739318848,
        0.9285424947738647,
        1.0161584615707397,
        0.8193046450614929,
        0.7651610374450684,
        0.7018389701843262,
        0.8288283348083496,
        0.6548289060592651,
        0.6515646576881409,
        0.6585953235626221,
        0.585776150226593,
        0.5413252115249634,
        0.5858450531959534,
        0.5159723162651062,
        0.5166547894477844,
        0.531525194644928,
        0.5334587693214417,
        0.47371920943260193,
        0.49821752309799194,
        0.4882849454879761,
        0.4655662775039673,
        0.4600156843662262,
        0.44038110971450806,
        0.46752697229385376,
        0.45447060465812683,
        0.4305703938007355,
        0.4399493336677551,
        0.45740053057670593,
        0.4246791899204254,
        0.38759559392929077,
        0.41816768050193787,
        0.42236968874931335,
        0.3812579810619354,
        0.38122013211250305,
        0.37357932329177856,
        0.3713328540325165,
        0.37704285979270935,
        0.35912400484085083,
        0.4114064872264862,
        0.37557533383369446,
        0.36982911825180054,
        0.34874874353408813,
        0.35511040687561035,
        0.37322521209716797,
        0.36770859360694885,
        0.3690789043903351,
        0.3635442554950714,
        0.3498572111129761,
        0.3751717805862427,
        0.33741870522499084,
        0.3730238974094391,
        0.32919013500213623,
        0.32727178931236267,
        0.3442797064781189,
        0.3550961911678314,
        0.3625640273094177,
        0.3496432602405548,
        0.3253157138824463,
        0.33346685767173767,
        0.351508766412735,
        0.347566694021225,
        0.3473110496997833,
        0.3574118912220001,
        0.3666929304599762,
        0.35304874181747437,
        0.32600080966949463,
        0.35239335894584656,
        0.3505094349384308,
        0.37243354320526123,
        0.35691720247268677,
        0.35472559928894043,
        0.370972603559494,
        0.3218943178653717,
        0.33966636657714844,
        0.32976144552230835,
        0.3249056935310364,
        0.3796682059764862,
        0.3421245515346527,
        0.34270671010017395,
        0.3307483494281769,
        0.32899507880210876
    ],