{
    "effect_pehe": 9.528522491455078,
    "effect_mae": 7.307151794433594
}