{
    "epoch": [
        0,
        1,
        2,
        3,
        4,
        5,
        6,
        7,
        8,
        9,
        10,
        11,
        12,
        13,
        14,
        15,
        16,
        17,
        18,
        19,
        20,
        21,
        22,
        23,
        24,
        25,
        26,
        27,
        28,
        29,
        30,
        31,
        32,
        33,
        34,
        35,
        36,
        37,
        38,
        39,
        40,
        41,
        42,
        43,
        44,
        45,
        46,
        47,
        48,
        49,
        50,
        51,
        52,
        53,
        54,
        55,
        56,
        57,
        58,
        59,
        60,
        61,
        62,
        63,
        64,
        65,
        66,
        67,
        68,
        69,
        70,
        71,
        72,
        73,
        74,
        75,
        76,
        77,
        78,
        79,
        80,
        81,
        82,
        83,
        84,
        85,
        86,
        87,
        88,
        89,
        90,
        91,
        92,
        93,
        94,
        95,
        96,
        97,
        98,
        99,
        100,
        101,
        102,
        103,
        104,
        105,
        106,
        107,
        108,
        109,
        110,
        111,
        112,
        113,
        114,
        115,
        116,
        117,
        118,
        119,
        120,
        121,
        122,
        123,
        124,
        125,
        126,
        127,
        128,
        129,
        130,
        131,
        132,
        133,
        134
    ],
    "train_loss": [
        27.47701644897461,
        26.305213928222656,
        21.709348678588867,
        16.88381004333496,
        16.644084930419922,
        15.664005279541016,
        10.918203353881836,
        10.975213050842285,
        10.093912124633789,
        9.260222434997559,
        7.495621204376221,
        7.136438846588135,
        6.180612087249756,
        5.710071563720703,
        5.575502395629883,
        5.187732219696045,
        4.745237350463867,
        4.148809432983398,
        3.671898126602173,
        3.9817309379577637,
        3.62463116645813,
        3.26680326461792,
        3.365419864654541,
        3.3682544231414795,
        2.9190514087677,
        2.501911163330078,
        2.3998327255249023,
        2.1009888648986816,
        2.1683621406555176,
        1.8665237426757812,
        1.7474738359451294,
        1.671481728553772,
        1.613264560699463,
        1.3632965087890625,
        1.3472820520401,
        1.2934736013412476,
        1.26225745677948,
        1.0880508422851562,
        1.1223187446594238,
        1.0097835063934326,
        1.0298651456832886,
        0.9241670966148376,
        0.9413741230964661,
        0.9150111675262451,
        0.9299197196960449,
        0.8210968375205994,
        0.7569957971572876,
        0.9242172241210938,
        0.7648746967315674,
        0.6550986170768738,
        0.6758666038513184,
        0.7137833833694458,
        0.6200801134109497,
        0.5980023741722107,
        0.6408725380897522,
        0.5829576849937439,
        0.5676138997077942,
        0.5541988611221313,
        0.49909985065460205,
        0.48618367314338684,
        0.543593168258667,
        0.4780661463737488,
        0.5135259628295898,
        0.47503113746643066,
        0.4741925895214081,
        0.4777197539806366,
        0.46714407205581665,
        0.4595588743686676,
        0.4577416181564331,
        0.454531729221344,
        0.5160597562789917,
        0.498867005109787,
        0.4883856177330017,
        0.44418394565582275,
        0.4322695732116699,
        0.461967408657074,
        0.42993640899658203,
        0.41359278559684753,
        0.4382459819316864,
        0.4126391112804413,
        0.4058070182800293,
        0.43649396300315857,
        0.41013845801353455,
        0.3883834779262543,
        0.39306798577308655,
        0.43321508169174194,
        0.4155725836753845,
        0.3926237225532532,
        0.4039844274520874,
        0.38333526253700256,
        0.44876670837402344,
        0.4099900722503662,
        0.3920042812824249,
        0.39100709557533264,
        0.4529466927051544,
        0.40500280261039734,
        0.4271469712257385,
        0.4161277115345001,
        0.40280094742774963,
        0.45653241872787476,
        0.4137033224105835,
        0.40086883306503296,
        0.4272194504737854,
        0.40939125418663025,
        0.43211042881011963,
        0.3801712989807129,
        0.42671316862106323,
        0.43486055731773376,
        0.4343147873878479,
        0.4208797812461853,
        0.4048786461353302,
        0.4106755554676056,
        0.4112812280654907,
        0.4247511029243469,
        0.4165017008781433,
        0.3966752290725708,
        0.3906989097595215,
        0.42162007093429565,
        0.43509405851364136,
        0.416098028421402,
        0.42138856649398804,
        0.4054412543773651,
        0.37156516313552856,
        0.4079470932483673,
        0.3894459903240204,
        0.39487236738204956,
        0.407830148935318,
        0.3936697840690613,
        0.4038882553577423,
        0.4136632978916168,
        0.43016138672828674,
        0.3857857882976532,
        0.4339750111103058,
        0.41895949840545654,
        0.40808624029159546
    ],