{
    "effect_pehe": 7.973611354827881,
    "effect_mae": 2.2434911727905273
}