{
    "effect_pehe": 4.031488418579102,
    "effect_mae": 0.857263445854187
}