{
    "effect_pehe": 4.405797481536865,
    "effect_mae": 1.5843206644058228
}