{
    "effect_pehe": 4.006448268890381,
    "effect_mae": 0.8508048057556152
}