{
    "effect_pehe": 5.199490070343018,
    "effect_mae": 2.243499755859375
}