{
    "epoch": [
        0,
        1,
        2,
        3,
        4,
        5,
        6,
        7,
        8,
        9,
        10,
        11,
        12,
        13,
        14,
        15,
        16,
        17,
        18,
        19,
        20,
        21,
        22,
        23,
        24,
        25,
        26,
        27,
        28,
        29,
        30,
        31,
        32,
        33,
        34,
        35,
        36,
        37,
        38,
        39,
        40,
        41,
        42,
        43,
        44,
        45,
        46,
        47,
        48,
        49,
        50,
        51,
        52,
        53,
        54,
        55,
        56,
        57,
        58,
        59,
        60,
        61,
        62,
        63,
        64,
        65,
        66,
        67,
        68,
        69,
        70,
        71,
        72,
        73,
        74,
        75,
        76,
        77,
        78,
        79,
        80,
        81,
        82,
        83,
        84,
        85,
        86,
        87,
        88,
        89,
        90,
        91,
        92,
        93,
        94,
        95,
        96,
        97,
        98,
        99,
        100,
        101,
        102,
        103,
        104,
        105,
        106,
        107,
        108,
        109,
        110,
        111,
        112,
        113,
        114,
        115,
        116,
        117,
        118,
        119,
        120,
        121,
        122,
        123,
        124,
        125,
        126,
        127,
        128,
        129,
        130,
        131,
        132,
        133,
        134,
        135,
        136,
        137,
        138,
        139,
        140,
        141,
        142,
        143,
        144,
        145,
        146,
        147,
        148,
        149,
        150,
        151,
        152,
        153,
        154,
        155,
        156,
        157,
        158,
        159,
        160,
        161,
        162,
        163,
        164,
        165,
        166,
        167,
        168,
        169,
        170,
        171,
        172,
        173,
        174,
        175,
        176,
        177,
        178,
        179,
        180,
        181,
        182,
        183,
        184,
        185,
        186,
        187,
        188,
        189
    ],
    "train_loss": [
        2409.74365234375,
        1343.555419921875,
        1625.2626953125,
        1552.0362548828125,
        1153.5140380859375,
        892.3829345703125,
        892.2957153320312,
        922.5183715820312,
        945.9990234375,
        839.4247436523438,
        666.4646606445312,
        591.7781982421875,
        592.8672485351562,
        615.3975219726562,
        564.8892211914062,
        518.0242919921875,
        423.57025146484375,
        361.9375305175781,
        374.7373962402344,
        373.36279296875,
        359.92950439453125,
        311.173583984375,
        274.2057189941406,
        239.5047607421875,
        233.01251220703125,
        237.0891571044922,
        225.15830993652344,
        198.97889709472656,
        160.3648681640625,
        158.62237548828125,
        156.2279510498047,
        156.45932006835938,
        141.55075073242188,
        118.5118637084961,
        101.65674591064453,
        102.70966339111328,
        109.09723663330078,
        99.2457275390625,
        83.84396362304688,
        76.41934967041016,
        74.41265106201172,
        69.21685028076172,
        67.75617980957031,
        61.8094482421875,
        55.47023010253906,
        49.09178161621094,
        49.65333557128906,
        47.05987548828125,
        42.43418502807617,
        38.42606735229492,
        33.78848648071289,
        33.444000244140625,
        35.205604553222656,
        30.11362648010254,
        26.27623748779297,
        24.125816345214844,
        23.21525001525879,
        21.65068244934082,
        19.618030548095703,
        17.713207244873047,
        16.760181427001953,
        15.370976448059082,
        14.937698364257812,
        14.266955375671387,
        12.749890327453613,
        11.744012832641602,
        11.04721450805664,
        10.548398971557617,
        9.221752166748047,
        8.488096237182617,
        7.919558525085449,
        7.339962959289551,
        7.254378795623779,
        6.343551158905029,
        6.2383904457092285,
        5.7981696128845215,
        5.427240371704102,
        5.009517192840576,
        4.612883567810059,
        4.37664270401001,
        4.28462553024292,
        3.8012325763702393,
        3.6731038093566895,
        3.563582181930542,
        3.4492850303649902,
        3.1136488914489746,
        2.734367847442627,
        2.5532801151275635,
        2.505356788635254,
        2.516044855117798,
        2.3049838542938232,
        2.186967372894287,
        2.091160535812378,
        2.0200533866882324,
        1.8710769414901733,
        1.7489473819732666,
        1.8083209991455078,
        1.7284038066864014,
        1.6218079328536987,
        1.470519781112671,
        1.4839595556259155,
        1.4594565629959106,
        1.430084228515625,
        1.39858078956604,
        1.3223471641540527,
        1.3024334907531738,
        1.2430869340896606,
        1.198439121246338,
        1.2001185417175293,
        1.1724233627319336,
        1.1847443580627441,
        1.1608902215957642,
        1.127577543258667,
        1.1338444948196411,
        1.1055773496627808,
        1.10444974899292,
        1.0821261405944824,
        1.0807596445083618,
        1.0688399076461792,
        1.0405246019363403,
        1.0619163513183594,
        1.0441253185272217,
        1.0424576997756958,
        1.0356602668762207,
        1.032056450843811,
        1.0297460556030273,
        1.030191421508789,
        1.0223894119262695,
        1.005679726600647,
        1.0140881538391113,
        1.0157057046890259,
        1.0037187337875366,
        0.9916036128997803,
        1.0249360799789429,
        1.009179949760437,
        1.0063823461532593,
        1.0052471160888672,
        0.9930025935173035,
        0.9964737296104431,
        0.9982855319976807,
        0.9963493347167969,
        1.0038026571273804,
        0.9831392765045166,
        0.9961555004119873,
        0.9841634035110474,
        0.9921870231628418,
        0.9886590838432312,
        0.9852218627929688,
        0.9986254572868347,
        0.9875370860099792,
        0.9914286136627197,
        0.9940457344055176,
        0.9983372092247009,
        0.9980441927909851,
        1.002724528312683,
        0.9982837438583374,
        0.9929251670837402,
        0.9848824143409729,
        0.9903753399848938,
        0.9909310936927795,
        1.0031489133834839,
        0.9877031445503235,
        0.9943354725837708,
        0.9963058233261108,
        0.9890472292900085,
        0.9913575053215027,
        0.9932412505149841,
        0.9904820322990417,
        0.9933261871337891,
        1.0004184246063232,
        0.9870922565460205,
        0.9867273569107056,
        0.98988938331604,
        0.993378758430481,
        0.9854459762573242,
        0.9957544803619385,
        0.9897041320800781,
        0.9880924224853516,
        0.9946409463882446,
        0.990880012512207,
        0.9802807569503784,
        0.9852388501167297,
        0.9844624400138855,
        0.9896242618560791,
        0.9850730895996094,
        0.9945937991142273,
        0.9882224798202515,
        0.9935570359230042,
        0.9868004322052002,
        0.9906730055809021
    ],