{
    "effect_pehe": 4.236914157867432,
    "effect_mae": 1.4030606746673584
}