{
    "effect_pehe": 4.028064727783203,
    "effect_mae": 0.8335286378860474
}