{
    "effect_pehe": 5.119595050811768,
    "effect_mae": 0.8982357382774353
}