{
    "epoch": [
        0,
        1,
        2,
        3,
        4,
        5,
        6,
        7,
        8,
        9,
        10,
        11,
        12,
        13,
        14,
        15,
        16,
        17,
        18,
        19,
        20,
        21,
        22,
        23,
        24,
        25,
        26,
        27,
        28,
        29,
        30,
        31,
        32,
        33,
        34,
        35,
        36,
        37,
        38,
        39,
        40,
        41,
        42,
        43,
        44,
        45,
        46,
        47,
        48,
        49,
        50,
        51,
        52,
        53,
        54,
        55,
        56,
        57,
        58,
        59,
        60,
        61,
        62,
        63,
        64,
        65,
        66,
        67,
        68,
        69,
        70,
        71,
        72,
        73,
        74,
        75,
        76,
        77,
        78,
        79,
        80,
        81,
        82,
        83,
        84,
        85,
        86,
        87,
        88,
        89,
        90,
        91,
        92,
        93,
        94,
        95,
        96,
        97,
        98,
        99,
        100,
        101,
        102,
        103,
        104,
        105,
        106,
        107,
        108,
        109,
        110,
        111,
        112,
        113,
        114,
        115,
        116,
        117,
        118,
        119,
        120,
        121,
        122,
        123,
        124,
        125,
        126,
        127,
        128,
        129,
        130,
        131,
        132,
        133,
        134,
        135,
        136,
        137,
        138,
        139,
        140,
        141,
        142,
        143,
        144,
        145,
        146,
        147,
        148,
        149,
        150,
        151,
        152,
        153,
        154,
        155,
        156,
        157,
        158,
        159,
        160,
        161,
        162,
        163,
        164,
        165,
        166,
        167,
        168,
        169,
        170,
        171,
        172
    ],
    "train_loss": [
        1968.697509765625,
        1675.5853271484375,
        1230.046875,
        753.26904296875,
        699.6703491210938,
        710.2356567382812,
        589.3146362304688,
        522.39208984375,
        556.9578247070312,
        556.8396606445312,
        509.9762878417969,
        460.94744873046875,
        350.5940856933594,
        326.3086853027344,
        289.7174987792969,
        286.8373718261719,
        228.2035369873047,
        197.29635620117188,
        206.3341827392578,
        218.36061096191406,
        190.68809509277344,
        179.78353881835938,
        161.54010009765625,
        154.33529663085938,
        146.15455627441406,
        127.17518615722656,
        105.55535125732422,
        102.00434875488281,
        97.38807678222656,
        93.9556655883789,
        79.852294921875,
        76.80113220214844,
        70.07703399658203,
        69.53435516357422,
        64.83666229248047,
        52.7566032409668,
        43.474151611328125,
        43.98573303222656,
        43.004547119140625,
        38.13309097290039,
        32.22804260253906,
        33.16409683227539,
        33.146095275878906,
        28.163314819335938,
        26.68417739868164,
        23.73149871826172,
        21.945995330810547,
        22.268165588378906,
        20.70513916015625,
        17.323266983032227,
        17.155208587646484,
        16.4776611328125,
        16.012968063354492,
        12.822449684143066,
        14.965970039367676,
        12.939428329467773,
        10.345903396606445,
        10.259017944335938,
        9.062990188598633,
        9.379975318908691,
        8.582018852233887,
        7.666896820068359,
        7.44426965713501,
        7.106394290924072,
        6.166540145874023,
        5.701096534729004,
        5.302437782287598,
        5.116203784942627,
        4.963390350341797,
        4.492857933044434,
        4.468006134033203,
        4.262104034423828,
        3.81410551071167,
        3.3940930366516113,
        3.360893964767456,
        2.9113550186157227,
        2.8959832191467285,
        2.6020450592041016,
        2.711026906967163,
        2.555474281311035,
        2.2894725799560547,
        2.1285414695739746,
        2.3040995597839355,
        2.0164132118225098,
        1.809305191040039,
        1.7177027463912964,
        1.8433585166931152,
        1.726292371749878,
        1.6177589893341064,
        1.622038722038269,
        1.6000925302505493,
        1.4623500108718872,
        1.4484946727752686,
        1.4701318740844727,
        1.3272312879562378,
        1.3052937984466553,
        1.2699317932128906,
        1.3061562776565552,
        1.228751540184021,
        1.214166283607483,
        1.2550303936004639,
        1.1850824356079102,
        1.153088092803955,
        1.1292805671691895,
        1.1230438947677612,
        1.0779439210891724,
        1.0976272821426392,
        1.100886583328247,
        1.081981897354126,
        1.053642988204956,
        1.0690289735794067,
        1.0450164079666138,
        1.0336018800735474,
        1.0440125465393066,
        1.0410897731781006,
        1.0330890417099,
        1.0184472799301147,
        1.0228887796401978,
        1.0148204565048218,
        1.023890495300293,
        1.0091207027435303,
        1.008139967918396,
        0.9941032528877258,
        1.0201274156570435,
        1.0004802942276,
        0.9966681003570557,
        1.0093740224838257,
        0.9989539384841919,
        1.0013800859451294,
        1.0089720487594604,
        1.006465196609497,
        1.0031360387802124,
        0.9880872368812561,
        0.9981918931007385,
        0.9862256050109863,
        0.9959591627120972,
        0.9950234889984131,
        0.9915419220924377,
        0.9942445158958435,
        0.9962574243545532,
        0.9922671318054199,
        0.9897761940956116,
        0.9867342710494995,
        0.9919001460075378,
        0.9892835021018982,
        0.996709406375885,
        0.9973607063293457,
        0.9875205159187317,
        0.9928548336029053,
        0.9936586022377014,
        1.001682162284851,
        0.9940593242645264,
        0.9970511794090271,
        0.9906390905380249,
        0.992861270904541,
        0.9874420166015625,
        0.9996968507766724,
        0.9941341876983643,
        0.992646336555481,
        0.9874261617660522,
        0.9951241612434387,
        0.9860888719558716,
        0.990556001663208,
        0.996441662311554,
        0.9924711585044861,
        0.9916492104530334,
        0.9905056953430176,
        0.9880848526954651,
        0.994471549987793,
        0.9920640587806702,
        0.9933335781097412,
        0.9951985478401184,
        0.9953342080116272
    ],