{
    "epoch": [
        0,
        1,
        2,
        3,
        4,
        5,
        6,
        7,
        8,
        9,
        10,
        11,
        12,
        13,
        14,
        15,
        16,
        17,
        18,
        19,
        20,
        21,
        22,
        23,
        24,
        25,
        26,
        27,
        28,
        29,
        30,
        31,
        32,
        33,
        34,
        35,
        36,
        37,
        38,
        39,
        40,
        41,
        42,
        43,
        44,
        45,
        46,
        47,
        48,
        49,
        50,
        51,
        52,
        53,
        54,
        55,
        56,
        57,
        58,
        59,
        60,
        61,
        62,
        63,
        64,
        65,
        66,
        67,
        68,
        69,
        70,
        71,
        72,
        73,
        74,
        75,
        76,
        77,
        78,
        79,
        80,
        81,
        82,
        83,
        84,
        85,
        86,
        87,
        88,
        89,
        90,
        91,
        92,
        93,
        94,
        95,
        96,
        97,
        98,
        99,
        100,
        101,
        102,
        103,
        104,
        105,
        106,
        107,
        108,
        109,
        110,
        111,
        112,
        113,
        114,
        115,
        116,
        117,
        118,
        119,
        120,
        121,
        122,
        123,
        124,
        125,
        126,
        127,
        128,
        129,
        130,
        131,
        132,
        133,
        134,
        135,
        136,
        137,
        138,
        139,
        140,
        141,
        142,
        143,
        144,
        145,
        146,
        147,
        148,
        149,
        150,
        151,
        152,
        153,
        154,
        155,
        156,
        157,
        158,
        159,
        160,
        161,
        162,
        163,
        164,
        165,
        166,
        167,
        168,
        169,
        170,
        171,
        172
    ],
    "train_loss": [
        1767.2281494140625,
        1534.1973876953125,
        1120.556884765625,
        903.2930908203125,
        887.4149780273438,
        837.5674438476562,
        756.844970703125,
        687.9043579101562,
        666.1132202148438,
        593.142822265625,
        550.67578125,
        512.3247680664062,
        411.4117431640625,
        374.542724609375,
        370.73602294921875,
        331.00128173828125,
        266.32171630859375,
        243.135009765625,
        231.25778198242188,
        215.7152557373047,
        178.51170349121094,
        166.15171813964844,
        160.53988647460938,
        145.53904724121094,
        134.2513427734375,
        114.20391082763672,
        111.64559936523438,
        101.95193481445312,
        93.78844451904297,
        76.74349212646484,
        75.1514892578125,
        68.87651062011719,
        63.16669464111328,
        60.642879486083984,
        55.6697998046875,
        52.461368560791016,
        44.96171951293945,
        40.3902587890625,
        39.229026794433594,
        30.501544952392578,
        30.653486251831055,
        26.20427131652832,
        23.684240341186523,
        20.633604049682617,
        20.684654235839844,
        17.347360610961914,
        16.220712661743164,
        13.490317344665527,
        13.170771598815918,
        10.634422302246094,
        8.897422790527344,
        8.935505867004395,
        8.626766204833984,
        6.604971408843994,
        6.575018882751465,
        6.391644477844238,
        5.20858907699585,
        4.346762180328369,
        4.399977207183838,
        4.241846084594727,
        3.442192554473877,
        3.662274122238159,
        3.586178779602051,
        3.011665105819702,
        2.9521484375,
        2.8199644088745117,
        2.5881776809692383,
        2.4541149139404297,
        2.256645441055298,
        2.1808619499206543,
        2.0616235733032227,
        1.9422166347503662,
        1.8934253454208374,
        1.7818909883499146,
        1.7127584218978882,
        1.6406623125076294,
        1.705061435699463,
        1.5615885257720947,
        1.420308232307434,
        1.4807765483856201,
        1.4236491918563843,
        1.3785345554351807,
        1.3673069477081299,
        1.3832645416259766,
        1.3183951377868652,
        1.3173973560333252,
        1.2918498516082764,
        1.2182443141937256,
        1.2296638488769531,
        1.2206757068634033,
        1.1683293581008911,
        1.188508152961731,
        1.1890795230865479,
        1.1650276184082031,
        1.162632942199707,
        1.152666449546814,
        1.1146302223205566,
        1.1164323091506958,
        1.1022838354110718,
        1.1109485626220703,
        1.1124072074890137,
        1.0869308710098267,
        1.105621099472046,
        1.1072577238082886,
        1.0908052921295166,
        1.0943818092346191,
        1.0868898630142212,
        1.0867551565170288,
        1.0826987028121948,
        1.0877430438995361,
        1.080248475074768,
        1.0741093158721924,
        1.0813443660736084,
        1.0862548351287842,
        1.075156569480896,
        1.0723707675933838,
        1.0738298892974854,
        1.079057216644287,
        1.073164701461792,
        1.0700280666351318,
        1.0667157173156738,
        1.064886212348938,
        1.0638586282730103,
        1.0693318843841553,
        1.0662009716033936,
        1.0739845037460327,
        1.062576413154602,
        1.0666158199310303,
        1.0584361553192139,
        1.065007209777832,
        1.0651497840881348,
        1.0574755668640137,
        1.0595471858978271,
        1.0625874996185303,
        1.0657234191894531,
        1.0669944286346436,
        1.056892991065979,
        1.0627864599227905,
        1.0643177032470703,
        1.0592838525772095,
        1.0591487884521484,
        1.0557323694229126,
        1.0648291110992432,
        1.0567452907562256,
        1.0604593753814697,
        1.067213535308838,
        1.0630415678024292,
        1.057083010673523,
        1.0594428777694702,
        1.0579853057861328,
        1.0568947792053223,
        1.0659191608428955,
        1.0626325607299805,
        1.0563533306121826,
        1.0652234554290771,
        1.0612561702728271,
        1.0651829242706299,
        1.0612003803253174,
        1.0637762546539307,
        1.0618005990982056,
        1.0615804195404053,
        1.0580886602401733,
        1.0620124340057373,
        1.0610235929489136,
        1.0622872114181519,
        1.0609897375106812,
        1.0607843399047852,
        1.056757926940918,
        1.0629665851593018,
        1.0577373504638672,
        1.0616713762283325,
        1.0590262413024902,
        1.0609807968139648
    ],