{
    "effect_pehe": 3.872912622000758,
    "effect_mae": 3.089800560945316
}