{
    "effect_pehe": 3.7196508683762386,
    "effect_mae": 2.976440740531927
}