{
    "effect_pehe": 4.385896762633279,
    "effect_mae": 3.5907515514466124
}