{
    "effect_pehe": 3.5090554911043257,
    "effect_mae": 2.803171513667408
}