{
    "effect_pehe": 3.116226368346192,
    "effect_mae": 2.45087039119837
}