{
    "effect_pehe": 5.06934209805372,
    "effect_mae": 4.211156474080302
}