{
    "effect_pehe": 3.408120689501612,
    "effect_mae": 2.674009920365492
}