{
    "effect_pehe": 6.469760170632252,
    "effect_mae": 5.303718715830612
}