{
    "effect_pehe": 3.739316178754501,
    "effect_mae": 2.9928730193517623
}