{
    "effect_pehe": 4.388679501751808,
    "effect_mae": 3.6032263059045997
}