{
    "effect_pehe": 3.6650131089661566,
    "effect_mae": 2.8939736267492453
}