{
    "epoch": [
        0,
        1,
        2,
        3,
        4,
        5,
        6,
        7,
        8,
        9,
        10,
        11,
        12,
        13,
        14,
        15,
        16,
        17,
        18,
        19,
        20,
        21,
        22,
        23,
        24,
        25,
        26,
        27,
        28,
        29,
        30,
        31,
        32,
        33,
        34,
        35,
        36,
        37,
        38,
        39,
        40,
        41,
        42,
        43,
        44,
        45,
        46,
        47,
        48,
        49,
        50,
        51,
        52,
        53,
        54,
        55,
        56,
        57,
        58,
        59,
        60,
        61,
        62,
        63,
        64,
        65,
        66,
        67,
        68,
        69,
        70,
        71,
        72,
        73,
        74,
        75,
        76,
        77,
        78,
        79,
        80,
        81,
        82,
        83,
        84,
        85,
        86,
        87,
        88,
        89,
        90,
        91,
        92,
        93,
        94,
        95,
        96,
        97,
        98,
        99,
        100,
        101,
        102,
        103,
        104,
        105,
        106,
        107,
        108,
        109,
        110,
        111,
        112,
        113,
        114,
        115,
        116,
        117
    ],
    "train_loss": [
        19.040637969970703,
        19.00260353088379,
        18.96592903137207,
        18.928794860839844,
        18.888916015625,
        18.845613479614258,
        18.795135498046875,
        18.738540649414062,
        18.675758361816406,
        18.601484298706055,
        18.51935386657715,
        18.419517517089844,
        18.312517166137695,
        18.1818904876709,
        18.030908584594727,
        17.859500885009766,
        17.64966583251953,
        17.420711517333984,
        17.153112411499023,
        16.849254608154297,
        16.50874137878418,
        16.12656021118164,
        15.706789016723633,
        15.246347427368164,
        14.738122940063477,
        14.199909210205078,
        13.624038696289062,
        12.999951362609863,
        12.341055870056152,
        11.651745796203613,
        10.949811935424805,
        10.222206115722656,
        9.50410270690918,
        8.791642189025879,
        8.1189603805542,
        7.478597640991211,
        6.913996696472168,
        6.399547100067139,
        5.947222709655762,
        5.573765754699707,
        5.2494378089904785,
        4.973782062530518,
        4.718719005584717,
        4.494815349578857,
        4.257493019104004,
        4.052680492401123,
        3.8583550453186035,
        3.639753580093384,
        3.47619891166687,
        3.3200817108154297,
        3.208164930343628,
        3.137592315673828,
        3.089914083480835,
        3.056609869003296,
        3.030348777770996,
        3.000174045562744,
        2.965059518814087,
        2.9232406616210938,
        2.8821706771850586,
        2.8595261573791504,
        2.84588360786438,
        2.8344693183898926,
        2.8170244693756104,
        2.8008081912994385,
        2.764871835708618,
        2.7468392848968506,
        2.730865478515625,
        2.712714433670044,
        2.695950984954834,
        2.6821768283843994,
        2.6655688285827637,
        2.649197816848755,
        2.629824161529541,
        2.6168665885925293,
        2.6001861095428467,
        2.5904462337493896,
        2.5755343437194824,
        2.5620548725128174,
        2.55434250831604,
        2.538843870162964,
        2.5237181186676025,
        2.5139567852020264,
        2.501152753829956,
        2.499793291091919,
        2.477277994155884,
        2.477975368499756,
        2.4659292697906494,
        2.4500675201416016,
        2.4378814697265625,
        2.4312896728515625,
        2.4154651165008545,
        2.41190505027771,
        2.4010698795318604,
        2.3902244567871094,
        2.3768396377563477,
        2.372068166732788,
        2.361558675765991,
        2.350537061691284,
        2.3354077339172363,
        2.3256263732910156,
        2.320735216140747,
        2.313197374343872,
        2.297952890396118,
        2.2893965244293213,
        2.2807586193084717,
        2.271923542022705,
        2.262465238571167,
        2.2480928897857666,
        2.2410433292388916,
        2.2331254482269287,
        2.2192227840423584,
        2.211996555328369,
        2.2034876346588135,
        2.190746784210205,
        2.1895217895507812,
        2.1703543663024902,
        2.1689937114715576,
        2.15942120552063
    ],
    "val_loss": [
        19.783769607543945,
        19.74769401550293,
        19.710702896118164,
        19.67415428161621,
        19.63804054260254,
        19.591123580932617,
        19.54483985900879,
        19.48737907409668,
        19.43158531188965,
        19.35589599609375,
        19.27126693725586,
        19.17859649658203,
        19.064937591552734,
        18.940715789794922,
        18.796884536743164,
        18.61907196044922,
        18.4274845123291,
        18.200153350830078,
        17.938213348388672,
        17.64032554626465,
        17.306617736816406,
        16.93122673034668,
        16.510915756225586,
        16.045974731445312,
        15.561885833740234,
        15.016349792480469,
        14.446859359741211,
        13.825956344604492,
        13.164314270019531,
        12.48293399810791,
        11.766695976257324,
        11.03072452545166,
        10.30028247833252,
        9.607069969177246,
        8.892561912536621,
        8.245504379272461,
        7.650671482086182,
        7.09641170501709,
        6.604402542114258,
        6.215818881988525,
        5.846507549285889,
        5.5724263191223145,
        5.270051002502441,
        5.029792785644531,
        4.78017520904541,
        4.5777907371521,
        4.3953399658203125,
        4.23552942276001,
        4.091734409332275,
        4.001046180725098,
        3.892101764678955,
        3.829253911972046,
        3.8022775650024414,
        3.776716470718384,
        3.7864396572113037,
        3.759166955947876,
        3.723079204559326,
        3.681145429611206,
        3.6552133560180664,
        3.6365115642547607,
        3.6366302967071533,
        3.6335935592651367,
        3.6313607692718506,
        3.629267930984497,
        3.612886905670166,
        3.5968432426452637,
        3.592031240463257,
        3.6009347438812256,
        3.6188783645629883,
        3.592655897140503,
        3.6018803119659424,
        3.5912704467773438,
        3.5999794006347656,
        3.5826950073242188,
        3.5685179233551025,
        3.565084218978882,
        3.5688319206237793,
        3.568866014480591,
        3.5536112785339355,
        3.5524559020996094,
        3.544314384460449,
        3.533639430999756,
        3.518043041229248,
        3.5344061851501465,
        3.526353359222412,
        3.5296497344970703,
        3.527655601501465,
        3.520280599594116,
        3.514681577682495,
        3.5215327739715576,
        3.5379297733306885,
        3.5187442302703857,
        3.5106871128082275,
        3.5394136905670166,
        3.539538621902466,
        3.516990900039673,
        3.530395269393921,
        3.532947301864624,
        3.530374526977539,
        3.5499298572540283,
        3.5379140377044678,
        3.546401023864746,
        3.5429515838623047,
        3.546182632446289,
        3.5670714378356934,
        3.5431392192840576,
        3.5559093952178955,
        3.5577075481414795,
        3.5560245513916016,
        3.5708963871002197,
        3.5640578269958496,
        3.5591037273406982,
        3.5731379985809326,
        3.5672717094421387,
        3.5830495357513428,
        3.5779104232788086,
        3.5836334228515625,
        3.5727803707122803
    ]
}