{
    "effect_pehe": 8.758767127990723,
    "effect_mae": 0.9843538999557495
}