{
    "effect_pehe": 6.388256549835205,
    "effect_mae": 0.610252857208252
}