{
    "effect_pehe": 6.010985374450684,
    "effect_mae": 0.06438243389129639
}