{
    "effect_pehe": 7.521467685699463,
    "effect_mae": 2.1868348121643066
}