{
    "effect_pehe": 7.419595718383789,
    "effect_mae": 0.31848177313804626
}