{
    "epoch": [
        0,
        1,
        2,
        3,
        4,
        5,
        6,
        7,
        8,
        9,
        10,
        11,
        12,
        13,
        14,
        15,
        16,
        17,
        18,
        19,
        20,
        21,
        22,
        23,
        24,
        25,
        26,
        27,
        28,
        29,
        30,
        31,
        32,
        33,
        34,
        35,
        36,
        37,
        38,
        39,
        40,
        41,
        42,
        43,
        44,
        45,
        46,
        47,
        48,
        49,
        50,
        51,
        52,
        53,
        54,
        55,
        56,
        57,
        58,
        59,
        60,
        61,
        62,
        63,
        64,
        65,
        66,
        67,
        68,
        69,
        70,
        71,
        72,
        73,
        74,
        75,
        76,
        77,
        78,
        79,
        80,
        81,
        82,
        83,
        84,
        85,
        86,
        87,
        88,
        89,
        90,
        91,
        92,
        93,
        94,
        95,
        96,
        97,
        98,
        99,
        100,
        101,
        102,
        103,
        104,
        105,
        106,
        107,
        108,
        109,
        110,
        111,
        112,
        113,
        114,
        115,
        116,
        117,
        118,
        119
    ],
    "train_loss": [
        38.772857666015625,
        38.7301025390625,
        38.681297302246094,
        38.628849029541016,
        38.57016372680664,
        38.499942779541016,
        38.419315338134766,
        38.32275390625,
        38.20611572265625,
        38.07602310180664,
        37.92279815673828,
        37.74510192871094,
        37.549678802490234,
        37.328060150146484,
        37.083309173583984,
        36.795677185058594,
        36.48961639404297,
        36.13515853881836,
        35.74054718017578,
        35.29255676269531,
        34.80115509033203,
        34.25888442993164,
        33.6571159362793,
        32.984657287597656,
        32.23953628540039,
        31.421262741088867,
        30.518327713012695,
        29.53306007385254,
        28.46194076538086,
        27.290924072265625,
        26.04485321044922,
        24.713682174682617,
        23.30950355529785,
        21.860950469970703,
        20.334585189819336,
        18.83068084716797,
        17.299219131469727,
        15.832296371459961,
        14.460494041442871,
        13.232610702514648,
        12.12964153289795,
        11.214176177978516,
        10.460674285888672,
        9.860710144042969,
        9.360322952270508,
        8.913423538208008,
        8.498579025268555,
        8.12431812286377,
        7.804588794708252,
        7.527467727661133,
        7.329728603363037,
        7.17475700378418,
        7.061395168304443,
        6.94503116607666,
        6.8014020919799805,
        6.6718668937683105,
        6.508440017700195,
        6.420953273773193,
        6.368252754211426,
        6.344059467315674,
        6.323362350463867,
        6.310638427734375,
        6.262449264526367,
        6.21730375289917,
        6.168715476989746,
        6.121532917022705,
        6.076831817626953,
        6.065509796142578,
        6.029237270355225,
        6.009893417358398,
        5.993443965911865,
        5.95202112197876,
        5.905519008636475,
        5.896040439605713,
        5.864439964294434,
        5.8354811668396,
        5.826796531677246,
        5.781434535980225,
        5.776063442230225,
        5.758050441741943,
        5.732028007507324,
        5.710362434387207,
        5.684861183166504,
        5.660886764526367,
        5.651492595672607,
        5.6321587562561035,
        5.613056659698486,
        5.600292205810547,
        5.5871686935424805,
        5.563063621520996,
        5.548272609710693,
        5.535706043243408,
        5.498816967010498,
        5.494128704071045,
        5.48861837387085,
        5.468707084655762,
        5.450001239776611,
        5.4245758056640625,
        5.419703006744385,
        5.404755115509033,
        5.381237506866455,
        5.378925800323486,
        5.367045879364014,
        5.334287166595459,
        5.327253341674805,
        5.303041934967041,
        5.303409099578857,
        5.289514064788818,
        5.2772216796875,
        5.254669666290283,
        5.2467145919799805,
        5.2296013832092285,
        5.214993953704834,
        5.195990562438965,
        5.18577241897583,
        5.177105903625488,
        5.162874698638916,
        5.131324768066406,
        5.137767791748047,
        5.115662574768066
    ],