{
    "effect_pehe": 7.263465881347656,
    "effect_mae": 2.3017332553863525
}