{
    "effect_pehe": 4.614986419677734,
    "effect_mae": 0.8424233794212341
}