{
    "epoch": [
        0,
        1,
        2,
        3,
        4,
        5,
        6,
        7,
        8,
        9,
        10,
        11,
        12,
        13,
        14,
        15,
        16,
        17,
        18,
        19,
        20,
        21,
        22,
        23,
        24,
        25,
        26,
        27,
        28,
        29,
        30,
        31,
        32,
        33,
        34,
        35,
        36,
        37,
        38,
        39,
        40,
        41,
        42,
        43,
        44,
        45,
        46,
        47,
        48,
        49,
        50,
        51,
        52,
        53,
        54,
        55,
        56,
        57,
        58,
        59,
        60,
        61,
        62,
        63,
        64,
        65,
        66,
        67,
        68,
        69,
        70,
        71,
        72,
        73,
        74,
        75,
        76,
        77,
        78,
        79,
        80,
        81,
        82,
        83,
        84,
        85,
        86,
        87,
        88,
        89,
        90,
        91,
        92,
        93,
        94,
        95,
        96,
        97,
        98,
        99,
        100,
        101,
        102,
        103,
        104,
        105,
        106,
        107,
        108,
        109,
        110,
        111,
        112,
        113,
        114,
        115,
        116,
        117,
        118,
        119,
        120,
        121,
        122,
        123,
        124
    ],
    "train_loss": [
        33.94712829589844,
        33.89912414550781,
        33.84914016723633,
        33.79725646972656,
        33.74271774291992,
        33.68195724487305,
        33.61091232299805,
        33.53045654296875,
        33.43461990356445,
        33.32514190673828,
        33.199928283691406,
        33.05209732055664,
        32.878448486328125,
        32.67255401611328,
        32.438392639160156,
        32.17524337768555,
        31.870281219482422,
        31.52017593383789,
        31.11802864074707,
        30.674453735351562,
        30.18060874938965,
        29.620344161987305,
        29.001163482666016,
        28.333463668823242,
        27.577919006347656,
        26.773839950561523,
        25.90032196044922,
        24.928218841552734,
        23.92023468017578,
        22.814014434814453,
        21.678560256958008,
        20.49929428100586,
        19.286773681640625,
        18.06488800048828,
        16.84394073486328,
        15.67092514038086,
        14.571885108947754,
        13.594175338745117,
        12.717978477478027,
        11.974352836608887,
        11.323003768920898,
        10.796783447265625,
        10.33024787902832,
        9.88468074798584,
        9.524850845336914,
        9.185848236083984,
        8.886197090148926,
        8.593618392944336,
        8.32424259185791,
        8.098437309265137,
        7.903275489807129,
        7.678868293762207,
        7.486446380615234,
        7.302633762359619,
        7.113156318664551,
        6.933943748474121,
        6.762876033782959,
        6.6100687980651855,
        6.463649749755859,
        6.334843158721924,
        6.185690879821777,
        6.057724952697754,
        5.95986270904541,
        5.86744499206543,
        5.808617115020752,
        5.7534499168396,
        5.706084728240967,
        5.6542534828186035,
        5.61007833480835,
        5.56850004196167,
        5.546080112457275,
        5.498227119445801,
        5.4782233238220215,
        5.434723377227783,
        5.405928611755371,
        5.394927024841309,
        5.358870506286621,
        5.3395891189575195,
        5.299111843109131,
        5.297021389007568,
        5.264313220977783,
        5.234918594360352,
        5.2130656242370605,
        5.187731742858887,
        5.169200897216797,
        5.13946008682251,
        5.132320880889893,
        5.104294300079346,
        5.093415260314941,
        5.056960105895996,
        5.037997722625732,
        5.027076721191406,
        4.9851484298706055,
        4.990837097167969,
        4.980050086975098,
        4.967288970947266,
        4.939702987670898,
        4.909175872802734,
        4.895174026489258,
        4.899038314819336,
        4.8585205078125,
        4.843652248382568,
        4.819931507110596,
        4.814549446105957,
        4.787962436676025,
        4.765682697296143,
        4.761410713195801,
        4.724173069000244,
        4.714776992797852,
        4.7056450843811035,
        4.670650005340576,
        4.659074783325195,
        4.6482253074646,
        4.633540630340576,
        4.602212429046631,
        4.594725131988525,
        4.569077968597412,
        4.567007064819336,
        4.543026924133301,
        4.519574165344238,
        4.493261337280273,
        4.471011638641357,
        4.450483322143555,
        4.439455509185791,
        4.430461883544922
    ],