{
    "epoch": [
        0,
        1,
        2,
        3,
        4,
        5,
        6,
        7,
        8,
        9,
        10,
        11,
        12,
        13,
        14,
        15,
        16,
        17,
        18,
        19,
        20,
        21,
        22,
        23,
        24,
        25,
        26,
        27,
        28,
        29,
        30,
        31,
        32,
        33,
        34,
        35,
        36,
        37,
        38,
        39,
        40,
        41,
        42,
        43,
        44,
        45,
        46,
        47,
        48,
        49,
        50,
        51,
        52,
        53,
        54,
        55,
        56,
        57,
        58,
        59,
        60,
        61,
        62,
        63,
        64,
        65,
        66,
        67,
        68,
        69,
        70,
        71,
        72,
        73,
        74,
        75,
        76,
        77,
        78,
        79,
        80,
        81,
        82,
        83,
        84,
        85,
        86,
        87,
        88,
        89,
        90,
        91,
        92,
        93,
        94,
        95,
        96,
        97,
        98,
        99,
        100,
        101,
        102,
        103,
        104,
        105,
        106,
        107,
        108,
        109,
        110,
        111,
        112,
        113,
        114,
        115,
        116,
        117,
        118,
        119,
        120,
        121,
        122,
        123,
        124,
        125,
        126,
        127,
        128
    ],
    "train_loss": [
        31.54302406311035,
        31.506389617919922,
        31.47075843811035,
        31.43389129638672,
        31.391874313354492,
        31.343870162963867,
        31.285879135131836,
        31.217514038085938,
        31.133434295654297,
        31.03666877746582,
        30.926471710205078,
        30.7893123626709,
        30.639114379882812,
        30.465362548828125,
        30.268104553222656,
        30.045969009399414,
        29.795745849609375,
        29.511247634887695,
        29.199920654296875,
        28.850139617919922,
        28.456100463867188,
        28.025440216064453,
        27.547901153564453,
        27.0119571685791,
        26.42856216430664,
        25.78194236755371,
        25.08205795288086,
        24.308334350585938,
        23.471891403198242,
        22.565162658691406,
        21.598468780517578,
        20.55579376220703,
        19.449451446533203,
        18.289531707763672,
        17.10039520263672,
        15.874200820922852,
        14.647438049316406,
        13.471567153930664,
        12.36141300201416,
        11.336505889892578,
        10.45699405670166,
        9.719120025634766,
        9.154961585998535,
        8.687336921691895,
        8.321146965026855,
        7.960535049438477,
        7.610786437988281,
        7.257595062255859,
        6.952943801879883,
        6.695817947387695,
        6.552113056182861,
        6.45305061340332,
        6.37581729888916,
        6.294424533843994,
        6.195838928222656,
        6.071355819702148,
        5.947669982910156,
        5.842346668243408,
        5.783320426940918,
        5.7615065574646,
        5.7577805519104,
        5.746242523193359,
        5.712199687957764,
        5.657251834869385,
        5.590389728546143,
        5.526510238647461,
        5.469520568847656,
        5.436429977416992,
        5.422398090362549,
        5.4101386070251465,
        5.395440578460693,
        5.367409706115723,
        5.329899311065674,
        5.290586948394775,
        5.26434850692749,
        5.235311985015869,
        5.221890926361084,
        5.21150541305542,
        5.204438209533691,
        5.177799701690674,
        5.1544718742370605,
        5.120309829711914,
        5.0955963134765625,
        5.0841569900512695,
        5.0632829666137695,
        5.0549116134643555,
        5.044217109680176,
        5.020538330078125,
        4.997529983520508,
        4.980505466461182,
        4.9669084548950195,
        4.9494476318359375,
        4.937263488769531,
        4.929361820220947,
        4.907596111297607,
        4.896934986114502,
        4.877253532409668,
        4.8635711669921875,
        4.845373630523682,
        4.837560653686523,
        4.8226752281188965,
        4.804439544677734,
        4.78826904296875,
        4.782337188720703,
        4.756424427032471,
        4.751518249511719,
        4.735461235046387,
        4.721320152282715,
        4.710609436035156,
        4.6908063888549805,
        4.684784412384033,
        4.6615986824035645,
        4.65024471282959,
        4.63895845413208,
        4.630995750427246,
        4.6062750816345215,
        4.591506481170654,
        4.5819902420043945,
        4.567168712615967,
        4.559422016143799,
        4.5372796058654785,
        4.53079080581665,
        4.517435550689697,
        4.501336574554443,
        4.489827632904053,
        4.474423885345459,
        4.460816860198975,
        4.44346284866333,
        4.43605899810791
    ],