{
    "epoch": [
        0,
        1,
        2,
        3,
        4,
        5,
        6,
        7,
        8,
        9,
        10,
        11,
        12,
        13,
        14,
        15,
        16,
        17,
        18,
        19,
        20,
        21,
        22,
        23,
        24,
        25,
        26,
        27,
        28,
        29,
        30,
        31,
        32,
        33,
        34,
        35,
        36,
        37,
        38,
        39,
        40,
        41,
        42,
        43,
        44,
        45,
        46,
        47,
        48,
        49,
        50,
        51,
        52,
        53,
        54,
        55,
        56,
        57,
        58,
        59,
        60,
        61,
        62,
        63,
        64,
        65,
        66,
        67,
        68,
        69,
        70,
        71,
        72,
        73,
        74,
        75,
        76,
        77,
        78,
        79,
        80,
        81,
        82,
        83,
        84,
        85,
        86,
        87,
        88,
        89,
        90,
        91,
        92,
        93,
        94,
        95,
        96,
        97,
        98,
        99,
        100,
        101,
        102,
        103,
        104,
        105,
        106,
        107,
        108,
        109,
        110,
        111,
        112,
        113,
        114,
        115,
        116,
        117,
        118,
        119,
        120,
        121,
        122,
        123,
        124,
        125,
        126,
        127,
        128,
        129,
        130,
        131,
        132
    ],
    "train_loss": [
        44.58141326904297,
        44.53919982910156,
        44.49494552612305,
        44.44684600830078,
        44.39069747924805,
        44.324153900146484,
        44.24491882324219,
        44.14945983886719,
        44.03744888305664,
        43.902549743652344,
        43.74214172363281,
        43.56401443481445,
        43.35285186767578,
        43.10957336425781,
        42.83950424194336,
        42.52580261230469,
        42.17292785644531,
        41.7654914855957,
        41.31288146972656,
        40.79494857788086,
        40.218177795410156,
        39.579219818115234,
        38.85316467285156,
        38.04818344116211,
        37.16549301147461,
        36.185096740722656,
        35.09789276123047,
        33.91183853149414,
        32.61823272705078,
        31.228790283203125,
        29.70400047302246,
        28.093942642211914,
        26.390548706054688,
        24.60699462890625,
        22.7721004486084,
        20.892786026000977,
        19.051712036132812,
        17.275901794433594,
        15.63248348236084,
        14.160717964172363,
        12.907758712768555,
        11.883567810058594,
        11.089822769165039,
        10.460165023803711,
        9.936037063598633,
        9.54266357421875,
        9.193151473999023,
        8.925240516662598,
        8.769563674926758,
        8.644425392150879,
        8.551994323730469,
        8.436514854431152,
        8.281709671020508,
        8.103654861450195,
        7.9814581871032715,
        7.886658668518066,
        7.834354877471924,
        7.808053016662598,
        7.789240837097168,
        7.742653846740723,
        7.7062835693359375,
        7.6291890144348145,
        7.57997989654541,
        7.489522457122803,
        7.444281101226807,
        7.4100189208984375,
        7.385664939880371,
        7.363534450531006,
        7.352139472961426,
        7.30977201461792,
        7.259176254272461,
        7.221536159515381,
        7.1681294441223145,
        7.147322654724121,
        7.117151260375977,
        7.112558364868164,
        7.079451084136963,
        7.0616350173950195,
        7.041304111480713,
        7.003352165222168,
        6.983852863311768,
        6.9444098472595215,
        6.923699855804443,
        6.909677028656006,
        6.8940558433532715,
        6.878423690795898,
        6.859228610992432,
        6.8392863273620605,
        6.832949638366699,
        6.78338098526001,
        6.7637128829956055,
        6.748634338378906,
        6.745096683502197,
        6.7212815284729,
        6.70283842086792,
        6.685715675354004,
        6.663088321685791,
        6.6626386642456055,
        6.635564804077148,
        6.604572772979736,
        6.601956367492676,
        6.582144737243652,
        6.573845386505127,
        6.555789470672607,
        6.523937702178955,
        6.510214805603027,
        6.498467445373535,
        6.461569309234619,
        6.4587178230285645,
        6.45128870010376,
        6.418368816375732,
        6.413644313812256,
        6.403312683105469,
        6.371068477630615,
        6.359962463378906,
        6.349947929382324,
        6.3275299072265625,
        6.32039213180542,
        6.302202224731445,
        6.2922773361206055,
        6.272773265838623,
        6.264982223510742,
        6.231818199157715,
        6.225152015686035,
        6.199921607971191,
        6.19463586807251,
        6.174447536468506,
        6.156811237335205,
        6.149544715881348,
        6.123583793640137,
        6.112680912017822,
        6.097563743591309,
        6.07205867767334
    ],