{
    "epoch": [
        0,
        1,
        2,
        3,
        4,
        5,
        6,
        7,
        8,
        9,
        10,
        11,
        12,
        13,
        14,
        15,
        16,
        17,
        18,
        19,
        20,
        21,
        22,
        23,
        24,
        25,
        26,
        27,
        28,
        29,
        30,
        31,
        32,
        33,
        34,
        35,
        36,
        37,
        38,
        39,
        40,
        41,
        42,
        43,
        44,
        45,
        46,
        47,
        48,
        49,
        50,
        51,
        52,
        53,
        54,
        55,
        56,
        57,
        58,
        59,
        60,
        61,
        62,
        63,
        64,
        65,
        66,
        67,
        68,
        69,
        70,
        71,
        72,
        73,
        74,
        75,
        76,
        77,
        78,
        79,
        80,
        81,
        82,
        83,
        84,
        85,
        86,
        87,
        88,
        89,
        90,
        91,
        92,
        93,
        94,
        95,
        96,
        97,
        98,
        99,
        100,
        101,
        102
    ],
    "train_loss": [
        24.029071807861328,
        23.980684280395508,
        23.935487747192383,
        23.891992568969727,
        23.84941864013672,
        23.803682327270508,
        23.75617027282715,
        23.700441360473633,
        23.638700485229492,
        23.56758689880371,
        23.48322868347168,
        23.3831787109375,
        23.270360946655273,
        23.138017654418945,
        22.988981246948242,
        22.81647491455078,
        22.616291046142578,
        22.390254974365234,
        22.133453369140625,
        21.837308883666992,
        21.501399993896484,
        21.120811462402344,
        20.69656753540039,
        20.225658416748047,
        19.698627471923828,
        19.110994338989258,
        18.471912384033203,
        17.7768497467041,
        17.019052505493164,
        16.201284408569336,
        15.333059310913086,
        14.403519630432129,
        13.440567016601562,
        12.44083309173584,
        11.441713333129883,
        10.42664909362793,
        9.464767456054688,
        8.573225975036621,
        7.769345760345459,
        7.116138458251953,
        6.621987342834473,
        6.284178256988525,
        6.095152378082275,
        5.956942558288574,
        5.848461151123047,
        5.711842060089111,
        5.515819072723389,
        5.272558212280273,
        5.031839847564697,
        4.859093189239502,
        4.7661004066467285,
        4.746117115020752,
        4.759410858154297,
        4.794185638427734,
        4.791574478149414,
        4.7482781410217285,
        4.682164669036865,
        4.600224494934082,
        4.51436710357666,
        4.45513916015625,
        4.429576873779297,
        4.421191215515137,
        4.414531230926514,
        4.404642105102539,
        4.377346992492676,
        4.324852466583252,
        4.284575939178467,
        4.233814239501953,
        4.212088108062744,
        4.195134162902832,
        4.181246280670166,
        4.1698832511901855,
        4.157792568206787,
        4.13588285446167,
        4.107970714569092,
        4.081915855407715,
        4.061710357666016,
        4.044564723968506,
        4.033432483673096,
        4.009006977081299,
        3.998553514480591,
        3.980135917663574,
        3.9657680988311768,
        3.9401497840881348,
        3.938753604888916,
        3.9130945205688477,
        3.893571615219116,
        3.8850176334381104,
        3.8747236728668213,
        3.8603439331054688,
        3.844223737716675,
        3.8300180435180664,
        3.8070175647735596,
        3.8021864891052246,
        3.783440113067627,
        3.770646810531616,
        3.7561798095703125,
        3.741039991378784,
        3.733617067337036,
        3.707036256790161,
        3.7102763652801514,
        3.6916465759277344,
        3.6731951236724854
    ],
    "val_loss": [
        23.50789451599121,
        23.451488494873047,
        23.398075103759766,
        23.348447799682617,
        23.297483444213867,
        23.24580955505371,
        23.18946647644043,
        23.13018798828125,
        23.062517166137695,
        22.985584259033203,
        22.894153594970703,
        22.79439353942871,
        22.67354393005371,
        22.54395866394043,
        22.390695571899414,
        22.21664810180664,
        22.01952362060547,
        21.79416275024414,
        21.538114547729492,
        21.245328903198242,
        20.91310691833496,
        20.53516960144043,
        20.122312545776367,
        19.651981353759766,
        19.124170303344727,
        18.542512893676758,
        17.911277770996094,
        17.22755241394043,
        16.47703742980957,
        15.680315971374512,
        14.820576667785645,
        13.920753479003906,
        12.981498718261719,
        12.006197929382324,
        11.034993171691895,
        10.054566383361816,
        9.131928443908691,
        8.26692008972168,
        7.490189552307129,
        6.854655742645264,
        6.331275939941406,
        5.963203430175781,
        5.724759578704834,
        5.573272705078125,
        5.430160999298096,
        5.287087440490723,
        5.074122905731201,
        4.85613489151001,
        4.654705047607422,
        4.522918701171875,
        4.454936504364014,
        4.501960277557373,
        4.5843706130981445,
        4.648159503936768,
        4.685133457183838,
        4.69761323928833,
        4.646712303161621,
        4.564455032348633,
        4.516383647918701,
        4.474503517150879,
        4.455043792724609,
        4.458384990692139,
        4.457910537719727,
        4.471596717834473,
        4.451303958892822,
        4.421456813812256,
        4.417781829833984,
        4.400681018829346,
        4.383833885192871,
        4.392663955688477,
        4.391076564788818,
        4.374795436859131,
        4.3600993156433105,
        4.364241123199463,
        4.331283092498779,
        4.311440944671631,
        4.313762187957764,
        4.292524337768555,
        4.294412136077881,
        4.31614351272583,
        4.308241367340088,
        4.315686225891113,
        4.323738098144531,
        4.3232645988464355,
        4.332662105560303,
        4.336136817932129,
        4.338147163391113,
        4.341726303100586,
        4.324301242828369,
        4.317555904388428,
        4.325529098510742,
        4.315988063812256,
        4.3231096267700195,
        4.322343349456787,
        4.327004909515381,
        4.3226799964904785,
        4.336799144744873,
        4.346613883972168,
        4.349072456359863,
        4.360233306884766,
        4.358872413635254,
        4.372451305389404,
        4.372408866882324
    ]
}