{
    "epoch": [
        0,
        1,
        2,
        3,
        4,
        5,
        6,
        7,
        8,
        9,
        10,
        11,
        12,
        13,
        14,
        15,
        16,
        17,
        18,
        19,
        20,
        21,
        22,
        23,
        24,
        25,
        26,
        27,
        28,
        29,
        30,
        31,
        32,
        33,
        34,
        35,
        36,
        37,
        38,
        39,
        40,
        41,
        42,
        43,
        44,
        45,
        46,
        47,
        48,
        49,
        50,
        51,
        52,
        53,
        54,
        55,
        56,
        57,
        58,
        59,
        60,
        61,
        62,
        63,
        64,
        65,
        66,
        67,
        68,
        69,
        70,
        71,
        72,
        73,
        74,
        75,
        76,
        77,
        78,
        79,
        80,
        81,
        82,
        83,
        84,
        85,
        86,
        87,
        88,
        89,
        90,
        91,
        92,
        93,
        94,
        95,
        96,
        97,
        98,
        99,
        100,
        101,
        102,
        103,
        104,
        105,
        106
    ],
    "train_loss": [
        26.25890350341797,
        26.206865310668945,
        26.15630531311035,
        26.105363845825195,
        26.05022430419922,
        25.992963790893555,
        25.928293228149414,
        25.859079360961914,
        25.780879974365234,
        25.691329956054688,
        25.58758544921875,
        25.46799087524414,
        25.324565887451172,
        25.161209106445312,
        24.965810775756836,
        24.74016761779785,
        24.478252410888672,
        24.184900283813477,
        23.844974517822266,
        23.459991455078125,
        23.025096893310547,
        22.532989501953125,
        21.995243072509766,
        21.383785247802734,
        20.721094131469727,
        19.980987548828125,
        19.1850643157959,
        18.324371337890625,
        17.39402961730957,
        16.436771392822266,
        15.41041374206543,
        14.352997779846191,
        13.282537460327148,
        12.250930786132812,
        11.25243091583252,
        10.31859302520752,
        9.502179145812988,
        8.79194164276123,
        8.189635276794434,
        7.7014336585998535,
        7.307077884674072,
        7.000917911529541,
        6.719342231750488,
        6.480746269226074,
        6.248276233673096,
        6.076967716217041,
        5.864121437072754,
        5.709813594818115,
        5.540191650390625,
        5.3872785568237305,
        5.260657787322998,
        5.131869792938232,
        5.005224227905273,
        4.898833751678467,
        4.8037261962890625,
        4.73252534866333,
        4.698227405548096,
        4.67784309387207,
        4.67234992980957,
        4.664937496185303,
        4.627753257751465,
        4.592833042144775,
        4.555212020874023,
        4.509001731872559,
        4.453733921051025,
        4.43225622177124,
        4.411677360534668,
        4.414095878601074,
        4.3788886070251465,
        4.363424301147461,
        4.328886032104492,
        4.289031028747559,
        4.2593607902526855,
        4.239887237548828,
        4.226100921630859,
        4.208474159240723,
        4.195745944976807,
        4.171319484710693,
        4.160507678985596,
        4.127236366271973,
        4.115140914916992,
        4.100991249084473,
        4.081137657165527,
        4.072996139526367,
        4.057031154632568,
        4.041501522064209,
        4.032876014709473,
        4.020290374755859,
        3.996507406234741,
        3.9809181690216064,
        3.9761407375335693,
        3.963196039199829,
        3.945437431335449,
        3.930727958679199,
        3.9140963554382324,
        3.903043508529663,
        3.8947014808654785,
        3.8724138736724854,
        3.865051031112671,
        3.851024627685547,
        3.837580919265747,
        3.8360772132873535,
        3.8195924758911133,
        3.806405782699585,
        3.792402744293213,
        3.782020092010498,
        3.7750062942504883
    ],
    "val_loss": [
        25.053421020507812,
        25.004369735717773,
        24.95667266845703,
        24.907848358154297,
        24.85699462890625,
        24.80325698852539,
        24.74372673034668,
        24.67996597290039,
        24.607328414916992,
        24.522201538085938,
        24.4294490814209,
        24.32299041748047,
        24.190994262695312,
        24.039859771728516,
        23.860706329345703,
        23.65503692626953,
        23.410709381103516,
        23.135482788085938,
        22.81989860534668,
        22.456789016723633,
        22.05556297302246,
        21.60234260559082,
        21.09280776977539,
        20.529184341430664,
        19.87660026550293,
        19.194793701171875,
        18.44631004333496,
        17.618249893188477,
        16.74639129638672,
        15.803937911987305,
        14.840727806091309,
        13.841998100280762,
        12.850455284118652,
        11.83784294128418,
        10.876739501953125,
        9.98055362701416,
        9.177359580993652,
        8.495597839355469,
        7.915603160858154,
        7.400535583496094,
        7.038418769836426,
        6.7418975830078125,
        6.506114959716797,
        6.325270175933838,
        6.150831699371338,
        5.960784912109375,
        5.799138069152832,
        5.651416301727295,
        5.525195121765137,
        5.435305595397949,
        5.336374759674072,
        5.231978893280029,
        5.112993240356445,
        5.0403923988342285,
        4.9644269943237305,
        4.949522018432617,
        4.947965621948242,
        4.937276840209961,
        4.935972213745117,
        4.949026107788086,
        4.946559429168701,
        4.929436683654785,
        4.893041610717773,
        4.854727268218994,
        4.830104827880859,
        4.8390092849731445,
        4.861935138702393,
        4.8530802726745605,
        4.836621284484863,
        4.839776039123535,
        4.8145952224731445,
        4.807615280151367,
        4.782495975494385,
        4.791284561157227,
        4.778722763061523,
        4.765047550201416,
        4.776098251342773,
        4.763897895812988,
        4.754333972930908,
        4.741150856018066,
        4.740004539489746,
        4.726048946380615,
        4.748710632324219,
        4.735010623931885,
        4.753036975860596,
        4.738314628601074,
        4.755300045013428,
        4.748195171356201,
        4.752547740936279,
        4.737635135650635,
        4.748912811279297,
        4.746613025665283,
        4.748961448669434,
        4.732086658477783,
        4.74619197845459,
        4.761651515960693,
        4.763809680938721,
        4.755868434906006,
        4.783216953277588,
        4.767507076263428,
        4.790704727172852,
        4.79229211807251,
        4.7821269035339355,
        4.786889553070068,
        4.806082248687744,
        4.804275035858154,
        4.8010687828063965
    ]
}