{
    "epoch": [
        0,
        1,
        2,
        3,
        4,
        5,
        6,
        7,
        8,
        9,
        10,
        11,
        12,
        13,
        14,
        15,
        16,
        17,
        18,
        19,
        20,
        21,
        22,
        23,
        24,
        25,
        26,
        27,
        28,
        29,
        30,
        31,
        32,
        33,
        34,
        35,
        36,
        37,
        38,
        39,
        40,
        41,
        42,
        43,
        44,
        45,
        46,
        47,
        48,
        49,
        50,
        51,
        52,
        53,
        54,
        55,
        56,
        57,
        58,
        59,
        60,
        61,
        62,
        63,
        64,
        65,
        66,
        67,
        68,
        69,
        70,
        71,
        72,
        73,
        74,
        75,
        76,
        77,
        78,
        79,
        80,
        81,
        82,
        83,
        84,
        85,
        86,
        87,
        88,
        89,
        90,
        91,
        92,
        93,
        94,
        95,
        96,
        97,
        98,
        99,
        100,
        101,
        102,
        103,
        104,
        105,
        106,
        107
    ],
    "train_loss": [
        14.88261604309082,
        14.847761154174805,
        14.81431770324707,
        14.778858184814453,
        14.740913391113281,
        14.697930335998535,
        14.651058197021484,
        14.595110893249512,
        14.529594421386719,
        14.453642845153809,
        14.367724418640137,
        14.264472961425781,
        14.1453218460083,
        14.00781536102295,
        13.85218334197998,
        13.676610946655273,
        13.479805946350098,
        13.260037422180176,
        13.012804985046387,
        12.742241859436035,
        12.429115295410156,
        12.100375175476074,
        11.736454963684082,
        11.340810775756836,
        10.905017852783203,
        10.436493873596191,
        9.93782901763916,
        9.392605781555176,
        8.828682899475098,
        8.243762016296387,
        7.644086837768555,
        7.051217079162598,
        6.463618755340576,
        5.906004905700684,
        5.399455547332764,
        4.949012756347656,
        4.5644211769104,
        4.259367942810059,
        4.02054500579834,
        3.8453192710876465,
        3.701411724090576,
        3.5636157989501953,
        3.4161996841430664,
        3.282625913619995,
        3.144277334213257,
        3.021772861480713,
        2.923438787460327,
        2.83609938621521,
        2.786640167236328,
        2.755747079849243,
        2.7342684268951416,
        2.7255494594573975,
        2.6974220275878906,
        2.676081657409668,
        2.6328539848327637,
        2.6083693504333496,
        2.5852417945861816,
        2.57037353515625,
        2.55273699760437,
        2.5355441570281982,
        2.517049789428711,
        2.490272283554077,
        2.4803271293640137,
        2.4576573371887207,
        2.4420599937438965,
        2.4319961071014404,
        2.4160218238830566,
        2.394056797027588,
        2.383117198944092,
        2.3677618503570557,
        2.350970983505249,
        2.3366522789001465,
        2.3314833641052246,
        2.3202643394470215,
        2.2993574142456055,
        2.2968227863311768,
        2.2830474376678467,
        2.2742249965667725,
        2.258463144302368,
        2.243776798248291,
        2.2402591705322266,
        2.2318077087402344,
        2.214717149734497,
        2.2094175815582275,
        2.2007999420166016,
        2.1947598457336426,
        2.1846401691436768,
        2.1664154529571533,
        2.1594338417053223,
        2.1548969745635986,
        2.144725799560547,
        2.143112897872925,
        2.1263866424560547,
        2.118886709213257,
        2.1124825477600098,
        2.1065406799316406,
        2.0933430194854736,
        2.0877809524536133,
        2.0785651206970215,
        2.0687291622161865,
        2.0630710124969482,
        2.0545382499694824,
        2.0404982566833496,
        2.031907320022583,
        2.026820421218872,
        2.015346050262451,
        2.010733127593994,
        1.9960718154907227
    ],
    "val_loss": [
        14.987360000610352,
        14.946561813354492,
        14.908293724060059,
        14.867539405822754,
        14.826261520385742,
        14.780082702636719,
        14.727006912231445,
        14.670870780944824,
        14.600203514099121,
        14.522604942321777,
        14.433761596679688,
        14.331262588500977,
        14.210683822631836,
        14.072629928588867,
        13.923121452331543,
        13.752628326416016,
        13.555940628051758,
        13.340124130249023,
        13.094403266906738,
        12.829996109008789,
        12.523103713989258,
        12.203692436218262,
        11.842126846313477,
        11.448616027832031,
        11.013043403625488,
        10.552762985229492,
        10.059165000915527,
        9.549818992614746,
        8.987249374389648,
        8.415328025817871,
        7.835517406463623,
        7.2592549324035645,
        6.651590824127197,
        6.126494407653809,
        5.650068283081055,
        5.215287208557129,
        4.852334499359131,
        4.562328815460205,
        4.371184349060059,
        4.2152252197265625,
        4.115732669830322,
        4.028184413909912,
        3.954785108566284,
        3.8251965045928955,
        3.7085177898406982,
        3.5793871879577637,
        3.478349447250366,
        3.428163766860962,
        3.3819026947021484,
        3.360919237136841,
        3.3930859565734863,
        3.3903586864471436,
        3.403702735900879,
        3.402470111846924,
        3.410372495651245,
        3.414222478866577,
        3.4217793941497803,
        3.439544677734375,
        3.4296905994415283,
        3.4427707195281982,
        3.417449951171875,
        3.413254976272583,
        3.3824126720428467,
        3.349775552749634,
        3.3293802738189697,
        3.336430311203003,
        3.316030979156494,
        3.3252220153808594,
        3.3112738132476807,
        3.3231122493743896,
        3.3191208839416504,
        3.3294484615325928,
        3.330475330352783,
        3.3398780822753906,
        3.3419387340545654,
        3.3223683834075928,
        3.3326635360717773,
        3.320441961288452,
        3.29990816116333,
        3.298870086669922,
        3.300658941268921,
        3.2921302318573,
        3.2912378311157227,
        3.305338144302368,
        3.314434289932251,
        3.313113212585449,
        3.3281350135803223,
        3.324476718902588,
        3.327017068862915,
        3.318138360977173,
        3.3274776935577393,
        3.314154624938965,
        3.3149712085723877,
        3.3278968334198,
        3.315004587173462,
        3.3152947425842285,
        3.321667432785034,
        3.314732551574707,
        3.324359655380249,
        3.3366525173187256,
        3.3377902507781982,
        3.354964256286621,
        3.3481433391571045,
        3.347788095474243,
        3.347493886947632,
        3.345532178878784,
        3.3474128246307373,
        3.34946870803833
    ]
}