{
    "effect_pehe": 5.443098068237305,
    "effect_mae": 0.12044841051101685
}