{
    "effect_pehe": 5.651772499084473,
    "effect_mae": 1.1367955207824707
}