{
    "effect_pehe": 6.796357154846191,
    "effect_mae": 1.919734001159668
}