{
    "effect_pehe": 4.885621547698975,
    "effect_mae": 0.3089359402656555
}