{
    "effect_pehe": 4.758182048797607,
    "effect_mae": 0.2698725759983063
}