{
    "effect_pehe": 4.967085838317871,
    "effect_mae": 0.47222259640693665
}