{
    "effect_pehe": 4.222558498382568,
    "effect_mae": 0.08681635558605194
}