{
    "effect_pehe": 5.087268352508545,
    "effect_mae": 0.2743597626686096
}