{
    "effect_pehe": 5.028202056884766,
    "effect_mae": 0.33024245500564575
}