{
    "epoch": [
        0,
        1,
        2,
        3,
        4,
        5,
        6,
        7,
        8,
        9,
        10,
        11,
        12,
        13,
        14,
        15,
        16,
        17,
        18,
        19,
        20,
        21,
        22,
        23,
        24,
        25,
        26,
        27,
        28,
        29,
        30,
        31,
        32,
        33,
        34,
        35,
        36,
        37,
        38,
        39,
        40,
        41,
        42,
        43,
        44,
        45,
        46,
        47,
        48,
        49,
        50,
        51,
        52,
        53,
        54,
        55,
        56,
        57,
        58,
        59,
        60,
        61,
        62,
        63,
        64,
        65,
        66,
        67,
        68,
        69,
        70,
        71,
        72,
        73,
        74,
        75,
        76,
        77,
        78,
        79,
        80,
        81,
        82,
        83,
        84,
        85,
        86,
        87,
        88,
        89,
        90,
        91,
        92,
        93,
        94,
        95,
        96,
        97,
        98,
        99,
        100,
        101,
        102,
        103,
        104,
        105,
        106,
        107,
        108,
        109,
        110,
        111,
        112,
        113,
        114,
        115,
        116,
        117,
        118,
        119,
        120,
        121,
        122,
        123,
        124,
        125,
        126,
        127,
        128,
        129,
        130,
        131,
        132,
        133,
        134,
        135,
        136,
        137,
        138,
        139,
        140,
        141,
        142,
        143,
        144
    ],
    "train_loss": [
        5.7303338050842285,
        2.5266153812408447,
        2.1945366859436035,
        3.100404977798462,
        3.3213887214660645,
        2.9084994792938232,
        2.2988789081573486,
        1.9201017618179321,
        1.896040678024292,
        2.189253568649292,
        2.2816483974456787,
        2.3299977779388428,
        1.9872756004333496,
        1.7621266841888428,
        1.70344078540802,
        1.673722743988037,
        1.703227162361145,
        1.786169171333313,
        1.7003610134124756,
        1.6299324035644531,
        1.5359922647476196,
        1.4899616241455078,
        1.441327691078186,
        1.4643495082855225,
        1.4821416139602661,
        1.3861968517303467,
        1.3352415561676025,
        1.3478479385375977,
        1.3308892250061035,
        1.277209997177124,
        1.3199901580810547,
        1.303041934967041,
        1.3046928644180298,
        1.2421435117721558,
        1.2035189867019653,
        1.2330801486968994,
        1.2303591966629028,
        1.2211893796920776,
        1.17048978805542,
        1.1540309190750122,
        1.1747567653656006,
        1.1511223316192627,
        1.1492509841918945,
        1.1152777671813965,
        1.1306029558181763,
        1.0850123167037964,
        1.1204822063446045,
        1.0916954278945923,
        1.1002414226531982,
        1.0935429334640503,
        1.0854853391647339,
        1.0669982433319092,
        1.0958771705627441,
        1.0778409242630005,
        1.0505220890045166,
        1.0816797018051147,
        1.0509569644927979,
        1.036335825920105,
        1.0422011613845825,
        1.0293902158737183,
        1.0260432958602905,
        1.0369499921798706,
        1.0172702074050903,
        1.0257929563522339,
        1.0377178192138672,
        1.0147746801376343,
        1.028714895248413,
        1.0289585590362549,
        1.0118186473846436,
        1.007368803024292,
        1.007567286491394,
        1.0048567056655884,
        1.0116077661514282,
        1.0151898860931396,
        1.0025705099105835,
        0.9978770613670349,
        1.005081295967102,
        0.9947195649147034,
        0.9951846599578857,
        0.9794216156005859,
        0.9949799180030823,
        0.9843870401382446,
        1.0105942487716675,
        0.9856350421905518,
        0.9770416617393494,
        0.9932124018669128,
        0.981833279132843,
        0.9920963644981384,
        0.9920765161514282,
        0.9821251630783081,
        0.9878330826759338,
        0.9774332642555237,
        0.9811468720436096,
        0.9814046621322632,
        0.9796103239059448,
        0.9918420314788818,
        0.9731271266937256,
        0.9877317547798157,
        0.9798638820648193,
        0.986286997795105,
        0.9769445657730103,
        0.9765561819076538,
        0.9831778407096863,
        0.9758843183517456,
        0.9765055179595947,
        0.9775708317756653,
        0.9710239171981812,
        0.987191379070282,
        0.9660364389419556,
        0.9783372282981873,
        0.9680684208869934,
        0.9678643941879272,
        0.9728700518608093,
        0.9806761145591736,
        0.9775188565254211,
        0.977528989315033,
        0.9788926243782043,
        0.9629937410354614,
        0.9731490015983582,
        0.9771806001663208,
        0.976338803768158,
        0.9667254686355591,
        0.9663758277893066,
        0.9753312468528748,
        0.9735039472579956,
        0.9662002921104431,
        0.9731006026268005,
        0.9729286432266235,
        0.9722439646720886,
        0.9762571454048157,
        0.9711315035820007,
        0.9826459884643555,
        0.9683839678764343,
        0.9707806706428528,
        0.9786067008972168,
        0.9814756512641907,
        0.9732393622398376,
        0.9744120836257935,
        0.9831331968307495,
        0.9767208099365234,
        0.9676080346107483,
        0.96672523021698,
        0.9694312214851379,
        0.9651656746864319,
        0.9689332842826843
    ],