{
    "effect_pehe": 5.169086933135986,
    "effect_mae": 0.013339102268218994
}