{
    "effect_pehe": 16.032987594604492,
    "effect_mae": 7.115018367767334
}