{
    "effect_pehe": 9.307657241821289,
    "effect_mae": 0.5040135383605957
}