{
    "effect_pehe": 265.4941101074219,
    "effect_mae": 13.532230377197266
}