{
    "effect_pehe": 15.451937675476074,
    "effect_mae": 7.024808883666992
}