{
    "effect_pehe": 9.332740783691406,
    "effect_mae": 2.0936756134033203
}