{
    "effect_pehe": 8.325900077819824,
    "effect_mae": 0.14953851699829102
}