{
    "effect_pehe": 10.530707359313965,
    "effect_mae": 4.668371200561523
}