{
    "epoch": [
        0,
        1,
        2,
        3,
        4,
        5,
        6,
        7,
        8,
        9,
        10,
        11,
        12,
        13,
        14,
        15,
        16,
        17,
        18,
        19,
        20,
        21,
        22,
        23,
        24,
        25
    ],
    "train_loss": [
        360.45068359375,
        360.1142272949219,
        359.7548522949219,
        359.4001770019531,
        358.9640197753906,
        358.47381591796875,
        357.853515625,
        357.2944641113281,
        356.44805908203125,
        355.36676025390625,
        354.17486572265625,
        352.3981018066406,
        350.7289123535156,
        348.4931945800781,
        345.99371337890625,
        342.675048828125,
        338.9710998535156,
        334.5610046386719,
        329.46697998046875,
        323.05389404296875,
        316.4476318359375,
        309.33673095703125,
        301.4601745605469,
        294.7270202636719,
        287.2934265136719,
        283.20806884765625
    ],
    "val_loss": [
        116116.5390625,
        116593.9453125,
        117048.015625,
        117600.765625,
        118312.03125,
        119222.609375,
        120340.4296875,
        121725.0625,
        123480.65625,
        125467.96875,
        127896.484375,
        130918.875,
        134588.734375,
        139017.046875,
        144432.90625,
        151121.53125,
        159182.703125,
        169102.453125,
        181303.953125,
        196493.5,
        215078.046875,
        238526.046875,
        267208.59375,
        302703.34375,
        344960.625,
        393808.90625
    ]
}