{
    "effect_pehe": 13.594183921813965,
    "effect_mae": 9.062216758728027
}