{
    "effect_pehe": 9.278563499450684,
    "effect_mae": 0.4446430206298828
}