{
    "effect_pehe": 3.522384601905637,
    "effect_mae": 2.822534109637272
}