{
    "effect_pehe": 2.94512665342011,
    "effect_mae": 2.3718478352362933
}