{
    "effect_pehe": 4.9675214223929345,
    "effect_mae": 3.9303103817669904
}