{
    "effect_pehe": 1.298891305923462,
    "effect_mae": 0.2918494939804077
}