{
    "effect_pehe": 2.5748744010925293,
    "effect_mae": 1.221548080444336
}