{
    "effect_pehe": 1.4326914548873901,
    "effect_mae": 0.6078846454620361
}