{
    "effect_pehe": 2.0039563179016113,
    "effect_mae": 0.5907962322235107
}