{
    "effect_pehe": 3.4850971698760986,
    "effect_mae": 2.331019401550293
}