{
    "effect_pehe": 2.481675148010254,
    "effect_mae": 0.040091246366500854
}