{
    "effect_pehe": 2.6859261989593506,
    "effect_mae": 0.5478529930114746
}