{
    "effect_pehe": 0.8079538345336914,
    "effect_mae": 0.07972908020019531
}