{
    "effect_pehe": 2.2583580017089844,
    "effect_mae": 0.9842613935470581
}