{
    "effect_pehe": 0.8091691136360168,
    "effect_mae": 0.08176279067993164
}