{
    "effect_pehe": 1.7647602558135986,
    "effect_mae": 0.029187679290771484
}