{
    "effect_pehe": 1.9441237449645996,
    "effect_mae": 0.36391639709472656
}