{
    "effect_pehe": 0.8328227996826172,
    "effect_mae": 0.06274938583374023
}