{
    "effect_pehe": 3.0820064544677734,
    "effect_mae": 0.009897470474243164
}