{
    "effect_pehe": 2.25712251663208,
    "effect_mae": 1.1509854793548584
}