{
    "effect_pehe": 0.782926619052887,
    "effect_mae": 0.00690305233001709
}