{
    "effect_pehe": 2.1679790019989014,
    "effect_mae": 0.23329290747642517
}