{
    "effect_pehe": 2.2269012928009033,
    "effect_mae": 0.0747329592704773
}