{
    "effect_pehe": 1.108786702156067,
    "effect_mae": 0.06469732522964478
}