{
    "effect_pehe": 4.948722839355469,
    "effect_mae": 3.230271577835083
}