{
    "effect_pehe": 12.605663299560547,
    "effect_mae": 0.8064441680908203
}