{
    "effect_pehe": 6.1318206787109375,
    "effect_mae": 3.8271100521087646
}