{
    "effect_pehe": 10.727960586547852,
    "effect_mae": 1.4859857559204102
}