{
    "effect_pehe": 17.622817993164062,
    "effect_mae": 0.842778205871582
}