{
    "effect_pehe": 11.507925987243652,
    "effect_mae": 1.0253105163574219
}