{
    "effect_pehe": 12.808568954467773,
    "effect_mae": 1.396878719329834
}