{
    "effect_pehe": 9.4136323928833,
    "effect_mae": 0.010586738586425781
}