{
    "effect_pehe": 6.325415134429932,
    "effect_mae": 3.3209877014160156
}