{
    "effect_pehe": 15.168251991271973,
    "effect_mae": 3.3505420684814453
}