{
    "effect_pehe": 22.090303421020508,
    "effect_mae": 2.1722373962402344
}