{
    "effect_pehe": 7.739612102508545,
    "effect_mae": 2.0418834686279297
}