{
    "effect_pehe": 10.555000305175781,
    "effect_mae": 1.4977684020996094
}