{
    "effect_pehe": 23.203786849975586,
    "effect_mae": 2.0645294189453125
}