{
    "effect_pehe": 11.3880033493042,
    "effect_mae": 0.5852088928222656
}