{
    "effect_pehe": 5.520225495853553,
    "effect_mae": 3.405855761320947
}