{
    "effect_pehe": 8.79128930997965,
    "effect_mae": 6.135575860175839
}