{
    "effect_pehe": 2.8887495084507315,
    "effect_mae": 2.2969577906933765
}