{
    "effect_pehe": 2.6771627206447053,
    "effect_mae": 2.13367275395788
}