{
    "effect_pehe": 2.8302599985399097,
    "effect_mae": 2.257974291646885
}