{
    "effect_pehe": 4.157749246544869,
    "effect_mae": 3.2813934925610577
}