{
    "effect_pehe": 3.0516088964630312,
    "effect_mae": 2.3802192116860676
}