{
    "effect_pehe": 4.954004287719727,
    "effect_mae": 0.020557671785354614
}