{
    "effect_pehe": 5.2400922775268555,
    "effect_mae": 1.7882249355316162
}