{
    "effect_pehe": 5.687655448913574,
    "effect_mae": 2.6883151531219482
}