{
    "effect_pehe": 5.172329902648926,
    "effect_mae": 0.23121130466461182
}