{
    "effect_pehe": 4.339366912841797,
    "effect_mae": 0.21971780061721802
}