{
    "epoch": [
        0,
        1,
        2,
        3,
        4,
        5,
        6,
        7,
        8,
        9,
        10,
        11,
        12,
        13,
        14,
        15,
        16,
        17,
        18,
        19,
        20,
        21,
        22,
        23,
        24,
        25,
        26,
        27,
        28,
        29,
        30,
        31,
        32,
        33,
        34,
        35,
        36,
        37,
        38,
        39,
        40,
        41,
        42,
        43,
        44,
        45,
        46,
        47,
        48,
        49,
        50,
        51,
        52,
        53,
        54,
        55,
        56,
        57,
        58,
        59,
        60,
        61,
        62,
        63,
        64,
        65,
        66,
        67,
        68,
        69,
        70,
        71,
        72,
        73,
        74,
        75,
        76,
        77,
        78,
        79,
        80,
        81,
        82,
        83,
        84,
        85,
        86,
        87,
        88,
        89,
        90,
        91,
        92,
        93,
        94,
        95,
        96,
        97,
        98,
        99,
        100,
        101,
        102,
        103,
        104,
        105,
        106,
        107,
        108,
        109,
        110,
        111
    ],
    "train_loss": [
        3.117408275604248,
        1.9724063873291016,
        2.299140453338623,
        2.378096103668213,
        2.045003890991211,
        1.6685175895690918,
        1.585030436515808,
        1.6314380168914795,
        1.6931698322296143,
        1.612065315246582,
        1.469433069229126,
        1.3048264980316162,
        1.3705432415008545,
        1.3378030061721802,
        1.3628339767456055,
        1.4061108827590942,
        1.2917193174362183,
        1.2517786026000977,
        1.2263575792312622,
        1.2335859537124634,
        1.2496360540390015,
        1.2258483171463013,
        1.1738203763961792,
        1.150142788887024,
        1.1531692743301392,
        1.140339732170105,
        1.157016634941101,
        1.1200425624847412,
        1.1166603565216064,
        1.0840191841125488,
        1.1010178327560425,
        1.0832996368408203,
        1.07077157497406,
        1.0928629636764526,
        1.0766847133636475,
        1.0549182891845703,
        1.0657362937927246,
        1.0572919845581055,
        1.059073805809021,
        1.0447591543197632,
        1.0547537803649902,
        1.0428895950317383,
        1.0514293909072876,
        1.0490779876708984,
        1.0198266506195068,
        1.0140491724014282,
        1.0253636837005615,
        1.017634630203247,
        1.0179418325424194,
        1.014310359954834,
        1.0085426568984985,
        1.0012544393539429,
        1.0002738237380981,
        1.0116369724273682,
        0.9985330700874329,
        0.9952868819236755,
        0.9876834750175476,
        1.0013123750686646,
        0.9913021922111511,
        0.998538613319397,
        0.9982265830039978,
        1.0023484230041504,
        0.9989593029022217,
        0.9897594451904297,
        0.9778783321380615,
        0.9886511564254761,
        0.9868162274360657,
        0.9975349307060242,
        0.9867829084396362,
        0.9914715886116028,
        0.9874227046966553,
        0.9952141046524048,
        0.9805039763450623,
        0.9860929846763611,
        0.990414559841156,
        0.9866575002670288,
        0.990012526512146,
        0.9828270673751831,
        0.9883127808570862,
        0.9824979901313782,
        0.9833345413208008,
        0.9787282943725586,
        0.9949995875358582,
        0.9814908504486084,
        0.9828805327415466,
        0.9832653403282166,
        0.9851052165031433,
        0.9794029593467712,
        0.9773352742195129,
        0.9813531041145325,
        0.9808460474014282,
        0.985216498374939,
        0.9754891991615295,
        0.9721558094024658,
        0.9868109226226807,
        0.9746050238609314,
        0.9857541918754578,
        0.9855689406394958,
        0.9839093089103699,
        0.9843368530273438,
        0.9855231046676636,
        0.9742186069488525,
        0.9848807454109192,
        0.9844250679016113,
        0.9771567583084106,
        0.9895129203796387,
        0.9797881841659546,
        0.9877951741218567,
        0.9824424386024475,
        0.9877396821975708,
        0.9898262023925781,
        0.9756647944450378
    ],
    "val_loss": [
        3.215947389602661,
        2.1328842639923096,
        2.3941335678100586,
        2.4107682704925537,
        2.060150623321533,
        1.821998119354248,
        1.7110350131988525,
        1.7628707885742188,
        1.7337392568588257,
        1.7190141677856445,
        1.4887193441390991,
        1.391409993171692,
        1.3809051513671875,
        1.476175308227539,
        1.4492038488388062,
        1.4384946823120117,
        1.3469985723495483,
        1.2817968130111694,
        1.2591404914855957,
        1.2863491773605347,
        1.272242546081543,
        1.2719258069992065,
        1.2096643447875977,
        1.2154204845428467,
        1.2110590934753418,
        1.2264658212661743,
        1.1474415063858032,
        1.18660306930542,
        1.1405525207519531,
        1.1266032457351685,
        1.1304999589920044,
        1.1276249885559082,
        1.1119658946990967,
        1.1110368967056274,
        1.121384620666504,
        1.0943816900253296,
        1.091477632522583,
        1.0714442729949951,
        1.1088289022445679,
        1.0564687252044678,
        1.082349419593811,
        1.0454609394073486,
        1.0542117357254028,
        1.0455371141433716,
        1.052528977394104,
        1.0500000715255737,
        1.0472562313079834,
        1.0382519960403442,
        1.0199618339538574,
        1.0438765287399292,
        1.042537808418274,
        1.039604902267456,
        1.024648666381836,
        1.0175644159317017,
        1.0024904012680054,
        1.0469180345535278,
        1.0194450616836548,
        1.0087816715240479,
        1.0389901399612427,
        1.0264290571212769,
        1.0140024423599243,
        1.0508754253387451,
        1.0191729068756104,
        1.0196430683135986,
        1.0030982494354248,
        1.019408106803894,
        1.011765718460083,
        1.0215948820114136,
        1.034889817237854,
        1.022767424583435,
        1.0012081861495972,
        1.0299116373062134,
        1.020741581916809,
        1.017448902130127,
        1.0127692222595215,
        1.0327059030532837,
        1.0070679187774658,
        1.0182195901870728,
        1.0113153457641602,
        1.0053943395614624,
        1.0298807621002197,
        1.0119503736495972,
        1.0100913047790527,
        1.0168530941009521,
        1.0214344263076782,
        1.01986825466156,
        0.9890395998954773,
        1.0036133527755737,
        1.0058850049972534,
        1.0020747184753418,
        1.0032927989959717,
        1.0090125799179077,
        1.0090476274490356,
        1.021340012550354,
        1.0077451467514038,
        1.0031954050064087,
        1.0057308673858643,
        1.016810655593872,
        1.0292223691940308,
        1.0239681005477905,
        1.0156368017196655,
        1.0060778856277466,
        1.0087323188781738,
        1.013851523399353,
        1.0153547525405884,
        1.0192722082138062,
        1.0103548765182495,
        1.0176899433135986,
        1.0131871700286865,
        1.0065960884094238,
        1.012983798980713,
        1.0129612684249878
    ]
}