{
    "effect_pehe": 5.005134105682373,
    "effect_mae": 1.1526398658752441
}