{
    "effect_pehe": 4.247179985046387,
    "effect_mae": 0.19100052118301392
}