{
    "effect_pehe": 5.2777533531188965,
    "effect_mae": 1.7070958614349365
}