{
    "epoch": [
        0,
        1,
        2,
        3,
        4,
        5,
        6,
        7,
        8,
        9,
        10,
        11,
        12,
        13,
        14,
        15,
        16,
        17,
        18,
        19,
        20,
        21,
        22,
        23,
        24,
        25,
        26,
        27,
        28,
        29,
        30,
        31,
        32,
        33,
        34,
        35,
        36,
        37,
        38,
        39,
        40,
        41,
        42,
        43,
        44,
        45,
        46,
        47,
        48,
        49,
        50,
        51,
        52,
        53,
        54,
        55,
        56,
        57,
        58,
        59,
        60,
        61,
        62,
        63,
        64,
        65,
        66,
        67,
        68,
        69,
        70,
        71,
        72,
        73,
        74,
        75,
        76,
        77,
        78,
        79,
        80,
        81,
        82,
        83,
        84,
        85,
        86,
        87,
        88,
        89,
        90,
        91,
        92,
        93,
        94,
        95,
        96,
        97,
        98,
        99,
        100,
        101,
        102,
        103,
        104,
        105,
        106,
        107,
        108,
        109,
        110,
        111,
        112,
        113
    ],
    "train_loss": [
        9.812522888183594,
        3.8162713050842285,
        3.3114800453186035,
        4.31370735168457,
        4.849185466766357,
        4.412053108215332,
        3.7377283573150635,
        2.687697172164917,
        2.3208959102630615,
        2.4452641010284424,
        2.8191287517547607,
        3.0948708057403564,
        2.9098644256591797,
        2.4174206256866455,
        1.9867392778396606,
        1.7166666984558105,
        1.811703085899353,
        1.9633339643478394,
        2.0908405780792236,
        2.0482828617095947,
        1.863092303276062,
        1.6211481094360352,
        1.5200084447860718,
        1.4712258577346802,
        1.4991055727005005,
        1.5963786840438843,
        1.6099879741668701,
        1.5690006017684937,
        1.446616768836975,
        1.3832148313522339,
        1.3332804441452026,
        1.344867467880249,
        1.3770569562911987,
        1.4234157800674438,
        1.3651272058486938,
        1.2748984098434448,
        1.2480676174163818,
        1.2267639636993408,
        1.2239575386047363,
        1.2442742586135864,
        1.2180076837539673,
        1.2807706594467163,
        1.1639596223831177,
        1.1851835250854492,
        1.1556166410446167,
        1.1584343910217285,
        1.169690489768982,
        1.1417208909988403,
        1.1442698240280151,
        1.1107064485549927,
        1.0986114740371704,
        1.0787353515625,
        1.0893124341964722,
        1.1285637617111206,
        1.0792118310928345,
        1.080721139907837,
        1.047238826751709,
        1.078389048576355,
        1.0814744234085083,
        1.059756875038147,
        1.0560708045959473,
        1.06182861328125,
        1.0603173971176147,
        1.0683956146240234,
        1.0280684232711792,
        1.0605508089065552,
        1.0518488883972168,
        1.0361541509628296,
        1.0289950370788574,
        1.0311238765716553,
        1.0344932079315186,
        1.0298196077346802,
        1.0346678495407104,
        1.0321308374404907,
        1.014896035194397,
        1.0219179391860962,
        1.039698839187622,
        1.0163648128509521,
        1.0164051055908203,
        1.0067998170852661,
        1.0109679698944092,
        1.0134514570236206,
        1.0151077508926392,
        1.0199639797210693,
        1.015045166015625,
        1.0131548643112183,
        1.0164812803268433,
        1.0121943950653076,
        1.014445424079895,
        1.0016242265701294,
        1.0152372121810913,
        1.0002810955047607,
        0.9993342757225037,
        1.0112015008926392,
        1.0151196718215942,
        1.0103988647460938,
        1.0016239881515503,
        0.9987819194793701,
        1.0089852809906006,
        1.0067418813705444,
        0.997123122215271,
        0.984458863735199,
        0.9991114735603333,
        0.9974878430366516,
        0.9938560128211975,
        0.9982981085777283,
        0.9863496422767639,
        0.9992043375968933,
        1.0027941465377808,
        0.9926013946533203,
        1.0011340379714966,
        0.9869644641876221,
        0.9939688444137573,
        0.9867457747459412
    ],
    "val_loss": [
        10.16919231414795,
        3.9760658740997314,
        3.4973931312561035,
        4.492967128753662,
        5.0927958488464355,
        4.983950614929199,
        4.068118095397949,
        2.8506524562835693,
        2.5124711990356445,
        2.4298007488250732,
        2.921823501586914,
        3.1256115436553955,
        3.1093637943267822,
        2.427471160888672,
        1.9583733081817627,
        1.7885029315948486,
        2.021496057510376,
        2.1604039669036865,
        2.316265106201172,
        2.119666576385498,
        1.9201438426971436,
        1.6687955856323242,
        1.6703118085861206,
        1.5744622945785522,
        1.5753518342971802,
        1.7533588409423828,
        1.7366445064544678,
        1.6273878812789917,
        1.4312453269958496,
        1.3949838876724243,
        1.3767125606536865,
        1.4244872331619263,
        1.4253299236297607,
        1.5000523328781128,
        1.4212759733200073,
        1.4207050800323486,
        1.322526216506958,
        1.3530712127685547,
        1.2867356538772583,
        1.2842473983764648,
        1.3113027811050415,
        1.308250904083252,
        1.2800320386886597,
        1.318849802017212,
        1.2252050638198853,
        1.2416443824768066,
        1.26295804977417,
        1.2029118537902832,
        1.2933646440505981,
        1.1819123029708862,
        1.1844624280929565,
        1.1479295492172241,
        1.1821688413619995,
        1.1975104808807373,
        1.1466294527053833,
        1.184470772743225,
        1.1398341655731201,
        1.1603657007217407,
        1.188828706741333,
        1.12566339969635,
        1.1378862857818604,
        1.1558232307434082,
        1.1603679656982422,
        1.1439433097839355,
        1.1524502038955688,
        1.119330883026123,
        1.1455199718475342,
        1.1154412031173706,
        1.118768334388733,
        1.1414518356323242,
        1.1192145347595215,
        1.1574945449829102,
        1.1114649772644043,
        1.0985238552093506,
        1.1188023090362549,
        1.1168354749679565,
        1.1031776666641235,
        1.0914069414138794,
        1.1258649826049805,
        1.0882772207260132,
        1.1094294786453247,
        1.118984580039978,
        1.1081656217575073,
        1.0951709747314453,
        1.0786799192428589,
        1.1016408205032349,
        1.1442056894302368,
        1.0884466171264648,
        1.0600838661193848,
        1.0972791910171509,
        1.085128903388977,
        1.09297776222229,
        1.0814019441604614,
        1.0729951858520508,
        1.083341121673584,
        1.098280668258667,
        1.084365725517273,
        1.0692206621170044,
        1.0880118608474731,
        1.103657603263855,
        1.0898010730743408,
        1.0774420499801636,
        1.0916247367858887,
        1.0754319429397583,
        1.0773022174835205,
        1.065767765045166,
        1.073509931564331,
        1.080264925956726,
        1.098122239112854,
        1.083534836769104,
        1.0679703950881958,
        1.0842845439910889,
        1.0801087617874146,
        1.0696914196014404
    ]
}