{
    "effect_pehe": 5.207633972167969,
    "effect_mae": 1.3998820781707764
}