{
    "effect_pehe": 5.027655124664307,
    "effect_mae": 0.18467915058135986
}