{
    "effect_pehe": 6.286954879760742,
    "effect_mae": 3.397383213043213
}