{
    "effect_pehe": 3.9707765579223633,
    "effect_mae": 0.8375446796417236
}