{
    "effect_pehe": 3.673431634902954,
    "effect_mae": 1.31162691116333
}