{
    "epoch": [
        0,
        1,
        2,
        3,
        4,
        5,
        6,
        7,
        8,
        9,
        10,
        11,
        12,
        13,
        14,
        15,
        16,
        17,
        18,
        19,
        20,
        21,
        22,
        23,
        24,
        25,
        26,
        27,
        28,
        29,
        30,
        31,
        32,
        33,
        34,
        35,
        36,
        37,
        38,
        39,
        40,
        41,
        42,
        43,
        44,
        45,
        46,
        47,
        48,
        49,
        50,
        51,
        52,
        53,
        54,
        55,
        56,
        57,
        58,
        59,
        60,
        61,
        62,
        63,
        64,
        65,
        66,
        67,
        68,
        69,
        70,
        71,
        72,
        73,
        74,
        75,
        76,
        77,
        78,
        79,
        80,
        81,
        82,
        83,
        84,
        85,
        86,
        87,
        88,
        89,
        90,
        91,
        92,
        93,
        94,
        95,
        96,
        97,
        98,
        99,
        100,
        101,
        102,
        103,
        104,
        105,
        106,
        107,
        108,
        109,
        110,
        111,
        112,
        113,
        114,
        115,
        116,
        117,
        118,
        119,
        120,
        121,
        122,
        123,
        124,
        125,
        126,
        127,
        128,
        129,
        130,
        131,
        132,
        133,
        134,
        135,
        136,
        137,
        138,
        139,
        140,
        141,
        142,
        143,
        144,
        145,
        146,
        147,
        148,
        149,
        150,
        151,
        152,
        153,
        154,
        155,
        156,
        157,
        158,
        159,
        160,
        161,
        162,
        163,
        164,
        165,
        166,
        167,
        168,
        169,
        170,
        171,
        172,
        173,
        174,
        175,
        176,
        177,
        178,
        179,
        180,
        181,
        182,
        183,
        184
    ],
    "train_loss": [
        35.47771453857422,
        35.316436767578125,
        35.1437873840332,
        34.953338623046875,
        34.73841857910156,
        34.49586868286133,
        34.21833801269531,
        33.90909957885742,
        33.5567512512207,
        33.151588439941406,
        32.68643569946289,
        32.15382766723633,
        31.545780181884766,
        30.858787536621094,
        30.07720375061035,
        29.196836471557617,
        28.217010498046875,
        27.14594268798828,
        25.97536849975586,
        24.722858428955078,
        23.413389205932617,
        22.099275588989258,
        20.82701301574707,
        19.708301544189453,
        18.86605453491211,
        18.408248901367188,
        18.401758193969727,
        18.73639678955078,
        19.132314682006836,
        19.281719207763672,
        19.081815719604492,
        18.581005096435547,
        17.954544067382812,
        17.322412490844727,
        16.80739402770996,
        16.450103759765625,
        16.202836990356445,
        16.035369873046875,
        15.914326667785645,
        15.79306697845459,
        15.624085426330566,
        15.394251823425293,
        15.10657787322998,
        14.768900871276855,
        14.39321517944336,
        14.004645347595215,
        13.630613327026367,
        13.283358573913574,
        12.978595733642578,
        12.708828926086426,
        12.455660820007324,
        12.173517227172852,
        11.856708526611328,
        11.506331443786621,
        11.120360374450684,
        10.743863105773926,
        10.387441635131836,
        10.065224647521973,
        9.771648406982422,
        9.488340377807617,
        9.200302124023438,
        8.906076431274414,
        8.623861312866211,
        8.362098693847656,
        8.148642539978027,
        7.980000019073486,
        7.848269939422607,
        7.73256254196167,
        7.619604587554932,
        7.530332565307617,
        7.469200134277344,
        7.442937850952148,
        7.417542457580566,
        7.394618034362793,
        7.365698337554932,
        7.335911750793457,
        7.309614658355713,
        7.282908916473389,
        7.25607967376709,
        7.213187217712402,
        7.175657749176025,
        7.128616809844971,
        7.097193717956543,
        7.05985164642334,
        7.02855920791626,
        7.004105091094971,
        6.968385219573975,
        6.948286056518555,
        6.927552223205566,
        6.911011695861816,
        6.89532470703125,
        6.872583389282227,
        6.858264923095703,
        6.837480545043945,
        6.82185173034668,
        6.800585746765137,
        6.783524990081787,
        6.7638092041015625,
        6.737712860107422,
        6.715653419494629,
        6.699223041534424,
        6.676750183105469,
        6.661153793334961,
        6.638530731201172,
        6.622881889343262,
        6.601730823516846,
        6.579440116882324,
        6.559927940368652,
        6.533321380615234,
        6.520269393920898,
        6.497673511505127,
        6.479459762573242,
        6.457514762878418,
        6.438494682312012,
        6.416908264160156,
        6.397799015045166,
        6.382572650909424,
        6.359304428100586,
        6.335302829742432,
        6.321474552154541,
        6.300864219665527,
        6.281885147094727,
        6.261563301086426,
        6.243180274963379,
        6.217949867248535,
        6.198558807373047,
        6.182068347930908,
        6.158056259155273,
        6.13780403137207,
        6.104523658752441,
        6.091155052185059,
        6.060638427734375,
        6.045690536499023,
        6.025629997253418,
        5.998982906341553,
        5.975514888763428,
        5.952680587768555,
        5.934356689453125,
        5.91170597076416,
        5.881431579589844,
        5.864492416381836,
        5.843850612640381,
        5.822732448577881,
        5.805229187011719,
        5.775168418884277,
        5.762828350067139,
        5.732705116271973,
        5.7185444831848145,
        5.693474292755127,
        5.674922466278076,
        5.649978160858154,
        5.632994651794434,
        5.6095170974731445,
        5.591455459594727,
        5.5721259117126465,
        5.542842864990234,
        5.524759292602539,
        5.503511905670166,
        5.4833807945251465,
        5.469695568084717,
        5.452538967132568,
        5.432783603668213,
        5.409693717956543,
        5.3896164894104,
        5.3722100257873535,
        5.3502421379089355,
        5.334279537200928,
        5.305208206176758,
        5.287655830383301,
        5.273154258728027,
        5.260758876800537,
        5.237270355224609,
        5.216821193695068,
        5.186415195465088,
        5.173620700836182,
        5.157435417175293,
        5.1327080726623535,
        5.126680374145508,
        5.10644006729126,
        5.078726291656494,
        5.058094024658203,
        5.042082786560059,
        5.018966197967529,
        4.9931817054748535,
        4.974952220916748
    ],