{
    "epoch": [
        0,
        1,
        2,
        3,
        4,
        5,
        6,
        7,
        8,
        9,
        10,
        11,
        12,
        13,
        14,
        15,
        16,
        17,
        18,
        19,
        20,
        21,
        22,
        23,
        24,
        25,
        26,
        27,
        28,
        29,
        30,
        31,
        32,
        33,
        34,
        35,
        36,
        37,
        38,
        39,
        40,
        41,
        42,
        43,
        44,
        45,
        46,
        47,
        48,
        49,
        50,
        51,
        52,
        53,
        54,
        55,
        56,
        57,
        58,
        59,
        60,
        61,
        62,
        63,
        64,
        65,
        66,
        67,
        68,
        69,
        70,
        71,
        72,
        73,
        74,
        75,
        76,
        77,
        78,
        79,
        80,
        81,
        82,
        83,
        84,
        85,
        86,
        87,
        88,
        89,
        90,
        91,
        92,
        93,
        94,
        95,
        96,
        97,
        98,
        99,
        100,
        101,
        102,
        103,
        104,
        105,
        106,
        107,
        108,
        109,
        110,
        111,
        112,
        113,
        114,
        115,
        116,
        117,
        118,
        119,
        120,
        121,
        122,
        123,
        124,
        125,
        126,
        127,
        128,
        129,
        130,
        131,
        132,
        133,
        134,
        135,
        136,
        137,
        138,
        139,
        140,
        141,
        142,
        143,
        144,
        145,
        146,
        147,
        148,
        149,
        150,
        151,
        152,
        153,
        154,
        155,
        156,
        157,
        158,
        159,
        160,
        161,
        162,
        163,
        164,
        165,
        166,
        167,
        168,
        169,
        170,
        171,
        172,
        173,
        174,
        175,
        176,
        177,
        178
    ],
    "train_loss": [
        34.903141021728516,
        34.71155548095703,
        34.52678680419922,
        34.343467712402344,
        34.15785598754883,
        33.96681213378906,
        33.76237869262695,
        33.53480911254883,
        33.27524948120117,
        32.971981048583984,
        32.63039016723633,
        32.23490524291992,
        31.785118103027344,
        31.27210807800293,
        30.695110321044922,
        30.03910255432129,
        29.301101684570312,
        28.466333389282227,
        27.53667640686035,
        26.5032958984375,
        25.375961303710938,
        24.164979934692383,
        22.896913528442383,
        21.626523971557617,
        20.39452362060547,
        19.30794334411621,
        18.489700317382812,
        18.021785736083984,
        17.993267059326172,
        18.305044174194336,
        18.713716506958008,
        18.91716766357422,
        18.764760971069336,
        18.335813522338867,
        17.735858917236328,
        17.132429122924805,
        16.642898559570312,
        16.28784942626953,
        16.04416275024414,
        15.88383960723877,
        15.765496253967285,
        15.645956039428711,
        15.483301162719727,
        15.27184772491455,
        15.002342224121094,
        14.68844985961914,
        14.339383125305176,
        13.984551429748535,
        13.638411521911621,
        13.322710037231445,
        13.02393913269043,
        12.77550220489502,
        12.519133567810059,
        12.255890846252441,
        11.963064193725586,
        11.638200759887695,
        11.27477741241455,
        10.91943073272705,
        10.576642036437988,
        10.260254859924316,
        9.964608192443848,
        9.68643569946289,
        9.42529296875,
        9.18006420135498,
        8.933286666870117,
        8.691779136657715,
        8.459150314331055,
        8.25638484954834,
        8.090876579284668,
        7.937475204467773,
        7.786630630493164,
        7.6365065574646,
        7.509068965911865,
        7.38631010055542,
        7.302515506744385,
        7.226680278778076,
        7.166477203369141,
        7.110140800476074,
        7.048104286193848,
        7.012951850891113,
        6.990236759185791,
        6.965463638305664,
        6.926422595977783,
        6.888003349304199,
        6.850276470184326,
        6.812619686126709,
        6.766885757446289,
        6.71900749206543,
        6.673065185546875,
        6.6300435066223145,
        6.579232692718506,
        6.545168399810791,
        6.50545597076416,
        6.477179050445557,
        6.451483726501465,
        6.4276814460754395,
        6.408627510070801,
        6.378655910491943,
        6.359658718109131,
        6.331845760345459,
        6.313055992126465,
        6.289760112762451,
        6.265446186065674,
        6.248047351837158,
        6.223936557769775,
        6.206704139709473,
        6.1881208419799805,
        6.158135890960693,
        6.148703098297119,
        6.125333786010742,
        6.1039581298828125,
        6.0873517990112305,
        6.064425945281982,
        6.050649166107178,
        6.024179458618164,
        6.009504795074463,
        5.992203235626221,
        5.972755432128906,
        5.959094047546387,
        5.939539909362793,
        5.915513515472412,
        5.900696277618408,
        5.885805130004883,
        5.867169380187988,
        5.8476948738098145,
        5.831620693206787,
        5.823493003845215,
        5.804512023925781,
        5.784520149230957,
        5.7754411697387695,
        5.755725860595703,
        5.7398834228515625,
        5.7227044105529785,
        5.712657451629639,
        5.701860427856445,
        5.68579626083374,
        5.674798488616943,
        5.658167362213135,
        5.644902229309082,
        5.631293773651123,
        5.613448619842529,
        5.605802536010742,
        5.5896077156066895,
        5.5753045082092285,
        5.559919834136963,
        5.5467023849487305,
        5.541162490844727,
        5.529394626617432,
        5.509762763977051,
        5.50241231918335,
        5.488965034484863,
        5.471146583557129,
        5.465358257293701,
        5.45142936706543,
        5.432056903839111,
        5.421840190887451,
        5.416431427001953,
        5.402902603149414,
        5.382949352264404,
        5.371628284454346,
        5.359035491943359,
        5.345309734344482,
        5.3239593505859375,
        5.3184380531311035,
        5.302315711975098,
        5.292811870574951,
        5.278947830200195,
        5.264657974243164,
        5.246710777282715,
        5.23552131652832,
        5.221948623657227,
        5.203535556793213,
        5.19620418548584,
        5.177119731903076,
        5.1632561683654785,
        5.141340255737305,
        5.128107070922852,
        5.117549896240234,
        5.103378772735596
    ],