{
    "effect_pehe": 5.596118927001953,
    "effect_mae": 2.87237548828125
}