{
    "effect_pehe": 4.1878662109375,
    "effect_mae": 1.552026629447937
}