{
    "effect_pehe": 3.7404625415802,
    "effect_mae": 1.2583832740783691
}