{
    "epoch": [
        0,
        1,
        2,
        3,
        4,
        5,
        6,
        7,
        8,
        9,
        10,
        11,
        12,
        13,
        14,
        15,
        16,
        17,
        18,
        19,
        20,
        21,
        22,
        23,
        24,
        25,
        26,
        27,
        28,
        29,
        30,
        31,
        32,
        33,
        34,
        35,
        36,
        37,
        38,
        39,
        40,
        41,
        42,
        43,
        44,
        45,
        46,
        47,
        48,
        49,
        50,
        51,
        52,
        53,
        54,
        55,
        56,
        57,
        58,
        59,
        60,
        61,
        62,
        63,
        64,
        65,
        66,
        67,
        68,
        69,
        70,
        71,
        72,
        73,
        74,
        75,
        76,
        77,
        78,
        79,
        80,
        81,
        82,
        83,
        84,
        85,
        86,
        87,
        88,
        89,
        90,
        91,
        92,
        93,
        94,
        95,
        96,
        97,
        98,
        99,
        100,
        101,
        102,
        103,
        104,
        105,
        106,
        107,
        108,
        109,
        110,
        111,
        112,
        113,
        114,
        115,
        116,
        117,
        118,
        119,
        120,
        121,
        122,
        123,
        124,
        125,
        126,
        127,
        128,
        129,
        130,
        131,
        132,
        133,
        134,
        135,
        136,
        137,
        138,
        139,
        140,
        141,
        142,
        143,
        144,
        145,
        146,
        147,
        148,
        149,
        150,
        151,
        152,
        153,
        154,
        155,
        156,
        157,
        158,
        159,
        160,
        161,
        162,
        163,
        164,
        165,
        166,
        167,
        168,
        169
    ],
    "train_loss": [
        32.99040985107422,
        32.7824821472168,
        32.56795120239258,
        32.345157623291016,
        32.103092193603516,
        31.829425811767578,
        31.517915725708008,
        31.161226272583008,
        30.752405166625977,
        30.28345489501953,
        29.748641967773438,
        29.134214401245117,
        28.4393253326416,
        27.654064178466797,
        26.775205612182617,
        25.80133056640625,
        24.748991012573242,
        23.62160301208496,
        22.45279312133789,
        21.292734146118164,
        20.17997169494629,
        19.20783233642578,
        18.48692512512207,
        18.114295959472656,
        18.13823890686035,
        18.446664810180664,
        18.790468215942383,
        18.884056091308594,
        18.684717178344727,
        18.259607315063477,
        17.72825813293457,
        17.201000213623047,
        16.77521324157715,
        16.47369384765625,
        16.264286041259766,
        16.1448974609375,
        16.049592971801758,
        15.942292213439941,
        15.782504081726074,
        15.581107139587402,
        15.313373565673828,
        15.012612342834473,
        14.68563175201416,
        14.353850364685059,
        14.035832405090332,
        13.756265640258789,
        13.530609130859375,
        13.304726600646973,
        13.08775806427002,
        12.851465225219727,
        12.578875541687012,
        12.279626846313477,
        11.957402229309082,
        11.649592399597168,
        11.356890678405762,
        11.102569580078125,
        10.859973907470703,
        10.636350631713867,
        10.42324161529541,
        10.211172103881836,
        10.006261825561523,
        9.805198669433594,
        9.614592552185059,
        9.433561325073242,
        9.269818305969238,
        9.115910530090332,
        8.965782165527344,
        8.803348541259766,
        8.643696784973145,
        8.491759300231934,
        8.344198226928711,
        8.201272964477539,
        8.077235221862793,
        7.971172332763672,
        7.8619842529296875,
        7.77199649810791,
        7.693488121032715,
        7.639528274536133,
        7.570987701416016,
        7.535299301147461,
        7.489881992340088,
        7.460621356964111,
        7.427483081817627,
        7.39423942565918,
        7.3747758865356445,
        7.337700843811035,
        7.298530578613281,
        7.25567626953125,
        7.2219367027282715,
        7.176626682281494,
        7.140254974365234,
        7.108692169189453,
        7.0782856941223145,
        7.043169021606445,
        7.025712966918945,
        6.989401340484619,
        6.962823390960693,
        6.939298629760742,
        6.917912006378174,
        6.895665168762207,
        6.874668598175049,
        6.8714776039123535,
        6.846935272216797,
        6.81734037399292,
        6.790785789489746,
        6.777915954589844,
        6.760458946228027,
        6.7331037521362305,
        6.712825775146484,
        6.700239181518555,
        6.6811442375183105,
        6.666421413421631,
        6.655698776245117,
        6.627888202667236,
        6.624234199523926,
        6.605520725250244,
        6.590425491333008,
        6.566620826721191,
        6.551086902618408,
        6.543757438659668,
        6.514881134033203,
        6.505485534667969,
        6.482595920562744,
        6.462471008300781,
        6.450500965118408,
        6.442173004150391,
        6.415781021118164,
        6.391894340515137,
        6.382198810577393,
        6.359972953796387,
        6.348503589630127,
        6.319736480712891,
        6.313796520233154,
        6.29538631439209,
        6.273801803588867,
        6.267584800720215,
        6.236557483673096,
        6.228370189666748,
        6.205209255218506,
        6.183380126953125,
        6.173848628997803,
        6.143880367279053,
        6.123204708099365,
        6.117062091827393,
        6.1000075340271,
        6.084305763244629,
        6.0573344230651855,
        6.047523021697998,
        6.028378009796143,
        6.003591060638428,
        6.001643180847168,
        5.987717628479004,
        5.961313724517822,
        5.947732925415039,
        5.917906761169434,
        5.898532390594482,
        5.8805413246154785,
        5.869993686676025,
        5.847540855407715,
        5.846131324768066,
        5.815537929534912,
        5.804851055145264,
        5.792860984802246,
        5.774153232574463,
        5.738080978393555,
        5.719200134277344,
        5.693209171295166,
        5.693727493286133,
        5.68440055847168,
        5.621490478515625
    ],