{
    "effect_pehe": 2.363934278488159,
    "effect_mae": 0.27269887924194336
}