{
    "effect_pehe": 7.93696403503418,
    "effect_mae": 2.6429271697998047
}