{
    "effect_pehe": 6.819846153259277,
    "effect_mae": 1.1834440231323242
}