{
    "effect_pehe": 9.903565406799316,
    "effect_mae": 5.1700592041015625
}