{
    "epoch": [
        0,
        1,
        2,
        3,
        4,
        5,
        6,
        7,
        8,
        9,
        10,
        11,
        12,
        13,
        14,
        15,
        16,
        17,
        18,
        19,
        20,
        21,
        22,
        23,
        24,
        25,
        26,
        27,
        28,
        29,
        30,
        31,
        32,
        33,
        34,
        35,
        36,
        37,
        38,
        39,
        40,
        41,
        42,
        43,
        44,
        45,
        46,
        47,
        48,
        49,
        50,
        51,
        52,
        53,
        54,
        55,
        56,
        57,
        58,
        59,
        60,
        61,
        62,
        63,
        64,
        65,
        66,
        67,
        68,
        69,
        70,
        71,
        72,
        73,
        74,
        75,
        76,
        77,
        78,
        79,
        80,
        81,
        82,
        83,
        84,
        85,
        86,
        87,
        88,
        89,
        90,
        91,
        92,
        93,
        94,
        95,
        96,
        97,
        98,
        99,
        100,
        101,
        102,
        103,
        104,
        105,
        106,
        107,
        108,
        109,
        110,
        111,
        112,
        113,
        114,
        115,
        116,
        117,
        118,
        119,
        120,
        121,
        122,
        123,
        124,
        125,
        126,
        127,
        128,
        129,
        130,
        131,
        132,
        133,
        134,
        135,
        136,
        137,
        138,
        139,
        140,
        141,
        142,
        143,
        144,
        145,
        146,
        147,
        148,
        149,
        150,
        151,
        152,
        153,
        154,
        155,
        156,
        157,
        158,
        159,
        160,
        161
    ],
    "train_loss": [
        415.58575439453125,
        417.8636169433594,
        278.59857177734375,
        248.73068237304688,
        244.80162048339844,
        200.9937286376953,
        151.9154052734375,
        154.375,
        166.43605041503906,
        161.10440063476562,
        120.25776672363281,
        109.74055480957031,
        119.51780700683594,
        124.90039825439453,
        102.69637298583984,
        83.9150161743164,
        86.80975341796875,
        85.14826202392578,
        81.07093811035156,
        70.11627197265625,
        70.4321517944336,
        62.04457473754883,
        63.40943145751953,
        51.133140563964844,
        46.478111267089844,
        54.28989791870117,
        44.092281341552734,
        34.592041015625,
        31.57698631286621,
        34.21417999267578,
        32.7803840637207,
        26.588756561279297,
        24.77656364440918,
        25.706632614135742,
        23.61624526977539,
        18.909393310546875,
        16.234128952026367,
        16.876237869262695,
        17.739992141723633,
        13.044769287109375,
        12.509998321533203,
        12.107033729553223,
        12.367180824279785,
        9.776350021362305,
        8.556049346923828,
        9.055360794067383,
        8.619403839111328,
        6.483837127685547,
        6.619056224822998,
        6.929621696472168,
        6.306341648101807,
        4.702609062194824,
        4.87460994720459,
        4.353973388671875,
        3.9627883434295654,
        3.4248759746551514,
        3.2738518714904785,
        3.362481117248535,
        2.5149073600769043,
        2.365027666091919,
        2.5766477584838867,
        2.39221453666687,
        2.1672420501708984,
        2.164187431335449,
        2.027928352355957,
        1.739312767982483,
        1.8983731269836426,
        1.52699875831604,
        1.5344462394714355,
        1.5093871355056763,
        1.4448293447494507,
        1.2975547313690186,
        1.3005088567733765,
        1.255299687385559,
        1.1700291633605957,
        1.1254202127456665,
        1.1003375053405762,
        1.0679619312286377,
        1.1369996070861816,
        0.9984875917434692,
        0.9915657043457031,
        0.9727540016174316,
        0.9976016283035278,
        0.9969102144241333,
        0.9421026706695557,
        0.9173315763473511,
        0.901506781578064,
        0.9131221175193787,
        0.8869722485542297,
        0.8826099634170532,
        0.8824202418327332,
        0.8545794486999512,
        0.8568882942199707,
        0.8465474843978882,
        0.8595002293586731,
        0.838965654373169,
        0.8421246409416199,
        0.8291318416595459,
        0.8395226001739502,
        0.847995936870575,
        0.8332462906837463,
        0.8226510286331177,
        0.8211069107055664,
        0.8423660397529602,
        0.8291410207748413,
        0.7962427735328674,
        0.8111074566841125,
        0.8238068222999573,
        0.8049046993255615,
        0.7959670424461365,
        0.8122713565826416,
        0.8148206472396851,
        0.8054491281509399,
        0.8162928819656372,
        0.8133459687232971,
        0.8024515509605408,
        0.7793580889701843,
        0.8049840927124023,
        0.8054698705673218,
        0.8182286024093628,
        0.8009864687919617,
        0.8092880249023438,
        0.8097686171531677,
        0.8043901920318604,
        0.81796795129776,
        0.8090914487838745,
        0.7985314130783081,
        0.8078159689903259,
        0.7865632772445679,
        0.7903982400894165,
        0.7989597320556641,
        0.783385694026947,
        0.7790334820747375,
        0.7879294157028198,
        0.7946943640708923,
        0.7966741919517517,
        0.7852664589881897,
        0.794930636882782,
        0.7982643842697144,
        0.7916503548622131,
        0.7793638706207275,
        0.7960220575332642,
        0.7877783179283142,
        0.7742260694503784,
        0.7874377369880676,
        0.8014198541641235,
        0.7919837236404419,
        0.7733292579650879,
        0.795960545539856,
        0.7832014560699463,
        0.7852001786231995,
        0.7921031713485718,
        0.7675933837890625,
        0.7854502201080322,
        0.7842122316360474,
        0.7811710238456726,
        0.7723953127861023,
        0.7740143537521362,
        0.7571367025375366,
        0.7801485061645508,
        0.7714662551879883,
        0.7869109511375427
    ],