{
    "effect_pehe": 16.72134780883789,
    "effect_mae": 10.261578559875488
}