{
    "effect_pehe": 5.832705020904541,
    "effect_mae": 1.4394989013671875
}