{
    "effect_pehe": 6.935152053833008,
    "effect_mae": 2.5071372985839844
}