{
    "effect_pehe": 17.90155601501465,
    "effect_mae": 5.067434310913086
}