{
    "effect_pehe": 5.787107944488525,
    "effect_mae": 1.178563117980957
}