{
    "effect_pehe": 5.6913628578186035,
    "effect_mae": 2.6766624450683594
}