{
    "epoch": [
        0,
        1,
        2,
        3,
        4,
        5,
        6,
        7,
        8,
        9,
        10,
        11,
        12,
        13,
        14,
        15,
        16,
        17,
        18,
        19,
        20,
        21,
        22,
        23,
        24,
        25,
        26,
        27,
        28,
        29,
        30,
        31,
        32,
        33,
        34,
        35,
        36,
        37,
        38,
        39,
        40,
        41,
        42,
        43,
        44,
        45,
        46,
        47,
        48,
        49,
        50,
        51,
        52,
        53,
        54,
        55,
        56,
        57,
        58,
        59,
        60,
        61,
        62,
        63,
        64,
        65,
        66,
        67,
        68,
        69,
        70,
        71,
        72,
        73,
        74,
        75,
        76,
        77,
        78,
        79,
        80,
        81,
        82,
        83,
        84,
        85,
        86,
        87,
        88,
        89,
        90,
        91,
        92,
        93,
        94,
        95,
        96,
        97,
        98,
        99,
        100,
        101,
        102,
        103,
        104,
        105,
        106,
        107,
        108,
        109,
        110,
        111,
        112,
        113,
        114,
        115,
        116,
        117,
        118,
        119,
        120,
        121,
        122,
        123,
        124,
        125,
        126,
        127,
        128,
        129,
        130,
        131,
        132,
        133,
        134,
        135,
        136,
        137,
        138,
        139,
        140,
        141,
        142,
        143,
        144,
        145,
        146,
        147,
        148,
        149,
        150,
        151,
        152,
        153,
        154,
        155,
        156,
        157,
        158,
        159,
        160,
        161,
        162,
        163,
        164,
        165,
        166,
        167,
        168,
        169,
        170
    ],
    "train_loss": [
        337.7748107910156,
        337.4828796386719,
        337.19232177734375,
        336.89599609375,
        336.57513427734375,
        336.2486877441406,
        335.8883361816406,
        335.5032653808594,
        335.06866455078125,
        334.5531921386719,
        333.97393798828125,
        333.2723388671875,
        332.4600830078125,
        331.45452880859375,
        330.3184509277344,
        328.9546203613281,
        327.3368835449219,
        325.4664001464844,
        323.2535095214844,
        320.5701599121094,
        317.554443359375,
        313.90185546875,
        309.8424987792969,
        304.98504638671875,
        299.51556396484375,
        292.718017578125,
        285.482177734375,
        277.1751708984375,
        268.1746520996094,
        257.1749267578125,
        245.54188537597656,
        232.54653930664062,
        218.45199584960938,
        204.94921875,
        189.96009826660156,
        177.19110107421875,
        166.14210510253906,
        158.12185668945312,
        154.62103271484375,
        156.4590606689453,
        161.51100158691406,
        160.6445770263672,
        161.3235321044922,
        154.1166229248047,
        148.20997619628906,
        141.5945281982422,
        137.39450073242188,
        134.83493041992188,
        134.9396209716797,
        135.78895568847656,
        136.78721618652344,
        137.17152404785156,
        136.62652587890625,
        134.7710723876953,
        133.38397216796875,
        130.68182373046875,
        127.67052459716797,
        127.29633331298828,
        124.46817016601562,
        125.88140869140625,
        125.5518798828125,
        123.9169921875,
        125.2021484375,
        122.24393463134766,
        123.78142547607422,
        121.94796752929688,
        120.84949493408203,
        119.3194580078125,
        119.1529769897461,
        119.11839294433594,
        118.7488021850586,
        118.22068786621094,
        116.02244567871094,
        117.40412902832031,
        115.33243560791016,
        115.90059661865234,
        114.74805450439453,
        114.3148422241211,
        112.34098815917969,
        113.32063293457031,
        111.76034545898438,
        111.13660430908203,
        111.40211486816406,
        111.72704315185547,
        109.5534896850586,
        107.41594696044922,
        108.05780792236328,
        107.62103271484375,
        106.18079376220703,
        106.80831909179688,
        106.5470962524414,
        105.5169677734375,
        103.6960678100586,
        103.1253662109375,
        101.87413024902344,
        101.38874053955078,
        100.96600341796875,
        101.9786376953125,
        99.97023010253906,
        99.83662414550781,
        99.11739349365234,
        98.23182678222656,
        97.42440032958984,
        96.30220794677734,
        97.67066192626953,
        94.92914581298828,
        95.25702667236328,
        93.8586196899414,
        94.14847564697266,
        93.29317474365234,
        92.38683319091797,
        93.59091186523438,
        90.16561889648438,
        92.0863037109375,
        90.2042236328125,
        90.00740814208984,
        90.3105239868164,
        87.78168487548828,
        88.6922836303711,
        86.86861419677734,
        88.8471908569336,
        87.77812957763672,
        86.8082275390625,
        86.06021881103516,
        86.93817901611328,
        85.18479919433594,
        86.09335327148438,
        84.84524536132812,
        83.54255676269531,
        84.04122161865234,
        83.0067367553711,
        83.29978942871094,
        81.39059448242188,
        82.3883285522461,
        80.63890838623047,
        80.99050903320312,
        81.95196533203125,
        80.34640502929688,
        79.4970703125,
        78.11976623535156,
        80.07556915283203,
        78.54900360107422,
        76.78899383544922,
        79.6012191772461,
        78.15264892578125,
        77.00386047363281,
        75.9364013671875,
        74.39462280273438,
        76.48934173583984,
        76.3793716430664,
        74.82838439941406,
        74.7677993774414,
        74.24118041992188,
        74.43431854248047,
        75.15193176269531,
        72.55890655517578,
        74.77919006347656,
        73.72052764892578,
        71.92540740966797,
        73.03912353515625,
        72.59519958496094,
        72.34800720214844,
        72.17265319824219,
        72.43426513671875,
        71.75639343261719,
        68.90289306640625,
        70.40116882324219,
        70.59442138671875,
        70.55717468261719,
        70.27696990966797,
        68.74066925048828
    ],