{
    "effect_pehe": 6.954217433929443,
    "effect_mae": 0.19377756118774414
}