{
    "effect_pehe": 9.71436882019043,
    "effect_mae": 3.780862808227539
}