{
    "effect_pehe": 9.5875244140625,
    "effect_mae": 3.847771167755127
}