{
    "effect_pehe": 7.879359722137451,
    "effect_mae": 2.283395767211914
}