{
    "effect_pehe": 14.699146270751953,
    "effect_mae": 7.8066511154174805
}