{
    "effect_pehe": 8.084092140197754,
    "effect_mae": 2.7042713165283203
}