{
    "effect_pehe": 11.554850578308105,
    "effect_mae": 2.0091466903686523
}