{
    "effect_pehe": 9.522273063659668,
    "effect_mae": 4.740144729614258
}