{
    "effect_pehe": 7.479105472564697,
    "effect_mae": 1.9819083213806152
}