{
    "effect_pehe": 9.60013198852539,
    "effect_mae": 3.838392734527588
}