{
    "effect_pehe": 9.356185913085938,
    "effect_mae": 1.2195591926574707
}