{
    "effect_pehe": 15.839599609375,
    "effect_mae": 7.041200637817383
}