{
    "effect_pehe": 13.391486167907715,
    "effect_mae": 10.619013786315918
}