{
    "effect_pehe": 16.63834571838379,
    "effect_mae": 1.5470657348632812
}