{
    "effect_pehe": 8.668840408325195,
    "effect_mae": 3.120577812194824
}