{
    "effect_pehe": 26.270854949951172,
    "effect_mae": 0.808619499206543
}