{
    "effect_pehe": 65.73723602294922,
    "effect_mae": 0.9997282028198242
}