{
    "epoch": [
        0,
        1,
        2,
        3,
        4,
        5,
        6,
        7,
        8,
        9,
        10,
        11,
        12,
        13,
        14,
        15,
        16,
        17,
        18,
        19,
        20,
        21,
        22,
        23,
        24,
        25,
        26,
        27,
        28,
        29,
        30,
        31,
        32,
        33,
        34,
        35,
        36,
        37,
        38,
        39,
        40,
        41,
        42,
        43,
        44,
        45,
        46,
        47,
        48,
        49,
        50,
        51,
        52,
        53,
        54,
        55,
        56,
        57,
        58,
        59,
        60,
        61,
        62,
        63,
        64,
        65,
        66,
        67,
        68,
        69,
        70,
        71,
        72,
        73,
        74,
        75,
        76,
        77,
        78,
        79,
        80,
        81,
        82,
        83,
        84,
        85,
        86,
        87,
        88,
        89,
        90,
        91,
        92
    ],
    "train_loss": [
        360.4002380371094,
        359.6681823730469,
        358.9551696777344,
        358.2359619140625,
        357.48468017578125,
        356.6877746582031,
        355.8205871582031,
        354.8686218261719,
        353.7991638183594,
        352.5914306640625,
        351.22625732421875,
        349.6502990722656,
        347.86224365234375,
        345.80645751953125,
        343.4708557128906,
        340.8456115722656,
        337.899169921875,
        334.6181945800781,
        330.99267578125,
        327.0373840332031,
        322.7185363769531,
        318.0834655761719,
        313.1522521972656,
        307.91754150390625,
        302.55767822265625,
        297.0071105957031,
        291.2826843261719,
        285.54071044921875,
        279.719970703125,
        273.708740234375,
        267.4706726074219,
        260.8611755371094,
        253.9281768798828,
        246.55332946777344,
        238.8353729248047,
        230.966796875,
        222.76828002929688,
        214.38238525390625,
        205.92965698242188,
        197.4159393310547,
        188.85910034179688,
        180.53721618652344,
        172.5473175048828,
        164.75146484375,
        157.64126586914062,
        151.1859588623047,
        145.24378967285156,
        140.5086212158203,
        136.63003540039062,
        133.5415496826172,
        131.3943328857422,
        129.9408416748047,
        128.92327880859375,
        128.11676025390625,
        127.33000183105469,
        126.48851013183594,
        125.63802337646484,
        124.80864715576172,
        124.048583984375,
        123.48578643798828,
        123.01327514648438,
        122.32206726074219,
        121.7042007446289,
        121.05582427978516,
        120.48688507080078,
        119.59152221679688,
        118.66327667236328,
        117.85211181640625,
        117.08842468261719,
        116.28446960449219,
        115.59967803955078,
        115.04638671875,
        114.44237518310547,
        113.88128662109375,
        113.33287048339844,
        112.86555480957031,
        112.36091613769531,
        111.87481689453125,
        111.16981506347656,
        110.89371490478516,
        110.48465728759766,
        110.08162689208984,
        109.57352447509766,
        109.23578643798828,
        108.79475402832031,
        108.4264907836914,
        107.6860580444336,
        107.37592315673828,
        107.0408706665039,
        106.59241485595703,
        106.13500213623047,
        105.63390350341797,
        105.18693542480469
    ],
    "val_loss": [
        355.1698913574219,
        354.4190979003906,
        353.6816711425781,
        352.9210510253906,
        352.116455078125,
        351.2425231933594,
        350.29986572265625,
        349.25006103515625,
        348.0732727050781,
        346.7263488769531,
        345.214599609375,
        343.4602355957031,
        341.4740295410156,
        339.1965026855469,
        336.5506896972656,
        333.5991516113281,
        330.28045654296875,
        326.5911560058594,
        322.55535888671875,
        318.1522216796875,
        313.4639892578125,
        308.4521179199219,
        303.2606506347656,
        297.8901062011719,
        292.56280517578125,
        287.2389221191406,
        282.1634521484375,
        277.2530517578125,
        272.4726257324219,
        267.6585388183594,
        262.82794189453125,
        257.85748291015625,
        252.4404754638672,
        246.76608276367188,
        240.8243408203125,
        234.30274963378906,
        227.6102752685547,
        220.55372619628906,
        213.2386932373047,
        205.6555938720703,
        198.16065979003906,
        190.5152130126953,
        183.19522094726562,
        175.8801727294922,
        168.93634033203125,
        162.49623107910156,
        156.17218017578125,
        150.68983459472656,
        146.33810424804688,
        142.44349670410156,
        139.23736572265625,
        136.9135284423828,
        135.08673095703125,
        133.32498168945312,
        131.57846069335938,
        129.71627807617188,
        128.1730499267578,
        127.01309967041016,
        126.20342254638672,
        125.27748107910156,
        124.70599365234375,
        124.00646209716797,
        123.72787475585938,
        123.58889770507812,
        123.15048217773438,
        122.56742858886719,
        122.71228790283203,
        122.53388214111328,
        122.75497436523438,
        123.07991027832031,
        124.0053482055664,
        125.17262268066406,
        126.01643371582031,
        127.21163177490234,
        128.56959533691406,
        129.32276916503906,
        129.6710968017578,
        130.24212646484375,
        130.59396362304688,
        131.00486755371094,
        131.16600036621094,
        131.55227661132812,
        132.3932647705078,
        132.85694885253906,
        133.89317321777344,
        135.1382293701172,
        136.5653839111328,
        137.8898162841797,
        139.4071502685547,
        140.72569274902344,
        141.99339294433594,
        142.70199584960938,
        144.085693359375
    ]
}