{
    "effect_pehe": 8.62798023223877,
    "effect_mae": 4.179319381713867
}