{
    "effect_pehe": 8.791475296020508,
    "effect_mae": 4.625641822814941
}