{
    "effect_pehe": 6.792089462280273,
    "effect_mae": 4.67341423034668
}