{
    "effect_pehe": 9.701257705688477,
    "effect_mae": 1.3760414123535156
}