{
    "epoch": [
        0,
        1,
        2,
        3,
        4,
        5,
        6,
        7,
        8,
        9,
        10,
        11,
        12,
        13,
        14,
        15,
        16,
        17,
        18,
        19,
        20,
        21,
        22,
        23,
        24,
        25,
        26,
        27,
        28,
        29,
        30,
        31,
        32,
        33,
        34,
        35,
        36,
        37,
        38,
        39,
        40,
        41,
        42,
        43,
        44,
        45,
        46,
        47,
        48,
        49,
        50,
        51,
        52,
        53,
        54,
        55,
        56,
        57,
        58,
        59,
        60,
        61,
        62,
        63,
        64,
        65,
        66,
        67,
        68,
        69,
        70,
        71,
        72,
        73,
        74,
        75,
        76,
        77,
        78,
        79,
        80,
        81,
        82,
        83,
        84,
        85,
        86,
        87,
        88,
        89,
        90,
        91,
        92,
        93,
        94,
        95,
        96,
        97,
        98,
        99,
        100,
        101,
        102,
        103,
        104,
        105,
        106,
        107,
        108,
        109,
        110,
        111,
        112,
        113,
        114,
        115,
        116,
        117,
        118,
        119,
        120,
        121,
        122,
        123,
        124,
        125,
        126,
        127,
        128,
        129,
        130,
        131,
        132,
        133,
        134,
        135,
        136,
        137,
        138,
        139,
        140,
        141,
        142,
        143,
        144,
        145,
        146,
        147,
        148
    ],
    "train_loss": [
        436.1217041015625,
        197.60504150390625,
        243.37130737304688,
        281.5670471191406,
        252.94300842285156,
        181.65872192382812,
        138.2165069580078,
        148.1992645263672,
        167.111083984375,
        169.64739990234375,
        139.5336151123047,
        101.46742248535156,
        86.2001953125,
        85.67886352539062,
        98.68750762939453,
        92.77899932861328,
        83.01713562011719,
        60.79037857055664,
        59.606468200683594,
        60.96796798706055,
        61.05276107788086,
        51.89905548095703,
        52.444847106933594,
        45.391239166259766,
        37.873661041259766,
        37.808982849121094,
        33.90034103393555,
        39.30507278442383,
        33.168731689453125,
        27.287494659423828,
        23.730300903320312,
        21.949420928955078,
        24.727121353149414,
        24.677650451660156,
        20.888530731201172,
        16.91353988647461,
        15.85075569152832,
        15.877466201782227,
        13.898660659790039,
        14.150649070739746,
        12.210546493530273,
        10.332552909851074,
        9.702037811279297,
        9.880179405212402,
        10.04688549041748,
        8.239370346069336,
        7.783475875854492,
        7.021420955657959,
        6.770737648010254,
        6.5401482582092285,
        6.113616466522217,
        5.228018283843994,
        4.983538627624512,
        4.719674587249756,
        4.572680473327637,
        4.118521213531494,
        4.421476364135742,
        3.505122184753418,
        3.45961594581604,
        3.009093761444092,
        2.847076416015625,
        2.535829782485962,
        2.4595911502838135,
        2.33298397064209,
        2.2049269676208496,
        2.2256858348846436,
        1.8338103294372559,
        1.7135710716247559,
        1.6637256145477295,
        1.6921361684799194,
        1.6727973222732544,
        1.429240107536316,
        1.3713140487670898,
        1.3528742790222168,
        1.3880196809768677,
        1.232450246810913,
        1.179720163345337,
        1.146852731704712,
        1.1276109218597412,
        1.0582870244979858,
        0.9959568381309509,
        1.0438318252563477,
        0.9351809024810791,
        0.9550931453704834,
        0.9151454567909241,
        0.9241576790809631,
        0.8234210014343262,
        0.7953639030456543,
        0.8316999673843384,
        0.8641743659973145,
        0.8447445631027222,
        0.7800121903419495,
        0.7509229183197021,
        0.8014752864837646,
        0.7160167694091797,
        0.7424875497817993,
        0.7301782369613647,
        0.7364148497581482,
        0.71250981092453,
        0.7530156970024109,
        0.7090957760810852,
        0.7128230333328247,
        0.7181357741355896,
        0.6747258305549622,
        0.6911553144454956,
        0.7029955387115479,
        0.6838012337684631,
        0.6720099449157715,
        0.6694006323814392,
        0.6757728457450867,
        0.6928326487541199,
        0.6897649765014648,
        0.6754863262176514,
        0.6673933863639832,
        0.7097463607788086,
        0.6495564579963684,
        0.7069137692451477,
        0.6918017268180847,
        0.6736529469490051,
        0.6674834489822388,
        0.6389034390449524,
        0.6491665840148926,
        0.6570639610290527,
        0.6771432161331177,
        0.6683247685432434,
        0.6558486223220825,
        0.6615597009658813,
        0.6692010164260864,
        0.6901986002922058,
        0.6694998741149902,
        0.6669513583183289,
        0.6619713306427002,
        0.6958115100860596,
        0.6459821462631226,
        0.6625490784645081,
        0.6490423083305359,
        0.688715398311615,
        0.6878761053085327,
        0.6517826914787292,
        0.6897574663162231,
        0.7081460356712341,
        0.6673069000244141,
        0.6884214878082275,
        0.6619308590888977,
        0.6561323404312134,
        0.6524540781974792,
        0.6458654999732971,
        0.6406709551811218,
        0.6585609912872314
    ],