{
    "effect_pehe": 5.337708473205566,
    "effect_mae": 2.147815704345703
}