{
    "effect_pehe": 15.533366850749974,
    "effect_mae": 10.461760325792381
}