{
    "effect_pehe": 26.781792022884883,
    "effect_mae": 17.125176376439843
}