{
    "effect_pehe": 2.590628147125244,
    "effect_mae": 1.2435228824615479
}