{
    "effect_pehe": 2.603909969329834,
    "effect_mae": 1.1900694370269775
}