{
    "effect_pehe": 0.7802942395210266,
    "effect_mae": 0.05317068099975586
}