{
    "effect_pehe": 1.5403878688812256,
    "effect_mae": 0.3067333698272705
}