{
    "effect_pehe": 3.144345283508301,
    "effect_mae": 2.0629053115844727
}