{
    "effect_pehe": 2.831808090209961,
    "effect_mae": 0.6287416219711304
}