{
    "effect_pehe": 3.5650553703308105,
    "effect_mae": 1.3215277194976807
}