{
    "effect_pehe": 3.660982847213745,
    "effect_mae": 1.0964884757995605
}