{
    "effect_pehe": 7.08908748626709,
    "effect_mae": 0.6506175994873047
}