{
    "effect_pehe": 7.217373847961426,
    "effect_mae": 0.09714603424072266
}