{
    "effect_pehe": 7.177992343902588,
    "effect_mae": 0.3051791191101074
}