{
    "effect_pehe": 7.267035484313965,
    "effect_mae": 0.6767902374267578
}