{
    "effect_pehe": 6.745443344116211,
    "effect_mae": 0.1124272346496582
}