{
    "effect_pehe": 8.267499923706055,
    "effect_mae": 1.0993142127990723
}