{
    "effect_pehe": 6.96054744720459,
    "effect_mae": 0.8492269515991211
}