{
    "effect_pehe": 8.2254638671875,
    "effect_mae": 0.8151278495788574
}