{
    "effect_pehe": 8.621457024909107,
    "effect_mae": 5.95992403366804
}}