{
    "effect_pehe": 7.398885726928711,
    "effect_mae": 3.3193717002868652
}