{
    "effect_pehe": 6.866703987121582,
    "effect_mae": 1.6570448875427246
}