{
    "effect_pehe": 6.6128387451171875,
    "effect_mae": 1.9276633262634277
}