{
    "epoch": [
        0,
        1,
        2,
        3,
        4,
        5,
        6,
        7,
        8,
        9,
        10,
        11,
        12,
        13,
        14,
        15,
        16,
        17,
        18,
        19,
        20,
        21,
        22,
        23,
        24,
        25,
        26,
        27,
        28,
        29,
        30,
        31,
        32,
        33,
        34,
        35,
        36,
        37,
        38,
        39,
        40,
        41,
        42,
        43,
        44,
        45,
        46,
        47,
        48,
        49,
        50,
        51,
        52,
        53,
        54,
        55,
        56,
        57,
        58,
        59,
        60,
        61,
        62,
        63,
        64,
        65,
        66,
        67,
        68,
        69,
        70,
        71,
        72,
        73,
        74,
        75,
        76,
        77,
        78,
        79,
        80,
        81,
        82,
        83,
        84,
        85,
        86,
        87,
        88,
        89,
        90,
        91,
        92,
        93,
        94,
        95,
        96,
        97,
        98,
        99,
        100,
        101,
        102,
        103,
        104,
        105,
        106,
        107,
        108,
        109,
        110,
        111,
        112,
        113,
        114,
        115,
        116,
        117,
        118,
        119,
        120,
        121,
        122,
        123,
        124,
        125,
        126,
        127,
        128,
        129,
        130,
        131,
        132,
        133,
        134,
        135,
        136,
        137,
        138,
        139,
        140,
        141,
        142,
        143,
        144,
        145,
        146,
        147,
        148,
        149,
        150,
        151,
        152,
        153,
        154,
        155,
        156,
        157,
        158,
        159,
        160,
        161
    ],
    "train_loss": [
        50.14982986450195,
        49.95726776123047,
        49.77606964111328,
        49.59783935546875,
        49.4134407043457,
        49.207332611083984,
        48.97283935546875,
        48.70195388793945,
        48.40180587768555,
        48.056884765625,
        47.664878845214844,
        47.220123291015625,
        46.72024917602539,
        46.15850067138672,
        45.53409957885742,
        44.84088134765625,
        44.08268356323242,
        43.25436782836914,
        42.3720703125,
        41.431373596191406,
        40.46320343017578,
        39.457359313964844,
        38.447845458984375,
        37.453102111816406,
        36.54144287109375,
        35.77507019042969,
        35.2520866394043,
        34.99909973144531,
        35.004276275634766,
        35.07060623168945,
        34.9997444152832,
        34.64948654174805,
        34.067073822021484,
        33.3380241394043,
        32.588348388671875,
        31.88422203063965,
        31.281675338745117,
        30.755596160888672,
        30.321828842163086,
        29.884098052978516,
        29.459672927856445,
        29.025209426879883,
        28.521865844726562,
        27.991439819335938,
        27.419288635253906,
        26.815921783447266,
        26.201988220214844,
        25.614280700683594,
        25.03601837158203,
        24.481359481811523,
        23.92661476135254,
        23.36924934387207,
        22.733213424682617,
        22.047107696533203,
        21.310243606567383,
        20.546768188476562,
        19.784914016723633,
        19.036815643310547,
        18.286380767822266,
        17.54273223876953,
        16.771944046020508,
        16.035537719726562,
        15.349370002746582,
        14.735319137573242,
        14.240218162536621,
        13.842533111572266,
        13.51741886138916,
        13.221084594726562,
        13.04688549041748,
        12.939081192016602,
        12.86660385131836,
        12.80091667175293,
        12.816509246826172,
        12.77230167388916,
        12.716697692871094,
        12.66977310180664,
        12.5701265335083,
        12.487130165100098,
        12.371877670288086,
        12.256996154785156,
        12.150471687316895,
        12.062530517578125,
        11.970039367675781,
        11.861690521240234,
        11.787189483642578,
        11.711103439331055,
        11.626442909240723,
        11.5885009765625,
        11.547525405883789,
        11.438450813293457,
        11.324016571044922,
        11.271997451782227,
        11.193687438964844,
        11.055093765258789,
        10.964141845703125,
        10.866342544555664,
        10.73667049407959,
        10.652914047241211,
        10.547708511352539,
        10.442451477050781,
        10.376917839050293,
        10.283185958862305,
        10.180842399597168,
        10.113142967224121,
        10.032648086547852,
        9.979848861694336,
        9.882204055786133,
        9.822166442871094,
        9.774590492248535,
        9.732254981994629,
        9.67856502532959,
        9.644951820373535,
        9.605236053466797,
        9.578989028930664,
        9.541508674621582,
        9.486104965209961,
        9.466402053833008,
        9.41476821899414,
        9.381217002868652,
        9.353323936462402,
        9.312911033630371,
        9.278412818908691,
        9.259819984436035,
        9.210439682006836,
        9.182076454162598,
        9.158990859985352,
        9.125374794006348,
        9.109745979309082,
        9.095026969909668,
        9.063179969787598,
        9.045146942138672,
        9.03204345703125,
        9.006546974182129,
        8.979970932006836,
        8.965973854064941,
        8.944093704223633,
        8.92928695678711,
        8.913361549377441,
        8.893205642700195,
        8.879168510437012,
        8.844810485839844,
        8.828828811645508,
        8.826717376708984,
        8.801342964172363,
        8.78256893157959,
        8.78213882446289,
        8.765869140625,
        8.737774848937988,
        8.716231346130371,
        8.695161819458008,
        8.694117546081543,
        8.672043800354004,
        8.6558198928833,
        8.623725891113281,
        8.60635757446289,
        8.592418670654297,
        8.572591781616211,
        8.554057121276855,
        8.550281524658203,
        8.529863357543945,
        8.509478569030762,
        8.488054275512695
    ],