{
    "epoch": [
        0,
        1,
        2,
        3,
        4,
        5,
        6,
        7,
        8,
        9,
        10,
        11,
        12,
        13,
        14,
        15,
        16,
        17,
        18,
        19,
        20,
        21,
        22,
        23,
        24,
        25,
        26,
        27,
        28,
        29,
        30,
        31,
        32,
        33,
        34,
        35,
        36,
        37,
        38,
        39,
        40,
        41,
        42,
        43,
        44,
        45,
        46,
        47,
        48,
        49,
        50,
        51,
        52,
        53,
        54,
        55,
        56,
        57,
        58,
        59,
        60,
        61,
        62,
        63,
        64,
        65,
        66,
        67,
        68,
        69,
        70,
        71,
        72,
        73,
        74,
        75,
        76,
        77,
        78,
        79,
        80,
        81,
        82,
        83,
        84,
        85,
        86,
        87,
        88,
        89,
        90,
        91,
        92,
        93,
        94,
        95,
        96,
        97,
        98,
        99,
        100,
        101,
        102,
        103,
        104,
        105,
        106,
        107,
        108,
        109,
        110,
        111,
        112,
        113,
        114,
        115,
        116,
        117,
        118,
        119,
        120,
        121,
        122,
        123,
        124,
        125,
        126,
        127,
        128,
        129,
        130,
        131,
        132,
        133,
        134,
        135,
        136,
        137,
        138,
        139,
        140,
        141,
        142,
        143,
        144,
        145,
        146,
        147,
        148,
        149,
        150,
        151,
        152,
        153,
        154,
        155,
        156,
        157,
        158,
        159,
        160,
        161,
        162,
        163,
        164,
        165,
        166,
        167,
        168,
        169,
        170,
        171
    ],
    "train_loss": [
        51.884220123291016,
        51.67244338989258,
        51.45939254760742,
        51.24108123779297,
        51.01242446899414,
        50.77245330810547,
        50.51627731323242,
        50.22772216796875,
        49.9093017578125,
        49.54822540283203,
        49.13826370239258,
        48.679229736328125,
        48.15730667114258,
        47.57136154174805,
        46.90857696533203,
        46.16797637939453,
        45.33151626586914,
        44.39867401123047,
        43.36231231689453,
        42.232120513916016,
        41.02242660522461,
        39.76333999633789,
        38.474029541015625,
        37.221370697021484,
        36.10762023925781,
        35.198448181152344,
        34.6579475402832,
        34.507843017578125,
        34.712276458740234,
        35.05419158935547,
        35.20793151855469,
        35.02457809448242,
        34.53764724731445,
        33.86475372314453,
        33.19417190551758,
        32.59452438354492,
        32.1445426940918,
        31.8034725189209,
        31.57076072692871,
        31.33924674987793,
        31.102556228637695,
        30.82257652282715,
        30.459924697875977,
        30.02968978881836,
        29.541318893432617,
        28.99437713623047,
        28.443193435668945,
        27.895328521728516,
        27.371685028076172,
        26.86123275756836,
        26.36001205444336,
        25.819093704223633,
        25.229293823242188,
        24.563879013061523,
        23.84406089782715,
        23.071632385253906,
        22.30103302001953,
        21.519195556640625,
        20.753002166748047,
        19.961790084838867,
        19.15337371826172,
        18.327861785888672,
        17.480175018310547,
        16.650527954101562,
        15.871026992797852,
        15.1780424118042,
        14.545769691467285,
        13.987044334411621,
        13.499844551086426,
        13.125659942626953,
        12.833746910095215,
        12.652271270751953,
        12.526859283447266,
        12.438705444335938,
        12.416486740112305,
        12.390523910522461,
        12.37780475616455,
        12.329554557800293,
        12.284835815429688,
        12.210835456848145,
        12.117776870727539,
        12.007686614990234,
        11.897588729858398,
        11.765008926391602,
        11.64983081817627,
        11.539321899414062,
        11.437042236328125,
        11.340376853942871,
        11.256022453308105,
        11.182429313659668,
        11.118959426879883,
        11.047799110412598,
        11.00479793548584,
        10.943463325500488,
        10.879097938537598,
        10.810338020324707,
        10.736534118652344,
        10.64832592010498,
        10.565382957458496,
        10.487687110900879,
        10.393144607543945,
        10.294877052307129,
        10.192144393920898,
        10.098302841186523,
        10.008060455322266,
        9.941411972045898,
        9.821605682373047,
        9.742444038391113,
        9.625597953796387,
        9.525383949279785,
        9.420795440673828,
        9.298027992248535,
        9.17007827758789,
        9.07443904876709,
        8.958304405212402,
        8.849418640136719,
        8.7398099899292,
        8.635690689086914,
        8.541892051696777,
        8.440996170043945,
        8.346303939819336,
        8.266617774963379,
        8.160547256469727,
        8.091846466064453,
        8.016512870788574,
        7.931685447692871,
        7.869262218475342,
        7.790250778198242,
        7.76502799987793,
        7.703780651092529,
        7.644161224365234,
        7.610093116760254,
        7.556642055511475,
        7.521942615509033,
        7.469274044036865,
        7.43790340423584,
        7.434311866760254,
        7.399563312530518,
        7.3949456214904785,
        7.335804462432861,
        7.317089557647705,
        7.303308963775635,
        7.242672920227051,
        7.241630554199219,
        7.233852386474609,
        7.217043399810791,
        7.176486015319824,
        7.188609600067139,
        7.138498783111572,
        7.127869129180908,
        7.1151604652404785,
        7.110919952392578,
        7.077913761138916,
        7.06353235244751,
        7.047133922576904,
        7.016097068786621,
        6.991235733032227,
        6.973196506500244,
        6.949726581573486,
        6.94565486907959,
        6.927480220794678,
        6.905521392822266,
        6.869318008422852,
        6.8614702224731445,
        6.842475891113281,
        6.8336029052734375,
        6.804854393005371,
        6.8018646240234375,
        6.7728471755981445,
        6.749787330627441,
        6.737146377563477,
        6.719554424285889
    ],