{
    "epoch": [
        0,
        1,
        2,
        3,
        4,
        5,
        6,
        7,
        8,
        9,
        10,
        11,
        12,
        13,
        14,
        15,
        16,
        17,
        18,
        19,
        20,
        21,
        22,
        23,
        24,
        25,
        26,
        27,
        28,
        29,
        30,
        31,
        32,
        33,
        34,
        35,
        36,
        37,
        38,
        39,
        40,
        41,
        42,
        43,
        44,
        45,
        46,
        47,
        48,
        49,
        50,
        51,
        52,
        53,
        54,
        55,
        56,
        57,
        58,
        59,
        60,
        61,
        62,
        63,
        64,
        65,
        66,
        67,
        68,
        69,
        70,
        71,
        72,
        73,
        74,
        75,
        76,
        77,
        78,
        79,
        80,
        81,
        82,
        83,
        84,
        85,
        86,
        87,
        88,
        89,
        90,
        91,
        92,
        93,
        94,
        95,
        96,
        97,
        98,
        99,
        100,
        101,
        102,
        103,
        104,
        105,
        106,
        107,
        108,
        109,
        110,
        111,
        112,
        113,
        114,
        115,
        116,
        117,
        118,
        119,
        120,
        121,
        122,
        123,
        124,
        125,
        126,
        127,
        128,
        129,
        130,
        131,
        132,
        133,
        134,
        135,
        136,
        137,
        138,
        139,
        140,
        141
    ],
    "train_loss": [
        39.468563079833984,
        39.34555435180664,
        39.221290588378906,
        39.09453201293945,
        38.9649543762207,
        38.82712936401367,
        38.67168045043945,
        38.49675369262695,
        38.299339294433594,
        38.07356643676758,
        37.82097625732422,
        37.52925491333008,
        37.209598541259766,
        36.85017013549805,
        36.441650390625,
        35.99386978149414,
        35.50513458251953,
        34.97789001464844,
        34.41399383544922,
        33.834495544433594,
        33.234806060791016,
        32.65632247924805,
        32.130165100097656,
        31.702425003051758,
        31.407651901245117,
        31.290939331054688,
        31.359560012817383,
        31.519758224487305,
        31.617225646972656,
        31.601377487182617,
        31.41622543334961,
        31.133296966552734,
        30.83102035522461,
        30.557783126831055,
        30.341503143310547,
        30.186220169067383,
        30.056093215942383,
        29.958438873291016,
        29.82918357849121,
        29.686159133911133,
        29.498096466064453,
        29.281110763549805,
        29.00874900817871,
        28.715734481811523,
        28.423627853393555,
        28.1029052734375,
        27.819408416748047,
        27.54083251953125,
        27.270761489868164,
        26.99175453186035,
        26.691564559936523,
        26.353317260742188,
        26.004425048828125,
        25.647811889648438,
        25.288711547851562,
        24.954408645629883,
        24.60663604736328,
        24.267017364501953,
        23.90976905822754,
        23.543010711669922,
        23.13331413269043,
        22.75049591064453,
        22.349672317504883,
        21.99796485900879,
        21.63543128967285,
        21.304773330688477,
        20.98783302307129,
        20.726673126220703,
        20.51605987548828,
        20.34775733947754,
        20.215946197509766,
        20.112442016601562,
        20.059913635253906,
        20.008819580078125,
        19.938344955444336,
        19.883207321166992,
        19.83003807067871,
        19.754785537719727,
        19.67741584777832,
        19.62028694152832,
        19.518966674804688,
        19.441497802734375,
        19.367408752441406,
        19.300697326660156,
        19.25027847290039,
        19.176986694335938,
        19.096467971801758,
        19.0560302734375,
        19.01010513305664,
        18.95357322692871,
        18.898208618164062,
        18.85232925415039,
        18.77973747253418,
        18.728862762451172,
        18.657873153686523,
        18.610597610473633,
        18.522605895996094,
        18.464805603027344,
        18.41569709777832,
        18.351268768310547,
        18.289701461791992,
        18.20895004272461,
        18.163211822509766,
        18.098106384277344,
        18.0443172454834,
        18.00104522705078,
        17.918209075927734,
        17.852693557739258,
        17.80018424987793,
        17.756032943725586,
        17.693767547607422,
        17.682016372680664,
        17.598024368286133,
        17.537059783935547,
        17.53441619873047,
        17.454792022705078,
        17.41368865966797,
        17.38536834716797,
        17.317535400390625,
        17.277833938598633,
        17.24543571472168,
        17.17725944519043,
        17.150033950805664,
        17.09880256652832,
        17.0593204498291,
        16.997596740722656,
        16.98223304748535,
        16.902257919311523,
        16.884742736816406,
        16.831714630126953,
        16.79659652709961,
        16.74394416809082,
        16.699312210083008,
        16.639930725097656,
        16.62619400024414,
        16.549087524414062,
        16.546730041503906,
        16.48940658569336,
        16.456256866455078,
        16.3904972076416,
        16.336849212646484,
        16.2895565032959
    ],