{
    "effect_pehe": 7.162413597106934,
    "effect_mae": 3.3148083686828613
}