{
    "effect_pehe": 7.4441728591918945,
    "effect_mae": 3.956648826599121
}