{
    "effect_pehe": 13.766057968139648,
    "effect_mae": 9.313532829284668
}