{
    "effect_pehe": 7.611472129821777,
    "effect_mae": 4.104317665100098
}