{
    "effect_pehe": 7.6108222007751465,
    "effect_mae": 3.5464205741882324
}