{
    "epoch": [
        0,
        1,
        2,
        3,
        4,
        5,
        6,
        7,
        8,
        9,
        10,
        11,
        12,
        13,
        14,
        15,
        16,
        17,
        18,
        19,
        20,
        21,
        22,
        23,
        24,
        25,
        26,
        27,
        28,
        29,
        30,
        31,
        32,
        33,
        34,
        35,
        36,
        37,
        38,
        39,
        40,
        41,
        42,
        43,
        44,
        45,
        46,
        47,
        48,
        49,
        50,
        51,
        52,
        53,
        54,
        55,
        56,
        57,
        58,
        59,
        60,
        61,
        62,
        63,
        64,
        65,
        66,
        67,
        68,
        69,
        70,
        71,
        72,
        73,
        74,
        75,
        76,
        77,
        78,
        79,
        80,
        81,
        82,
        83,
        84,
        85,
        86,
        87,
        88,
        89,
        90,
        91,
        92,
        93,
        94,
        95,
        96,
        97,
        98,
        99,
        100,
        101,
        102,
        103,
        104,
        105,
        106,
        107,
        108,
        109,
        110,
        111,
        112,
        113,
        114,
        115,
        116,
        117,
        118,
        119,
        120,
        121,
        122,
        123,
        124,
        125,
        126,
        127,
        128,
        129,
        130,
        131,
        132,
        133,
        134,
        135,
        136,
        137,
        138,
        139,
        140,
        141,
        142,
        143,
        144,
        145,
        146,
        147,
        148,
        149,
        150,
        151
    ],
    "train_loss": [
        49.369972229003906,
        49.1792106628418,
        49.002864837646484,
        48.835601806640625,
        48.665706634521484,
        48.487579345703125,
        48.30000686645508,
        48.095333099365234,
        47.869022369384766,
        47.61692428588867,
        47.327781677246094,
        47.0030403137207,
        46.634742736816406,
        46.22209930419922,
        45.754974365234375,
        45.2382698059082,
        44.65968704223633,
        44.01820755004883,
        43.3272590637207,
        42.575103759765625,
        41.75518798828125,
        40.896522521972656,
        39.99571228027344,
        39.07607650756836,
        38.1968879699707,
        37.3602180480957,
        36.62826156616211,
        36.08918762207031,
        35.729522705078125,
        35.58125305175781,
        35.53223419189453,
        35.45538330078125,
        35.2291145324707,
        34.79788589477539,
        34.20028305053711,
        33.545806884765625,
        32.87668991088867,
        32.255401611328125,
        31.694469451904297,
        31.175769805908203,
        30.699514389038086,
        30.222421646118164,
        29.713272094726562,
        29.154212951660156,
        28.53584861755371,
        27.873382568359375,
        27.18301773071289,
        26.49213981628418,
        25.788347244262695,
        25.121707916259766,
        24.478975296020508,
        23.78582763671875,
        23.06995391845703,
        22.28487205505371,
        21.44061851501465,
        20.567602157592773,
        19.69817543029785,
        18.8465633392334,
        18.029644012451172,
        17.261375427246094,
        16.495317459106445,
        15.779454231262207,
        15.185720443725586,
        14.729517936706543,
        14.386494636535645,
        14.090490341186523,
        13.880133628845215,
        13.759177207946777,
        13.677102088928223,
        13.571264266967773,
        13.50202465057373,
        13.40717887878418,
        13.310667037963867,
        13.141449928283691,
        12.955313682556152,
        12.793316841125488,
        12.594569206237793,
        12.390531539916992,
        12.213455200195312,
        12.036447525024414,
        11.87999153137207,
        11.723876953125,
        11.582483291625977,
        11.44699764251709,
        11.295145034790039,
        11.163179397583008,
        11.013737678527832,
        10.855720520019531,
        10.705865859985352,
        10.550544738769531,
        10.397139549255371,
        10.282979965209961,
        10.154723167419434,
        10.07371711730957,
        10.001862525939941,
        9.92457103729248,
        9.8313570022583,
        9.719307899475098,
        9.643855094909668,
        9.589964866638184,
        9.514252662658691,
        9.444899559020996,
        9.417693138122559,
        9.360650062561035,
        9.304174423217773,
        9.2625732421875,
        9.195195198059082,
        9.158299446105957,
        9.117728233337402,
        9.077622413635254,
        9.047358512878418,
        9.024141311645508,
        8.973209381103516,
        8.960290908813477,
        8.921669006347656,
        8.89111042022705,
        8.874979972839355,
        8.848774909973145,
        8.836051940917969,
        8.799620628356934,
        8.794648170471191,
        8.764164924621582,
        8.746379852294922,
        8.728078842163086,
        8.700594902038574,
        8.685476303100586,
        8.66612720489502,
        8.660893440246582,
        8.634134292602539,
        8.611894607543945,
        8.603043556213379,
        8.5939302444458,
        8.554734230041504,
        8.54004192352295,
        8.51371955871582,
        8.49867057800293,
        8.481666564941406,
        8.467259407043457,
        8.453658103942871,
        8.435562133789062,
        8.400262832641602,
        8.382658958435059,
        8.365877151489258,
        8.341617584228516,
        8.330161094665527,
        8.30642032623291,
        8.29714298248291,
        8.272845268249512,
        8.24691104888916,
        8.23576545715332,
        8.20563793182373,
        8.201416015625
    ],