{
    "effect_pehe": 6.7159271240234375,
    "effect_mae": 0.5468001365661621
}