{
    "effect_pehe": 9.492668151855469,
    "effect_mae": 0.4201974868774414
}