{
    "effect_pehe": 9.039762496948242,
    "effect_mae": 0.03720283508300781
}