{
    "effect_pehe": 9.344632148742676,
    "effect_mae": 0.9065265655517578
}