{
    "effect_pehe": 11.435810089111328,
    "effect_mae": 2.391857147216797
}