{
    "effect_pehe": 7.6288161277771,
    "effect_mae": 0.8188672065734863
}