{
    "effect_pehe": 9.24824333190918,
    "effect_mae": 0.5604443550109863
}