{
    "effect_pehe": 7.266965389251709,
    "effect_mae": 1.1611700057983398
}