{
    "effect_pehe": 6.272308349609375,
    "effect_mae": 0.13788509368896484
}