{
    "effect_pehe": 6.360188007354736,
    "effect_mae": 0.9782590866088867
}