{
    "effect_pehe": 7.425367832183838,
    "effect_mae": 0.9850258827209473
}