{
    "effect_pehe": 7.3429036140441895,
    "effect_mae": 0.09033870697021484
}