{
    "effect_pehe": 8.125031471252441,
    "effect_mae": 0.14094924926757812
}