{
    "effect_pehe": 9.019399642944336,
    "effect_mae": 0.4543924331665039
}