{
    "effect_pehe": 0.7649836540222168,
    "effect_mae": 0.005678743124008179
}