{
    "effect_pehe": 2.110786199569702,
    "effect_mae": 0.14941437542438507
}