{
    "effect_pehe": 1.356960654258728,
    "effect_mae": 0.1672864705324173
}