{
    "effect_pehe": 2.0380637645721436,
    "effect_mae": 0.11986106634140015
}