{
    "effect_pehe": 0.8478773236274719,
    "effect_mae": 0.013711810111999512
}