{
    "effect_pehe": 1.105731725692749,
    "effect_mae": 0.21541191637516022
}