{
    "effect_pehe": 1.1907633543014526,
    "effect_mae": 0.10082221031188965
}