{
    "effect_pehe": 9.56443977355957,
    "effect_mae": 0.5162467956542969
}