{
    "effect_pehe": 4.768511772155762,
    "effect_mae": 1.2734441757202148
}