{
    "effect_pehe": 9.071683883666992,
    "effect_mae": 2.1942405700683594
}