{
    "effect_pehe": 10.667336463928223,
    "effect_mae": 1.5315213203430176
}