{
    "effect_pehe": 5.414679527282715,
    "effect_mae": 0.5258264541625977
}