{
    "effect_pehe": 9.12254524230957,
    "effect_mae": 1.0178813934326172
}