{
    "effect_pehe": 6.042769432067871,
    "effect_mae": 0.35208845138549805
}