{
    "effect_pehe": 6.316707134246826,
    "effect_mae": 1.7272801399230957
}