{
    "effect_pehe": 14.186919212341309,
    "effect_mae": 0.9546470642089844
}