{
    "effect_pehe": 8.554882049560547,
    "effect_mae": 0.9849433898925781
}