{
    "effect_pehe": 7.065063953399658,
    "effect_mae": 1.3195915222167969
}