{
    "effect_pehe": 6.027102470397949,
    "effect_mae": 1.112351417541504
}