{
    "epoch": [
        0,
        1,
        2,
        3,
        4,
        5,
        6,
        7,
        8,
        9,
        10,
        11,
        12,
        13,
        14,
        15,
        16,
        17,
        18,
        19,
        20,
        21,
        22,
        23,
        24,
        25,
        26,
        27,
        28,
        29,
        30,
        31,
        32,
        33,
        34,
        35,
        36,
        37,
        38,
        39,
        40,
        41,
        42,
        43,
        44,
        45,
        46,
        47,
        48,
        49,
        50,
        51,
        52,
        53,
        54,
        55,
        56,
        57,
        58,
        59,
        60,
        61,
        62,
        63,
        64,
        65,
        66,
        67,
        68,
        69,
        70,
        71,
        72,
        73,
        74,
        75,
        76,
        77,
        78,
        79,
        80,
        81,
        82,
        83,
        84,
        85,
        86,
        87,
        88,
        89,
        90,
        91,
        92,
        93,
        94,
        95,
        96,
        97,
        98,
        99,
        100,
        101,
        102,
        103,
        104,
        105,
        106,
        107,
        108,
        109,
        110,
        111,
        112,
        113,
        114,
        115,
        116,
        117,
        118,
        119,
        120,
        121,
        122,
        123,
        124,
        125,
        126,
        127,
        128,
        129,
        130,
        131,
        132,
        133,
        134,
        135,
        136,
        137,
        138,
        139,
        140,
        141,
        142,
        143,
        144,
        145,
        146,
        147,
        148,
        149,
        150,
        151,
        152,
        153,
        154,
        155,
        156,
        157,
        158,
        159,
        160
    ],
    "train_loss": [
        42.883140563964844,
        42.6949462890625,
        42.524898529052734,
        42.341163635253906,
        42.14147186279297,
        41.91071701049805,
        41.6336555480957,
        41.31007766723633,
        40.92314529418945,
        40.47928237915039,
        39.95512390136719,
        39.35917282104492,
        38.67759704589844,
        37.885990142822266,
        37.008087158203125,
        36.08000183105469,
        35.07925033569336,
        34.076324462890625,
        33.13634490966797,
        32.39756393432617,
        31.895700454711914,
        31.78319549560547,
        32.07771301269531,
        32.48554229736328,
        32.38962173461914,
        32.04854202270508,
        31.632789611816406,
        31.17293357849121,
        30.899003982543945,
        30.77550506591797,
        30.745595932006836,
        30.696184158325195,
        30.637428283691406,
        30.557344436645508,
        30.358543395996094,
        30.145763397216797,
        29.832700729370117,
        29.507051467895508,
        29.16628074645996,
        28.89565658569336,
        28.625146865844727,
        28.395719528198242,
        28.111913681030273,
        27.813913345336914,
        27.440309524536133,
        27.055259704589844,
        26.606536865234375,
        26.132659912109375,
        25.581159591674805,
        25.02541160583496,
        24.457387924194336,
        23.860689163208008,
        23.220491409301758,
        22.50678062438965,
        21.761648178100586,
        20.93621826171875,
        20.095458984375,
        19.262157440185547,
        18.394878387451172,
        17.531972885131836,
        16.6827392578125,
        15.866232872009277,
        15.078255653381348,
        14.372432708740234,
        13.805856704711914,
        13.314577102661133,
        12.89270305633545,
        12.600290298461914,
        12.384747505187988,
        12.169550895690918,
        12.061502456665039,
        11.936593055725098,
        11.815114974975586,
        11.686010360717773,
        11.529376029968262,
        11.370018005371094,
        11.213844299316406,
        11.058802604675293,
        10.829475402832031,
        10.657438278198242,
        10.485936164855957,
        10.359761238098145,
        10.164552688598633,
        10.005642890930176,
        9.892688751220703,
        9.733647346496582,
        9.593652725219727,
        9.437155723571777,
        9.268621444702148,
        9.080089569091797,
        8.949223518371582,
        8.801786422729492,
        8.588593482971191,
        8.43050479888916,
        8.285845756530762,
        8.174071311950684,
        8.063483238220215,
        7.948091506958008,
        7.933070659637451,
        7.794474124908447,
        7.720844745635986,
        7.676591873168945,
        7.515745162963867,
        7.513264179229736,
        7.444497108459473,
        7.405216217041016,
        7.3940277099609375,
        7.38173246383667,
        7.365630149841309,
        7.282186508178711,
        7.273731231689453,
        7.2527313232421875,
        7.213998794555664,
        7.247187614440918,
        7.228168964385986,
        7.121944904327393,
        7.079211235046387,
        7.108606815338135,
        7.047394752502441,
        7.018044471740723,
        7.023350715637207,
        6.969081401824951,
        6.991168022155762,
        6.99179220199585,
        6.924735069274902,
        6.909912109375,
        6.948683261871338,
        6.874500274658203,
        6.882318496704102,
        6.877887725830078,
        6.851343631744385,
        6.825132369995117,
        6.809149265289307,
        6.77902364730835,
        6.778324604034424,
        6.772398471832275,
        6.755443572998047,
        6.741880416870117,
        6.714459419250488,
        6.68291711807251,
        6.6995720863342285,
        6.668792247772217,
        6.664953231811523,
        6.633716106414795,
        6.6437907218933105,
        6.610301494598389,
        6.591232776641846,
        6.58942985534668,
        6.5650105476379395,
        6.558354377746582,
        6.530693054199219,
        6.523597240447998,
        6.508746147155762,
        6.491696357727051,
        6.48521089553833,
        6.472393989562988,
        6.44554328918457,
        6.446021556854248,
        6.439777374267578,
        6.4115729331970215,
        6.386993408203125
    ],