{
    "effect_pehe": 6.303384780883789,
    "effect_mae": 0.5672121047973633
}