{
    "effect_pehe": 5.547990798950195,
    "effect_mae": 2.601365804672241
}