{
    "effect_pehe": 3.8031532764434814,
    "effect_mae": 0.7886666059494019
}