{
    "epoch": [
        0,
        1,
        2,
        3,
        4,
        5,
        6,
        7,
        8,
        9,
        10,
        11,
        12,
        13,
        14,
        15,
        16,
        17,
        18,
        19,
        20,
        21,
        22,
        23,
        24,
        25,
        26,
        27,
        28,
        29,
        30,
        31,
        32,
        33,
        34,
        35,
        36,
        37,
        38,
        39,
        40,
        41,
        42,
        43,
        44,
        45,
        46,
        47,
        48,
        49,
        50,
        51,
        52,
        53,
        54,
        55,
        56,
        57,
        58,
        59,
        60,
        61,
        62,
        63,
        64,
        65,
        66,
        67,
        68,
        69,
        70,
        71,
        72,
        73,
        74,
        75,
        76,
        77,
        78,
        79,
        80,
        81,
        82,
        83,
        84,
        85,
        86,
        87,
        88,
        89,
        90,
        91,
        92,
        93,
        94,
        95,
        96,
        97,
        98,
        99,
        100,
        101,
        102,
        103,
        104,
        105,
        106,
        107,
        108,
        109,
        110,
        111,
        112,
        113,
        114,
        115,
        116,
        117,
        118,
        119,
        120,
        121,
        122,
        123,
        124,
        125,
        126,
        127,
        128,
        129,
        130,
        131,
        132,
        133,
        134,
        135,
        136,
        137,
        138,
        139,
        140,
        141,
        142,
        143,
        144,
        145,
        146,
        147,
        148,
        149,
        150,
        151,
        152,
        153,
        154,
        155,
        156,
        157,
        158,
        159,
        160,
        161,
        162,
        163,
        164,
        165,
        166,
        167,
        168,
        169,
        170,
        171,
        172,
        173,
        174,
        175,
        176,
        177,
        178,
        179,
        180,
        181,
        182,
        183,
        184,
        185,
        186,
        187
    ],
    "train_loss": [
        41.030540466308594,
        40.91110610961914,
        40.78572463989258,
        40.646976470947266,
        40.483909606933594,
        40.291019439697266,
        40.06132125854492,
        39.78208541870117,
        39.45372009277344,
        39.05335998535156,
        38.60170364379883,
        38.05077362060547,
        37.41620635986328,
        36.661502838134766,
        35.820552825927734,
        34.849769592285156,
        33.813934326171875,
        32.768768310546875,
        31.80596351623535,
        30.988222122192383,
        30.43177032470703,
        30.454002380371094,
        30.681562423706055,
        30.68334197998047,
        30.457965850830078,
        29.95235252380371,
        29.29636573791504,
        28.56057357788086,
        27.876996994018555,
        27.29183006286621,
        26.68914222717285,
        26.16286277770996,
        25.52826690673828,
        24.836267471313477,
        24.032194137573242,
        23.099607467651367,
        22.034732818603516,
        20.97684097290039,
        19.84420394897461,
        18.63273811340332,
        17.443748474121094,
        16.384031295776367,
        15.303569793701172,
        14.389147758483887,
        13.501982688903809,
        12.808046340942383,
        12.160802841186523,
        11.693236351013184,
        11.506052017211914,
        11.348404884338379,
        11.349397659301758,
        11.323808670043945,
        11.337615013122559,
        11.10285758972168,
        10.870022773742676,
        10.478466987609863,
        10.107462882995605,
        9.728228569030762,
        9.45784854888916,
        9.212284088134766,
        9.08144760131836,
        9.073692321777344,
        9.008904457092285,
        8.953187942504883,
        8.922657012939453,
        8.874892234802246,
        8.724481582641602,
        8.562411308288574,
        8.44188404083252,
        8.278961181640625,
        8.118861198425293,
        7.956287860870361,
        7.859175205230713,
        7.725164413452148,
        7.619045734405518,
        7.536969184875488,
        7.467862606048584,
        7.4079508781433105,
        7.320018291473389,
        7.178028583526611,
        7.106064796447754,
        7.00495719909668,
        6.96538782119751,
        6.874742031097412,
        6.841997146606445,
        6.799654483795166,
        6.763069152832031,
        6.745797157287598,
        6.723289489746094,
        6.7014079093933105,
        6.676811695098877,
        6.6451497077941895,
        6.607730388641357,
        6.588975429534912,
        6.572686672210693,
        6.522106170654297,
        6.521045684814453,
        6.515336990356445,
        6.4652910232543945,
        6.482702732086182,
        6.454898834228516,
        6.418476581573486,
        6.401544570922852,
        6.3964972496032715,
        6.383411407470703,
        6.376100540161133,
        6.333619594573975,
        6.333915710449219,
        6.298834323883057,
        6.282076358795166,
        6.268976211547852,
        6.272974967956543,
        6.284082889556885,
        6.2813544273376465,
        6.245674133300781,
        6.199223041534424,
        6.194648742675781,
        6.200901508331299,
        6.195117950439453,
        6.149300575256348,
        6.131138324737549,
        6.109825611114502,
        6.109699726104736,
        6.102182388305664,
        6.0839009284973145,
        6.050792217254639,
        6.038717269897461,
        6.023824691772461,
        6.013911247253418,
        6.003048896789551,
        5.97177791595459,
        5.9688825607299805,
        5.945879936218262,
        5.936028480529785,
        5.921762466430664,
        5.907962322235107,
        5.9007062911987305,
        5.903375148773193,
        5.8654680252075195,
        5.844527244567871,
        5.838708400726318,
        5.839669704437256,
        5.813213348388672,
        5.803310394287109,
        5.794863700866699,
        5.80325174331665,
        5.845771789550781,
        5.865075588226318,
        5.833841323852539,
        5.751828670501709,
        5.69828462600708,
        5.719195365905762,
        5.738862991333008,
        5.697391033172607,
        5.6448798179626465,
        5.652411937713623,
        5.643789768218994,
        5.63929557800293,
        5.600846290588379,
        5.576501846313477,
        5.5974297523498535,
        5.5754618644714355,
        5.554511547088623,
        5.553399085998535,
        5.562347888946533,
        5.55435037612915,
        5.501282215118408,
        5.467214107513428,
        5.507668972015381,
        5.505661964416504,
        5.475025177001953,
        5.426072597503662,
        5.4306840896606445,
        5.448410511016846,
        5.396760940551758,
        5.3818206787109375,
        5.378381252288818,
        5.382816314697266,
        5.352296829223633,
        5.3355255126953125,
        5.321874618530273,
        5.320746421813965,
        5.308781147003174,
        5.277751445770264,
        5.267669200897217,
        5.251498699188232,
        5.2420854568481445,
        5.241496562957764
    ],