{
    "epoch": [
        0,
        1,
        2,
        3,
        4,
        5,
        6,
        7,
        8,
        9,
        10,
        11,
        12,
        13,
        14,
        15,
        16,
        17,
        18,
        19,
        20,
        21,
        22,
        23,
        24,
        25,
        26,
        27,
        28,
        29,
        30,
        31,
        32,
        33,
        34,
        35,
        36,
        37,
        38,
        39,
        40,
        41,
        42,
        43,
        44,
        45,
        46,
        47,
        48,
        49,
        50,
        51,
        52,
        53,
        54,
        55,
        56,
        57,
        58,
        59,
        60,
        61,
        62,
        63,
        64,
        65,
        66,
        67,
        68,
        69,
        70,
        71,
        72,
        73,
        74,
        75,
        76,
        77,
        78,
        79,
        80,
        81,
        82,
        83,
        84,
        85,
        86,
        87,
        88,
        89,
        90,
        91,
        92,
        93,
        94,
        95,
        96,
        97,
        98,
        99,
        100,
        101,
        102,
        103,
        104,
        105,
        106,
        107,
        108,
        109,
        110,
        111,
        112,
        113,
        114,
        115,
        116,
        117,
        118,
        119,
        120,
        121,
        122,
        123,
        124,
        125,
        126,
        127,
        128,
        129,
        130,
        131,
        132,
        133,
        134,
        135,
        136,
        137,
        138,
        139,
        140,
        141,
        142,
        143,
        144,
        145,
        146,
        147,
        148,
        149,
        150,
        151,
        152,
        153,
        154,
        155,
        156,
        157,
        158,
        159,
        160,
        161,
        162,
        163,
        164,
        165,
        166,
        167,
        168,
        169,
        170,
        171,
        172,
        173,
        174,
        175,
        176,
        177,
        178,
        179,
        180,
        181,
        182,
        183,
        184,
        185,
        186,
        187,
        188,
        189,
        190
    ],
    "train_loss": [
        50.434722900390625,
        50.18178939819336,
        49.92402648925781,
        49.65871810913086,
        49.38511657714844,
        49.08899688720703,
        48.751949310302734,
        48.36328887939453,
        47.921138763427734,
        47.4065055847168,
        46.79524230957031,
        46.080467224121094,
        45.241172790527344,
        44.26955795288086,
        43.11979293823242,
        41.834617614746094,
        40.36198425292969,
        38.750572204589844,
        37.02998352050781,
        35.31117630004883,
        33.7236213684082,
        32.56892776489258,
        32.246978759765625,
        32.74770736694336,
        33.66648483276367,
        33.953956604003906,
        33.378753662109375,
        32.45720291137695,
        31.432140350341797,
        30.678287506103516,
        30.071645736694336,
        29.703033447265625,
        29.51349639892578,
        29.285205841064453,
        29.026229858398438,
        28.678083419799805,
        28.250356674194336,
        27.724266052246094,
        27.114151000976562,
        26.552453994750977,
        25.935813903808594,
        25.35816192626953,
        24.819921493530273,
        24.34937286376953,
        24.13833999633789,
        23.816322326660156,
        23.51980209350586,
        23.161514282226562,
        22.75568389892578,
        22.243736267089844,
        21.694990158081055,
        21.093181610107422,
        20.565990447998047,
        20.0488224029541,
        19.466352462768555,
        18.904619216918945,
        18.312944412231445,
        17.701936721801758,
        17.03028106689453,
        16.382017135620117,
        15.758504867553711,
        15.099841117858887,
        14.480690956115723,
        13.84014892578125,
        13.235662460327148,
        12.622685432434082,
        12.086663246154785,
        11.617403030395508,
        11.254125595092773,
        10.92824649810791,
        10.677080154418945,
        10.489601135253906,
        10.383931159973145,
        10.342836380004883,
        10.27862548828125,
        10.220611572265625,
        10.202595710754395,
        10.164973258972168,
        10.106668472290039,
        10.04959487915039,
        9.983160972595215,
        9.881896018981934,
        9.795238494873047,
        9.672357559204102,
        9.575363159179688,
        9.485725402832031,
        9.374218940734863,
        9.270374298095703,
        9.233368873596191,
        9.149529457092285,
        9.11359977722168,
        9.095223426818848,
        9.056626319885254,
        9.04155445098877,
        8.985726356506348,
        8.981887817382812,
        8.937002182006836,
        8.894180297851562,
        8.846030235290527,
        8.793685913085938,
        8.753313064575195,
        8.719786643981934,
        8.662589073181152,
        8.594956398010254,
        8.545065879821777,
        8.499685287475586,
        8.458742141723633,
        8.386281967163086,
        8.32020378112793,
        8.281023979187012,
        8.22170352935791,
        8.173746109008789,
        8.098480224609375,
        8.039742469787598,
        7.972605228424072,
        7.92435359954834,
        7.840661525726318,
        7.800240993499756,
        7.677926063537598,
        7.611459255218506,
        7.5736870765686035,
        7.533881187438965,
        7.509676933288574,
        7.459957599639893,
        7.371689796447754,
        7.379029750823975,
        7.326298713684082,
        7.262002944946289,
        7.232034206390381,
        7.168776035308838,
        7.167944431304932,
        7.150757789611816,
        7.120820045471191,
        7.068039417266846,
        7.000497817993164,
        6.940686225891113,
        6.927831649780273,
        6.881590366363525,
        6.876889705657959,
        6.900525093078613,
        6.824838638305664,
        6.7753214836120605,
        6.773990631103516,
        6.8056206703186035,
        6.775349140167236,
        6.730124473571777,
        6.654372692108154,
        6.696235656738281,
        6.659233570098877,
        6.621002197265625,
        6.593150615692139,
        6.5584259033203125,
        6.5725836753845215,
        6.568450450897217,
        6.534612655639648,
        6.496945381164551,
        6.462655067443848,
        6.470996379852295,
        6.418875694274902,
        6.422410011291504,
        6.4072723388671875,
        6.382869720458984,
        6.356379985809326,
        6.341491222381592,
        6.359665393829346,
        6.336355209350586,
        6.295079708099365,
        6.272604465484619,
        6.246631622314453,
        6.232519149780273,
        6.237285614013672,
        6.22111177444458,
        6.189843654632568,
        6.167578220367432,
        6.156122207641602,
        6.142529010772705,
        6.116693019866943,
        6.112750053405762,
        6.087709426879883,
        6.051628112792969,
        6.071134090423584,
        6.0563836097717285,
        6.002685546875,
        6.033688068389893,
        6.009604454040527,
        5.9842352867126465,
        5.947750568389893,
        5.9514288902282715,
        5.9566192626953125,
        5.918066024780273,
        5.87236213684082
    ],