{
    "effect_pehe": 5.147270679473877,
    "effect_mae": 0.869807779788971
}