{
    "effect_pehe": 5.172173500061035,
    "effect_mae": 1.025337815284729
}