{
    "effect_pehe": 3.026184709667181,
    "effect_mae": 2.3869954999108387
}