{
    "effect_pehe": 2.8921625758614784,
    "effect_mae": 2.265959507651486
}