{
    "effect_pehe": 3.9094607244351858,
    "effect_mae": 3.087787523941493
}