{
    "effect_pehe": 3.782517819053285,
    "effect_mae": 2.9646120552903557
}