{
    "effect_pehe": 3.500098932958491,
    "effect_mae": 2.7775320376749195
}