{
    "effect_pehe": 4.597109580096822,
    "effect_mae": 3.676287689818008
}