{
    "effect_pehe": 3.2651725195243473,
    "effect_mae": 2.608581464562874
}