{
    "effect_pehe": 3.950321121382912,
    "effect_mae": 3.1812596104065753
}