{
    "effect_pehe": 3.419047680617489,
    "effect_mae": 2.703444122301737
}