{
    "effect_pehe": 3.39216173142746,
    "effect_mae": 2.7385665071621563
}