{
    "effect_pehe": 3.531680629069643,
    "effect_mae": 2.7929449833325815
}