{
    "effect_pehe": 4.056603507499404,
    "effect_mae": 3.2399164252285617
}