{
    "effect_pehe": 14.055716992128138,
    "effect_mae": 6.858268008257532
}