{
    "effect_pehe": 11.628751754760742,
    "effect_mae": 0.39653682708740234
}