{
    "effect_pehe": 13.755940437316895,
    "effect_mae": 1.006760597229004
}