{
    "effect_pehe": 5.839356899261475,
    "effect_mae": 0.35776519775390625
}