{
    "effect_pehe": 5.513202667236328,
    "effect_mae": 0.8800935745239258
}