{
    "effect_pehe": 6.750988006591797,
    "effect_mae": 0.1392812728881836
}