{
    "effect_pehe": 19.07907485961914,
    "effect_mae": 1.3602986335754395
}