{
    "effect_pehe": 20.352046966552734,
    "effect_mae": 0.6447877883911133
}