{
    "effect_pehe": 6.286614418029785,
    "effect_mae": 2.5711708068847656
}