{
    "effect_pehe": 4.332190036773682,
    "effect_mae": 1.1811840534210205
}