{
    "effect_pehe": 6.0367112159729,
    "effect_mae": 1.251394271850586
}