{
    "effect_pehe": 3.986555814743042,
    "effect_mae": 0.6898269653320312
}