{
    "effect_pehe": 9.163935081131777,
    "effect_mae": 6.6250399375038675
}