{
    "effect_pehe": 9.884702162940037,
    "effect_mae": 6.3499276974099015
}