{
    "effect_pehe": 7.890508440374711,
    "effect_mae": 5.639688014293386
}