{
    "effect_pehe": 8.814010701319706,
    "effect_mae": 5.898079185538779
}