{
    "effect_pehe": 3.146519992556038,
    "effect_mae": 2.497882907292029
}