{
    "effect_pehe": 2.5746643781596106,
    "effect_mae": 2.019848182762654
}