{
    "effect_pehe": 2.4125461603725173,
    "effect_mae": 1.897867404370112
}