{
    "effect_pehe": 2.4571071450816357,
    "effect_mae": 1.96429472038507
}