{
    "effect_pehe": 3.271699009052259,
    "effect_mae": 2.640957399445093
}