{
    "effect_pehe": 3.293430700495245,
    "effect_mae": 2.6532433509184377
}