{
    "effect_pehe": 3.3225921378194436,
    "effect_mae": 2.6761223242376917
}