{
    "effect_pehe": 3.0531980200856497,
    "effect_mae": 2.4136692937813424
}