{
    "effect_pehe": 7.181257247924805,
    "effect_mae": 0.7072176933288574
}