{
    "effect_pehe": 6.557465076446533,
    "effect_mae": 0.5947589874267578
}