{
    "effect_pehe": 7.8046746253967285,
    "effect_mae": 0.12247037887573242
}