{
    "effect_pehe": 12.168914794921875,
    "effect_mae": 1.8631720542907715
}