{
    "effect_pehe": 9.342634201049805,
    "effect_mae": 4.385252952575684
}