{
    "effect_pehe": 7.9712395668029785,
    "effect_mae": 1.444035530090332
}