{
    "effect_pehe": 7.70070219039917,
    "effect_mae": 0.3236842155456543
}