{
    "effect_pehe": 7.9538679122924805,
    "effect_mae": 0.7334070205688477
}