{
    "effect_pehe": 8.854463577270508,
    "effect_mae": 1.347066879272461
}