{
    "effect_pehe": 7.248263835906982,
    "effect_mae": 0.6525115966796875
}