{
    "effect_pehe": 7.358917236328125,
    "effect_mae": 0.18882465362548828
}