{
    "effect_pehe": 7.7600789070129395,
    "effect_mae": 0.9473457336425781
}