{
    "effect_pehe": 5.911296844482422,
    "effect_mae": 0.21774223446846008
}