{
    "epoch": [
        0,
        1,
        2,
        3,
        4,
        5,
        6,
        7,
        8,
        9,
        10,
        11,
        12,
        13,
        14,
        15,
        16,
        17,
        18,
        19,
        20,
        21,
        22,
        23,
        24,
        25,
        26,
        27,
        28,
        29,
        30,
        31,
        32,
        33,
        34,
        35,
        36,
        37,
        38,
        39,
        40,
        41,
        42,
        43,
        44,
        45,
        46,
        47,
        48,
        49,
        50,
        51,
        52,
        53,
        54,
        55,
        56,
        57,
        58,
        59,
        60,
        61,
        62,
        63,
        64,
        65,
        66,
        67,
        68,
        69,
        70,
        71,
        72,
        73,
        74,
        75,
        76,
        77,
        78,
        79,
        80,
        81,
        82,
        83,
        84,
        85,
        86,
        87,
        88,
        89,
        90,
        91,
        92,
        93,
        94,
        95,
        96,
        97,
        98,
        99,
        100,
        101,
        102,
        103,
        104,
        105,
        106,
        107,
        108,
        109,
        110,
        111
    ],
    "train_loss": [
        39.76969909667969,
        39.713775634765625,
        39.658817291259766,
        39.6026611328125,
        39.54718780517578,
        39.48640823364258,
        39.421077728271484,
        39.344337463378906,
        39.256797790527344,
        39.155250549316406,
        39.03514099121094,
        38.892005920410156,
        38.723655700683594,
        38.532352447509766,
        38.310768127441406,
        38.04539489746094,
        37.737571716308594,
        37.374393463134766,
        36.9684944152832,
        36.50315856933594,
        35.94841384887695,
        35.32037353515625,
        34.60397720336914,
        33.777774810791016,
        32.88710403442383,
        31.855304718017578,
        30.66693878173828,
        29.426015853881836,
        28.00379753112793,
        26.453853607177734,
        24.830841064453125,
        23.071414947509766,
        21.16277503967285,
        19.292821884155273,
        17.36882781982422,
        15.49962043762207,
        13.863600730895996,
        12.33376407623291,
        11.337450981140137,
        10.660439491271973,
        10.492708206176758,
        10.476873397827148,
        10.625895500183105,
        10.615785598754883,
        10.37242603302002,
        9.963021278381348,
        9.306584358215332,
        9.076112747192383,
        8.493247032165527,
        8.266392707824707,
        8.18216323852539,
        8.154668807983398,
        8.294022560119629,
        8.288532257080078,
        8.287341117858887,
        8.165349006652832,
        8.181495666503906,
        8.023649215698242,
        7.816670894622803,
        7.63584566116333,
        7.614719867706299,
        7.466455936431885,
        7.395686149597168,
        7.365805149078369,
        7.32813835144043,
        7.280009746551514,
        7.24694299697876,
        7.188445091247559,
        7.163559436798096,
        7.010609149932861,
        6.965141773223877,
        6.880912780761719,
        6.86087703704834,
        6.797813892364502,
        6.803333759307861,
        6.791141986846924,
        6.784858703613281,
        6.728749752044678,
        6.669978618621826,
        6.623410701751709,
        6.580099105834961,
        6.532467365264893,
        6.530264377593994,
        6.485300064086914,
        6.44896936416626,
        6.42852258682251,
        6.416933536529541,
        6.395634651184082,
        6.370349407196045,
        6.326753616333008,
        6.294276237487793,
        6.284010410308838,
        6.2475666999816895,
        6.226545333862305,
        6.198776721954346,
        6.1867265701293945,
        6.18359899520874,
        6.1296000480651855,
        6.114806175231934,
        6.093795299530029,
        6.072362899780273,
        6.049040794372559,
        6.0348286628723145,
        6.0147504806518555,
        5.989524841308594,
        5.983254432678223,
        5.950615882873535,
        5.958300590515137,
        5.9087347984313965,
        5.90019416809082,
        5.876327991485596,
        5.8648762702941895
    ],
    "val_loss": [
        42.300880432128906,
        42.236228942871094,
        42.172508239746094,
        42.11219787597656,
        42.04599380493164,
        41.97735595703125,
        41.90016174316406,
        41.8132438659668,
        41.71505355834961,
        41.60126495361328,
        41.466609954833984,
        41.31464385986328,
        41.13353729248047,
        40.92192077636719,
        40.68085861206055,
        40.391937255859375,
        40.07659912109375,
        39.67969512939453,
        39.2459831237793,
        38.73569869995117,
        38.15470504760742,
        37.481201171875,
        36.69803237915039,
        35.813148498535156,
        34.801544189453125,
        33.71359634399414,
        32.46487045288086,
        31.079652786254883,
        29.599594116210938,
        27.899333953857422,
        26.17987060546875,
        24.29710578918457,
        22.361614227294922,
        20.3608455657959,
        18.2374324798584,
        16.274568557739258,
        14.498270988464355,
        12.988348960876465,
        11.78770637512207,
        11.03476333618164,
        10.681644439697266,
        10.524325370788574,
        10.631392478942871,
        10.249500274658203,
        10.055771827697754,
        9.545619010925293,
        9.114133834838867,
        8.684514999389648,
        8.418415069580078,
        8.265070915222168,
        8.225907325744629,
        8.196157455444336,
        8.321864128112793,
        8.567102432250977,
        8.470803260803223,
        8.568126678466797,
        8.35835075378418,
        8.382434844970703,
        8.241673469543457,
        8.014756202697754,
        7.947055816650391,
        7.777238368988037,
        7.765368461608887,
        7.6579389572143555,
        7.613463401794434,
        7.647734642028809,
        7.631162643432617,
        7.625551700592041,
        7.66793966293335,
        7.577804088592529,
        7.564714431762695,
        7.599809646606445,
        7.517934322357178,
        7.570729732513428,
        7.578388690948486,
        7.683207988739014,
        7.668252944946289,
        7.675180912017822,
        7.599196910858154,
        7.6687092781066895,
        7.6503729820251465,
        7.609935760498047,
        7.558485507965088,
        7.564582824707031,
        7.613110542297363,
        7.564713478088379,
        7.493503093719482,
        7.5734076499938965,
        7.582435607910156,
        7.582651138305664,
        7.533675670623779,
        7.572645664215088,
        7.495826721191406,
        7.552909851074219,
        7.599740028381348,
        7.537062644958496,
        7.603218078613281,
        7.570881366729736,
        7.646909236907959,
        7.5939226150512695,
        7.587082862854004,
        7.573061943054199,
        7.557458400726318,
        7.563518524169922,
        7.60847282409668,
        7.562531471252441,
        7.54371976852417,
        7.572416305541992,
        7.619784355163574,
        7.5966925621032715,
        7.608479022979736,
        7.678692817687988
    ]
}