{
    "epoch": [
        0,
        1,
        2,
        3,
        4,
        5,
        6,
        7,
        8,
        9,
        10,
        11,
        12,
        13,
        14,
        15,
        16,
        17,
        18,
        19,
        20,
        21,
        22,
        23,
        24,
        25,
        26,
        27,
        28,
        29,
        30,
        31,
        32,
        33,
        34,
        35,
        36,
        37,
        38,
        39,
        40,
        41,
        42,
        43,
        44,
        45,
        46,
        47,
        48,
        49,
        50,
        51,
        52,
        53,
        54,
        55,
        56,
        57,
        58,
        59,
        60,
        61,
        62,
        63,
        64,
        65,
        66,
        67,
        68,
        69,
        70,
        71,
        72,
        73,
        74,
        75,
        76,
        77,
        78,
        79,
        80,
        81,
        82,
        83,
        84,
        85,
        86,
        87,
        88,
        89,
        90,
        91,
        92,
        93,
        94,
        95,
        96,
        97,
        98,
        99,
        100,
        101,
        102,
        103,
        104,
        105,
        106,
        107,
        108,
        109,
        110,
        111,
        112,
        113,
        114,
        115,
        116,
        117,
        118,
        119,
        120,
        121,
        122,
        123,
        124,
        125,
        126,
        127,
        128,
        129,
        130,
        131,
        132,
        133,
        134,
        135,
        136,
        137,
        138,
        139,
        140,
        141,
        142,
        143,
        144,
        145,
        146,
        147,
        148,
        149,
        150,
        151,
        152,
        153,
        154,
        155,
        156,
        157,
        158,
        159,
        160,
        161,
        162
    ],
    "train_loss": [
        37.7230110168457,
        37.678855895996094,
        37.63650894165039,
        37.59103012084961,
        37.54012680053711,
        37.48106002807617,
        37.41281509399414,
        37.33402633666992,
        37.24164962768555,
        37.13555908203125,
        37.01272201538086,
        36.8708610534668,
        36.701541900634766,
        36.51106643676758,
        36.2882194519043,
        36.024662017822266,
        35.71371841430664,
        35.36081314086914,
        34.93996047973633,
        34.46278381347656,
        33.906864166259766,
        33.272586822509766,
        32.5425910949707,
        31.722412109375,
        30.76215171813965,
        29.709131240844727,
        28.500703811645508,
        27.214019775390625,
        25.734825134277344,
        24.183753967285156,
        22.437129974365234,
        20.6668643951416,
        18.703575134277344,
        16.7806396484375,
        14.780401229858398,
        12.89819049835205,
        11.127764701843262,
        9.684221267700195,
        8.656982421875,
        8.107282638549805,
        8.131220817565918,
        8.379731178283691,
        8.6099853515625,
        8.655715942382812,
        8.496087074279785,
        8.143360137939453,
        7.655853748321533,
        7.154198169708252,
        6.7917070388793945,
        6.511956691741943,
        6.4315185546875,
        6.409576416015625,
        6.411679744720459,
        6.458262920379639,
        6.416153907775879,
        6.410645484924316,
        6.326632976531982,
        6.216479301452637,
        6.127369403839111,
        6.035336971282959,
        5.9876933097839355,
        5.941359043121338,
        5.8570027351379395,
        5.848466873168945,
        5.7908453941345215,
        5.731660842895508,
        5.67903470993042,
        5.619969367980957,
        5.592652797698975,
        5.531888008117676,
        5.5226263999938965,
        5.5128374099731445,
        5.486134052276611,
        5.457005023956299,
        5.431917667388916,
        5.413900375366211,
        5.377727508544922,
        5.339056491851807,
        5.313470840454102,
        5.261775493621826,
        5.240720272064209,
        5.235709190368652,
        5.200104236602783,
        5.1979475021362305,
        5.206296443939209,
        5.1606574058532715,
        5.135778427124023,
        5.123110771179199,
        5.0935468673706055,
        5.074288845062256,
        5.069845676422119,
        5.021203994750977,
        5.0228352546691895,
        5.012425422668457,
        4.9872894287109375,
        4.96603536605835,
        4.94162654876709,
        4.934011459350586,
        4.919213771820068,
        4.904311656951904,
        4.881435871124268,
        4.862401008605957,
        4.85355281829834,
        4.83514928817749,
        4.826935291290283,
        4.844934463500977,
        4.80678129196167,
        4.785792827606201,
        4.773890972137451,
        4.754947662353516,
        4.783825397491455,
        4.739141941070557,
        4.705824851989746,
        4.70765495300293,
        4.71274995803833,
        4.665994167327881,
        4.647587299346924,
        4.642557621002197,
        4.636730670928955,
        4.619088172912598,
        4.627954959869385,
        4.6266961097717285,
        4.593735218048096,
        4.558590412139893,
        4.579785346984863,
        4.576018333435059,
        4.538826942443848,
        4.499385833740234,
        4.510594844818115,
        4.480398178100586,
        4.486115455627441,
        4.453287124633789,
        4.45888090133667,
        4.430905818939209,
        4.40561056137085,
        4.3941168785095215,
        4.386780261993408,
        4.387547969818115,
        4.378435134887695,
        4.352433681488037,
        4.3692708015441895,
        4.374338626861572,
        4.329233169555664,
        4.3078413009643555,
        4.308486461639404,
        4.304160118103027,
        4.3013410568237305,
        4.255085468292236,
        4.25806999206543,
        4.2395710945129395,
        4.223695755004883,
        4.261904716491699,
        4.231173515319824,
        4.1974711418151855,
        4.193111419677734,
        4.18849515914917,
        4.1943769454956055,
        4.159304141998291,
        4.134524822235107,
        4.135217666625977,
        4.140620708465576,
        4.118003845214844,
        4.111850738525391
    ],