{
    "effect_pehe": 6.717867851257324,
    "effect_mae": 1.0841608047485352
}