{
    "effect_pehe": 6.224588394165039,
    "effect_mae": 1.3419870138168335
}