{
    "epoch": [
        0,
        1,
        2,
        3,
        4,
        5,
        6,
        7,
        8,
        9,
        10,
        11,
        12,
        13,
        14,
        15,
        16,
        17,
        18,
        19,
        20,
        21,
        22,
        23,
        24,
        25,
        26,
        27,
        28,
        29,
        30,
        31,
        32,
        33,
        34,
        35,
        36,
        37,
        38,
        39,
        40,
        41,
        42,
        43,
        44,
        45,
        46,
        47,
        48,
        49,
        50,
        51,
        52,
        53,
        54,
        55,
        56,
        57,
        58,
        59,
        60,
        61,
        62,
        63,
        64,
        65,
        66,
        67,
        68,
        69,
        70,
        71,
        72,
        73,
        74,
        75,
        76,
        77,
        78,
        79,
        80,
        81,
        82,
        83,
        84,
        85,
        86,
        87,
        88,
        89,
        90,
        91,
        92,
        93,
        94,
        95,
        96,
        97,
        98,
        99,
        100,
        101,
        102,
        103,
        104,
        105,
        106,
        107,
        108,
        109,
        110,
        111,
        112,
        113,
        114,
        115,
        116,
        117,
        118,
        119,
        120,
        121,
        122
    ],
    "train_loss": [
        38.383243560791016,
        38.33642578125,
        38.290443420410156,
        38.24361038208008,
        38.193199157714844,
        38.13653564453125,
        38.06884002685547,
        37.993221282958984,
        37.90245819091797,
        37.7955207824707,
        37.67266082763672,
        37.53060531616211,
        37.3610954284668,
        37.16552734375,
        36.94106674194336,
        36.66935348510742,
        36.36486053466797,
        36.00789260864258,
        35.59959030151367,
        35.137054443359375,
        34.601722717285156,
        33.99006271362305,
        33.292572021484375,
        32.50405502319336,
        31.604883193969727,
        30.632978439331055,
        29.53119468688965,
        28.290565490722656,
        26.94410514831543,
        25.4775390625,
        23.882246017456055,
        22.203163146972656,
        20.461381912231445,
        18.704057693481445,
        16.980131149291992,
        15.311867713928223,
        13.826334953308105,
        12.659720420837402,
        11.882275581359863,
        11.345468521118164,
        11.211477279663086,
        11.105570793151855,
        11.129770278930664,
        11.057294845581055,
        10.950906753540039,
        10.552349090576172,
        10.22413444519043,
        9.891254425048828,
        9.495079040527344,
        9.247016906738281,
        9.045217514038086,
        8.96537971496582,
        8.95017147064209,
        8.92347526550293,
        8.95340633392334,
        8.953761100769043,
        8.876153945922852,
        8.752115249633789,
        8.616313934326172,
        8.483789443969727,
        8.385578155517578,
        8.277329444885254,
        8.255263328552246,
        8.213631629943848,
        8.227716445922852,
        8.20230484008789,
        8.155497550964355,
        8.1156644821167,
        8.100069046020508,
        8.027345657348633,
        7.9925360679626465,
        7.90729284286499,
        7.861084938049316,
        7.859715938568115,
        7.826007843017578,
        7.7873711585998535,
        7.760395050048828,
        7.748219013214111,
        7.734087944030762,
        7.672407150268555,
        7.645439147949219,
        7.633765697479248,
        7.600337028503418,
        7.557483673095703,
        7.526598930358887,
        7.506576061248779,
        7.4836015701293945,
        7.481597423553467,
        7.446260929107666,
        7.430624961853027,
        7.392393589019775,
        7.356227874755859,
        7.349044322967529,
        7.321985721588135,
        7.299218654632568,
        7.287393569946289,
        7.271615982055664,
        7.246766090393066,
        7.227489471435547,
        7.199006080627441,
        7.164127826690674,
        7.169145584106445,
        7.136848449707031,
        7.122572898864746,
        7.102894306182861,
        7.076435089111328,
        7.064006805419922,
        7.031396865844727,
        7.014981269836426,
        7.009880542755127,
        6.986617565155029,
        6.955186367034912,
        6.931962013244629,
        6.9153313636779785,
        6.894497394561768,
        6.871775150299072,
        6.847883701324463,
        6.839280605316162,
        6.818551063537598,
        6.786837577819824,
        6.7548604011535645,
        6.761374473571777,
        6.745354652404785
    ],