{
    "effect_pehe": 7.34498405456543,
    "effect_mae": 1.1888244152069092
}