{
    "effect_pehe": 8.917146682739258,
    "effect_mae": 0.6366652250289917
}