{
    "effect_pehe": 7.2567315101623535,
    "effect_mae": 0.5320242643356323
}