{
    "effect_pehe": 7.200719833374023,
    "effect_mae": 0.5493263006210327
}