{
    "effect_pehe": 8.331697463989258,
    "effect_mae": 0.5867807865142822
}