{
    "epoch": [
        0,
        1,
        2,
        3,
        4,
        5,
        6,
        7,
        8,
        9,
        10,
        11,
        12,
        13,
        14,
        15,
        16,
        17,
        18,
        19,
        20,
        21,
        22,
        23,
        24,
        25,
        26,
        27,
        28,
        29,
        30,
        31,
        32,
        33,
        34,
        35,
        36,
        37,
        38,
        39,
        40,
        41,
        42,
        43,
        44,
        45,
        46,
        47,
        48,
        49,
        50,
        51,
        52,
        53,
        54,
        55,
        56,
        57,
        58,
        59,
        60,
        61,
        62,
        63,
        64,
        65,
        66,
        67,
        68,
        69,
        70,
        71,
        72,
        73,
        74,
        75,
        76,
        77,
        78,
        79,
        80,
        81,
        82,
        83,
        84,
        85,
        86,
        87,
        88,
        89,
        90,
        91,
        92,
        93,
        94,
        95,
        96,
        97,
        98,
        99,
        100,
        101,
        102,
        103,
        104,
        105,
        106,
        107
    ],
    "train_loss": [
        22.582990646362305,
        22.539043426513672,
        22.496862411499023,
        22.456151962280273,
        22.417383193969727,
        22.379037857055664,
        22.3414306640625,
        22.299972534179688,
        22.255136489868164,
        22.20322036743164,
        22.141956329345703,
        22.06962776184082,
        21.987592697143555,
        21.892833709716797,
        21.78376007080078,
        21.654207229614258,
        21.503726959228516,
        21.32653045654297,
        21.120769500732422,
        20.885326385498047,
        20.610193252563477,
        20.290830612182617,
        19.9230899810791,
        19.507423400878906,
        19.021610260009766,
        18.4704647064209,
        17.849945068359375,
        17.162580490112305,
        16.386028289794922,
        15.537382125854492,
        14.599325180053711,
        13.613863945007324,
        12.5347900390625,
        11.436166763305664,
        10.304767608642578,
        9.18288516998291,
        8.124442100524902,
        7.250425338745117,
        6.562232494354248,
        6.143640041351318,
        6.010537147521973,
        6.173501491546631,
        6.3215436935424805,
        6.307339668273926,
        6.1367573738098145,
        5.7409234046936035,
        5.2979207038879395,
        4.948265075683594,
        4.676301956176758,
        4.552057266235352,
        4.519969940185547,
        4.505871772766113,
        4.5907440185546875,
        4.614447116851807,
        4.610322952270508,
        4.561657428741455,
        4.500025749206543,
        4.409631729125977,
        4.310952663421631,
        4.222306728363037,
        4.177667617797852,
        4.131352424621582,
        4.11989688873291,
        4.115018844604492,
        4.0849127769470215,
        4.083333492279053,
        4.042542457580566,
        4.0131049156188965,
        3.9453518390655518,
        3.908881664276123,
        3.862597942352295,
        3.840919256210327,
        3.8187479972839355,
        3.8101091384887695,
        3.7932727336883545,
        3.7823848724365234,
        3.7723731994628906,
        3.7512319087982178,
        3.7200236320495605,
        3.7066712379455566,
        3.690966844558716,
        3.6751596927642822,
        3.6466047763824463,
        3.6330878734588623,
        3.6254029273986816,
        3.62115740776062,
        3.604342460632324,
        3.5923829078674316,
        3.5717427730560303,
        3.554396629333496,
        3.5401675701141357,
        3.515575408935547,
        3.5159215927124023,
        3.5042781829833984,
        3.5027272701263428,
        3.4873859882354736,
        3.4647514820098877,
        3.455979347229004,
        3.43754243850708,
        3.429168939590454,
        3.4146647453308105,
        3.410959482192993,
        3.388941764831543,
        3.3852968215942383,
        3.373692512512207,
        3.3636386394500732,
        3.3559935092926025,
        3.3491878509521484
    ],
    "val_loss": [
        22.575353622436523,
        22.525842666625977,
        22.478078842163086,
        22.432348251342773,
        22.387544631958008,
        22.344303131103516,
        22.30143165588379,
        22.25452995300293,
        22.205886840820312,
        22.148378372192383,
        22.08352279663086,
        22.007925033569336,
        21.92341423034668,
        21.823707580566406,
        21.71216583251953,
        21.578031539916992,
        21.424768447875977,
        21.243488311767578,
        21.03758430480957,
        20.799837112426758,
        20.527111053466797,
        20.198060989379883,
        19.821083068847656,
        19.40483856201172,
        18.897918701171875,
        18.359968185424805,
        17.71187400817871,
        17.018150329589844,
        16.237133026123047,
        15.391708374023438,
        14.46385383605957,
        13.456303596496582,
        12.388213157653809,
        11.32485294342041,
        10.227324485778809,
        9.12205982208252,
        8.147587776184082,
        7.243945598602295,
        6.6171746253967285,
        6.173297882080078,
        5.9903564453125,
        6.095517158508301,
        6.266626358032227,
        6.223644256591797,
        5.973124980926514,
        5.603262424468994,
        5.049223899841309,
        4.814177513122559,
        4.435507297515869,
        4.352078914642334,
        4.22379732131958,
        4.317455768585205,
        4.363215923309326,
        4.39600133895874,
        4.387115478515625,
        4.4046149253845215,
        4.398636341094971,
        4.28976583480835,
        4.194665908813477,
        4.122674465179443,
        4.089601039886475,
        4.094955921173096,
        4.075947284698486,
        4.080491542816162,
        4.109280586242676,
        4.107520580291748,
        4.068310737609863,
        4.053653717041016,
        3.9822680950164795,
        3.9291470050811768,
        3.9153988361358643,
        3.913302421569824,
        3.903938055038452,
        3.8997888565063477,
        3.9033641815185547,
        3.903857469558716,
        3.9049806594848633,
        3.909453868865967,
        3.9030673503875732,
        3.871650457382202,
        3.8973019123077393,
        3.856367588043213,
        3.852947950363159,
        3.86948299407959,
        3.8901140689849854,
        3.8948588371276855,
        3.8889362812042236,
        3.883613348007202,
        3.8865861892700195,
        3.8725497722625732,
        3.8568358421325684,
        3.866982936859131,
        3.875279188156128,
        3.8652331829071045,
        3.8701841831207275,
        3.8695662021636963,
        3.868314743041992,
        3.859703540802002,
        3.863711357116699,
        3.8581511974334717,
        3.867525339126587,
        3.859570026397705,
        3.8595101833343506,
        3.872438430786133,
        3.861670970916748,
        3.8571887016296387,
        3.859865427017212,
        3.873790740966797
    ]
}