{
    "effect_pehe": 4.360743999481201,
    "effect_mae": 1.33700430393219
}