{
    "effect_pehe": 4.762450695037842,
    "effect_mae": 0.7108464241027832
}