{
    "effect_pehe": 5.571046352386475,
    "effect_mae": 0.6017389893531799
}