{
    "effect_pehe": 4.962846755981445,
    "effect_mae": 0.6686273813247681
}