{
    "effect_pehe": 5.796562671661377,
    "effect_mae": 3.028099298477173
}