{
    "effect_pehe": 5.352989673614502,
    "effect_mae": 0.28275763988494873
}