{
    "effect_pehe": 4.881678581237793,
    "effect_mae": 0.3991049528121948
}