{
    "effect_pehe": 5.642095402499138,
    "effect_mae": 3.537612232329606
}