{
    "effect_pehe": 7.652226760736684,
    "effect_mae": 4.843871328548077
}