{
    "effect_pehe": 9.521447064759897,
    "effect_mae": 6.068228801764896
}