{
    "effect_pehe": 4.835380452408176,
    "effect_mae": 3.3376772140215647
}