{
    "effect_pehe": 9.498460265305738,
    "effect_mae": 6.370808081340739
}