{
    "effect_pehe": 8.929149602536908,
    "effect_mae": 6.356535943750521
}