{
    "effect_pehe": 5.5677981998537955,
    "effect_mae": 4.097753810425588
}