{
    "effect_pehe": 6.4517279577529205,
    "effect_mae": 4.4343038438707945
}