{
    "effect_pehe": 5.789455338445128,
    "effect_mae": 3.7830563106493855
}