{
    "effect_pehe": 21.171701529147054,
    "effect_mae": 13.05031144361972
}