{
    "effect_pehe": 4.990003712780055,
    "effect_mae": 3.5325133954259655
}