{
    "effect_pehe": 7.693303077722868,
    "effect_mae": 4.951649186876471
}