{
    "effect_pehe": 1.2679511308670044,
    "effect_mae": 0.04050028324127197
}