{
    "effect_pehe": 0.8382278680801392,
    "effect_mae": 0.09487462043762207
}