{
    "effect_pehe": 0.79483562707901,
    "effect_mae": 0.021736860275268555
}