{
    "effect_pehe": 1.9394687414169312,
    "effect_mae": 0.2287932187318802
}