{
    "effect_pehe": 0.8180165886878967,
    "effect_mae": 0.02730986475944519
}