{
    "effect_pehe": 2.0764575004577637,
    "effect_mae": 0.005369722843170166
}