{
    "effect_pehe": 2.511734962463379,
    "effect_mae": 0.049562931060791016
}