{
    "effect_pehe": 0.8088719844818115,
    "effect_mae": 0.003027975559234619
}