{
    "effect_pehe": 0.9921249151229858,
    "effect_mae": 0.1364988386631012
}