{
    "effect_pehe": 1.339139461517334,
    "effect_mae": 0.16828010976314545
}