{
    "effect_pehe": 0.8063512444496155,
    "effect_mae": 0.015245139598846436
}