{
    "effect_pehe": 3.1380090713500977,
    "effect_mae": 0.4227113127708435
}