{
    "effect_pehe": 1.727393388748169,
    "effect_mae": 0.039029091596603394
}