{
    "effect_pehe": 2.6378889083862305,
    "effect_mae": 0.02693811058998108
}