{
    "effect_pehe": 5.4115777494887105,
    "effect_mae": 4.213735314920781
}