{
    "effect_pehe": 14.13572933593755,
    "effect_mae": 9.891425558092466
}