{
    "effect_pehe": 4.856044857403054,
    "effect_mae": 3.5906135174558034
}