{
    "effect_pehe": 6.696208953857422,
    "effect_mae": 0.21494388580322266
}