{
    "effect_pehe": 11.238386154174805,
    "effect_mae": 1.9714345932006836
}