{
    "effect_pehe": 14.503680229187012,
    "effect_mae": 1.675734519958496
}