{
    "effect_pehe": 4.920365333557129,
    "effect_mae": 1.2757911682128906
}