{
    "effect_pehe": 4.313657283782959,
    "effect_mae": 0.07390832901000977
}