{
    "effect_pehe": 7.206090927124023,
    "effect_mae": 0.806549072265625
}