{
    "effect_pehe": 8.206621170043945,
    "effect_mae": 0.6469230651855469
}