{
    "effect_pehe": 8.029536247253418,
    "effect_mae": 0.20399761199951172
}