{
    "effect_pehe": 7.810155868530273,
    "effect_mae": 1.0907535552978516
}