{
    "effect_pehe": 5.338453769683838,
    "effect_mae": 0.11398005485534668
}