{
    "effect_pehe": 6.528523921966553,
    "effect_mae": 4.9630231857299805
}