{
    "epoch": [
        0,
        1,
        2,
        3,
        4,
        5,
        6,
        7,
        8,
        9,
        10,
        11,
        12,
        13,
        14,
        15,
        16,
        17,
        18,
        19,
        20,
        21,
        22,
        23,
        24,
        25,
        26,
        27,
        28,
        29,
        30,
        31,
        32,
        33,
        34,
        35,
        36,
        37,
        38,
        39,
        40,
        41,
        42,
        43,
        44,
        45,
        46,
        47,
        48,
        49,
        50,
        51,
        52,
        53,
        54,
        55,
        56,
        57,
        58,
        59,
        60,
        61,
        62,
        63,
        64,
        65,
        66,
        67,
        68,
        69,
        70,
        71,
        72,
        73,
        74,
        75,
        76,
        77,
        78,
        79,
        80,
        81,
        82,
        83,
        84,
        85,
        86,
        87,
        88,
        89,
        90,
        91,
        92,
        93,
        94,
        95,
        96,
        97,
        98,
        99,
        100,
        101,
        102,
        103,
        104,
        105,
        106,
        107,
        108,
        109,
        110,
        111,
        112,
        113,
        114,
        115,
        116,
        117,
        118,
        119,
        120,
        121,
        122,
        123,
        124,
        125,
        126,
        127,
        128,
        129,
        130,
        131,
        132,
        133,
        134,
        135,
        136,
        137,
        138,
        139,
        140,
        141,
        142,
        143,
        144
    ],
    "train_loss": [
        273.2304992675781,
        203.11329650878906,
        182.91952514648438,
        163.01931762695312,
        141.20733642578125,
        131.5136260986328,
        104.61238098144531,
        92.54560089111328,
        104.10940551757812,
        100.73075866699219,
        76.37809753417969,
        63.61284637451172,
        64.50988006591797,
        65.4783706665039,
        67.1779556274414,
        61.47439193725586,
        47.078575134277344,
        40.99718475341797,
        44.03085708618164,
        40.9854736328125,
        40.01789474487305,
        36.51007080078125,
        28.235118865966797,
        29.368627548217773,
        24.8776912689209,
        26.15567398071289,
        23.162776947021484,
        21.611587524414062,
        18.549047470092773,
        17.060482025146484,
        14.45834732055664,
        15.097885131835938,
        15.314459800720215,
        13.147968292236328,
        10.88366985321045,
        10.044167518615723,
        10.166062355041504,
        10.012271881103516,
        8.876508712768555,
        7.637269496917725,
        6.590146541595459,
        6.86550235748291,
        6.175088405609131,
        6.151792526245117,
        5.523525714874268,
        4.837459564208984,
        4.096258640289307,
        4.024500846862793,
        3.952069044113159,
        3.7150685787200928,
        2.8375909328460693,
        2.6778907775878906,
        2.570711612701416,
        2.4393811225891113,
        2.120147705078125,
        1.752496361732483,
        1.7774746417999268,
        1.7881511449813843,
        1.6228045225143433,
        1.7539865970611572,
        1.468357801437378,
        1.2483868598937988,
        1.3561307191848755,
        1.3339701890945435,
        1.1740108728408813,
        0.9838878512382507,
        0.9068462252616882,
        0.9786404967308044,
        0.9438701868057251,
        0.8920451402664185,
        0.800322413444519,
        0.8084396123886108,
        0.8792566657066345,
        0.7878533005714417,
        0.6925500631332397,
        0.6946724057197571,
        0.684691846370697,
        0.652679443359375,
        0.6480843424797058,
        0.6047860980033875,
        0.6203187704086304,
        0.6343420147895813,
        0.5793152451515198,
        0.5622941255569458,
        0.5850197076797485,
        0.580276608467102,
        0.5785091519355774,
        0.5818684101104736,
        0.5829683542251587,
        0.5504406094551086,
        0.6020810008049011,
        0.5449537634849548,
        0.5305159091949463,
        0.5734051465988159,
        0.5461503863334656,
        0.535469651222229,
        0.5343067049980164,
        0.5396775603294373,
        0.5455580949783325,
        0.5357509255409241,
        0.5337706208229065,
        0.5290749669075012,
        0.5375386476516724,
        0.5195330381393433,
        0.5130001902580261,
        0.5117450952529907,
        0.539726734161377,
        0.5310173034667969,
        0.5377296805381775,
        0.5266240239143372,
        0.5129356980323792,
        0.5499795079231262,
        0.5054715871810913,
        0.5323401093482971,
        0.5279227495193481,
        0.5134169459342957,
        0.5307682156562805,
        0.5299343466758728,
        0.5084244608879089,
        0.5161098837852478,
        0.534987211227417,
        0.5225934386253357,
        0.5157899856567383,
        0.5187935829162598,
        0.5191154479980469,
        0.49876436591148376,
        0.5408645272254944,
        0.5174537301063538,
        0.5131783485412598,
        0.5121790170669556,
        0.5279734134674072,
        0.5255649089813232,
        0.5068104863166809,
        0.5161380171775818,
        0.5494056940078735,
        0.5004851818084717,
        0.552986204624176,
        0.551020085811615,
        0.5279817581176758,
        0.5149362683296204,
        0.5282544493675232,
        0.5077706575393677,
        0.5278080701828003,
        0.5292955040931702,
        0.5211384296417236
    ],