{
    "effect_pehe": 5.659461498260498,
    "effect_mae": 1.333726406097412
}