{
    "effect_pehe": 5.543766021728516,
    "effect_mae": 1.5118083953857422
}