{
    "effect_pehe": 7.6175217628479,
    "effect_mae": 4.268485069274902
}