{
    "effect_pehe": 10.846808433532715,
    "effect_mae": 6.178399085998535
}