{
    "effect_pehe": 5.161162376403809,
    "effect_mae": 2.3674302101135254
}