{
    "epoch": [
        0,
        1,
        2,
        3,
        4,
        5,
        6,
        7,
        8,
        9,
        10,
        11,
        12,
        13,
        14,
        15,
        16,
        17,
        18,
        19,
        20,
        21,
        22,
        23,
        24,
        25,
        26,
        27,
        28,
        29,
        30,
        31,
        32,
        33,
        34,
        35,
        36,
        37,
        38,
        39,
        40,
        41,
        42,
        43,
        44,
        45,
        46,
        47,
        48,
        49,
        50,
        51,
        52,
        53,
        54,
        55,
        56,
        57,
        58,
        59,
        60,
        61,
        62,
        63,
        64,
        65,
        66,
        67,
        68,
        69,
        70,
        71,
        72,
        73,
        74,
        75,
        76,
        77,
        78,
        79,
        80,
        81,
        82,
        83,
        84,
        85,
        86,
        87,
        88,
        89,
        90,
        91,
        92,
        93,
        94,
        95,
        96,
        97,
        98,
        99,
        100,
        101,
        102,
        103,
        104,
        105,
        106,
        107,
        108,
        109
    ],
    "train_loss": [
        345.157470703125,
        183.58059692382812,
        280.6270751953125,
        218.74557495117188,
        149.91526794433594,
        136.78823852539062,
        151.8983917236328,
        149.10142517089844,
        118.03404998779297,
        103.51935577392578,
        86.0006332397461,
        88.79145812988281,
        93.34688568115234,
        90.97135162353516,
        77.88528442382812,
        70.20805358886719,
        64.7027816772461,
        57.58693313598633,
        64.16510009765625,
        61.509674072265625,
        51.90114974975586,
        46.05745315551758,
        42.545921325683594,
        40.09540557861328,
        40.74597930908203,
        40.7579345703125,
        36.90046691894531,
        30.507530212402344,
        28.81958770751953,
        28.022201538085938,
        28.445209503173828,
        25.6057186126709,
        25.506771087646484,
        18.812732696533203,
        19.336318969726562,
        20.432912826538086,
        19.683706283569336,
        16.455081939697266,
        13.260927200317383,
        13.3945951461792,
        13.454496383666992,
        12.717732429504395,
        11.95885181427002,
        9.092619895935059,
        9.932876586914062,
        9.612699508666992,
        8.585027694702148,
        8.200087547302246,
        6.543654918670654,
        7.125598430633545,
        6.608483791351318,
        6.209989070892334,
        5.541886806488037,
        5.67763090133667,
        5.361513137817383,
        4.853756427764893,
        4.22392463684082,
        4.002870082855225,
        3.7816810607910156,
        3.7450621128082275,
        3.2792980670928955,
        2.9587624073028564,
        2.850944995880127,
        2.9021191596984863,
        2.497325897216797,
        2.4876415729522705,
        2.3843023777008057,
        2.07197642326355,
        2.0388848781585693,
        1.988333821296692,
        1.9032362699508667,
        1.735016107559204,
        1.6868877410888672,
        1.470094084739685,
        1.5352466106414795,
        1.522914171218872,
        1.3819000720977783,
        1.4376105070114136,
        1.3142801523208618,
        1.275244951248169,
        1.228939414024353,
        1.1844254732131958,
        1.1249241828918457,
        1.0956554412841797,
        1.0846753120422363,
        1.0921292304992676,
        1.021641492843628,
        0.9954283237457275,
        0.971370279788971,
        0.9543129205703735,
        0.9653273224830627,
        0.9601163864135742,
        0.9291849136352539,
        0.8935969471931458,
        0.9044850468635559,
        0.9120900630950928,
        0.8841462731361389,
        0.8430712819099426,
        0.8767750859260559,
        0.832825779914856,
        0.8497593402862549,
        0.8153200745582581,
        0.8191633224487305,
        0.8316136002540588,
        0.8039377927780151,
        0.8223240375518799,
        0.8013036847114563,
        0.7856372594833374,
        0.8023191094398499,
        0.7623761296272278
    ],
    "val_loss": [
        351.40020751953125,
        205.44369506835938,
        276.36419677734375,
        220.13949584960938,
        132.15391540527344,
        135.4042510986328,
        148.15304565429688,
        156.99276733398438,
        149.94488525390625,
        120.47268676757812,
        99.29228973388672,
        92.13616180419922,
        94.52259063720703,
        93.7490463256836,
        75.56149291992188,
        79.20944213867188,
        73.80843353271484,
        66.9283676147461,
        63.339111328125,
        58.639766693115234,
        58.742340087890625,
        52.29986572265625,
        50.4530143737793,
        44.57455825805664,
        50.538726806640625,
        48.19815444946289,
        39.55585479736328,
        33.39905548095703,
        33.08622360229492,
        35.24525833129883,
        39.381412506103516,
        42.88850021362305,
        32.29450988769531,
        25.01033592224121,
        25.98733139038086,
        27.51763343811035,
        24.125486373901367,
        25.572668075561523,
        19.276464462280273,
        17.899709701538086,
        20.86302947998047,
        17.4047794342041,
        20.687671661376953,
        15.95544719696045,
        23.066762924194336,
        17.201152801513672,
        19.350677490234375,
        12.537040710449219,
        16.590723037719727,
        13.132424354553223,
        13.538908004760742,
        11.954756736755371,
        14.91599178314209,
        12.021269798278809,
        11.561115264892578,
        10.63863468170166,
        11.376463890075684,
        9.20686149597168,
        8.949566841125488,
        11.34628963470459,
        10.160001754760742,
        8.287213325500488,
        8.641414642333984,
        10.109416007995605,
        7.451990127563477,
        9.185708999633789,
        8.209846496582031,
        8.02064323425293,
        8.138343811035156,
        8.713597297668457,
        8.187710762023926,
        8.522586822509766,
        7.919471740722656,
        8.066749572753906,
        7.712522983551025,
        8.005515098571777,
        7.783312797546387,
        8.284319877624512,
        7.4806671142578125,
        7.559256553649902,
        6.916848659515381,
        7.470214366912842,
        7.174055576324463,
        6.699037075042725,
        6.255678176879883,
        6.917840480804443,
        6.953510761260986,
        7.168031215667725,
        7.247832298278809,
        6.911524295806885,
        6.991809844970703,
        6.845684051513672,
        6.874250888824463,
        7.192487716674805,
        7.06070613861084,
        7.114595890045166,
        6.759110450744629,
        7.177660942077637,
        6.822897434234619,
        6.846339702606201,
        7.039409637451172,
        7.018009662628174,
        7.340517044067383,
        6.8922224044799805,
        7.057664394378662,
        7.177436351776123,
        6.990472793579102,
        7.259194850921631,
        7.0495076179504395,
        7.076474189758301
    ]
}