{
    "effect_pehe": 9.397173881530762,
    "effect_mae": 2.8534183502197266
}