{
    "effect_pehe": 5.130069385322375,
    "effect_mae": 4.135716563489662
}