{
    "effect_pehe": 5.662773317504439,
    "effect_mae": 4.563919127856196
}