{
    "epoch": [
        0,
        1,
        2,
        3,
        4,
        5,
        6,
        7,
        8,
        9,
        10,
        11,
        12,
        13,
        14,
        15,
        16,
        17,
        18,
        19,
        20,
        21,
        22,
        23,
        24,
        25,
        26,
        27,
        28,
        29,
        30,
        31,
        32,
        33,
        34,
        35,
        36,
        37,
        38,
        39,
        40,
        41,
        42,
        43,
        44,
        45,
        46,
        47,
        48,
        49,
        50,
        51,
        52,
        53,
        54,
        55,
        56,
        57,
        58,
        59,
        60,
        61,
        62,
        63,
        64,
        65,
        66,
        67,
        68,
        69,
        70,
        71,
        72,
        73,
        74,
        75,
        76,
        77,
        78,
        79,
        80,
        81,
        82,
        83,
        84,
        85,
        86,
        87,
        88,
        89,
        90,
        91,
        92,
        93,
        94,
        95,
        96,
        97,
        98,
        99,
        100,
        101,
        102,
        103,
        104,
        105,
        106,
        107,
        108,
        109,
        110,
        111,
        112,
        113,
        114,
        115,
        116,
        117,
        118,
        119,
        120,
        121
    ],
    "train_loss": [
        236.01568603515625,
        235.40748596191406,
        234.7951202392578,
        234.1787567138672,
        233.55911254882812,
        232.88925170898438,
        232.16102600097656,
        231.35470581054688,
        230.484375,
        229.53733825683594,
        228.501220703125,
        227.34608459472656,
        226.04832458496094,
        224.61524963378906,
        223.03599548339844,
        221.29788208007812,
        219.39926147460938,
        217.32394409179688,
        215.0998992919922,
        212.70013427734375,
        210.13644409179688,
        207.37086486816406,
        204.40065002441406,
        201.2216796875,
        197.7947998046875,
        194.20782470703125,
        190.422119140625,
        186.3528594970703,
        182.24261474609375,
        177.8782501220703,
        173.39500427246094,
        168.7511444091797,
        163.96865844726562,
        159.05555725097656,
        153.9643096923828,
        148.7715606689453,
        143.38299560546875,
        137.87600708007812,
        132.2964630126953,
        126.58100891113281,
        120.84343719482422,
        115.2268295288086,
        109.83502960205078,
        104.70054626464844,
        99.893798828125,
        95.56429290771484,
        91.79475402832031,
        88.70933532714844,
        86.24687194824219,
        84.5416030883789,
        83.36392211914062,
        82.81181335449219,
        82.4096908569336,
        81.98717498779297,
        81.61499786376953,
        81.15074920654297,
        80.64596557617188,
        80.1679458618164,
        79.57117462158203,
        79.21684265136719,
        78.80119323730469,
        78.40557098388672,
        78.1081771850586,
        77.75316619873047,
        77.31517028808594,
        77.0105209350586,
        76.58828735351562,
        76.1238784790039,
        75.69440460205078,
        75.46260833740234,
        75.09504699707031,
        75.0069351196289,
        74.8041000366211,
        74.77621459960938,
        74.65287780761719,
        74.42049407958984,
        74.3177719116211,
        74.06297302246094,
        73.7973403930664,
        73.86717224121094,
        73.54491424560547,
        73.56036376953125,
        73.42005157470703,
        73.20571899414062,
        73.05349731445312,
        73.04651641845703,
        72.90052795410156,
        72.70477294921875,
        72.69573974609375,
        72.4215316772461,
        72.37266540527344,
        72.22097778320312,
        72.16014862060547,
        72.1132583618164,
        72.05101013183594,
        71.87957763671875,
        71.82720947265625,
        71.6741943359375,
        71.59410858154297,
        71.57154083251953,
        71.43577575683594,
        71.48387908935547,
        71.28536987304688,
        71.16132354736328,
        71.2637710571289,
        71.078857421875,
        71.03620147705078,
        70.96399688720703,
        70.8819351196289,
        70.74253845214844,
        70.65047454833984,
        70.59323120117188,
        70.59951782226562,
        70.36234283447266,
        70.6045913696289,
        70.38766479492188,
        70.30900573730469,
        70.12152099609375,
        70.18861389160156,
        70.14004516601562,
        70.0997085571289,
        70.02871704101562
    ],