{
    "effect_pehe": 43.070068359375,
    "effect_mae": 0.4992704391479492
}