{
    "effect_pehe": 14.616409301757812,
    "effect_mae": 5.828790664672852
}