{
    "epoch": [
        0,
        1,
        2,
        3,
        4,
        5,
        6,
        7,
        8,
        9,
        10,
        11,
        12,
        13,
        14,
        15,
        16,
        17,
        18,
        19,
        20,
        21,
        22,
        23,
        24,
        25,
        26,
        27,
        28,
        29,
        30,
        31,
        32,
        33,
        34,
        35,
        36,
        37,
        38,
        39,
        40,
        41,
        42,
        43,
        44,
        45,
        46,
        47,
        48,
        49,
        50,
        51,
        52,
        53,
        54,
        55,
        56,
        57,
        58,
        59,
        60,
        61,
        62,
        63,
        64,
        65,
        66,
        67,
        68,
        69,
        70,
        71,
        72,
        73,
        74,
        75,
        76,
        77,
        78,
        79,
        80,
        81,
        82,
        83,
        84,
        85,
        86,
        87,
        88,
        89,
        90,
        91,
        92,
        93,
        94,
        95,
        96,
        97,
        98,
        99,
        100,
        101,
        102,
        103,
        104,
        105,
        106,
        107,
        108,
        109,
        110,
        111,
        112,
        113,
        114,
        115,
        116,
        117,
        118,
        119,
        120,
        121,
        122,
        123,
        124,
        125,
        126,
        127,
        128,
        129,
        130,
        131,
        132,
        133,
        134,
        135,
        136,
        137,
        138,
        139,
        140,
        141,
        142,
        143,
        144,
        145,
        146
    ],
    "train_loss": [
        171.0257568359375,
        170.4951171875,
        169.9805908203125,
        169.45394897460938,
        168.9065704345703,
        168.3214111328125,
        167.6999969482422,
        167.00839233398438,
        166.25430297851562,
        165.43589782714844,
        164.5645751953125,
        163.59222412109375,
        162.4993438720703,
        161.28921508789062,
        159.94004821777344,
        158.44532775878906,
        156.80433654785156,
        155.05905151367188,
        153.12640380859375,
        151.02528381347656,
        148.75479125976562,
        146.31553649902344,
        143.6019744873047,
        140.62428283691406,
        137.34661865234375,
        133.83689880371094,
        130.02235412597656,
        125.96281433105469,
        121.6395034790039,
        117.22228240966797,
        112.60155487060547,
        107.91609191894531,
        103.21321868896484,
        98.55799865722656,
        94.025146484375,
        89.66167449951172,
        85.57292938232422,
        81.80503845214844,
        78.389892578125,
        75.43347930908203,
        72.94998931884766,
        70.85590362548828,
        69.13091278076172,
        67.7673568725586,
        66.60160827636719,
        65.69827270507812,
        64.99915313720703,
        64.40913391113281,
        64.01664733886719,
        63.8170166015625,
        63.68540573120117,
        63.75839614868164,
        63.74763107299805,
        63.87173080444336,
        63.85313034057617,
        63.805091857910156,
        63.66462707519531,
        63.41135787963867,
        63.172096252441406,
        62.7803840637207,
        62.49029541015625,
        62.230045318603516,
        62.02558898925781,
        61.850772857666016,
        61.59249496459961,
        61.43039321899414,
        61.291893005371094,
        61.152008056640625,
        60.992042541503906,
        60.873931884765625,
        60.75481414794922,
        60.595542907714844,
        60.46794891357422,
        60.4410514831543,
        60.30876541137695,
        60.32545852661133,
        60.13594436645508,
        60.02062225341797,
        59.91130447387695,
        59.85410690307617,
        59.74319076538086,
        59.65337371826172,
        59.554168701171875,
        59.48382568359375,
        59.44235610961914,
        59.37845230102539,
        59.286277770996094,
        59.18220138549805,
        59.17048263549805,
        58.99726486206055,
        59.04793167114258,
        58.895870208740234,
        58.784358978271484,
        58.725341796875,
        58.69196319580078,
        58.61936569213867,
        58.54766845703125,
        58.36740493774414,
        58.469730377197266,
        58.255889892578125,
        58.219207763671875,
        58.185325622558594,
        58.154685974121094,
        58.10023498535156,
        57.94524383544922,
        57.83649444580078,
        57.85089111328125,
        57.7313232421875,
        57.76737594604492,
        57.60451126098633,
        57.48403549194336,
        57.513031005859375,
        57.36186218261719,
        57.26877212524414,
        57.288063049316406,
        57.14426803588867,
        57.15485763549805,
        57.02886962890625,
        57.14227294921875,
        56.8707160949707,
        56.803714752197266,
        56.79164123535156,
        56.55943298339844,
        56.50198745727539,
        56.4997444152832,
        56.449405670166016,
        56.3547477722168,
        56.18050003051758,
        56.13859939575195,
        55.97019577026367,
        55.90010452270508,
        55.85371017456055,
        55.707462310791016,
        55.75550842285156,
        55.602386474609375,
        55.2921142578125,
        55.373756408691406,
        55.18751525878906,
        55.02122116088867,
        55.057804107666016,
        54.9067268371582,
        54.66233825683594,
        54.46013259887695,
        54.58453369140625,
        54.42975997924805,
        54.22029495239258,
        54.01122283935547
    ],