{
    "effect_pehe": 8.142483711242676,
    "effect_mae": 0.33590221405029297
}