{
    "epoch": [
        0,
        1,
        2,
        3,
        4,
        5,
        6,
        7,
        8,
        9,
        10,
        11,
        12,
        13,
        14,
        15,
        16,
        17,
        18,
        19,
        20,
        21,
        22,
        23,
        24,
        25,
        26,
        27,
        28,
        29,
        30,
        31,
        32,
        33,
        34,
        35,
        36,
        37,
        38,
        39,
        40,
        41,
        42,
        43,
        44,
        45,
        46,
        47,
        48,
        49,
        50,
        51
    ],
    "train_loss": [
        596.886474609375,
        594.5260009765625,
        592.072021484375,
        589.4641723632812,
        586.7192993164062,
        583.8331909179688,
        580.7758178710938,
        577.3140258789062,
        573.4589233398438,
        569.1435546875,
        564.3111572265625,
        558.82568359375,
        552.6013793945312,
        545.6087036132812,
        537.6516723632812,
        528.8265380859375,
        519.0789184570312,
        508.3594055175781,
        496.8426818847656,
        484.84344482421875,
        472.5660095214844,
        460.4636535644531,
        449.21612548828125,
        438.9723815917969,
        429.2419128417969,
        418.84063720703125,
        406.482666015625,
        391.74102783203125,
        375.39581298828125,
        358.5257873535156,
        342.5787658691406,
        328.6127014160156,
        318.0708923339844,
        311.6266174316406,
        309.46759033203125,
        310.403076171875,
        311.4883117675781,
        309.8529052734375,
        304.85601806640625,
        296.9458923339844,
        287.5758056640625,
        278.18408203125,
        269.733642578125,
        262.4481201171875,
        256.1980285644531,
        251.03778076171875,
        246.533447265625,
        242.37034606933594,
        237.9972686767578,
        233.3939208984375,
        228.49859619140625,
        223.51116943359375
    ],
    "val_loss": [
        357.8443603515625,
        357.051513671875,
        356.2518310546875,
        355.4440002441406,
        354.6067810058594,
        353.711181640625,
        352.72845458984375,
        351.69195556640625,
        350.54583740234375,
        349.2720642089844,
        347.85882568359375,
        346.2237243652344,
        344.3943176269531,
        342.28424072265625,
        339.8479919433594,
        337.1373596191406,
        334.1512451171875,
        330.8282775878906,
        327.2201232910156,
        323.2329406738281,
        319.083740234375,
        314.8258361816406,
        310.3797607421875,
        306.3749694824219,
        302.9490966796875,
        300.9077453613281,
        300.6017761230469,
        302.5506591796875,
        307.52362060546875,
        316.158935546875,
        329.171630859375,
        347.5284118652344,
        372.1875,
        402.9296875,
        438.1622619628906,
        472.7213134765625,
        500.125244140625,
        515.8263549804688,
        519.0013427734375,
        511.3840026855469,
        496.64849853515625,
        477.4122619628906,
        457.20709228515625,
        437.9231262207031,
        420.5567932128906,
        406.2060852050781,
        395.49041748046875,
        388.7479553222656,
        385.78851318359375,
        386.5489196777344,
        391.1036071777344,
        399.91497802734375
    ]
}