{
    "effect_pehe": 8.17502212524414,
    "effect_mae": 3.8384974002838135
}