{
    "effect_pehe": 20.532068252563477,
    "effect_mae": 14.31020450592041
}