{
    "epoch": [
        0,
        1,
        2,
        3,
        4,
        5,
        6,
        7,
        8,
        9,
        10,
        11,
        12,
        13,
        14,
        15,
        16,
        17,
        18,
        19,
        20,
        21,
        22,
        23,
        24,
        25,
        26,
        27,
        28,
        29,
        30,
        31,
        32,
        33,
        34,
        35,
        36,
        37,
        38,
        39,
        40,
        41,
        42,
        43,
        44,
        45,
        46,
        47,
        48,
        49,
        50,
        51,
        52,
        53,
        54,
        55,
        56,
        57,
        58,
        59,
        60,
        61,
        62,
        63,
        64,
        65,
        66,
        67,
        68,
        69,
        70,
        71,
        72,
        73,
        74,
        75,
        76,
        77,
        78,
        79,
        80
    ],
    "train_loss": [
        560.89697265625,
        560.097900390625,
        559.3599853515625,
        558.6470947265625,
        557.9418334960938,
        557.2095947265625,
        556.4376220703125,
        555.5973510742188,
        554.6854248046875,
        553.6900634765625,
        552.5708618164062,
        551.316162109375,
        549.9148559570312,
        548.3343505859375,
        546.5336303710938,
        544.5331420898438,
        542.2778930664062,
        539.7816162109375,
        536.9833984375,
        533.9094848632812,
        530.5819091796875,
        526.9862060546875,
        523.0442504882812,
        518.8943481445312,
        514.4564208984375,
        509.8480224609375,
        505.01763916015625,
        500.06561279296875,
        494.9816589355469,
        489.85137939453125,
        484.5978088378906,
        479.2409362792969,
        473.8175354003906,
        468.29364013671875,
        462.6430358886719,
        456.8695983886719,
        451.0596618652344,
        445.23541259765625,
        439.4427185058594,
        433.6069030761719,
        427.778564453125,
        421.9532470703125,
        416.26348876953125,
        410.72064208984375,
        405.35302734375,
        400.0594177246094,
        395.0428771972656,
        390.28802490234375,
        385.9365539550781,
        381.66265869140625,
        378.07427978515625,
        374.6520690917969,
        372.0497741699219,
        369.54547119140625,
        367.5218200683594,
        365.7552185058594,
        364.53680419921875,
        363.2927551269531,
        362.5460510253906,
        362.2179870605469,
        362.12103271484375,
        361.74481201171875,
        361.139404296875,
        360.726806640625,
        360.3522644042969,
        359.5665588378906,
        358.31549072265625,
        358.05078125,
        357.3685302734375,
        356.5544738769531,
        356.51177978515625,
        355.5149841308594,
        355.27734375,
        354.5450744628906,
        354.14666748046875,
        353.5498352050781,
        353.18841552734375,
        352.7996520996094,
        351.8475646972656,
        351.12835693359375,
        350.85906982421875
    ],
    "val_loss": [
        372.2579650878906,
        371.2390441894531,
        370.260498046875,
        369.2858581542969,
        368.2900390625,
        367.2112121582031,
        366.06512451171875,
        364.80517578125,
        363.3692626953125,
        361.79071044921875,
        360.0168151855469,
        358.0226745605469,
        355.7691650390625,
        353.2063293457031,
        350.3238830566406,
        346.9664306640625,
        343.10791015625,
        338.74932861328125,
        333.8196716308594,
        328.308837890625,
        322.2652587890625,
        315.62371826171875,
        308.59503173828125,
        301.22784423828125,
        293.59503173828125,
        285.8023986816406,
        278.1114807128906,
        270.7267150878906,
        263.843017578125,
        257.6003723144531,
        252.3707275390625,
        248.2345428466797,
        245.20379638671875,
        243.4834747314453,
        242.8129425048828,
        243.01402282714844,
        244.2123260498047,
        245.8638458251953,
        247.73910522460938,
        249.16078186035156,
        250.04934692382812,
        249.6233367919922,
        247.7227783203125,
        244.57864379882812,
        239.86944580078125,
        234.07318115234375,
        227.2921142578125,
        219.91477966308594,
        212.65805053710938,
        205.76388549804688,
        199.48098754882812,
        194.3280792236328,
        190.21961975097656,
        187.2035675048828,
        185.65042114257812,
        184.92422485351562,
        185.26011657714844,
        185.75311279296875,
        187.2707061767578,
        189.03311157226562,
        190.79229736328125,
        191.97247314453125,
        193.0572052001953,
        193.99444580078125,
        194.91592407226562,
        195.3184051513672,
        195.60121154785156,
        195.5912628173828,
        195.46995544433594,
        195.81060791015625,
        195.37493896484375,
        195.21124267578125,
        194.87623596191406,
        194.35752868652344,
        194.0338897705078,
        193.2403564453125,
        192.43670654296875,
        191.76052856445312,
        191.36187744140625,
        189.8838348388672,
        189.49081420898438
    ]
}