{
    "effect_pehe": 16.04636001586914,
    "effect_mae": 11.125981330871582
}