{
    "effect_pehe": 11.83676528930664,
    "effect_mae": 4.768324375152588
}