{
    "effect_pehe": 17.04885482788086,
    "effect_mae": 3.1265625953674316
}