{
    "effect_pehe": 0.7961840033531189,
    "effect_mae": 0.010562330484390259
}