{
    "effect_pehe": 2.0664875507354736,
    "effect_mae": 0.05240562558174133
}