{
    "effect_pehe": 2.176367998123169,
    "effect_mae": 0.5512663722038269
}