{
    "effect_pehe": 2.108128786087036,
    "effect_mae": 0.002162724733352661
}