{
    "effect_pehe": 0.8032698035240173,
    "effect_mae": 0.01399242877960205
}