{
    "effect_pehe": 0.7592891454696655,
    "effect_mae": 0.0030604898929595947
}