{
    "effect_pehe": 1.9347516298294067,
    "effect_mae": 0.16256040334701538
}