{
    "effect_pehe": 1.946620225906372,
    "effect_mae": 0.02648964524269104
}