{
    "effect_pehe": 2.206824779510498,
    "effect_mae": 0.2050095498561859
}