{
    "effect_pehe": 1.0369712114334106,
    "effect_mae": 0.07431071996688843
}