{
    "effect_pehe": 5.464380264282227,
    "effect_mae": 0.778200626373291
}