{
    "effect_pehe": 5.5009050369262695,
    "effect_mae": 1.0492479801177979
}