{
    "effect_pehe": 4.6846184730529785,
    "effect_mae": 1.9021174907684326
}