{
    "effect_pehe": 4.662585735321045,
    "effect_mae": 1.8543457984924316
}