{
    "effect_pehe": 4.747910499572754,
    "effect_mae": 1.1184628009796143
}