{
    "effect_pehe": 4.514834880828857,
    "effect_mae": 1.2221972942352295
}