{
    "effect_pehe": 4.556741714477539,
    "effect_mae": 1.1033011674880981
}