{
    "effect_pehe": 4.6640777587890625,
    "effect_mae": 0.7972195148468018
}