{
    "effect_pehe": 4.751130104064941,
    "effect_mae": 1.133689522743225
}