{
    "effect_pehe": 3.35562070987057,
    "effect_mae": 2.6977220543027722
}