{
    "effect_pehe": 3.531920612934792,
    "effect_mae": 2.76972002021668
}