{
    "effect_pehe": 3.071753629008514,
    "effect_mae": 2.415547055324497
}