{
    "effect_pehe": 2.1853253841400146,
    "effect_mae": 0.820205569267273
}