{
    "effect_pehe": 3.3433539867401123,
    "effect_mae": 0.12113043665885925
}