{
    "effect_pehe": 0.7590330839157104,
    "effect_mae": 0.02563682198524475
}