{
    "effect_pehe": 2.0250942707061768,
    "effect_mae": 0.12753826379776
}