{
    "effect_pehe": 2.871351957321167,
    "effect_mae": 0.1479634940624237
}