{
    "effect_pehe": 2.8438711166381836,
    "effect_mae": 0.04967382550239563
}