{
    "effect_pehe": 2.1761088371276855,
    "effect_mae": 0.09577077627182007
}