{
    "effect_pehe": 2.1398823261260986,
    "effect_mae": 0.4123117923736572
}