{
    "effect_pehe": 2.3179683685302734,
    "effect_mae": 0.14340072870254517
}