{
    "effect_pehe": 1.367098331451416,
    "effect_mae": 0.2923305034637451
}