{
    "effect_pehe": 5.099614143371582,
    "effect_mae": 1.3363299369812012
}