{
    "epoch": [
        0,
        1,
        2,
        3,
        4,
        5,
        6,
        7,
        8,
        9,
        10,
        11,
        12,
        13,
        14,
        15,
        16,
        17,
        18,
        19,
        20,
        21,
        22,
        23,
        24,
        25,
        26,
        27,
        28,
        29,
        30,
        31,
        32,
        33,
        34,
        35,
        36,
        37,
        38,
        39,
        40,
        41,
        42,
        43,
        44,
        45,
        46,
        47,
        48,
        49,
        50,
        51,
        52,
        53,
        54,
        55,
        56,
        57,
        58,
        59,
        60,
        61,
        62,
        63,
        64,
        65,
        66,
        67,
        68,
        69,
        70,
        71,
        72,
        73,
        74,
        75,
        76,
        77,
        78,
        79,
        80,
        81,
        82,
        83,
        84,
        85,
        86,
        87,
        88,
        89,
        90,
        91,
        92,
        93,
        94,
        95,
        96,
        97,
        98,
        99,
        100,
        101
    ],
    "train_loss": [
        27.993684768676758,
        27.953413009643555,
        27.91289710998535,
        27.872615814208984,
        27.827585220336914,
        27.776857376098633,
        27.719057083129883,
        27.65144920349121,
        27.574491500854492,
        27.482051849365234,
        27.380037307739258,
        27.25912857055664,
        27.11930274963379,
        26.963024139404297,
        26.78517723083496,
        26.572675704956055,
        26.339229583740234,
        26.064651489257812,
        25.759780883789062,
        25.415830612182617,
        24.996646881103516,
        24.550392150878906,
        24.043514251708984,
        23.452024459838867,
        22.822540283203125,
        22.12849998474121,
        21.36033821105957,
        20.52615737915039,
        19.639636993408203,
        18.7095947265625,
        17.674909591674805,
        16.63068199157715,
        15.579841613769531,
        14.483505249023438,
        13.446624755859375,
        12.481427192687988,
        11.664312362670898,
        10.897051811218262,
        10.25561809539795,
        9.701847076416016,
        9.22413444519043,
        8.711051940917969,
        8.215700149536133,
        7.941869735717773,
        7.705125331878662,
        7.722550392150879,
        7.670302391052246,
        7.548676013946533,
        7.366800308227539,
        7.1634650230407715,
        6.965198993682861,
        6.6476359367370605,
        6.39307975769043,
        6.256092548370361,
        6.168752670288086,
        6.11040735244751,
        6.140409469604492,
        6.076011657714844,
        6.100846290588379,
        6.037528991699219,
        6.008152484893799,
        5.983100891113281,
        5.845563888549805,
        5.791745185852051,
        5.718262672424316,
        5.663431644439697,
        5.616709232330322,
        5.590342998504639,
        5.549370288848877,
        5.565671443939209,
        5.530951499938965,
        5.526821136474609,
        5.47383975982666,
        5.409924030303955,
        5.365048408508301,
        5.333390235900879,
        5.310282230377197,
        5.2701897621154785,
        5.254642486572266,
        5.23612642288208,
        5.239050388336182,
        5.182315349578857,
        5.166757106781006,
        5.158260345458984,
        5.1290459632873535,
        5.1057915687561035,
        5.082520961761475,
        5.057922840118408,
        5.0222015380859375,
        5.016729354858398,
        4.995602607727051,
        4.95441198348999,
        4.960676193237305,
        4.925050258636475,
        4.925046443939209,
        4.884170055389404,
        4.877660751342773,
        4.861399173736572,
        4.83172607421875,
        4.8260698318481445,
        4.806220531463623,
        4.7936296463012695
    ],
    "val_loss": [
        32.8912239074707,
        32.846946716308594,
        32.80261993408203,
        32.75956344604492,
        32.70977783203125,
        32.654014587402344,
        32.588584899902344,
        32.51277160644531,
        32.424163818359375,
        32.324771881103516,
        32.210426330566406,
        32.077056884765625,
        31.92474365234375,
        31.746740341186523,
        31.548208236694336,
        31.29815673828125,
        31.047334671020508,
        30.727205276489258,
        30.357175827026367,
        29.96211051940918,
        29.509313583374023,
        28.98880958557129,
        28.412569046020508,
        27.736461639404297,
        26.990922927856445,
        26.18160629272461,
        25.276832580566406,
        24.405282974243164,
        23.310239791870117,
        22.204734802246094,
        20.924623489379883,
        19.685688018798828,
        18.364486694335938,
        17.044065475463867,
        15.712448120117188,
        14.408053398132324,
        13.210351943969727,
        12.098064422607422,
        11.152329444885254,
        10.129724502563477,
        9.41268539428711,
        8.841931343078613,
        8.282552719116211,
        7.8591437339782715,
        7.672361850738525,
        7.604454517364502,
        7.615973949432373,
        7.63505744934082,
        7.442572593688965,
        7.336430072784424,
        6.943447113037109,
        6.635170936584473,
        6.3096232414245605,
        6.245431900024414,
        6.113493919372559,
        6.1282877922058105,
        6.076800346374512,
        6.188357830047607,
        6.177942752838135,
        6.076146125793457,
        6.151431083679199,
        6.055704593658447,
        5.920522212982178,
        5.936306476593018,
        5.818231582641602,
        5.796321392059326,
        5.768846035003662,
        5.755817413330078,
        5.707301139831543,
        5.811367511749268,
        5.748751640319824,
        5.7409563064575195,
        5.747360706329346,
        5.716520309448242,
        5.630958557128906,
        5.660571575164795,
        5.588902473449707,
        5.599969863891602,
        5.607692241668701,
        5.637998580932617,
        5.608633995056152,
        5.647102355957031,
        5.624422073364258,
        5.6176066398620605,
        5.635837078094482,
        5.622766971588135,
        5.609633922576904,
        5.6228437423706055,
        5.628179550170898,
        5.639886379241943,
        5.6272873878479,
        5.635911464691162,
        5.641252040863037,
        5.6232452392578125,
        5.646904468536377,
        5.646578311920166,
        5.638922691345215,
        5.643962383270264,
        5.65790319442749,
        5.658417701721191,
        5.664939880371094,
        5.7070112228393555
    ]
}