{
    "effect_pehe": 6.780623912811279,
    "effect_mae": 0.14336854219436646
}