{
    "effect_pehe": 5.151542663574219,
    "effect_mae": 0.46324387192726135
}