{
    "effect_pehe": 7.014980792999268,
    "effect_mae": 2.4663028717041016
}