{
    "effect_pehe": 6.22871208190918,
    "effect_mae": 1.8557581901550293
}