{
    "epoch": [
        0,
        1,
        2,
        3,
        4,
        5,
        6,
        7,
        8,
        9,
        10,
        11,
        12,
        13,
        14,
        15,
        16,
        17,
        18,
        19,
        20,
        21,
        22,
        23,
        24,
        25,
        26,
        27,
        28,
        29,
        30,
        31,
        32,
        33,
        34,
        35,
        36,
        37,
        38,
        39,
        40,
        41,
        42,
        43,
        44,
        45,
        46,
        47,
        48,
        49,
        50,
        51,
        52,
        53,
        54,
        55,
        56,
        57,
        58,
        59,
        60,
        61,
        62,
        63,
        64,
        65,
        66,
        67,
        68,
        69,
        70,
        71,
        72,
        73,
        74,
        75,
        76,
        77,
        78,
        79,
        80,
        81,
        82,
        83,
        84,
        85,
        86,
        87,
        88,
        89,
        90,
        91,
        92,
        93,
        94,
        95,
        96,
        97,
        98,
        99,
        100,
        101,
        102,
        103,
        104,
        105,
        106,
        107,
        108,
        109,
        110,
        111,
        112,
        113,
        114,
        115,
        116,
        117,
        118,
        119,
        120,
        121,
        122,
        123,
        124,
        125,
        126,
        127,
        128
    ],
    "train_loss": [
        36.588016510009766,
        36.54764938354492,
        36.50626754760742,
        36.46157455444336,
        36.41133499145508,
        36.35774230957031,
        36.294639587402344,
        36.22418212890625,
        36.144859313964844,
        36.05005645751953,
        35.94424057006836,
        35.818756103515625,
        35.67116165161133,
        35.50121307373047,
        35.302886962890625,
        35.07672119140625,
        34.81621551513672,
        34.51680374145508,
        34.173057556152344,
        33.780826568603516,
        33.33518600463867,
        32.82386016845703,
        32.254127502441406,
        31.612329483032227,
        30.883926391601562,
        30.08907699584961,
        29.13789939880371,
        28.138731002807617,
        26.951478958129883,
        25.69386863708496,
        24.30777359008789,
        22.802528381347656,
        21.207904815673828,
        19.49057960510254,
        17.818531036376953,
        16.199108123779297,
        14.521625518798828,
        13.079180717468262,
        11.910103797912598,
        11.031380653381348,
        10.552996635437012,
        10.474949836730957,
        10.58220386505127,
        10.588664054870605,
        10.560400009155273,
        10.104294776916504,
        9.611302375793457,
        9.01962947845459,
        8.5548734664917,
        8.22468376159668,
        7.935973644256592,
        7.90385103225708,
        7.966553211212158,
        7.988985538482666,
        8.025055885314941,
        8.029542922973633,
        7.9327473640441895,
        7.841866970062256,
        7.719042778015137,
        7.550464630126953,
        7.408390522003174,
        7.359001636505127,
        7.287192344665527,
        7.301114559173584,
        7.23727560043335,
        7.192630290985107,
        7.216284275054932,
        7.185098648071289,
        7.128268241882324,
        7.004216194152832,
        6.9896159172058105,
        6.891359329223633,
        6.848458766937256,
        6.7875518798828125,
        6.768320083618164,
        6.749255180358887,
        6.715086460113525,
        6.686238765716553,
        6.676514148712158,
        6.631396293640137,
        6.605833053588867,
        6.549543380737305,
        6.541967868804932,
        6.530509948730469,
        6.481543064117432,
        6.467579364776611,
        6.447285175323486,
        6.427999019622803,
        6.419933795928955,
        6.382509708404541,
        6.33573055267334,
        6.325096130371094,
        6.299040794372559,
        6.298243522644043,
        6.268307685852051,
        6.244814872741699,
        6.211656093597412,
        6.217484951019287,
        6.194690704345703,
        6.178348064422607,
        6.149614334106445,
        6.126457214355469,
        6.098100662231445,
        6.08430814743042,
        6.061169147491455,
        6.031822681427002,
        6.033118724822998,
        6.02156400680542,
        5.992618083953857,
        5.983337879180908,
        5.9579691886901855,
        5.951089859008789,
        5.926124095916748,
        5.903644561767578,
        5.900899410247803,
        5.885260581970215,
        5.867211818695068,
        5.858441352844238,
        5.837399005889893,
        5.8058061599731445,
        5.789155960083008,
        5.784236431121826,
        5.755776405334473,
        5.719669342041016,
        5.742659091949463,
        5.708083152770996,
        5.712272644042969,
        5.678109645843506,
        5.663815975189209
    ],