{
    "effect_pehe": 7.078619956970215,
    "effect_mae": 1.4359773397445679
}