{
    "effect_pehe": 6.068093299865723,
    "effect_mae": 0.13954642415046692
}