{
    "epoch": [
        0,
        1,
        2,
        3,
        4,
        5,
        6,
        7,
        8,
        9,
        10,
        11,
        12,
        13,
        14,
        15,
        16,
        17,
        18,
        19,
        20,
        21,
        22,
        23,
        24,
        25,
        26,
        27,
        28,
        29,
        30,
        31,
        32,
        33,
        34,
        35,
        36,
        37,
        38,
        39,
        40,
        41,
        42,
        43,
        44,
        45,
        46,
        47,
        48,
        49,
        50,
        51,
        52,
        53,
        54,
        55,
        56,
        57,
        58,
        59,
        60,
        61,
        62,
        63,
        64,
        65,
        66,
        67,
        68,
        69,
        70,
        71,
        72,
        73,
        74,
        75,
        76,
        77,
        78,
        79,
        80,
        81,
        82,
        83,
        84,
        85,
        86,
        87,
        88,
        89,
        90,
        91,
        92,
        93,
        94,
        95,
        96,
        97,
        98,
        99,
        100,
        101,
        102,
        103,
        104,
        105,
        106,
        107,
        108,
        109,
        110,
        111,
        112,
        113,
        114,
        115,
        116,
        117,
        118,
        119,
        120,
        121,
        122,
        123,
        124,
        125,
        126,
        127,
        128,
        129,
        130,
        131,
        132,
        133,
        134,
        135,
        136,
        137,
        138,
        139,
        140,
        141,
        142,
        143,
        144,
        145,
        146,
        147,
        148,
        149,
        150,
        151,
        152,
        153,
        154
    ],
    "train_loss": [
        15.340628623962402,
        15.302849769592285,
        15.264520645141602,
        15.224543571472168,
        15.182242393493652,
        15.136981010437012,
        15.087545394897461,
        15.03520393371582,
        14.978180885314941,
        14.912357330322266,
        14.839866638183594,
        14.758169174194336,
        14.661446571350098,
        14.549080848693848,
        14.428153038024902,
        14.285299301147461,
        14.126565933227539,
        13.949860572814941,
        13.752280235290527,
        13.521544456481934,
        13.275595664978027,
        13.002673149108887,
        12.702947616577148,
        12.354330062866211,
        11.997762680053711,
        11.564264297485352,
        11.102416038513184,
        10.578173637390137,
        10.011862754821777,
        9.39775562286377,
        8.750081062316895,
        8.060723304748535,
        7.347914218902588,
        6.674800872802734,
        6.011879920959473,
        5.415246486663818,
        4.940848350524902,
        4.602823734283447,
        4.358430862426758,
        4.258674144744873,
        4.130486488342285,
        3.9956376552581787,
        3.795797109603882,
        3.574448585510254,
        3.3581113815307617,
        3.1710171699523926,
        3.0059146881103516,
        2.900444746017456,
        2.8115899562835693,
        2.692958116531372,
        2.5925307273864746,
        2.480994701385498,
        2.369753122329712,
        2.2756879329681396,
        2.200686454772949,
        2.1215732097625732,
        2.06953501701355,
        2.0086445808410645,
        1.96878981590271,
        1.9364433288574219,
        1.8891606330871582,
        1.8974058628082275,
        1.8710697889328003,
        1.8248909711837769,
        1.8016045093536377,
        1.7963371276855469,
        1.7506588697433472,
        1.6972604990005493,
        1.6692614555358887,
        1.6531201601028442,
        1.6351832151412964,
        1.629968285560608,
        1.6221033334732056,
        1.6068840026855469,
        1.5911579132080078,
        1.5753713846206665,
        1.559510588645935,
        1.5385525226593018,
        1.5455052852630615,
        1.5249454975128174,
        1.5155450105667114,
        1.5051028728485107,
        1.5007566213607788,
        1.4859685897827148,
        1.4797343015670776,
        1.4611132144927979,
        1.4556175470352173,
        1.4519412517547607,
        1.4424885511398315,
        1.431827425956726,
        1.4280928373336792,
        1.42112135887146,
        1.4110910892486572,
        1.404076337814331,
        1.4004217386245728,
        1.3943259716033936,
        1.3865196704864502,
        1.3833215236663818,
        1.3741265535354614,
        1.3648059368133545,
        1.3624176979064941,
        1.359495997428894,
        1.350732445716858,
        1.3453396558761597,
        1.340766429901123,
        1.3342622518539429,
        1.331105351448059,
        1.3270115852355957,
        1.322648048400879,
        1.3172903060913086,
        1.3190494775772095,
        1.3061296939849854,
        1.3067032098770142,
        1.2980811595916748,
        1.2943838834762573,
        1.2854177951812744,
        1.284932255744934,
        1.2811158895492554,
        1.27718985080719,
        1.269045114517212,
        1.2696725130081177,
        1.2622580528259277,
        1.2617628574371338,
        1.2566922903060913,
        1.2490488290786743,
        1.2475982904434204,
        1.245296835899353,
        1.2358382940292358,
        1.2363853454589844,
        1.22981595993042,
        1.2310179471969604,
        1.221381664276123,
        1.2210363149642944,
        1.2207934856414795,
        1.2142218351364136,
        1.2100342512130737,
        1.201232671737671,
        1.2036863565444946,
        1.1975473165512085,
        1.1974278688430786,
        1.1901779174804688,
        1.181891918182373,
        1.180791974067688,
        1.1784693002700806,
        1.17621648311615,
        1.173140048980713,
        1.1675208806991577,
        1.1585742235183716,
        1.1597886085510254,
        1.1575793027877808,
        1.153161883354187,
        1.1465908288955688,
        1.1464483737945557,
        1.1415040493011475,
        1.1403632164001465
    ],