{
    "effect_pehe": 5.855189800262451,
    "effect_mae": 1.5874366760253906
}