{
    "epoch": [
        0,
        1,
        2,
        3,
        4,
        5,
        6,
        7,
        8,
        9,
        10,
        11,
        12,
        13,
        14,
        15,
        16,
        17,
        18,
        19,
        20,
        21,
        22,
        23,
        24,
        25,
        26,
        27,
        28,
        29,
        30,
        31,
        32,
        33,
        34,
        35,
        36,
        37,
        38,
        39,
        40,
        41,
        42,
        43,
        44,
        45,
        46,
        47,
        48,
        49,
        50,
        51,
        52,
        53,
        54,
        55,
        56,
        57,
        58,
        59,
        60,
        61,
        62,
        63,
        64,
        65,
        66,
        67,
        68,
        69,
        70,
        71,
        72,
        73,
        74,
        75,
        76,
        77,
        78,
        79,
        80,
        81,
        82,
        83,
        84,
        85,
        86,
        87,
        88,
        89,
        90,
        91,
        92,
        93,
        94,
        95,
        96,
        97,
        98,
        99,
        100,
        101,
        102,
        103,
        104,
        105,
        106,
        107,
        108,
        109,
        110,
        111,
        112,
        113,
        114,
        115,
        116,
        117,
        118,
        119,
        120,
        121,
        122,
        123,
        124,
        125,
        126,
        127,
        128
    ],
    "train_loss": [
        29.302865982055664,
        29.273488998413086,
        29.24319076538086,
        29.212078094482422,
        29.17787742614746,
        29.13927459716797,
        29.095287322998047,
        29.04601287841797,
        28.988985061645508,
        28.92776107788086,
        28.852519989013672,
        28.76569175720215,
        28.65804100036621,
        28.537012100219727,
        28.391437530517578,
        28.220870971679688,
        28.02498435974121,
        27.802589416503906,
        27.549718856811523,
        27.250694274902344,
        26.914325714111328,
        26.51763916015625,
        26.05769920349121,
        25.555044174194336,
        24.99260902404785,
        24.316831588745117,
        23.62284278869629,
        22.81492805480957,
        21.91706085205078,
        20.98956871032715,
        19.916112899780273,
        18.79956817626953,
        17.609716415405273,
        16.395666122436523,
        15.097329139709473,
        13.798322677612305,
        12.593381881713867,
        11.365978240966797,
        10.382209777832031,
        9.55791187286377,
        9.034662246704102,
        8.736910820007324,
        8.704001426696777,
        8.61262035369873,
        8.515711784362793,
        8.311469078063965,
        7.9001874923706055,
        7.369185924530029,
        7.07029914855957,
        6.613434314727783,
        6.403530120849609,
        6.257894039154053,
        6.240087509155273,
        6.278392314910889,
        6.258466720581055,
        6.2740702629089355,
        6.222288608551025,
        6.107945919036865,
        6.0163984298706055,
        5.87766170501709,
        5.752867698669434,
        5.666983604431152,
        5.681866645812988,
        5.587599277496338,
        5.510051250457764,
        5.539257526397705,
        5.440330505371094,
        5.473434925079346,
        5.3858208656311035,
        5.330889701843262,
        5.296011447906494,
        5.232557773590088,
        5.191455841064453,
        5.130169868469238,
        5.141831398010254,
        5.127241134643555,
        5.077900409698486,
        5.059981346130371,
        5.021625995635986,
        4.9730095863342285,
        4.986775875091553,
        4.932692050933838,
        4.931974411010742,
        4.855293273925781,
        4.853560924530029,
        4.840933322906494,
        4.786375522613525,
        4.7752790451049805,
        4.806671142578125,
        4.7263360023498535,
        4.722321033477783,
        4.709261417388916,
        4.676015853881836,
        4.680685997009277,
        4.652932643890381,
        4.638885974884033,
        4.6368279457092285,
        4.602479934692383,
        4.592750549316406,
        4.5528998374938965,
        4.541597843170166,
        4.528916358947754,
        4.498256206512451,
        4.49502420425415,
        4.46807336807251,
        4.455633163452148,
        4.418032169342041,
        4.416860580444336,
        4.3940958976745605,
        4.390466690063477,
        4.3612847328186035,
        4.339407444000244,
        4.326935291290283,
        4.301843643188477,
        4.29816198348999,
        4.296419143676758,
        4.255633354187012,
        4.25268030166626,
        4.2393341064453125,
        4.233765125274658,
        4.213984489440918,
        4.193159580230713,
        4.171809196472168,
        4.158875465393066,
        4.140357494354248,
        4.134969234466553,
        4.096211910247803,
        4.08488130569458,
        4.08415412902832
    ],