{
    "effect_pehe": 6.882751941680908,
    "effect_mae": 0.03233495354652405
}