{
    "effect_pehe": 34.74269104003906,
    "effect_mae": 0.3269779682159424
}