{
    "effect_pehe": 7.003337860107422,
    "effect_mae": 0.07119989395141602
}