{
    "effect_pehe": 15.190019607543945,
    "effect_mae": 7.346652507781982
}