{
    "effect_pehe": 13.30334186553955,
    "effect_mae": 5.349712371826172
}