{
    "effect_pehe": 15.860979080200195,
    "effect_mae": 1.5911941528320312
}