{
    "epoch": [
        0,
        1,
        2,
        3,
        4,
        5,
        6,
        7,
        8,
        9,
        10,
        11,
        12,
        13,
        14,
        15,
        16,
        17,
        18,
        19,
        20,
        21,
        22,
        23,
        24,
        25,
        26,
        27,
        28,
        29,
        30,
        31,
        32,
        33,
        34,
        35,
        36,
        37,
        38,
        39,
        40,
        41,
        42,
        43,
        44,
        45,
        46,
        47,
        48,
        49,
        50,
        51,
        52,
        53,
        54,
        55,
        56,
        57,
        58,
        59,
        60,
        61,
        62,
        63,
        64,
        65,
        66,
        67,
        68,
        69,
        70,
        71,
        72,
        73,
        74,
        75,
        76,
        77,
        78,
        79,
        80,
        81,
        82,
        83,
        84,
        85,
        86,
        87,
        88,
        89,
        90,
        91,
        92,
        93
    ],
    "train_loss": [
        364.8769226074219,
        364.4935607910156,
        364.1290588378906,
        363.7806396484375,
        363.44488525390625,
        363.12255859375,
        362.7780456542969,
        362.41156005859375,
        362.0155029296875,
        361.5972595214844,
        361.1357116699219,
        360.6461181640625,
        360.11456298828125,
        359.531982421875,
        358.8779602050781,
        358.15570068359375,
        357.33880615234375,
        356.4452819824219,
        355.4523620605469,
        354.3514709472656,
        353.14117431640625,
        351.76275634765625,
        350.2712707519531,
        348.6457824707031,
        346.8243103027344,
        344.8874816894531,
        342.79376220703125,
        340.54461669921875,
        338.0929260253906,
        335.4695739746094,
        332.6973571777344,
        329.7298583984375,
        326.5782165527344,
        323.2601623535156,
        319.7554626464844,
        316.1061706542969,
        312.3416442871094,
        308.4554443359375,
        304.4505310058594,
        300.33099365234375,
        296.1429748535156,
        291.998779296875,
        287.7329406738281,
        283.70599365234375,
        279.68243408203125,
        275.9498291015625,
        272.2579650878906,
        268.82806396484375,
        265.9319152832031,
        263.060302734375,
        260.9815368652344,
        259.11663818359375,
        257.5914001464844,
        256.5373840332031,
        255.564453125,
        254.81642150878906,
        254.54794311523438,
        253.9527130126953,
        253.77752685546875,
        253.5362548828125,
        253.103759765625,
        252.65625,
        252.4523162841797,
        252.49729919433594,
        252.2843017578125,
        252.1683807373047,
        251.92520141601562,
        251.6617431640625,
        251.64073181152344,
        251.5164794921875,
        251.14617919921875,
        250.8036346435547,
        250.59324645996094,
        250.38003540039062,
        249.88963317871094,
        249.79225158691406,
        249.2069091796875,
        249.13575744628906,
        248.60464477539062,
        248.3546905517578,
        248.0121307373047,
        247.4718780517578,
        247.13148498535156,
        246.93260192871094,
        246.54885864257812,
        246.27403259277344,
        245.91372680664062,
        245.55657958984375,
        245.143310546875,
        244.62042236328125,
        244.2625732421875,
        243.91587829589844,
        243.48602294921875,
        243.1015625
    ],
    "val_loss": [
        667.9651489257812,
        667.7637329101562,
        667.5690307617188,
        667.3921508789062,
        667.2227172851562,
        667.0704345703125,
        666.9185180664062,
        666.7457885742188,
        666.5767211914062,
        666.40771484375,
        666.259521484375,
        666.1157836914062,
        665.9810180664062,
        665.8609619140625,
        665.7312622070312,
        665.6151123046875,
        665.4728393554688,
        665.3619384765625,
        665.2734375,
        665.1367797851562,
        665.0125732421875,
        664.8660888671875,
        664.6376953125,
        664.4205322265625,
        664.0216674804688,
        663.6077880859375,
        663.0513916015625,
        662.4234008789062,
        661.5286865234375,
        660.5147094726562,
        659.2200927734375,
        657.8851318359375,
        656.3252563476562,
        654.6226806640625,
        652.5576782226562,
        650.4906616210938,
        648.111328125,
        645.7344360351562,
        643.1714477539062,
        640.5626220703125,
        638.0169067382812,
        635.0606079101562,
        632.0921630859375,
        629.2842407226562,
        626.3551635742188,
        623.8046875,
        621.10986328125,
        618.8831176757812,
        616.5386962890625,
        614.3529663085938,
        612.5433349609375,
        610.891845703125,
        609.5440673828125,
        608.2448120117188,
        606.4510498046875,
        604.5299682617188,
        602.6913452148438,
        600.64501953125,
        598.2363891601562,
        595.7958984375,
        592.8493041992188,
        590.9971923828125,
        588.7489013671875,
        586.9857177734375,
        585.7417602539062,
        584.41552734375,
        583.5275268554688,
        583.0662231445312,
        582.4523315429688,
        582.6673583984375,
        582.7395629882812,
        583.0509033203125,
        583.8983154296875,
        584.497314453125,
        585.384033203125,
        586.454345703125,
        587.9375,
        588.8680419921875,
        590.2313232421875,
        591.5936889648438,
        592.6554565429688,
        593.864990234375,
        594.8922729492188,
        596.3162231445312,
        597.1681518554688,
        598.4480590820312,
        599.9756469726562,
        601.1625366210938,
        603.1985473632812,
        604.5733032226562,
        605.9326782226562,
        607.9441528320312,
        609.9591674804688,
        612.0709838867188
    ]
}