{
    "effect_pehe": 13.925531387329102,
    "effect_mae": 1.854863166809082
}