{
    "epoch": [
        0,
        1,
        2,
        3,
        4,
        5,
        6,
        7,
        8,
        9,
        10,
        11,
        12,
        13,
        14,
        15,
        16,
        17,
        18,
        19,
        20,
        21,
        22,
        23,
        24,
        25,
        26,
        27,
        28,
        29,
        30,
        31,
        32,
        33,
        34,
        35,
        36,
        37,
        38,
        39,
        40,
        41,
        42,
        43,
        44,
        45,
        46,
        47,
        48,
        49,
        50,
        51,
        52,
        53,
        54,
        55,
        56,
        57,
        58,
        59,
        60,
        61,
        62,
        63,
        64,
        65,
        66,
        67,
        68,
        69,
        70,
        71,
        72,
        73,
        74,
        75,
        76,
        77,
        78,
        79,
        80,
        81,
        82,
        83,
        84,
        85,
        86,
        87,
        88,
        89,
        90,
        91,
        92,
        93,
        94,
        95,
        96,
        97,
        98,
        99,
        100,
        101,
        102,
        103,
        104,
        105,
        106,
        107,
        108,
        109,
        110
    ],
    "train_loss": [
        350.16436767578125,
        349.8111267089844,
        349.45489501953125,
        349.0955810546875,
        348.7252502441406,
        348.3315734863281,
        347.9026184082031,
        347.433837890625,
        346.8951721191406,
        346.2754821777344,
        345.5961608886719,
        344.8451843261719,
        344.00115966796875,
        343.0542907714844,
        342.00634765625,
        340.8188171386719,
        339.5032043457031,
        338.0249938964844,
        336.41162109375,
        334.5906066894531,
        332.6014404296875,
        330.40472412109375,
        328.07080078125,
        325.5397644042969,
        322.7659912109375,
        319.8455505371094,
        316.718994140625,
        313.438720703125,
        309.9280700683594,
        306.2493896484375,
        302.4228210449219,
        298.32672119140625,
        294.179443359375,
        289.83648681640625,
        285.42242431640625,
        280.99658203125,
        276.50244140625,
        272.09844970703125,
        267.79400634765625,
        263.6116943359375,
        259.8056640625,
        256.1761474609375,
        252.8875732421875,
        250.0458984375,
        247.83746337890625,
        245.672607421875,
        244.3052520751953,
        243.07167053222656,
        242.16061401367188,
        241.41064453125,
        240.7119140625,
        240.1780242919922,
        239.46688842773438,
        238.81446838378906,
        238.3053436279297,
        237.7621612548828,
        237.65484619140625,
        237.3133087158203,
        237.24606323242188,
        237.43943786621094,
        237.4676513671875,
        237.31988525390625,
        236.97964477539062,
        237.01113891601562,
        236.82887268066406,
        236.5811004638672,
        236.3147735595703,
        236.3245391845703,
        236.16921997070312,
        236.0725555419922,
        235.8802490234375,
        235.67349243164062,
        235.2521514892578,
        235.0950469970703,
        234.70819091796875,
        234.47659301757812,
        234.07640075683594,
        233.81683349609375,
        233.23690795898438,
        232.75445556640625,
        232.496337890625,
        231.87969970703125,
        231.4828643798828,
        230.86683654785156,
        230.34347534179688,
        229.7767333984375,
        229.0343780517578,
        228.63807678222656,
        227.9106903076172,
        227.31796264648438,
        226.9368896484375,
        226.0267333984375,
        225.67295837402344,
        225.18963623046875,
        224.5652618408203,
        223.89137268066406,
        223.5406036376953,
        223.1959686279297,
        222.5998992919922,
        222.3273468017578,
        221.30894470214844,
        221.18850708007812,
        220.4103240966797,
        219.8987274169922,
        219.32965087890625,
        218.99627685546875,
        218.48626708984375,
        217.7472381591797,
        217.07484436035156,
        216.4380645751953,
        215.96844482421875
    ],
    "val_loss": [
        1003.1065673828125,
        1002.7427978515625,
        1002.3910522460938,
        1002.033203125,
        1001.6613159179688,
        1001.2659301757812,
        1000.8409423828125,
        1000.3754272460938,
        999.8621826171875,
        999.2442626953125,
        998.56201171875,
        997.8521728515625,
        997.0584716796875,
        996.1151123046875,
        995.121826171875,
        993.9822998046875,
        992.7553100585938,
        991.398681640625,
        989.8399047851562,
        988.238037109375,
        986.3790893554688,
        984.3389892578125,
        982.1547241210938,
        979.8375854492188,
        977.2656860351562,
        974.4281005859375,
        971.8287353515625,
        968.5543212890625,
        965.2385864257812,
        961.9302368164062,
        958.1181640625,
        954.6663818359375,
        950.7244262695312,
        946.7625732421875,
        942.6939086914062,
        938.8719482421875,
        934.7837524414062,
        931.1674194335938,
        927.6568603515625,
        923.8505249023438,
        920.9166870117188,
        917.6755981445312,
        914.7774047851562,
        911.9891357421875,
        910.0935668945312,
        907.4640502929688,
        904.4407958984375,
        902.0482788085938,
        899.3081665039062,
        896.9482421875,
        894.49951171875,
        891.635498046875,
        889.4716186523438,
        887.3496704101562,
        885.9292602539062,
        884.636962890625,
        883.5231323242188,
        882.8223876953125,
        882.436767578125,
        882.6342163085938,
        882.46826171875,
        882.1679077148438,
        882.34375,
        881.9838256835938,
        882.3430786132812,
        881.9961547851562,
        882.2926025390625,
        881.9649047851562,
        881.8419189453125,
        881.9838256835938,
        882.6279296875,
        882.9651489257812,
        882.49853515625,
        882.2786865234375,
        882.8695678710938,
        882.1514892578125,
        882.385498046875,
        881.7576904296875,
        881.6497192382812,
        881.0751953125,
        881.135009765625,
        880.7049560546875,
        881.2520141601562,
        881.0139770507812,
        880.6497192382812,
        879.8345336914062,
        882.0071411132812,
        880.9486083984375,
        881.699951171875,
        881.6976928710938,
        880.8756713867188,
        881.5123901367188,
        880.9452514648438,
        881.4935913085938,
        882.6057739257812,
        883.0482177734375,
        883.0629272460938,
        881.9574584960938,
        882.8252563476562,
        882.1572265625,
        883.468994140625,
        881.510986328125,
        882.3936767578125,
        882.62109375,
        882.3761596679688,
        880.9774169921875,
        881.1633911132812,
        880.8583374023438,
        881.5039672851562,
        882.7454833984375,
        880.3919677734375
    ]
}