{
    "effect_pehe": 13.015555381774902,
    "effect_mae": 3.7439019680023193
}