{
    "epoch": [
        0,
        1,
        2,
        3,
        4,
        5,
        6,
        7,
        8,
        9,
        10,
        11,
        12,
        13,
        14,
        15,
        16,
        17,
        18,
        19,
        20,
        21,
        22,
        23,
        24,
        25,
        26,
        27,
        28,
        29,
        30,
        31,
        32,
        33,
        34,
        35,
        36,
        37,
        38,
        39,
        40,
        41,
        42,
        43,
        44,
        45,
        46,
        47,
        48,
        49,
        50,
        51,
        52,
        53,
        54,
        55,
        56,
        57,
        58,
        59,
        60,
        61,
        62,
        63,
        64,
        65,
        66,
        67,
        68,
        69,
        70,
        71,
        72,
        73,
        74,
        75,
        76,
        77,
        78,
        79,
        80,
        81,
        82,
        83,
        84,
        85,
        86,
        87,
        88,
        89,
        90,
        91,
        92,
        93,
        94,
        95
    ],
    "train_loss": [
        396.4320983886719,
        396.08892822265625,
        395.7461853027344,
        395.413818359375,
        395.0871276855469,
        394.7402038574219,
        394.3644104003906,
        393.94940185546875,
        393.48199462890625,
        392.96490478515625,
        392.4261779785156,
        391.8097839355469,
        391.0937805175781,
        390.302490234375,
        389.4075012207031,
        388.3989562988281,
        387.28961181640625,
        386.0247497558594,
        384.61541748046875,
        383.0435791015625,
        381.3416442871094,
        379.45703125,
        377.4632263183594,
        375.2243957519531,
        372.82232666015625,
        370.257568359375,
        367.4156799316406,
        364.43145751953125,
        361.2285461425781,
        357.83489990234375,
        354.2820129394531,
        350.54736328125,
        346.7511901855469,
        342.6808776855469,
        338.63824462890625,
        334.4217834472656,
        330.1927490234375,
        326.072021484375,
        321.8680725097656,
        317.78802490234375,
        313.74420166015625,
        309.8692321777344,
        306.23931884765625,
        302.65850830078125,
        299.1781921386719,
        296.0025939941406,
        292.7979431152344,
        289.8421936035156,
        286.9634704589844,
        284.3206481933594,
        282.05645751953125,
        280.25439453125,
        278.7811584472656,
        277.6681213378906,
        276.905029296875,
        276.3292236328125,
        276.2445068359375,
        275.77130126953125,
        275.6488037109375,
        275.4601135253906,
        275.1331787109375,
        274.9549255371094,
        274.8035888671875,
        274.4282531738281,
        274.2003479003906,
        273.8626403808594,
        273.5745849609375,
        273.3421936035156,
        273.27423095703125,
        272.97711181640625,
        272.49560546875,
        272.4051513671875,
        271.9638977050781,
        271.6560363769531,
        271.2003173828125,
        270.76678466796875,
        270.41619873046875,
        269.95233154296875,
        269.7319641113281,
        269.4515380859375,
        268.77996826171875,
        268.70294189453125,
        268.34991455078125,
        267.7630920410156,
        267.5449523925781,
        266.94488525390625,
        266.563720703125,
        266.01007080078125,
        265.5369567871094,
        264.9743347167969,
        264.4578552246094,
        263.5742492675781,
        262.8625793457031,
        262.10797119140625,
        261.53485107421875,
        260.48663330078125
    ],
    "val_loss": [
        412.3228454589844,
        411.98504638671875,
        411.65411376953125,
        411.3294982910156,
        411.012939453125,
        410.67279052734375,
        410.30877685546875,
        409.9038391113281,
        409.4563293457031,
        408.96728515625,
        408.422119140625,
        407.8288879394531,
        407.15289306640625,
        406.38323974609375,
        405.4954528808594,
        404.5105285644531,
        403.39111328125,
        402.1361999511719,
        400.7390441894531,
        399.19775390625,
        397.4037780761719,
        395.4993591308594,
        393.4236755371094,
        391.1659851074219,
        388.6434326171875,
        385.9271545410156,
        382.9781494140625,
        379.8247985839844,
        376.36431884765625,
        372.7082824707031,
        368.8717041015625,
        364.8417053222656,
        360.6712951660156,
        356.09552001953125,
        351.54278564453125,
        347.1042175292969,
        342.2122497558594,
        337.7049865722656,
        333.07666015625,
        328.6213684082031,
        324.2837219238281,
        320.3863525390625,
        316.5964660644531,
        313.2628173828125,
        310.16455078125,
        307.519287109375,
        304.93499755859375,
        302.6461181640625,
        301.0254211425781,
        299.2792663574219,
        298.5957336425781,
        297.5916748046875,
        297.8357238769531,
        297.4029846191406,
        297.5341491699219,
        298.1051330566406,
        298.3377990722656,
        298.4217834472656,
        298.6159973144531,
        298.4699401855469,
        298.2420959472656,
        297.8796081542969,
        297.0992431640625,
        296.49493408203125,
        295.851806640625,
        295.5488586425781,
        295.4634094238281,
        295.0447998046875,
        295.0418701171875,
        295.3395080566406,
        294.99755859375,
        295.2768249511719,
        295.9128723144531,
        296.1923522949219,
        296.3266296386719,
        296.881591796875,
        297.25933837890625,
        297.5660400390625,
        298.1075134277344,
        298.1305847167969,
        298.4179992675781,
        298.57232666015625,
        298.95648193359375,
        298.34783935546875,
        298.470703125,
        298.31036376953125,
        297.95220947265625,
        297.7962951660156,
        297.40704345703125,
        297.2243347167969,
        296.8133850097656,
        296.1734313964844,
        296.4638671875,
        296.043212890625,
        295.3229675292969,
        295.3587951660156
    ]
}