{
    "effect_pehe": 12.873687744140625,
    "effect_mae": 5.716095447540283
}