{
    "effect_pehe": 12.054854393005371,
    "effect_mae": 4.730336666107178
}