{
    "effect_pehe": 17.882265090942383,
    "effect_mae": 7.668064117431641
}