{
    "epoch": [
        0,
        1,
        2,
        3,
        4,
        5,
        6,
        7,
        8,
        9,
        10,
        11,
        12,
        13,
        14,
        15,
        16,
        17,
        18,
        19,
        20,
        21,
        22,
        23,
        24,
        25,
        26,
        27,
        28,
        29,
        30,
        31,
        32,
        33,
        34,
        35,
        36,
        37,
        38,
        39,
        40,
        41,
        42,
        43,
        44,
        45,
        46,
        47,
        48,
        49,
        50,
        51,
        52,
        53,
        54,
        55,
        56,
        57,
        58,
        59,
        60,
        61,
        62,
        63,
        64,
        65,
        66,
        67,
        68,
        69,
        70,
        71,
        72,
        73,
        74,
        75,
        76,
        77,
        78,
        79,
        80,
        81,
        82,
        83,
        84,
        85,
        86,
        87,
        88,
        89,
        90,
        91,
        92,
        93,
        94,
        95
    ],
    "train_loss": [
        424.7785339355469,
        424.4559020996094,
        424.1451416015625,
        423.8480224609375,
        423.5620422363281,
        423.2802429199219,
        422.9871826171875,
        422.6882629394531,
        422.3599853515625,
        422.0204162597656,
        421.66424560546875,
        421.28070068359375,
        420.84527587890625,
        420.3641357421875,
        419.8180847167969,
        419.2017822265625,
        418.5364990234375,
        417.77606201171875,
        416.96649169921875,
        416.04705810546875,
        415.0466003417969,
        413.9273681640625,
        412.7156982421875,
        411.3970947265625,
        409.9242248535156,
        408.3243713378906,
        406.6040954589844,
        404.7183532714844,
        402.6237487792969,
        400.38665771484375,
        397.96240234375,
        395.3939514160156,
        392.5765686035156,
        389.6155090332031,
        386.44342041015625,
        383.1792297363281,
        379.70965576171875,
        376.0010681152344,
        372.3511047363281,
        368.5210266113281,
        364.60162353515625,
        360.5104675292969,
        356.4587707519531,
        352.4049072265625,
        348.3645324707031,
        344.23919677734375,
        340.1460876464844,
        336.1955261230469,
        332.4461669921875,
        328.7746887207031,
        325.3209228515625,
        322.3905029296875,
        319.7453308105469,
        317.70263671875,
        316.00201416015625,
        315.1309814453125,
        314.7608337402344,
        314.6749267578125,
        314.89520263671875,
        314.81427001953125,
        314.93634033203125,
        314.6613464355469,
        314.25677490234375,
        313.6358947753906,
        313.2232360839844,
        312.96099853515625,
        312.41021728515625,
        312.11669921875,
        312.0440979003906,
        311.9814758300781,
        312.21868896484375,
        312.3442687988281,
        312.1668395996094,
        312.0834655761719,
        312.0755310058594,
        311.94903564453125,
        311.6380615234375,
        311.3456726074219,
        311.2027282714844,
        311.1091613769531,
        310.8590087890625,
        311.0240783691406,
        310.71270751953125,
        310.67474365234375,
        310.60992431640625,
        310.6099853515625,
        310.2603454589844,
        310.3364562988281,
        310.08770751953125,
        310.0127258300781,
        309.79119873046875,
        309.7489318847656,
        309.640869140625,
        309.4979553222656,
        309.23602294921875,
        309.1246032714844
    ],
    "val_loss": [
        529.6829833984375,
        529.3633422851562,
        529.0523681640625,
        528.7564697265625,
        528.4771728515625,
        528.1956176757812,
        527.9114990234375,
        527.614013671875,
        527.2794189453125,
        526.955322265625,
        526.6016845703125,
        526.2340087890625,
        525.8096313476562,
        525.3671264648438,
        524.8251953125,
        524.249267578125,
        523.6193237304688,
        522.897216796875,
        522.131591796875,
        521.2446899414062,
        520.2900390625,
        519.2444458007812,
        518.0739135742188,
        516.818603515625,
        515.4517822265625,
        513.85205078125,
        512.1668090820312,
        510.336181640625,
        508.2824401855469,
        505.9460144042969,
        503.5494384765625,
        500.8900146484375,
        498.0921936035156,
        494.9370422363281,
        491.86114501953125,
        488.37078857421875,
        484.819091796875,
        480.9924011230469,
        477.2252197265625,
        473.1471252441406,
        469.1546630859375,
        464.9693298339844,
        461.0354919433594,
        457.0284423828125,
        453.1109924316406,
        449.36065673828125,
        445.7492370605469,
        442.2621765136719,
        439.3497619628906,
        436.66455078125,
        434.28961181640625,
        432.4250183105469,
        430.9929504394531,
        430.54547119140625,
        430.5838623046875,
        431.0022888183594,
        432.2911376953125,
        433.5580749511719,
        434.7390441894531,
        435.388671875,
        435.9315185546875,
        434.9933166503906,
        433.7771911621094,
        432.3688049316406,
        430.68585205078125,
        428.9151916503906,
        427.7379455566406,
        426.6478576660156,
        426.09228515625,
        425.533447265625,
        425.29473876953125,
        426.0609130859375,
        426.3553771972656,
        426.9773254394531,
        428.0635070800781,
        429.1145935058594,
        430.34771728515625,
        432.0794982910156,
        433.935546875,
        435.6275329589844,
        438.1577453613281,
        440.2823791503906,
        442.4378967285156,
        444.7656555175781,
        447.0162353515625,
        448.474853515625,
        450.133056640625,
        451.5142517089844,
        452.9869384765625,
        453.59368896484375,
        453.87481689453125,
        454.36859130859375,
        455.1511535644531,
        455.4408264160156,
        455.7795715332031,
        457.03009033203125
    ]
}