{
    "effect_pehe": 22.860122680664062,
    "effect_mae": 2.8625025749206543
}