{
    "effect_pehe": 15.440754890441895,
    "effect_mae": 7.000992774963379
}