{
    "effect_pehe": 16.86650848388672,
    "effect_mae": 3.324469566345215
}