{
    "epoch": [
        0,
        1,
        2,
        3,
        4,
        5,
        6,
        7,
        8,
        9,
        10,
        11,
        12,
        13,
        14,
        15,
        16,
        17,
        18,
        19,
        20,
        21,
        22,
        23,
        24,
        25,
        26,
        27,
        28,
        29,
        30,
        31,
        32,
        33
    ],
    "train_loss": [
        462.0054931640625,
        461.6264343261719,
        461.25042724609375,
        460.86993408203125,
        460.4896545410156,
        460.0829772949219,
        459.65972900390625,
        459.20574951171875,
        458.7109680175781,
        458.1726379394531,
        457.5882873535156,
        456.9530029296875,
        456.2316589355469,
        455.43408203125,
        454.5628356933594,
        453.59759521484375,
        452.4725646972656,
        451.23370361328125,
        449.86083984375,
        448.3240051269531,
        446.656982421875,
        444.79852294921875,
        442.814208984375,
        440.60693359375,
        438.2345275878906,
        435.681396484375,
        432.94403076171875,
        429.9712829589844,
        426.9217224121094,
        423.56646728515625,
        420.04388427734375,
        416.33599853515625,
        412.4060363769531,
        408.2976379394531
    ],
    "val_loss": [
        950.07861328125,
        949.8482055664062,
        949.6694946289062,
        949.5357666015625,
        949.4071044921875,
        949.3073120117188,
        949.2333374023438,
        949.19287109375,
        949.1798706054688,
        949.1942749023438,
        949.280029296875,
        949.3917236328125,
        949.5908813476562,
        949.8519897460938,
        950.2587280273438,
        950.7465209960938,
        951.3065185546875,
        952.0330200195312,
        952.8189697265625,
        953.8995361328125,
        955.107177734375,
        956.3764038085938,
        957.9849853515625,
        959.652099609375,
        961.5224609375,
        963.52099609375,
        965.63427734375,
        967.9330444335938,
        970.2017822265625,
        972.5036010742188,
        974.6726684570312,
        976.7482299804688,
        978.6692504882812,
        980.2286987304688
    ]
}