{
    "effect_pehe": 13.570251401357915,
    "effect_mae": 10.231718810925667
}