{
    "effect_pehe": 26.413497370127242,
    "effect_mae": 21.121969335702822
}