{
    "effect_pehe": 9.204475605718494,
    "effect_mae": 6.887246200347128
}