{
    "effect_pehe": 8.304527703525515,
    "effect_mae": 6.19970469309647
}