{
    "effect_pehe": 11.855747524697223,
    "effect_mae": 8.824215271725858
}