{
    "effect_pehe": 12.052635060919641,
    "effect_mae": 8.952662581868957
}