{
    "effect_pehe": 13.144378476202025,
    "effect_mae": 9.715293082938501
}