{
    "effect_pehe": 7.859558582305908,
    "effect_mae": 5.330174446105957
}