{
    "effect_pehe": 7.255747318267822,
    "effect_mae": 2.11979603767395
}