{
    "effect_pehe": 5.982799530029297,
    "effect_mae": 4.612135410308838
}