{
    "epoch": [
        0,
        1,
        2,
        3,
        4,
        5,
        6,
        7,
        8,
        9,
        10,
        11,
        12,
        13,
        14,
        15,
        16,
        17,
        18,
        19,
        20,
        21,
        22,
        23,
        24,
        25,
        26,
        27,
        28,
        29,
        30,
        31,
        32,
        33,
        34,
        35,
        36,
        37,
        38,
        39,
        40,
        41,
        42,
        43,
        44,
        45,
        46,
        47,
        48,
        49,
        50,
        51,
        52,
        53,
        54,
        55,
        56,
        57,
        58,
        59,
        60,
        61,
        62,
        63,
        64,
        65,
        66,
        67,
        68,
        69,
        70,
        71,
        72,
        73,
        74,
        75,
        76,
        77,
        78,
        79,
        80,
        81,
        82,
        83,
        84,
        85,
        86,
        87,
        88,
        89,
        90,
        91,
        92,
        93,
        94,
        95,
        96,
        97,
        98,
        99,
        100,
        101,
        102,
        103,
        104,
        105,
        106,
        107,
        108,
        109,
        110,
        111,
        112,
        113,
        114,
        115,
        116,
        117,
        118,
        119,
        120,
        121,
        122,
        123,
        124,
        125,
        126,
        127,
        128,
        129,
        130,
        131,
        132,
        133,
        134,
        135,
        136,
        137,
        138,
        139,
        140,
        141,
        142,
        143,
        144,
        145,
        146,
        147,
        148,
        149,
        150,
        151,
        152,
        153,
        154,
        155,
        156,
        157,
        158,
        159,
        160,
        161,
        162,
        163
    ],
    "train_loss": [
        44.327571868896484,
        44.22537612915039,
        44.12449264526367,
        44.02207946777344,
        43.914344787597656,
        43.80177688598633,
        43.67804718017578,
        43.54695129394531,
        43.40121078491211,
        43.23067092895508,
        43.04145431518555,
        42.82598876953125,
        42.581275939941406,
        42.30169677734375,
        41.98067092895508,
        41.62129211425781,
        41.21464920043945,
        40.74515151977539,
        40.2205810546875,
        39.64091491699219,
        38.991844177246094,
        38.273502349853516,
        37.51221466064453,
        36.68568420410156,
        35.81521224975586,
        34.946739196777344,
        34.07386016845703,
        33.21034240722656,
        32.343971252441406,
        31.40174674987793,
        30.3482723236084,
        29.112977981567383,
        27.77408218383789,
        26.327451705932617,
        24.86100196838379,
        23.400224685668945,
        21.982078552246094,
        20.603824615478516,
        19.27945327758789,
        18.028778076171875,
        16.841266632080078,
        15.731609344482422,
        14.750219345092773,
        13.831149101257324,
        13.031720161437988,
        12.34039306640625,
        11.719256401062012,
        11.110515594482422,
        10.545438766479492,
        10.00735092163086,
        9.495414733886719,
        9.032203674316406,
        8.615836143493652,
        8.314924240112305,
        8.053152084350586,
        7.863063335418701,
        7.667474269866943,
        7.4809889793396,
        7.289504528045654,
        7.110321998596191,
        6.997874736785889,
        6.948859691619873,
        6.799534797668457,
        6.6540846824646,
        6.665399551391602,
        6.609321594238281,
        6.481614112854004,
        6.495926380157471,
        6.413511753082275,
        6.307174205780029,
        6.306539058685303,
        6.213996887207031,
        6.139603614807129,
        6.119867324829102,
        6.013067722320557,
        5.99326229095459,
        5.944272994995117,
        5.864137649536133,
        5.837575912475586,
        5.781698226928711,
        5.746319770812988,
        5.721226215362549,
        5.661616802215576,
        5.654079914093018,
        5.597419738769531,
        5.564699172973633,
        5.526698589324951,
        5.473651885986328,
        5.416229248046875,
        5.377419948577881,
        5.335134029388428,
        5.27366304397583,
        5.237070560455322,
        5.1772589683532715,
        5.139598846435547,
        5.082433223724365,
        5.025999069213867,
        4.985566139221191,
        4.941610813140869,
        4.878557205200195,
        4.827108383178711,
        4.7742414474487305,
        4.718761920928955,
        4.673741340637207,
        4.647721290588379,
        4.594614505767822,
        4.554917812347412,
        4.512274742126465,
        4.4756975173950195,
        4.450925350189209,
        4.416632652282715,
        4.381711006164551,
        4.35621452331543,
        4.334419250488281,
        4.305273056030273,
        4.281063079833984,
        4.268631458282471,
        4.236744403839111,
        4.211499214172363,
        4.196070671081543,
        4.180368900299072,
        4.172548294067383,
        4.141444683074951,
        4.129242420196533,
        4.116903305053711,
        4.114719867706299,
        4.081299781799316,
        4.086441993713379,
        4.07659387588501,
        4.05832052230835,
        4.053195476531982,
        4.034908294677734,
        4.023993968963623,
        4.023671627044678,
        3.9931106567382812,
        3.9999423027038574,
        3.974928379058838,
        3.9710655212402344,
        3.9737069606781006,
        3.954421281814575,
        3.958771228790283,
        3.925245523452759,
        3.931957244873047,
        3.918297290802002,
        3.906705856323242,
        3.907421588897705,
        3.88622784614563,
        3.880687713623047,
        3.870957136154175,
        3.862783908843994,
        3.8486766815185547,
        3.844425916671753,
        3.8286120891571045,
        3.8200457096099854,
        3.8303065299987793,
        3.8103389739990234,
        3.8034770488739014,
        3.7908852100372314,
        3.786099433898926,
        3.7834198474884033,
        3.766960859298706,
        3.7668490409851074,
        3.7538692951202393,
        3.75494384765625
    ],