{
    "effect_pehe": 5.579101085662842,
    "effect_mae": 3.3603456020355225
}