{
    "effect_pehe": 6.446922302246094,
    "effect_mae": 0.7624718546867371
}