{
    "effect_pehe": 8.207691192626953,
    "effect_mae": 6.1803083419799805
}