{
    "effect_pehe": 5.198722839355469,
    "effect_mae": 2.28994083404541
}