{
    "effect_pehe": 5.133141040802002,
    "effect_mae": 2.7503652572631836
}