{
    "effect_pehe": 6.063618183135986,
    "effect_mae": 3.2146735191345215
}