{
    "effect_pehe": 6.744925498962402,
    "effect_mae": 4.032714366912842
}