{
    "effect_pehe": 5.178882122039795,
    "effect_mae": 2.514857530593872
}