{
    "effect_pehe": 4.864281177520752,
    "effect_mae": 0.6477463245391846
}