{
    "effect_pehe": 11.042070388793945,
    "effect_mae": 9.902315139770508
}