{
    "effect_pehe": 6.945822134259461,
    "effect_mae": 5.9038169170295935
}