{
    "effect_pehe": 4.634306193333588,
    "effect_mae": 3.707750138099586
}