{
    "effect_pehe": 5.9202289349530695,
    "effect_mae": 4.879471687908004
}