{
    "effect_pehe": 5.292304868475674,
    "effect_mae": 4.199211069578804
}