{
    "effect_pehe": 6.272599855848972,
    "effect_mae": 5.329018501599942
}