{
    "effect_pehe": 6.315090143099072,
    "effect_mae": 5.344262211403849
}