{
    "effect_pehe": 4.574396596404029,
    "effect_mae": 3.676908383933588
}