{
    "effect_pehe": 5.492519598155569,
    "effect_mae": 4.435120229031052
}