{
    "effect_pehe": 6.48821662592372,
    "effect_mae": 5.384763280715715
}