{
    "effect_pehe": 14.78074346843244,
    "effect_mae": 6.829060836329054
}