{
    "effect_pehe": 25.65755026890998,
    "effect_mae": 18.064242107420363
}