{
    "effect_pehe": 15.090573804589368,
    "effect_mae": 9.651841077943791
}