{
    "effect_pehe": 23.351220981861776,
    "effect_mae": 15.572846990649934
}