{
    "effect_pehe": 16.148040686859392,
    "effect_mae": 10.621144060837553
}