{
    "effect_pehe": 17.447354684051497,
    "effect_mae": 8.077236311385885
}