{
    "effect_pehe": 20.348581941078127,
    "effect_mae": 13.051426598836878
}