{
    "effect_pehe": 24.87618564155622,
    "effect_mae": 16.864926280223184
}