{
    "effect_pehe": 14.310965376733702,
    "effect_mae": 8.567055733535259
}