{
    "effect_pehe": 16.652880559267025,
    "effect_mae": 9.91944398756864
}