{
    "effect_pehe": 22.63188723374846,
    "effect_mae": 14.363521054893022
}