{
    "effect_pehe": 16.831575728617214,
    "effect_mae": 10.689610831735203
}