{
    "effect_pehe": 2.058894395828247,
    "effect_mae": 0.1093178391456604
}