{
    "effect_pehe": 1.3071479797363281,
    "effect_mae": 0.05089461803436279
}