{
    "effect_pehe": 2.191479444503784,
    "effect_mae": 0.7040653228759766
}