{
    "effect_pehe": 1.3047950267791748,
    "effect_mae": 0.2120411992073059
}