{
    "effect_pehe": 3.1418135166168213,
    "effect_mae": 0.28656893968582153
}