{
    "effect_pehe": 1.766844630241394,
    "effect_mae": 0.3165040910243988
}