{
    "effect_pehe": 0.7992149591445923,
    "effect_mae": 0.0065996646881103516
}