{
    "effect_pehe": 0.7924334406852722,
    "effect_mae": 0.04894033074378967
}