{
    "effect_pehe": 2.7424247130465393,
    "effect_mae": 2.1242433027024332
}