{
    "effect_pehe": 4.084287841286925,
    "effect_mae": 3.2510745811705566
}