{
    "effect_pehe": 3.9177820712784235,
    "effect_mae": 3.083698020303689
}