{
    "effect_pehe": 3.2748608299554887,
    "effect_mae": 2.6033823910060394
}