{
    "effect_pehe": 2.5258889366311874,
    "effect_mae": 1.9850558427579572
}