{
    "effect_pehe": 4.692354254975522,
    "effect_mae": 3.740280501486181
}