{
    "effect_pehe": 3.02361615795329,
    "effect_mae": 2.408098136407454
}