{
    "effect_pehe": 2.525899489750137,
    "effect_mae": 1.9817403714373076
}