{
    "effect_pehe": 3.7882937434976838,
    "effect_mae": 3.011008285180087
}