{
    "effect_pehe": 10.35409164428711,
    "effect_mae": 5.365340709686279
}