{
    "effect_pehe": 10.143524169921875,
    "effect_mae": 1.5805978775024414
}