{
    "effect_pehe": 14.574586868286133,
    "effect_mae": 6.066764831542969
}