{
    "effect_pehe": 14.301277160644531,
    "effect_mae": 2.4733166694641113
}