{
    "effect_pehe": 7.763799667358398,
    "effect_mae": 1.0620098114013672
}