{
    "effect_pehe": 12.738748550415039,
    "effect_mae": 2.9785633087158203
}