{
    "effect_pehe": 7.922916412353516,
    "effect_mae": 0.7563471794128418
}