{
    "epoch": [
        0,
        1,
        2,
        3,
        4,
        5,
        6,
        7,
        8,
        9,
        10,
        11,
        12,
        13,
        14,
        15,
        16,
        17,
        18,
        19,
        20,
        21,
        22,
        23,
        24,
        25,
        26,
        27,
        28,
        29,
        30,
        31,
        32,
        33,
        34,
        35,
        36,
        37,
        38,
        39,
        40,
        41,
        42,
        43,
        44,
        45,
        46,
        47,
        48,
        49,
        50,
        51,
        52,
        53,
        54,
        55,
        56,
        57,
        58,
        59,
        60,
        61,
        62,
        63,
        64,
        65,
        66,
        67,
        68,
        69,
        70,
        71,
        72,
        73,
        74,
        75,
        76,
        77,
        78,
        79,
        80,
        81,
        82,
        83,
        84,
        85,
        86,
        87,
        88,
        89,
        90,
        91,
        92,
        93,
        94,
        95,
        96,
        97,
        98,
        99,
        100,
        101,
        102,
        103,
        104,
        105,
        106,
        107,
        108,
        109,
        110,
        111,
        112,
        113,
        114,
        115,
        116,
        117,
        118,
        119,
        120,
        121,
        122,
        123,
        124,
        125,
        126,
        127,
        128,
        129,
        130,
        131,
        132,
        133,
        134,
        135,
        136,
        137,
        138,
        139,
        140,
        141,
        142,
        143,
        144,
        145,
        146,
        147,
        148,
        149,
        150,
        151,
        152,
        153,
        154,
        155,
        156,
        157,
        158,
        159,
        160,
        161,
        162,
        163,
        164,
        165,
        166,
        167,
        168,
        169,
        170,
        171,
        172,
        173,
        174,
        175,
        176,
        177,
        178,
        179,
        180,
        181,
        182,
        183
    ],
    "train_loss": [
        300.91156005859375,
        300.5416564941406,
        300.17071533203125,
        299.7956237792969,
        299.4168701171875,
        299.01922607421875,
        298.61328125,
        298.17950439453125,
        297.7057189941406,
        297.1843566894531,
        296.60321044921875,
        295.95867919921875,
        295.2201843261719,
        294.3830871582031,
        293.41522216796875,
        292.256591796875,
        290.8719177246094,
        289.24786376953125,
        287.34649658203125,
        285.07977294921875,
        282.41326904296875,
        279.30133056640625,
        275.6741943359375,
        271.54095458984375,
        266.5535888671875,
        260.6727294921875,
        254.0366973876953,
        246.67764282226562,
        238.2928009033203,
        228.67288208007812,
        218.0643310546875,
        207.193115234375,
        195.16920471191406,
        183.27162170410156,
        170.51329040527344,
        159.82383728027344,
        152.52232360839844,
        147.19766235351562,
        147.6321563720703,
        149.2975616455078,
        151.2758331298828,
        148.08323669433594,
        144.46913146972656,
        137.44561767578125,
        133.67242431640625,
        128.58050537109375,
        125.91925811767578,
        126.85369110107422,
        125.3109130859375,
        127.1017837524414,
        126.76732635498047,
        127.0312728881836,
        125.70552825927734,
        124.55109405517578,
        123.79766845703125,
        123.12700653076172,
        121.8948974609375,
        121.53714752197266,
        120.90650939941406,
        119.81048583984375,
        119.78765869140625,
        119.95634460449219,
        118.51676177978516,
        117.91031646728516,
        118.82017517089844,
        119.11011505126953,
        117.67594146728516,
        117.77823638916016,
        117.10228729248047,
        117.12940979003906,
        116.23759460449219,
        116.02542877197266,
        115.77497863769531,
        115.69281005859375,
        115.36495971679688,
        114.38912200927734,
        116.54940032958984,
        114.78265380859375,
        113.69851684570312,
        115.04761505126953,
        114.47921752929688,
        113.11549377441406,
        114.35977935791016,
        113.67018127441406,
        112.67759704589844,
        113.69422149658203,
        112.91620635986328,
        112.35466766357422,
        112.6798095703125,
        112.99015808105469,
        112.30484771728516,
        111.81300354003906,
        111.96287536621094,
        111.69242858886719,
        111.36376190185547,
        110.6041259765625,
        111.09659576416016,
        111.54585266113281,
        111.54908752441406,
        110.58671569824219,
        109.85235595703125,
        110.79415893554688,
        110.95088958740234,
        110.32292175292969,
        110.86216735839844,
        111.09193420410156,
        108.68595886230469,
        107.74994659423828,
        108.45317077636719,
        108.1589126586914,
        107.52053833007812,
        108.11697387695312,
        108.84977722167969,
        107.0282974243164,
        107.17921447753906,
        109.15186309814453,
        107.9115982055664,
        107.31790161132812,
        106.86441802978516,
        107.32066345214844,
        106.76152038574219,
        106.46861267089844,
        105.517578125,
        106.57952117919922,
        106.98023986816406,
        106.34577941894531,
        104.89544677734375,
        105.4529037475586,
        105.34380340576172,
        107.10092163085938,
        105.67369079589844,
        103.7110595703125,
        105.41828918457031,
        105.85244750976562,
        105.26026153564453,
        104.30614471435547,
        104.12328338623047,
        104.0565414428711,
        102.7054443359375,
        104.40354919433594,
        103.18397521972656,
        102.48958587646484,
        103.446044921875,
        103.5764389038086,
        103.75949096679688,
        103.5217056274414,
        102.66756439208984,
        103.93653869628906,
        103.09374237060547,
        102.96208953857422,
        102.74075317382812,
        103.24047088623047,
        103.59285736083984,
        102.46835327148438,
        102.15399932861328,
        102.94574737548828,
        102.9057846069336,
        102.2927017211914,
        102.19783020019531,
        100.88739776611328,
        102.08731842041016,
        100.985107421875,
        102.1457290649414,
        102.71854400634766,
        102.52722930908203,
        101.52074432373047,
        100.68631744384766,
        101.19100189208984,
        101.10305786132812,
        101.82788848876953,
        102.20088195800781,
        102.27684783935547,
        100.16107940673828,
        99.68355560302734,
        99.73454284667969,
        101.2601089477539,
        100.45648193359375,
        100.84696960449219,
        101.77759552001953,
        100.7327651977539,
        101.29037475585938,
        100.37171173095703,
        100.26412200927734,
        99.46908569335938
    ],