{
    "effect_pehe": 7.781621932983398,
    "effect_mae": 1.0633840560913086
}