{
    "effect_pehe": 11.328139305114746,
    "effect_mae": 3.610079288482666
}