{
    "effect_pehe": 12.361543655395508,
    "effect_mae": 3.440599203109741
}