{
    "effect_pehe": 16.966160794380166,
    "effect_mae": 12.704489942424079
}