{
    "effect_pehe": 6.276420995113803,
    "effect_mae": 4.171338744420379
}