{
    "effect_pehe": 8.581064506433007,
    "effect_mae": 6.22342206821522
}