{
    "effect_pehe": 5.839691572833378,
    "effect_mae": 3.692236249294504
}