{
    "effect_pehe": 20.072359220574263,
    "effect_mae": 10.760466448544177
}