{
    "effect_pehe": 14.37725450576123,
    "effect_mae": 8.497326825168116
}