{
    "effect_pehe": 23.175443592020535,
    "effect_mae": 12.102560701209493
}