{
    "effect_pehe": 13.80024242401123,
    "effect_mae": 1.0047616958618164
}