{
    "effect_pehe": 13.667990684509277,
    "effect_mae": 2.292220115661621
}