{
    "effect_pehe": 13.945916175842285,
    "effect_mae": 1.892265796661377
}