{
    "effect_pehe": 15.023839950561523,
    "effect_mae": 3.751222848892212
}