{
    "effect_pehe": 18.03754425048828,
    "effect_mae": 0.34142398834228516
}