{
    "effect_pehe": 5.1334428787231445,
    "effect_mae": 3.160159111022949
}