{
    "effect_pehe": 9.560585021972656,
    "effect_mae": 2.0444412231445312
}