{
    "effect_pehe": 6.807061672210693,
    "effect_mae": 2.8854870796203613
}