{
    "effect_pehe": 5.945738792419434,
    "effect_mae": 3.3868255615234375
}