{
    "effect_pehe": 9.401386260986328,
    "effect_mae": 0.23308563232421875
}