{
    "effect_pehe": 11.224199295043945,
    "effect_mae": 1.3270816802978516
}