{
    "effect_pehe": 39.63276672363281,
    "effect_mae": 2.040125846862793
}