{
    "effect_pehe": 9.485359191894531,
    "effect_mae": 0.1313333511352539
}