{
    "effect_pehe": 6.656723499298096,
    "effect_mae": 3.485369920730591
}