{
    "effect_pehe": 6.533993721008301,
    "effect_mae": 1.3800616264343262
}