{
    "effect_pehe": 9.31304931640625,
    "effect_mae": 2.3386378288269043
}