{
    "effect_pehe": 8.625860214233398,
    "effect_mae": 0.23250579833984375
}