{
    "effect_pehe": 4.273169040679932,
    "effect_mae": 0.05287504196166992
}