{
    "effect_pehe": 4.171880722045898,
    "effect_mae": 0.30298352241516113
}