{
    "effect_pehe": 4.824182510375977,
    "effect_mae": 0.03193330764770508
}