{
    "effect_pehe": 6.673118591308594,
    "effect_mae": 1.1977081298828125
}