{
    "effect_pehe": 4.2768144607543945,
    "effect_mae": 0.6461520195007324
}