{
    "effect_pehe": 5.676263332366943,
    "effect_mae": 1.0655345916748047
}