{
    "effect_pehe": 6.718220233917236,
    "effect_mae": 0.13168811798095703
}