{
    "effect_pehe": 17.965473175048828,
    "effect_mae": 0.9029521942138672
}