{
    "effect_pehe": 13.3823881149292,
    "effect_mae": 0.3318324089050293
}