{
    "effect_pehe": 5.873445510864258,
    "effect_mae": 0.36860179901123047
}