{
    "effect_pehe": 4.804734706878662,
    "effect_mae": 0.4432816803455353
}