{
    "effect_pehe": 4.948354721069336,
    "effect_mae": 1.954257845878601
}