{
    "effect_pehe": 4.900523662567139,
    "effect_mae": 1.5932719707489014
}