{
    "effect_pehe": 4.3899827003479,
    "effect_mae": 0.5786520838737488
}