{
    "epoch": [
        0,
        1,
        2,
        3,
        4,
        5,
        6,
        7,
        8,
        9,
        10,
        11,
        12,
        13,
        14,
        15,
        16,
        17,
        18,
        19,
        20,
        21,
        22,
        23,
        24,
        25,
        26,
        27,
        28,
        29,
        30,
        31,
        32,
        33,
        34,
        35,
        36,
        37,
        38,
        39,
        40,
        41,
        42,
        43,
        44,
        45,
        46,
        47,
        48,
        49,
        50,
        51,
        52,
        53,
        54,
        55,
        56,
        57,
        58,
        59,
        60,
        61,
        62,
        63,
        64,
        65,
        66,
        67,
        68,
        69,
        70,
        71,
        72,
        73,
        74,
        75,
        76,
        77,
        78,
        79,
        80,
        81,
        82,
        83,
        84,
        85,
        86,
        87,
        88,
        89,
        90,
        91,
        92,
        93,
        94,
        95,
        96,
        97,
        98,
        99,
        100,
        101,
        102,
        103,
        104,
        105,
        106,
        107,
        108,
        109,
        110,
        111,
        112,
        113,
        114,
        115,
        116,
        117,
        118,
        119,
        120,
        121,
        122,
        123,
        124,
        125,
        126,
        127,
        128,
        129,
        130,
        131,
        132,
        133,
        134,
        135,
        136,
        137,
        138,
        139,
        140,
        141,
        142,
        143,
        144,
        145,
        146,
        147,
        148,
        149,
        150,
        151,
        152,
        153,
        154,
        155,
        156,
        157,
        158,
        159,
        160,
        161,
        162,
        163,
        164,
        165,
        166,
        167,
        168,
        169,
        170,
        171,
        172,
        173,
        174,
        175,
        176,
        177,
        178,
        179,
        180,
        181,
        182
    ],
    "train_loss": [
        58.4586181640625,
        31.335628509521484,
        29.99067497253418,
        30.900110244750977,
        24.443124771118164,
        17.10750961303711,
        14.187936782836914,
        14.495016098022461,
        16.333486557006836,
        17.060352325439453,
        13.979907989501953,
        11.102092742919922,
        9.887845039367676,
        9.966676712036133,
        10.44383430480957,
        10.580923080444336,
        9.218010902404785,
        6.849712371826172,
        6.375912666320801,
        5.973834037780762,
        6.06730842590332,
        6.016982555389404,
        5.709321975708008,
        4.754477024078369,
        4.007460594177246,
        3.848609209060669,
        4.212474822998047,
        4.16324520111084,
        3.695427894592285,
        3.313599109649658,
        3.1063687801361084,
        2.8995792865753174,
        2.786412239074707,
        2.901049852371216,
        2.707834005355835,
        2.411768913269043,
        2.165806770324707,
        2.1046690940856934,
        2.051439046859741,
        2.113020181655884,
        1.9139314889907837,
        1.7213183641433716,
        1.7494014501571655,
        1.69314706325531,
        1.7136918306350708,
        1.641967535018921,
        1.5991253852844238,
        1.507210612297058,
        1.486461877822876,
        1.4110952615737915,
        1.4702967405319214,
        1.3636003732681274,
        1.294478178024292,
        1.275831699371338,
        1.2324389219284058,
        1.2655166387557983,
        1.2849209308624268,
        1.131061315536499,
        1.1147713661193848,
        1.100091576576233,
        1.1149263381958008,
        1.0698319673538208,
        1.0608021020889282,
        1.0648053884506226,
        1.0159153938293457,
        1.0297781229019165,
        1.0101518630981445,
        0.9715101718902588,
        1.0114350318908691,
        0.9687013626098633,
        0.9284549355506897,
        0.9221076369285583,
        0.9170756340026855,
        0.9306678771972656,
        0.9192038178443909,
        0.91654372215271,
        0.9058226346969604,
        0.893369197845459,
        0.8690696954727173,
        0.8784053921699524,
        0.8675119280815125,
        0.8552784323692322,
        0.8509582877159119,
        0.857747495174408,
        0.836884081363678,
        0.8461412191390991,
        0.8505840301513672,
        0.8535423278808594,
        0.8204105496406555,
        0.8315045833587646,
        0.8313210010528564,
        0.8242053389549255,
        0.8344408869743347,
        0.8323071002960205,
        0.8303223252296448,
        0.8136066198348999,
        0.820553719997406,
        0.8207736015319824,
        0.8271272778511047,
        0.8175951242446899,
        0.8300181031227112,
        0.8210591077804565,
        0.8320345282554626,
        0.8122586607933044,
        0.8149528503417969,
        0.8016157746315002,
        0.8155150413513184,
        0.82260662317276,
        0.8113114237785339,
        0.8109290599822998,
        0.8158578872680664,
        0.7951146364212036,
        0.8141117691993713,
        0.8127816319465637,
        0.8079453706741333,
        0.8120273351669312,
        0.8049095273017883,
        0.7968130707740784,
        0.8041733503341675,
        0.8063366413116455,
        0.7996858358383179,
        0.7970966696739197,
        0.8124695420265198,
        0.7995604872703552,
        0.8111306428909302,
        0.807949423789978,
        0.8113252520561218,
        0.8155201077461243,
        0.81318598985672,
        0.8132777214050293,
        0.8046278953552246,
        0.7956370711326599,
        0.8078514337539673,
        0.803856611251831,
        0.7973295450210571,
        0.7946569919586182,
        0.8039450645446777,
        0.8138047456741333,
        0.8007929921150208,
        0.8050530552864075,
        0.7903879880905151,
        0.8075342178344727,
        0.7932130694389343,
        0.8017936944961548,
        0.8055094480514526,
        0.7977033853530884,
        0.8084843754768372,
        0.794150710105896,
        0.8030447363853455,
        0.8124771118164062,
        0.8140953779220581,
        0.7976076006889343,
        0.7886031270027161,
        0.8106247186660767,
        0.8010362982749939,
        0.8083154559135437,
        0.8100482821464539,
        0.8004028797149658,
        0.7978881597518921,
        0.8082438707351685,
        0.7952305674552917,
        0.81523197889328,
        0.797025203704834,
        0.7910747528076172,
        0.8058081865310669,
        0.799160897731781,
        0.8068324327468872,
        0.7934142351150513,
        0.8206541538238525,
        0.8175208568572998,
        0.7934631705284119,
        0.799042820930481,
        0.8024788498878479,
        0.7976095080375671,
        0.7845553159713745,
        0.8058795928955078,
        0.8064289093017578,
        0.7935106754302979,
        0.7959513068199158,
        0.7908353209495544,
        0.8072658777236938,
        0.7873331308364868,
        0.803560733795166
    ],