{
    "effect_pehe": 3.773457069140794,
    "effect_mae": 3.013084352894508
}