{
    "effect_pehe": 4.504779168181295,
    "effect_mae": 3.5728393096540794
}