{
    "effect_pehe": 4.442843637198657,
    "effect_mae": 3.5446400910161335
}