{
    "effect_pehe": 4.737969092582041,
    "effect_mae": 3.7827092840874688
}