{
    "effect_pehe": 4.609629941504507,
    "effect_mae": 3.711243816061894
}