{
    "effect_pehe": 4.494025771129474,
    "effect_mae": 3.6151246141987694
}