{
    "effect_pehe": 4.930207491836599,
    "effect_mae": 3.9219332424546622
}