{
    "effect_pehe": 4.292740391603558,
    "effect_mae": 3.4290996520040107
}