{
    "effect_pehe": 4.371363923979974,
    "effect_mae": 3.45665541259954
}