{
    "effect_pehe": 4.802347534101371,
    "effect_mae": 3.8437172488308295
}