{
    "effect_pehe": 5.015945458173988,
    "effect_mae": 4.002247828414377
}