{
    "effect_pehe": 4.671153284210944,
    "effect_mae": 3.746613316885361
}