{
    "effect_pehe": 4.068311900884857,
    "effect_mae": 3.233550433577385
}