{
    "effect_pehe": 3.183754464695125,
    "effect_mae": 2.515692042168459
}