{
    "effect_pehe": 4.475380217840338,
    "effect_mae": 3.56504497114122
}