{
    "effect_pehe": 4.1931376627376835,
    "effect_mae": 3.3485476980766755
}