{
    "effect_pehe": 4.856536701990294,
    "effect_mae": 3.853660315483284
}