{
    "effect_pehe": 3.825034870883651,
    "effect_mae": 3.0998273111689327
}