{
    "effect_pehe": 2.9883680730054154,
    "effect_mae": 2.341928139927881
}