{
    "effect_pehe": 9.343635559082031,
    "effect_mae": 1.425187587738037
}