{
    "effect_pehe": 8.39354419708252,
    "effect_mae": 0.43091821670532227
}