{
    "effect_pehe": 11.960551261901855,
    "effect_mae": 2.6044206619262695
}