{
    "effect_pehe": 8.689081192016602,
    "effect_mae": 0.33951330184936523
}