{
    "effect_pehe": 7.672358512878418,
    "effect_mae": 0.29509449005126953
}