{
    "effect_pehe": 8.918177604675293,
    "effect_mae": 0.16991329193115234
}