{
    "effect_pehe": 7.2518157958984375,
    "effect_mae": 1.2326679229736328
}