{
    "effect_pehe": 5.115391254425049,
    "effect_mae": 0.7003288865089417
}