{
    "effect_pehe": 4.833924770355225,
    "effect_mae": 0.22532300651073456
}