{
    "effect_pehe": 5.115391254425049,
    "effect_mae": 0.7003289461135864
}