{
    "effect_pehe": 5.440721035003662,
    "effect_mae": 0.20552608370780945
}