{
    "effect_pehe": 5.257063865661621,
    "effect_mae": 0.19846048951148987
}