{
    "effect_pehe": 4.219256401062012,
    "effect_mae": 0.1943783164024353
}