{
    "effect_pehe": 11.778517723083496,
    "effect_mae": 3.1938138008117676
}