{
    "effect_pehe": 9.166029930114746,
    "effect_mae": 0.6065382957458496
}