{
    "effect_pehe": 10.786900520324707,
    "effect_mae": 4.946763038635254
}