{
    "effect_pehe": 12.478315353393555,
    "effect_mae": 5.028450012207031
}