{
    "effect_pehe": 7.131195068359375,
    "effect_mae": 0.6236863136291504
}