{
    "effect_pehe": 10.145094871520996,
    "effect_mae": 3.3701467514038086
}