{
    "effect_pehe": 12.540966033935547,
    "effect_mae": 1.564744472503662
}