{
    "effect_pehe": 12.94075870513916,
    "effect_mae": 1.4102897644042969
}