{
    "effect_pehe": 33.846046447753906,
    "effect_mae": 16.465965270996094
}