{
    "effect_pehe": 281.0822448730469,
    "effect_mae": 173.29580688476562
}