{
    "effect_pehe": 11.085309982299805,
    "effect_mae": 4.259051322937012
}