{
    "epoch": [
        0,
        1,
        2,
        3,
        4,
        5,
        6,
        7,
        8,
        9,
        10,
        11,
        12,
        13,
        14,
        15,
        16,
        17,
        18,
        19,
        20,
        21,
        22,
        23,
        24,
        25,
        26,
        27,
        28,
        29,
        30,
        31,
        32,
        33,
        34
    ],
    "train_loss": [
        48462.328125,
        33519.96484375,
        25919.490234375,
        25255.970703125,
        26886.587890625,
        27456.9453125,
        19267.919921875,
        14397.8662109375,
        12982.1689453125,
        13619.6162109375,
        15578.72265625,
        12780.740234375,
        12320.0185546875,
        11151.2255859375,
        9759.1005859375,
        8086.75048828125,
        9902.244140625,
        8305.830078125,
        9838.5595703125,
        9743.6201171875,
        8150.818359375,
        6113.1064453125,
        4440.32177734375,
        5038.419921875,
        5159.2841796875,
        5371.89013671875,
        4759.72802734375,
        4641.748046875,
        5134.95263671875,
        3876.979248046875,
        3217.2548828125,
        3010.0185546875,
        3594.176025390625,
        3089.35009765625,
        3024.328125
    ],
    "val_loss": [
        292292.46875,
        179089.046875,
        164893.359375,
        213775.375,
        137868.421875,
        136977.796875,
        217141.0,
        184613.6875,
        224262.28125,
        127488.828125,
        198191.375,
        216370.359375,
        146086.296875,
        185960.8125,
        207338.421875,
        147761.46875,
        186698.15625,
        172884.890625,
        175172.34375,
        184170.46875,
        153041.671875,
        162828.546875,
        150703.15625,
        163466.765625,
        150245.34375,
        203881.640625,
        173414.875,
        179576.171875,
        185997.8125,
        152457.71875,
        136309.265625,
        161335.953125,
        182213.0625,
        183625.765625,
        174887.46875
    ]
}