{
    "effect_pehe": 7.3031005859375,
    "effect_mae": 3.4377059936523438
}