{
    "effect_pehe": 3.0807278156280518,
    "effect_mae": 0.5058442950248718
}