{
    "effect_pehe": 1.4440406560897827,
    "effect_mae": 0.051990240812301636
}