{
    "effect_pehe": 2.2242536544799805,
    "effect_mae": 0.06487125158309937
}