{
    "effect_pehe": 0.7637673020362854,
    "effect_mae": 0.012938886880874634
}