{
    "effect_pehe": 0.7574033737182617,
    "effect_mae": 0.01688358187675476
}