{
    "effect_pehe": 3.293955087661743,
    "effect_mae": 0.31745120882987976
}