{
    "effect_pehe": 1.210951566696167,
    "effect_mae": 0.056735485792160034
}