{
    "effect_pehe": 1.9941940307617188,
    "effect_mae": 0.028525829315185547
}