{
    "effect_pehe": 1.1279981136322021,
    "effect_mae": 0.1825205385684967
}