{
    "effect_pehe": 2.867398077788991,
    "effect_mae": 2.2955263031182094
}