{
    "effect_pehe": 1.9384309824350319,
    "effect_mae": 1.5518270753161232
}