{
    "effect_pehe": 3.3010512774432503,
    "effect_mae": 2.5903784184048217
}