{
    "effect_pehe": 2.5481584756112046,
    "effect_mae": 1.9885148694436048
}