{
    "effect_pehe": 2.5973137233079084,
    "effect_mae": 2.081073317034142
}