{
    "effect_pehe": 1.3416638374328613,
    "effect_mae": 0.1463201642036438
}