{
    "effect_pehe": 1.93437922000885,
    "effect_mae": 0.41465523838996887
}