{
    "effect_pehe": 0.8031246066093445,
    "effect_mae": 0.01441645622253418
}