{
    "effect_pehe": 1.809201955795288,
    "effect_mae": 0.16364985704421997
}