{
    "effect_pehe": 0.7570497989654541,
    "effect_mae": 0.0221194326877594
}