{
    "effect_pehe": 1.1070737838745117,
    "effect_mae": 0.20739351212978363
}