{
    "effect_pehe": 2.239349603652954,
    "effect_mae": 0.07278555631637573
}