{
    "effect_pehe": 2.0929434299468994,
    "effect_mae": 0.13309258222579956
}