{
    "effect_pehe": 0.8063402771949768,
    "effect_mae": 0.020652472972869873
}