{
    "effect_pehe": 1.8157906532287598,
    "effect_mae": 0.29691290855407715
}