{
    "effect_pehe": 8.066332878230508,
    "effect_mae": 5.344603995101521
}