{
    "effect_pehe": 5.541856833949557,
    "effect_mae": 3.391323236865965
}