{
    "effect_pehe": 8.647305422246566,
    "effect_mae": 6.237925336964894
}