{
    "effect_pehe": 7.13196249331076,
    "effect_mae": 4.483993968471843
}