{
    "effect_pehe": 5.826096112779903,
    "effect_mae": 3.8495351820456163
}