{
    "effect_pehe": 5.994436861238714,
    "effect_mae": 4.082555719667907
}