{
    "effect_pehe": 5.172904330409291,
    "effect_mae": 3.8151727462834693
}