{
    "effect_pehe": 9.13680585269601,
    "effect_mae": 6.002231317149544
}