{
    "effect_pehe": 9.205442125262946,
    "effect_mae": 5.860316730078237
}