{
    "effect_pehe": 10.058713041202646,
    "effect_mae": 7.16291786798048
}