{
    "effect_pehe": 8.899142917060578,
    "effect_mae": 6.108405040709453
}