{
    "effect_pehe": 7.925066228025622,
    "effect_mae": 5.716413417138677
}