{
    "effect_pehe": 7.724132223426503,
    "effect_mae": 4.865759693219365
}