{
    "effect_pehe": 5.677654314103354,
    "effect_mae": 3.5899361743691256
}