{
    "effect_pehe": 6.155276378486758,
    "effect_mae": 4.200983055319251
}