{
    "effect_pehe": 7.5432463197966175,
    "effect_mae": 4.58753192572026
}