{
    "effect_pehe": 10.292410462629995,
    "effect_mae": 6.379461465446251
}