{
    "effect_pehe": 3.759425134771325,
    "effect_mae": 3.044046806899389
}