{
    "effect_pehe": 3.0937780926680394,
    "effect_mae": 2.4520283962377687
}