{
    "effect_pehe": 3.5546077865160575,
    "effect_mae": 2.834929363647181
}