{
    "epoch": [
        0,
        1,
        2,
        3,
        4,
        5,
        6,
        7,
        8,
        9,
        10,
        11,
        12,
        13,
        14,
        15,
        16,
        17,
        18,
        19,
        20,
        21,
        22,
        23,
        24,
        25,
        26,
        27,
        28,
        29,
        30,
        31,
        32,
        33,
        34,
        35,
        36,
        37,
        38,
        39,
        40,
        41,
        42,
        43,
        44,
        45,
        46,
        47,
        48,
        49,
        50,
        51,
        52,
        53,
        54,
        55,
        56,
        57,
        58,
        59,
        60,
        61,
        62,
        63,
        64,
        65,
        66,
        67,
        68,
        69,
        70,
        71,
        72,
        73,
        74,
        75,
        76,
        77,
        78,
        79,
        80,
        81,
        82,
        83,
        84,
        85,
        86,
        87,
        88,
        89,
        90,
        91,
        92,
        93,
        94,
        95,
        96,
        97,
        98,
        99,
        100,
        101,
        102,
        103,
        104,
        105,
        106,
        107,
        108,
        109,
        110,
        111,
        112,
        113
    ],
    "train_loss": [
        15.051225662231445,
        15.018545150756836,
        14.98622989654541,
        14.952877044677734,
        14.916991233825684,
        14.875388145446777,
        14.82898998260498,
        14.774186134338379,
        14.712425231933594,
        14.640074729919434,
        14.556544303894043,
        14.457053184509277,
        14.346364974975586,
        14.211148262023926,
        14.056432723999023,
        13.88239574432373,
        13.681068420410156,
        13.461977005004883,
        13.206680297851562,
        12.917801856994629,
        12.603389739990234,
        12.261432647705078,
        11.876202583312988,
        11.468915939331055,
        11.023980140686035,
        10.548745155334473,
        10.055234909057617,
        9.522253036499023,
        8.97850513458252,
        8.414655685424805,
        7.837274551391602,
        7.270071506500244,
        6.716899871826172,
        6.1893229484558105,
        5.70377779006958,
        5.270116806030273,
        4.88632869720459,
        4.5746750831604,
        4.321291446685791,
        4.098474502563477,
        3.9430010318756104,
        3.7911436557769775,
        3.6611921787261963,
        3.5171754360198975,
        3.3607447147369385,
        3.200319766998291,
        3.047550916671753,
        2.9085586071014404,
        2.8136892318725586,
        2.7432920932769775,
        2.7106106281280518,
        2.687530994415283,
        2.668653726577759,
        2.644257068634033,
        2.5997955799102783,
        2.563382148742676,
        2.5206379890441895,
        2.4827966690063477,
        2.4558472633361816,
        2.4400503635406494,
        2.4363784790039062,
        2.4275097846984863,
        2.410942554473877,
        2.3897080421447754,
        2.3527672290802,
        2.3403806686401367,
        2.3189754486083984,
        2.3035194873809814,
        2.2916603088378906,
        2.2838282585144043,
        2.2734761238098145,
        2.251819372177124,
        2.239733934402466,
        2.2201147079467773,
        2.2129321098327637,
        2.197983741760254,
        2.1860506534576416,
        2.181917190551758,
        2.1733386516571045,
        2.158573627471924,
        2.1453661918640137,
        2.1343016624450684,
        2.125622510910034,
        2.1171066761016846,
        2.1096224784851074,
        2.104637384414673,
        2.0921308994293213,
        2.07773756980896,
        2.0696983337402344,
        2.0539965629577637,
        2.046170949935913,
        2.044945001602173,
        2.035991907119751,
        2.0224807262420654,
        2.0172648429870605,
        2.005075216293335,
        1.9982908964157104,
        1.9949668645858765,
        1.9845855236053467,
        1.9717539548873901,
        1.9711461067199707,
        1.9642384052276611,
        1.9521031379699707,
        1.9428538084030151,
        1.9354068040847778,
        1.9268569946289062,
        1.9235681295394897,
        1.9069857597351074,
        1.9052932262420654,
        1.8956894874572754,
        1.887900471687317,
        1.876692295074463,
        1.8699079751968384,
        1.8588703870773315
    ],
    "val_loss": [
        15.266009330749512,
        15.231490135192871,
        15.19655704498291,
        15.160096168518066,
        15.119898796081543,
        15.076092720031738,
        15.025270462036133,
        14.965291023254395,
        14.902812957763672,
        14.82763957977295,
        14.735444068908691,
        14.635025978088379,
        14.513155937194824,
        14.38090991973877,
        14.22165298461914,
        14.045315742492676,
        13.84807300567627,
        13.60278034210205,
        13.358430862426758,
        13.064650535583496,
        12.729395866394043,
        12.375509262084961,
        12.001290321350098,
        11.57149887084961,
        11.111793518066406,
        10.641366958618164,
        10.128628730773926,
        9.598808288574219,
        9.030259132385254,
        8.458696365356445,
        7.8424391746521,
        7.271997928619385,
        6.702943325042725,
        6.139260292053223,
        5.661171913146973,
        5.21286153793335,
        4.826749801635742,
        4.536028861999512,
        4.280401229858398,
        4.123071193695068,
        3.992417812347412,
        3.883004665374756,
        3.806133508682251,
        3.711784601211548,
        3.6139535903930664,
        3.4966466426849365,
        3.379326105117798,
        3.2762904167175293,
        3.22790789604187,
        3.1874630451202393,
        3.1727070808410645,
        3.162454843521118,
        3.207167863845825,
        3.1975231170654297,
        3.197549819946289,
        3.2102997303009033,
        3.212292194366455,
        3.1909453868865967,
        3.206153392791748,
        3.2403087615966797,
        3.2383267879486084,
        3.251589298248291,
        3.2518930435180664,
        3.2188942432403564,
        3.201857805252075,
        3.173600196838379,
        3.1351466178894043,
        3.1229071617126465,
        3.109442949295044,
        3.087872266769409,
        3.082301139831543,
        3.095982074737549,
        3.088799476623535,
        3.0798556804656982,
        3.083475112915039,
        3.093608856201172,
        3.0916831493377686,
        3.100371837615967,
        3.0876588821411133,
        3.083702802658081,
        3.0786101818084717,
        3.0658857822418213,
        3.068908214569092,
        3.0615406036376953,
        3.061424970626831,
        3.0573313236236572,
        3.056365966796875,
        3.0568320751190186,
        3.0550684928894043,
        3.065650701522827,
        3.064952850341797,
        3.072991132736206,
        3.085181474685669,
        3.0773727893829346,
        3.075655698776245,
        3.0619680881500244,
        3.0745601654052734,
        3.066633939743042,
        3.0646536350250244,
        3.0578298568725586,
        3.05594801902771,
        3.0717053413391113,
        3.0656003952026367,
        3.0725557804107666,
        3.0875210762023926,
        3.0885202884674072,
        3.086261034011841,
        3.085740327835083,
        3.065347909927368,
        3.0798583030700684,
        3.078645706176758,
        3.075472354888916,
        3.0775961875915527,
        3.093600034713745
    ]
}