{
    "effect_pehe": 6.183978080749512,
    "effect_mae": 0.9271533489227295
}