{
    "effect_pehe": 6.066639423370361,
    "effect_mae": 1.1451747417449951
}