{
    "effect_pehe": 4.942531585693359,
    "effect_mae": 0.9596779346466064
}