{
    "epoch": [
        0,
        1,
        2,
        3,
        4,
        5,
        6,
        7,
        8,
        9,
        10,
        11,
        12,
        13,
        14,
        15,
        16,
        17,
        18,
        19,
        20,
        21,
        22,
        23,
        24,
        25,
        26,
        27,
        28,
        29,
        30,
        31,
        32,
        33,
        34,
        35,
        36,
        37,
        38,
        39,
        40,
        41,
        42,
        43,
        44,
        45,
        46,
        47,
        48,
        49,
        50,
        51,
        52,
        53,
        54,
        55,
        56,
        57,
        58,
        59,
        60,
        61,
        62,
        63,
        64,
        65,
        66,
        67,
        68,
        69,
        70,
        71,
        72,
        73,
        74,
        75,
        76,
        77,
        78,
        79,
        80,
        81,
        82,
        83,
        84,
        85,
        86,
        87,
        88,
        89,
        90,
        91,
        92,
        93,
        94,
        95,
        96,
        97,
        98,
        99,
        100,
        101,
        102,
        103,
        104,
        105,
        106,
        107,
        108,
        109
    ],
    "train_loss": [
        39.78858947753906,
        39.74781799316406,
        39.70651626586914,
        39.661380767822266,
        39.60984802246094,
        39.550350189208984,
        39.478248596191406,
        39.39516067504883,
        39.29479217529297,
        39.174686431884766,
        39.03338623046875,
        38.86722183227539,
        38.67565155029297,
        38.4478874206543,
        38.18141555786133,
        37.87666702270508,
        37.52614212036133,
        37.134315490722656,
        36.688377380371094,
        36.18599319458008,
        35.61835479736328,
        34.9915657043457,
        34.27900314331055,
        33.49212646484375,
        32.629615783691406,
        31.67461395263672,
        30.62093162536621,
        29.471250534057617,
        28.230077743530273,
        26.90218162536621,
        25.472875595092773,
        23.991817474365234,
        22.432958602905273,
        20.853435516357422,
        19.247591018676758,
        17.683788299560547,
        16.17234230041504,
        14.742100715637207,
        13.474658012390137,
        12.355134010314941,
        11.403032302856445,
        10.596170425415039,
        9.95303726196289,
        9.367883682250977,
        8.847953796386719,
        8.360477447509766,
        7.880687713623047,
        7.4363179206848145,
        6.998449802398682,
        6.6103515625,
        6.290777206420898,
        6.066036701202393,
        5.903826713562012,
        5.784020900726318,
        5.679383754730225,
        5.583642482757568,
        5.471972942352295,
        5.385910511016846,
        5.301324367523193,
        5.253453731536865,
        5.218482971191406,
        5.18171501159668,
        5.139122486114502,
        5.091445446014404,
        5.045679569244385,
        4.998721122741699,
        4.963416576385498,
        4.925136566162109,
        4.883981704711914,
        4.850545406341553,
        4.813523769378662,
        4.7857866287231445,
        4.744673252105713,
        4.7182464599609375,
        4.692018985748291,
        4.660992622375488,
        4.6324052810668945,
        4.612037658691406,
        4.585506439208984,
        4.549586296081543,
        4.535353183746338,
        4.515557765960693,
        4.487071990966797,
        4.4762396812438965,
        4.4490509033203125,
        4.419917106628418,
        4.405712604522705,
        4.38474702835083,
        4.380122184753418,
        4.355055809020996,
        4.3380208015441895,
        4.33080530166626,
        4.314524173736572,
        4.290322303771973,
        4.285350322723389,
        4.262444019317627,
        4.249888896942139,
        4.241106986999512,
        4.2217230796813965,
        4.19740104675293,
        4.17826509475708,
        4.179368495941162,
        4.167211055755615,
        4.140787124633789,
        4.130934238433838,
        4.119364261627197,
        4.113389492034912,
        4.098868370056152,
        4.08167028427124,
        4.065888404846191
    ],
    "val_loss": [
        42.197166442871094,
        42.155540466308594,
        42.11318588256836,
        42.068878173828125,
        42.01560974121094,
        41.95674133300781,
        41.88599395751953,
        41.801544189453125,
        41.69944381713867,
        41.57646179199219,
        41.43932342529297,
        41.270320892333984,
        41.08449172973633,
        40.856956481933594,
        40.58320617675781,
        40.277137756347656,
        39.91822052001953,
        39.52779769897461,
        39.07390213012695,
        38.563148498535156,
        37.99362564086914,
        37.31914138793945,
        36.590267181396484,
        35.77753448486328,
        34.88642501831055,
        33.89139938354492,
        32.80964279174805,
        31.619014739990234,
        30.358692169189453,
        28.967466354370117,
        27.488496780395508,
        25.94108772277832,
        24.29958152770996,
        22.63568878173828,
        20.93752098083496,
        19.316251754760742,
        17.637775421142578,
        16.128725051879883,
        14.687992095947266,
        13.424759864807129,
        12.353983879089355,
        11.42927360534668,
        10.606093406677246,
        9.966962814331055,
        9.390301704406738,
        8.868060111999512,
        8.324509620666504,
        7.857186317443848,
        7.4490065574646,
        7.061617851257324,
        6.753478527069092,
        6.553246021270752,
        6.4093499183654785,
        6.362330913543701,
        6.285977840423584,
        6.203168869018555,
        6.139986038208008,
        6.051191329956055,
        5.981453895568848,
        5.969159126281738,
        5.942359447479248,
        5.933994293212891,
        5.918546676635742,
        5.897808074951172,
        5.9118571281433105,
        5.836146354675293,
        5.830756187438965,
        5.828242301940918,
        5.823084831237793,
        5.794312953948975,
        5.782206058502197,
        5.733775615692139,
        5.748899459838867,
        5.674859046936035,
        5.677974700927734,
        5.687682628631592,
        5.669942378997803,
        5.6728596687316895,
        5.651146411895752,
        5.652549743652344,
        5.652400493621826,
        5.663023471832275,
        5.656815052032471,
        5.62685489654541,
        5.624049663543701,
        5.659230709075928,
        5.645491600036621,
        5.647860527038574,
        5.63639497756958,
        5.629593849182129,
        5.637796878814697,
        5.646759986877441,
        5.6253204345703125,
        5.648959159851074,
        5.654592037200928,
        5.649250030517578,
        5.649389266967773,
        5.65648078918457,
        5.660799980163574,
        5.643823623657227,
        5.655381202697754,
        5.6483964920043945,
        5.659333229064941,
        5.655055999755859,
        5.666380882263184,
        5.661304950714111,
        5.694758892059326,
        5.672118186950684,
        5.663511753082275,
        5.6720499992370605
    ]
}