{
    "effect_pehe": 5.471428871154785,
    "effect_mae": 0.3161667585372925
}