{
    "effect_pehe": 5.167311191558838,
    "effect_mae": 0.7857905030250549
}