{
    "effect_pehe": 7.546189785003662,
    "effect_mae": 1.2911878824234009
}