{
    "effect_pehe": 4.269887440538275,
    "effect_mae": 3.3938338387010814
}