{
    "effect_pehe": 3.121795824420537,
    "effect_mae": 2.486385877633457
}