{
    "effect_pehe": 13.836604598640541,
    "effect_mae": 5.97147738666641
}