{
    "effect_pehe": 13.608533739439263,
    "effect_mae": 6.247859493791404
}