{
    "effect_pehe": 19.114789265314766,
    "effect_mae": 12.990306292309434
}