{
    "effect_pehe": 18.054116115847485,
    "effect_mae": 9.483617413262454
}