{
    "effect_pehe": 19.41677459929481,
    "effect_mae": 11.05317529735125
}