{
    "effect_pehe": 15.876810055910516,
    "effect_mae": 9.857376124396446
}