{
    "effect_pehe": 13.351838869118591,
    "effect_mae": 7.805798787004472
}