{
    "effect_pehe": 11.900663504147017,
    "effect_mae": 5.08817880417712
}