{
    "effect_pehe": 18.635353989151024,
    "effect_mae": 11.241169237556871
}