{
    "effect_pehe": 13.924974234871462,
    "effect_mae": 6.606492276460381
}