{
    "effect_pehe": 4.350233335261939,
    "effect_mae": 3.439537022486022
}