{
    "effect_pehe": 5.081532598668505,
    "effect_mae": 3.9947665293302017
}