{
    "effect_pehe": 4.396894390172903,
    "effect_mae": 3.5921965641097224
}