{
    "effect_pehe": 4.261103732470992,
    "effect_mae": 3.381233525464322
}