{
    "effect_pehe": 4.798877860581835,
    "effect_mae": 3.782412787811005
}