{
    "effect_pehe": 3.6186840414350514,
    "effect_mae": 2.8275064502107106
}