{
    "effect_pehe": 5.166526958868095,
    "effect_mae": 4.104482018511924
}