{
    "effect_pehe": 4.870609914077787,
    "effect_mae": 3.8195570639390404
}