{
    "effect_pehe": 5.005565807003033,
    "effect_mae": 4.0090332197033
}