{
    "effect_pehe": 2.6679210662841797,
    "effect_mae": 0.24799802899360657
}