{
    "effect_pehe": 2.2645187377929688,
    "effect_mae": 0.16421562433242798
}