{
    "effect_pehe": 1.7413157224655151,
    "effect_mae": 0.20999112725257874
}