{
    "effect_pehe": 3.175697088241577,
    "effect_mae": 0.3462230861186981
}