{
    "effect_pehe": 0.764193594455719,
    "effect_mae": 0.017642974853515625
}