{
    "effect_pehe": 3.3627496513039286,
    "effect_mae": 2.6415906664254893
}