{
    "effect_pehe": 5.596111785859543,
    "effect_mae": 4.458306922209597
}