{
    "effect_pehe": 7.190374732539211,
    "effect_mae": 5.964858358619051
}