{
    "effect_pehe": 3.4870527511013774,
    "effect_mae": 2.765615265875713
}