{
    "effect_pehe": 3.9256019868218774,
    "effect_mae": 3.0989493790634572
}