{
    "effect_pehe": 3.5529901342137613,
    "effect_mae": 2.824416423595787
}