{
    "effect_pehe": 4.0180886709182,
    "effect_mae": 3.161879556327133
}