{
    "effect_pehe": 7.599144574308463,
    "effect_mae": 6.375693854387822
}