{
    "effect_pehe": 3.7717553525401253,
    "effect_mae": 3.0329059088468884
}