{
    "effect_pehe": 3.7816819470449334,
    "effect_mae": 3.007894481151555
}