{
    "effect_pehe": 4.031425714261563,
    "effect_mae": 3.293669921173467
}