{
    "effect_pehe": 3.530505884238742,
    "effect_mae": 2.7482386089585136
}