{
    "effect_pehe": 1.9533213376998901,
    "effect_mae": 0.36813884973526
}