{
    "effect_pehe": 0.7828866839408875,
    "effect_mae": 0.04519003629684448
}