{
    "effect_pehe": 3.2705225944519043,
    "effect_mae": 0.338567852973938
}