{
    "effect_pehe": 1.442046880722046,
    "effect_mae": 0.022239670157432556
}