{
    "effect_pehe": 1.2175737619400024,
    "effect_mae": 0.12724569439888
}