{
    "effect_pehe": 0.7976266741752625,
    "effect_mae": 0.03304532170295715
}