{
    "effect_pehe": 1.061812162399292,
    "effect_mae": 0.2265070080757141
}