{
    "epoch": [
        0,
        1,
        2,
        3,
        4,
        5,
        6,
        7,
        8,
        9,
        10,
        11,
        12,
        13,
        14,
        15,
        16,
        17,
        18,
        19,
        20,
        21,
        22,
        23,
        24,
        25,
        26,
        27,
        28,
        29,
        30,
        31,
        32,
        33,
        34,
        35,
        36,
        37,
        38,
        39,
        40,
        41,
        42,
        43,
        44,
        45,
        46,
        47,
        48,
        49,
        50,
        51,
        52,
        53,
        54,
        55,
        56,
        57,
        58,
        59,
        60,
        61,
        62,
        63,
        64,
        65,
        66,
        67,
        68,
        69,
        70,
        71,
        72,
        73,
        74,
        75,
        76,
        77,
        78,
        79,
        80,
        81,
        82,
        83,
        84,
        85,
        86,
        87,
        88,
        89,
        90,
        91,
        92,
        93,
        94,
        95,
        96,
        97,
        98,
        99,
        100,
        101,
        102,
        103,
        104,
        105,
        106,
        107,
        108,
        109,
        110,
        111,
        112,
        113,
        114,
        115,
        116,
        117,
        118,
        119,
        120,
        121,
        122,
        123,
        124,
        125,
        126,
        127,
        128,
        129,
        130,
        131,
        132,
        133,
        134,
        135,
        136,
        137,
        138,
        139,
        140,
        141,
        142,
        143,
        144,
        145,
        146,
        147,
        148,
        149,
        150,
        151,
        152,
        153,
        154,
        155,
        156,
        157,
        158,
        159,
        160,
        161,
        162,
        163,
        164,
        165,
        166,
        167,
        168,
        169
    ],
    "train_loss": [
        53.11927795410156,
        52.93959426879883,
        52.760986328125,
        52.57623291015625,
        52.37660217285156,
        52.157814025878906,
        51.91139602661133,
        51.636863708496094,
        51.329689025878906,
        50.9864387512207,
        50.6011962890625,
        50.16666030883789,
        49.6687126159668,
        49.10083770751953,
        48.459083557128906,
        47.74277114868164,
        46.9514045715332,
        46.069129943847656,
        45.119895935058594,
        44.08999252319336,
        42.990089416503906,
        41.85976791381836,
        40.72270202636719,
        39.61511993408203,
        38.60785675048828,
        37.72898483276367,
        37.05567169189453,
        36.58665466308594,
        36.31724548339844,
        36.09479522705078,
        35.784423828125,
        35.24114227294922,
        34.50830841064453,
        33.63670349121094,
        32.7105598449707,
        31.80620002746582,
        31.015226364135742,
        30.35163116455078,
        29.76845932006836,
        29.21407699584961,
        28.6422176361084,
        28.062211990356445,
        27.44376564025879,
        26.77187728881836,
        26.079193115234375,
        25.376028060913086,
        24.668689727783203,
        23.983760833740234,
        23.316801071166992,
        22.61287498474121,
        21.89336395263672,
        21.08510971069336,
        20.20113754272461,
        19.27291488647461,
        18.312345504760742,
        17.365442276000977,
        16.44961929321289,
        15.559032440185547,
        14.697672843933105,
        13.828045845031738,
        13.006548881530762,
        12.277642250061035,
        11.657979965209961,
        11.132759094238281,
        10.70007610321045,
        10.304363250732422,
        10.001199722290039,
        9.782678604125977,
        9.640287399291992,
        9.517059326171875,
        9.419025421142578,
        9.373602867126465,
        9.334219932556152,
        9.255163192749023,
        9.159626007080078,
        9.0737886428833,
        8.972125053405762,
        8.846744537353516,
        8.747574806213379,
        8.627331733703613,
        8.531652450561523,
        8.431384086608887,
        8.34416389465332,
        8.261425971984863,
        8.185049057006836,
        8.116296768188477,
        8.072803497314453,
        8.01960277557373,
        7.9600701332092285,
        7.922231197357178,
        7.857245445251465,
        7.782044887542725,
        7.740647315979004,
        7.651487350463867,
        7.58189582824707,
        7.510406017303467,
        7.424252986907959,
        7.326249599456787,
        7.231369495391846,
        7.146811008453369,
        7.051523685455322,
        6.956166744232178,
        6.870203495025635,
        6.7696852684021,
        6.6741180419921875,
        6.573618412017822,
        6.469954490661621,
        6.369660377502441,
        6.262491226196289,
        6.155743598937988,
        6.043686389923096,
        5.929544448852539,
        5.809011936187744,
        5.709855079650879,
        5.586581707000732,
        5.478524208068848,
        5.368468761444092,
        5.257235527038574,
        5.159246921539307,
        5.0513739585876465,
        4.959668159484863,
        4.859527111053467,
        4.774845600128174,
        4.688814640045166,
        4.609784126281738,
        4.522942543029785,
        4.44304895401001,
        4.372637748718262,
        4.298953533172607,
        4.238383769989014,
        4.179214954376221,
        4.122918128967285,
        4.067323684692383,
        4.015622615814209,
        3.978931427001953,
        3.934628963470459,
        3.889266014099121,
        3.859394073486328,
        3.8266141414642334,
        3.7901041507720947,
        3.762394666671753,
        3.7392213344573975,
        3.720257520675659,
        3.699563503265381,
        3.6671319007873535,
        3.6498305797576904,
        3.6301016807556152,
        3.6136953830718994,
        3.6034114360809326,
        3.5856873989105225,
        3.5690903663635254,
        3.5549564361572266,
        3.5441222190856934,
        3.5348150730133057,
        3.5301384925842285,
        3.5083467960357666,
        3.509612560272217,
        3.487309217453003,
        3.4864494800567627,
        3.4730567932128906,
        3.46539568901062,
        3.4580471515655518,
        3.4451496601104736,
        3.437469959259033,
        3.4363954067230225,
        3.4256863594055176,
        3.4167795181274414,
        3.4039721488952637,
        3.3977413177490234,
        3.386988401412964
    ],