{
    "effect_pehe": 13.06981372833252,
    "effect_mae": 9.55575942993164
}