{
    "effect_pehe": 9.077983856201172,
    "effect_mae": 5.740747928619385
}