{
    "effect_pehe": 8.898730278015137,
    "effect_mae": 4.212749481201172
}