{
    "effect_pehe": 9.97114372253418,
    "effect_mae": 6.01267147064209
}