{
    "epoch": [
        0,
        1,
        2,
        3,
        4,
        5,
        6,
        7,
        8,
        9,
        10,
        11,
        12,
        13,
        14,
        15,
        16,
        17,
        18,
        19,
        20,
        21,
        22,
        23,
        24,
        25,
        26,
        27,
        28,
        29,
        30,
        31,
        32,
        33,
        34,
        35,
        36,
        37,
        38,
        39,
        40,
        41,
        42,
        43,
        44,
        45,
        46,
        47,
        48,
        49,
        50,
        51,
        52,
        53,
        54,
        55,
        56,
        57,
        58,
        59,
        60,
        61,
        62,
        63,
        64,
        65,
        66,
        67,
        68,
        69,
        70,
        71,
        72,
        73,
        74,
        75,
        76,
        77,
        78,
        79,
        80,
        81,
        82,
        83,
        84,
        85,
        86,
        87,
        88,
        89,
        90,
        91,
        92,
        93,
        94,
        95,
        96,
        97,
        98,
        99,
        100,
        101,
        102,
        103,
        104,
        105,
        106,
        107,
        108,
        109,
        110,
        111,
        112,
        113,
        114,
        115,
        116,
        117,
        118,
        119,
        120,
        121,
        122,
        123,
        124,
        125,
        126,
        127,
        128,
        129,
        130,
        131,
        132,
        133,
        134,
        135,
        136,
        137,
        138,
        139,
        140,
        141,
        142,
        143,
        144,
        145,
        146,
        147,
        148,
        149,
        150,
        151,
        152,
        153,
        154,
        155,
        156,
        157,
        158,
        159,
        160,
        161,
        162,
        163,
        164,
        165,
        166,
        167,
        168,
        169,
        170,
        171,
        172,
        173,
        174,
        175,
        176,
        177,
        178,
        179,
        180,
        181,
        182,
        183,
        184,
        185,
        186,
        187
    ],
    "train_loss": [
        55.23196792602539,
        55.04408645629883,
        54.85612869262695,
        54.659358978271484,
        54.444149017333984,
        54.205322265625,
        53.942115783691406,
        53.63557434082031,
        53.28962707519531,
        52.89985275268555,
        52.45420837402344,
        51.9512939453125,
        51.37846755981445,
        50.72873306274414,
        49.99003601074219,
        49.155601501464844,
        48.225563049316406,
        47.1838493347168,
        46.06370544433594,
        44.86114501953125,
        43.598419189453125,
        42.327476501464844,
        41.12880325317383,
        40.01836013793945,
        39.121742248535156,
        38.50044631958008,
        38.1732292175293,
        38.02128219604492,
        37.87583541870117,
        37.61872100830078,
        37.203895568847656,
        36.58618927001953,
        35.86585998535156,
        35.1057243347168,
        34.3951416015625,
        33.75114440917969,
        33.137367248535156,
        32.560768127441406,
        31.922597885131836,
        31.195011138916016,
        30.360214233398438,
        29.42885971069336,
        28.390029907226562,
        27.304855346679688,
        26.15143394470215,
        24.963869094848633,
        23.719478607177734,
        22.414058685302734,
        21.054746627807617,
        19.703413009643555,
        18.36139678955078,
        17.120996475219727,
        15.952234268188477,
        14.8539400100708,
        13.874648094177246,
        13.080970764160156,
        12.48911190032959,
        12.001724243164062,
        11.578510284423828,
        11.241809844970703,
        11.003517150878906,
        10.79526424407959,
        10.592732429504395,
        10.401683807373047,
        10.226680755615234,
        10.019136428833008,
        9.805706024169922,
        9.633331298828125,
        9.447807312011719,
        9.24035930633545,
        9.071131706237793,
        8.922603607177734,
        8.77868366241455,
        8.6184663772583,
        8.510636329650879,
        8.387960433959961,
        8.275888442993164,
        8.158077239990234,
        8.054895401000977,
        7.932331085205078,
        7.7991204261779785,
        7.651856422424316,
        7.513487339019775,
        7.353411674499512,
        7.189267635345459,
        7.025755882263184,
        6.864469051361084,
        6.705682754516602,
        6.534832954406738,
        6.39884614944458,
        6.238217353820801,
        6.08117151260376,
        5.93101692199707,
        5.786577224731445,
        5.630906581878662,
        5.476451396942139,
        5.332664966583252,
        5.182380199432373,
        5.0157880783081055,
        4.88938570022583,
        4.731050491333008,
        4.602724552154541,
        4.4791789054870605,
        4.371570587158203,
        4.262778282165527,
        4.178248405456543,
        4.092746257781982,
        3.989253044128418,
        3.9207265377044678,
        3.8624324798583984,
        3.789158582687378,
        3.7350265979766846,
        3.6680424213409424,
        3.636765480041504,
        3.597064733505249,
        3.538508653640747,
        3.5105409622192383,
        3.471942901611328,
        3.4480409622192383,
        3.4110116958618164,
        3.4021100997924805,
        3.363435983657837,
        3.3464622497558594,
        3.3143904209136963,
        3.299250602722168,
        3.2844295501708984,
        3.274827718734741,
        3.251124143600464,
        3.2372264862060547,
        3.2142820358276367,
        3.212834358215332,
        3.1926369667053223,
        3.1843183040618896,
        3.1677496433258057,
        3.1558735370635986,
        3.1448161602020264,
        3.1463544368743896,
        3.13240385055542,
        3.1196138858795166,
        3.1177287101745605,
        3.101329803466797,
        3.0850019454956055,
        3.082832098007202,
        3.0710110664367676,
        3.063673734664917,
        3.0574114322662354,
        3.0405874252319336,
        3.043396472930908,
        3.0326430797576904,
        3.024594783782959,
        3.0127615928649902,
        3.0097033977508545,
        2.998894453048706,
        2.995513916015625,
        2.989645004272461,
        2.966759443283081,
        2.977358102798462,
        2.951840400695801,
        2.938580274581909,
        2.946779489517212,
        2.948079824447632,
        2.9487805366516113,
        2.935666561126709,
        2.9302589893341064,
        2.911513328552246,
        2.9158127307891846,
        2.912762403488159,
        2.903944969177246,
        2.9070792198181152,
        2.886971950531006,
        2.8769643306732178,
        2.8772175312042236,
        2.8681235313415527,
        2.850804090499878,
        2.8622891902923584,
        2.85345458984375,
        2.851526975631714,
        2.847595453262329,
        2.8321967124938965,
        2.8356096744537354,
        2.8200669288635254,
        2.814014196395874,
        2.8048036098480225,
        2.8017654418945312,
        2.8073410987854004,
        2.797865629196167,
        2.795454978942871,
        2.785766839981079
    ],