{
    "effect_pehe": 6.140609264373779,
    "effect_mae": 0.0634469985961914
}