{
    "epoch": [
        0,
        1,
        2,
        3,
        4,
        5,
        6,
        7,
        8,
        9,
        10,
        11,
        12,
        13,
        14,
        15,
        16,
        17,
        18,
        19,
        20,
        21,
        22,
        23,
        24,
        25,
        26,
        27,
        28,
        29,
        30,
        31,
        32,
        33,
        34,
        35,
        36,
        37,
        38,
        39,
        40,
        41,
        42,
        43,
        44,
        45,
        46,
        47,
        48,
        49,
        50,
        51,
        52,
        53,
        54,
        55,
        56,
        57,
        58,
        59,
        60,
        61,
        62,
        63,
        64,
        65,
        66,
        67,
        68,
        69,
        70,
        71,
        72,
        73,
        74,
        75,
        76,
        77,
        78,
        79,
        80,
        81,
        82,
        83,
        84,
        85,
        86,
        87,
        88,
        89,
        90,
        91,
        92,
        93
    ],
    "train_loss": [
        19.983217239379883,
        19.925031661987305,
        19.87017250061035,
        19.81853485107422,
        19.764894485473633,
        19.71013832092285,
        19.651243209838867,
        19.582258224487305,
        19.507408142089844,
        19.424806594848633,
        19.3317928314209,
        19.227691650390625,
        19.112045288085938,
        18.984378814697266,
        18.841211318969727,
        18.67976951599121,
        18.50591468811035,
        18.31325340270996,
        18.090898513793945,
        17.84386444091797,
        17.5689754486084,
        17.267574310302734,
        16.912349700927734,
        16.517383575439453,
        16.069047927856445,
        15.556620597839355,
        14.995205879211426,
        14.366813659667969,
        13.677008628845215,
        12.940661430358887,
        12.145427703857422,
        11.316521644592285,
        10.457547187805176,
        9.591611862182617,
        8.740981101989746,
        7.944217205047607,
        7.227046012878418,
        6.629134178161621,
        6.1675286293029785,
        5.8950653076171875,
        5.775059700012207,
        5.710789203643799,
        5.657945156097412,
        5.541871547698975,
        5.361922740936279,
        5.172784805297852,
        5.010419845581055,
        4.894403457641602,
        4.836343288421631,
        4.816137790679932,
        4.780642509460449,
        4.75684928894043,
        4.696148872375488,
        4.6232075691223145,
        4.547966480255127,
        4.473304748535156,
        4.412858486175537,
        4.371809959411621,
        4.339015960693359,
        4.318588733673096,
        4.2810750007629395,
        4.248780250549316,
        4.209871768951416,
        4.156320095062256,
        4.135834217071533,
        4.127460956573486,
        4.14532470703125,
        4.107361316680908,
        4.049029350280762,
        4.067070484161377,
        4.04113245010376,
        4.001739025115967,
        4.013889312744141,
        3.986046552658081,
        3.9673869609832764,
        3.971353054046631,
        3.9381613731384277,
        3.9389705657958984,
        3.9461631774902344,
        3.9209275245666504,
        3.93225359916687,
        3.883207082748413,
        3.8751940727233887,
        3.8857510089874268,
        3.8522369861602783,
        3.8484811782836914,
        3.845165491104126,
        3.828223943710327,
        3.8241395950317383,
        3.803999185562134,
        3.7985403537750244,
        3.795243740081787,
        3.7781519889831543,
        3.7803549766540527
    ],
    "val_loss": [
        22.09187889099121,
        22.026268005371094,
        21.963220596313477,
        21.901992797851562,
        21.84020233154297,
        21.778886795043945,
        21.709970474243164,
        21.638120651245117,
        21.5516300201416,
        21.45936393737793,
        21.352506637573242,
        21.230701446533203,
        21.101346969604492,
        20.954139709472656,
        20.78606605529785,
        20.59681510925293,
        20.38639259338379,
        20.163110733032227,
        19.904537200927734,
        19.60256576538086,
        19.2869873046875,
        18.921070098876953,
        18.523090362548828,
        18.061767578125,
        17.56889533996582,
        17.010393142700195,
        16.372060775756836,
        15.6885404586792,
        14.94514274597168,
        14.137909889221191,
        13.272856712341309,
        12.364413261413574,
        11.396183967590332,
        10.441407203674316,
        9.491811752319336,
        8.610785484313965,
        7.801822662353516,
        7.135256767272949,
        6.651346683502197,
        6.322425842285156,
        6.184350490570068,
        6.0827226638793945,
        6.072338104248047,
        5.9612932205200195,
        5.801760196685791,
        5.610916614532471,
        5.41471004486084,
        5.255520343780518,
        5.194693088531494,
        5.142428398132324,
        5.104771137237549,
        5.066389083862305,
        5.044587135314941,
        5.000180721282959,
        4.926400184631348,
        4.880446434020996,
        4.864412784576416,
        4.856847286224365,
        4.832259654998779,
        4.811079502105713,
        4.803162097930908,
        4.750693321228027,
        4.700766086578369,
        4.643088340759277,
        4.6056952476501465,
        4.588802337646484,
        4.576169490814209,
        4.570359706878662,
        4.478418350219727,
        4.516653537750244,
        4.515636920928955,
        4.4831719398498535,
        4.508240699768066,
        4.502449035644531,
        4.514714241027832,
        4.496147155761719,
        4.5036725997924805,
        4.525787830352783,
        4.563628673553467,
        4.491122722625732,
        4.590333461761475,
        4.497435092926025,
        4.485373497009277,
        4.577865123748779,
        4.486862659454346,
        4.490625381469727,
        4.567184925079346,
        4.497498512268066,
        4.483295917510986,
        4.527637004852295,
        4.531806945800781,
        4.49433708190918,
        4.514609336853027,
        4.560822010040283
    ]
}