{
    "effect_pehe": 11.851652145385742,
    "effect_mae": 8.512821197509766
}