{
    "epoch": [
        0,
        1,
        2,
        3,
        4,
        5,
        6,
        7,
        8,
        9,
        10,
        11,
        12,
        13,
        14,
        15,
        16,
        17,
        18,
        19,
        20,
        21,
        22,
        23,
        24,
        25,
        26,
        27,
        28,
        29,
        30,
        31,
        32,
        33,
        34,
        35,
        36,
        37,
        38,
        39,
        40,
        41,
        42,
        43,
        44,
        45,
        46,
        47,
        48,
        49,
        50,
        51,
        52,
        53,
        54,
        55,
        56,
        57,
        58,
        59,
        60,
        61,
        62,
        63,
        64,
        65,
        66,
        67,
        68,
        69,
        70,
        71,
        72,
        73,
        74,
        75,
        76,
        77,
        78,
        79,
        80,
        81,
        82,
        83,
        84,
        85,
        86,
        87,
        88,
        89,
        90,
        91,
        92,
        93,
        94,
        95,
        96,
        97,
        98,
        99,
        100,
        101,
        102,
        103,
        104,
        105,
        106,
        107,
        108,
        109,
        110,
        111,
        112,
        113,
        114,
        115,
        116,
        117,
        118,
        119,
        120,
        121,
        122,
        123,
        124,
        125,
        126,
        127,
        128,
        129,
        130,
        131,
        132,
        133,
        134,
        135,
        136,
        137,
        138,
        139,
        140,
        141,
        142,
        143,
        144,
        145,
        146,
        147,
        148,
        149,
        150,
        151,
        152,
        153,
        154,
        155,
        156,
        157,
        158,
        159,
        160,
        161,
        162,
        163,
        164,
        165,
        166,
        167,
        168,
        169,
        170
    ],
    "train_loss": [
        52.784019470214844,
        52.58317947387695,
        52.36491775512695,
        52.121726989746094,
        51.857398986816406,
        51.57365036010742,
        51.26555252075195,
        50.940032958984375,
        50.58182907104492,
        50.1911735534668,
        49.747684478759766,
        49.25703811645508,
        48.69812774658203,
        48.07725143432617,
        47.383827209472656,
        46.61062240600586,
        45.75545883178711,
        44.82269287109375,
        43.80086898803711,
        42.71729278564453,
        41.59040069580078,
        40.472816467285156,
        39.410797119140625,
        38.496795654296875,
        37.78693771362305,
        37.35200500488281,
        37.20464324951172,
        37.19703674316406,
        37.108421325683594,
        36.791866302490234,
        36.21495819091797,
        35.44231414794922,
        34.58177947998047,
        33.74819564819336,
        32.98223114013672,
        32.30061340332031,
        31.67618751525879,
        31.094482421875,
        30.484535217285156,
        29.843341827392578,
        29.171998977661133,
        28.479528427124023,
        27.750980377197266,
        27.013120651245117,
        26.308366775512695,
        25.655954360961914,
        25.039628982543945,
        24.483287811279297,
        23.956562042236328,
        23.41370964050293,
        22.843826293945312,
        22.252626419067383,
        21.597492218017578,
        20.90004539489746,
        20.187402725219727,
        19.457279205322266,
        18.712045669555664,
        17.955604553222656,
        17.17863655090332,
        16.387531280517578,
        15.610525131225586,
        14.856721878051758,
        14.16573715209961,
        13.506410598754883,
        12.916050910949707,
        12.351811408996582,
        11.859564781188965,
        11.416905403137207,
        11.080668449401855,
        10.831128120422363,
        10.628482818603516,
        10.469854354858398,
        10.378483772277832,
        10.324607849121094,
        10.218684196472168,
        10.145009994506836,
        10.033530235290527,
        9.940598487854004,
        9.796821594238281,
        9.651836395263672,
        9.53548526763916,
        9.447044372558594,
        9.353026390075684,
        9.26846694946289,
        9.222200393676758,
        9.183170318603516,
        9.103102684020996,
        9.030007362365723,
        8.9391450881958,
        8.859626770019531,
        8.764430046081543,
        8.64735221862793,
        8.546154022216797,
        8.438319206237793,
        8.32744026184082,
        8.257807731628418,
        8.159013748168945,
        8.045273780822754,
        7.9587812423706055,
        7.8683905601501465,
        7.75338077545166,
        7.651266098022461,
        7.55073881149292,
        7.448832035064697,
        7.350862503051758,
        7.253561019897461,
        7.171854496002197,
        7.089961051940918,
        7.014688014984131,
        6.965149879455566,
        6.87295389175415,
        6.8157429695129395,
        6.764616966247559,
        6.709259986877441,
        6.662743091583252,
        6.592526435852051,
        6.567096710205078,
        6.519092559814453,
        6.492395877838135,
        6.460585117340088,
        6.435614585876465,
        6.399137020111084,
        6.371127605438232,
        6.348161697387695,
        6.303900241851807,
        6.298669338226318,
        6.2784504890441895,
        6.276037693023682,
        6.250126361846924,
        6.228775501251221,
        6.211482048034668,
        6.195059299468994,
        6.162119388580322,
        6.168692588806152,
        6.1413726806640625,
        6.1200127601623535,
        6.114813327789307,
        6.109979629516602,
        6.082963943481445,
        6.078780174255371,
        6.0680646896362305,
        6.039852142333984,
        6.042943000793457,
        6.02244234085083,
        6.013940811157227,
        6.004385948181152,
        5.9710283279418945,
        5.959489345550537,
        5.973919868469238,
        5.95311975479126,
        5.930657863616943,
        5.9368181228637695,
        5.923345565795898,
        5.911358833312988,
        5.883028984069824,
        5.8696818351745605,
        5.848703861236572,
        5.8515543937683105,
        5.840646743774414,
        5.828220367431641,
        5.8177714347839355,
        5.798354148864746,
        5.781397819519043,
        5.764033317565918,
        5.754500389099121,
        5.748888969421387,
        5.729093551635742,
        5.716381072998047,
        5.7161359786987305,
        5.6945481300354,
        5.684330463409424
    ],