{
    "effect_pehe": 7.4421916007995605,
    "effect_mae": 3.834474563598633
}