{
    "epoch": [
        0,
        1,
        2,
        3,
        4,
        5,
        6,
        7,
        8,
        9,
        10,
        11,
        12,
        13,
        14,
        15,
        16,
        17,
        18,
        19,
        20,
        21,
        22,
        23,
        24,
        25,
        26,
        27,
        28,
        29,
        30,
        31,
        32,
        33,
        34,
        35,
        36,
        37,
        38,
        39,
        40,
        41,
        42,
        43,
        44,
        45,
        46,
        47,
        48,
        49,
        50,
        51,
        52,
        53,
        54,
        55,
        56,
        57,
        58,
        59,
        60,
        61,
        62,
        63,
        64,
        65,
        66,
        67,
        68,
        69,
        70,
        71,
        72,
        73,
        74,
        75,
        76,
        77,
        78,
        79,
        80,
        81,
        82,
        83,
        84,
        85,
        86,
        87,
        88,
        89,
        90,
        91,
        92,
        93,
        94,
        95,
        96,
        97,
        98,
        99,
        100,
        101,
        102,
        103,
        104,
        105,
        106,
        107,
        108,
        109,
        110,
        111,
        112,
        113,
        114,
        115,
        116,
        117,
        118,
        119,
        120,
        121,
        122,
        123,
        124,
        125,
        126,
        127,
        128,
        129,
        130,
        131,
        132,
        133,
        134,
        135,
        136,
        137,
        138,
        139,
        140,
        141,
        142,
        143,
        144,
        145,
        146,
        147,
        148,
        149,
        150,
        151,
        152,
        153,
        154,
        155,
        156,
        157,
        158,
        159
    ],
    "train_loss": [
        55.227386474609375,
        54.99776840209961,
        54.76533889770508,
        54.54884719848633,
        54.34361267089844,
        54.1405029296875,
        53.9244384765625,
        53.68718719482422,
        53.42753219604492,
        53.13240432739258,
        52.803226470947266,
        52.423316955566406,
        51.99666213989258,
        51.50819396972656,
        50.95355987548828,
        50.31965637207031,
        49.61458206176758,
        48.818870544433594,
        47.94703674316406,
        46.99935531616211,
        45.9670295715332,
        44.883766174316406,
        43.75436782836914,
        42.625694274902344,
        41.53374481201172,
        40.554786682128906,
        39.77425765991211,
        39.22480010986328,
        38.962406158447266,
        38.97212600708008,
        39.0107421875,
        38.90058517456055,
        38.53623580932617,
        37.9183464050293,
        37.160125732421875,
        36.36600875854492,
        35.64487075805664,
        34.980892181396484,
        34.373294830322266,
        33.825233459472656,
        33.28594207763672,
        32.743927001953125,
        32.18452453613281,
        31.602018356323242,
        30.979204177856445,
        30.297407150268555,
        29.618974685668945,
        28.944150924682617,
        28.301254272460938,
        27.669904708862305,
        27.066171646118164,
        26.528377532958984,
        25.986858367919922,
        25.42034149169922,
        24.80670738220215,
        24.164274215698242,
        23.474380493164062,
        22.762453079223633,
        22.032840728759766,
        21.303817749023438,
        20.560379028320312,
        19.78868293762207,
        19.005281448364258,
        18.193525314331055,
        17.3785343170166,
        16.575450897216797,
        15.841999053955078,
        15.176806449890137,
        14.596390724182129,
        14.06408405303955,
        13.617230415344238,
        13.21604061126709,
        12.933863639831543,
        12.70746898651123,
        12.506536483764648,
        12.329103469848633,
        12.171076774597168,
        12.041960716247559,
        11.8919038772583,
        11.75428581237793,
        11.572978019714355,
        11.429814338684082,
        11.284631729125977,
        11.139514923095703,
        11.001388549804688,
        10.873116493225098,
        10.792157173156738,
        10.690876007080078,
        10.60206127166748,
        10.54282283782959,
        10.481048583984375,
        10.429337501525879,
        10.371965408325195,
        10.311589241027832,
        10.266999244689941,
        10.195610046386719,
        10.11974048614502,
        10.042613983154297,
        9.95620346069336,
        9.864608764648438,
        9.769872665405273,
        9.680057525634766,
        9.594146728515625,
        9.491493225097656,
        9.407510757446289,
        9.318571090698242,
        9.2122163772583,
        9.112115859985352,
        9.016051292419434,
        8.921504974365234,
        8.825370788574219,
        8.71407699584961,
        8.618931770324707,
        8.505846977233887,
        8.421146392822266,
        8.303049087524414,
        8.210129737854004,
        8.118252754211426,
        8.03917121887207,
        7.937198162078857,
        7.874756813049316,
        7.786811828613281,
        7.719363689422607,
        7.6533522605896,
        7.58957052230835,
        7.522353172302246,
        7.459804534912109,
        7.411267280578613,
        7.358591079711914,
        7.318147659301758,
        7.268610954284668,
        7.234504222869873,
        7.1790924072265625,
        7.131488800048828,
        7.095154285430908,
        7.0636091232299805,
        7.03843879699707,
        6.993345737457275,
        6.977147579193115,
        6.942624092102051,
        6.919691562652588,
        6.886377811431885,
        6.874549388885498,
        6.85643196105957,
        6.834790229797363,
        6.806344509124756,
        6.798272132873535,
        6.771955490112305,
        6.763857841491699,
        6.744054317474365,
        6.72627067565918,
        6.7213239669799805,
        6.7020487785339355,
        6.6876220703125,
        6.685126781463623,
        6.684991359710693,
        6.666968822479248,
        6.658806324005127,
        6.631180763244629,
        6.596852779388428
    ],