{
    "effect_pehe": 8.742972373962402,
    "effect_mae": 4.56444787979126
}