{
    "effect_pehe": 15.31400586694851,
    "effect_mae": 8.717150955904357
}