{
    "effect_pehe": 19.91204075164611,
    "effect_mae": 13.745522976735684
}