{
    "effect_pehe": 18.84581184387207,
    "effect_mae": 5.2871809005737305
}