{
    "effect_pehe": 14.121530532836914,
    "effect_mae": 2.50917911529541
}