{
    "effect_pehe": 21.814403533935547,
    "effect_mae": 4.37303352355957
}