{
    "effect_pehe": 16.129638671875,
    "effect_mae": 4.621049880981445
}