{
    "effect_pehe": 14.942320823669434,
    "effect_mae": 3.972017526626587
}