{
    "effect_pehe": 18.538036346435547,
    "effect_mae": 1.1269254684448242
}