{
    "effect_pehe": 14.357499122619629,
    "effect_mae": 0.12619781494140625
}