{
    "effect_pehe": 12.258123397827148,
    "effect_mae": 4.618844509124756
}