{
    "effect_pehe": 13.589367866516113,
    "effect_mae": 3.501331090927124
}