{
    "effect_pehe": 14.131397247314453,
    "effect_mae": 1.767082691192627
}