{
    "effect_pehe": 13.014016151428223,
    "effect_mae": 2.683504819869995
}