{
    "effect_pehe": 3.359936967572353,
    "effect_mae": 2.7121370387362673
}