{
    "effect_pehe": 3.305109392119659,
    "effect_mae": 2.581836482265443
}