{
    "effect_pehe": 2.849591428012337,
    "effect_mae": 2.2485547098851923
}