{
    "effect_pehe": 2.5183268787203756,
    "effect_mae": 2.003322801564148
}