{
    "effect_pehe": 1.6978278160095215,
    "effect_mae": 0.1335620880126953
}