{
    "effect_pehe": 1.438981533050537,
    "effect_mae": 0.8802379369735718
}