{
    "effect_pehe": 1.1937763690948486,
    "effect_mae": 0.23833465576171875
}