{
    "effect_pehe": 2.159695625305176,
    "effect_mae": 0.014455556869506836
}