{
    "effect_pehe": 1.4805026054382324,
    "effect_mae": 0.7755743265151978
}