{
    "effect_pehe": 2.194474220275879,
    "effect_mae": 0.841762363910675
}