{
    "effect_pehe": 1.754461646080017,
    "effect_mae": 0.533563494682312
}