{
    "effect_pehe": 1.3719985485076904,
    "effect_mae": 0.0992288589477539
}