{
    "effect_pehe": 0.7965999841690063,
    "effect_mae": 0.00263330340385437
}