{
    "effect_pehe": 1.3831146955490112,
    "effect_mae": 0.22814349830150604
}