{
    "effect_pehe": 3.8951854705810547,
    "effect_mae": 0.09026986360549927
}