{
    "effect_pehe": 3.2874507904052734,
    "effect_mae": 0.36921045184135437
}