{
    "effect_pehe": 1.1758241653442383,
    "effect_mae": 0.15540872514247894
}