{
    "effect_pehe": 0.7868700623512268,
    "effect_mae": 0.022602319717407227
}