{
    "effect_pehe": 0.7679934501647949,
    "effect_mae": 0.011818557977676392
}