{
    "effect_pehe": 2.111189365386963,
    "effect_mae": 0.251913845539093
}