{
    "effect_pehe": 9.333148956298828,
    "effect_mae": 7.667983055114746
}