{
    "effect_pehe": 4.7900590896606445,
    "effect_mae": 2.1973578929901123
}