{
    "effect_pehe": 4.5092573165893555,
    "effect_mae": 0.6640971899032593
}