{
    "effect_pehe": 5.104432582855225,
    "effect_mae": 2.163109302520752
}}