{
    "effect_pehe": 5.05232048034668,
    "effect_mae": 2.0499558448791504
}