{
    "epoch": [
        0,
        1,
        2,
        3,
        4,
        5,
        6,
        7,
        8,
        9,
        10,
        11,
        12,
        13,
        14,
        15,
        16,
        17,
        18,
        19,
        20,
        21,
        22,
        23,
        24,
        25,
        26,
        27,
        28,
        29,
        30,
        31,
        32,
        33,
        34,
        35,
        36,
        37,
        38,
        39,
        40,
        41,
        42,
        43,
        44,
        45,
        46,
        47,
        48,
        49,
        50,
        51,
        52,
        53,
        54,
        55,
        56,
        57,
        58,
        59,
        60,
        61,
        62,
        63,
        64,
        65,
        66,
        67,
        68,
        69,
        70,
        71,
        72,
        73,
        74,
        75,
        76,
        77,
        78,
        79,
        80,
        81,
        82,
        83,
        84,
        85,
        86,
        87,
        88,
        89,
        90,
        91,
        92,
        93,
        94,
        95,
        96,
        97,
        98,
        99,
        100,
        101,
        102,
        103,
        104,
        105,
        106,
        107,
        108,
        109,
        110,
        111,
        112,
        113,
        114,
        115,
        116,
        117,
        118,
        119,
        120,
        121,
        122,
        123,
        124,
        125,
        126,
        127,
        128,
        129,
        130,
        131
    ],
    "train_loss": [
        41.716243743896484,
        41.642608642578125,
        41.57304382324219,
        41.501426696777344,
        41.42462158203125,
        41.3391227722168,
        41.24166488647461,
        41.1303825378418,
        41.006107330322266,
        40.861167907714844,
        40.69524383544922,
        40.500892639160156,
        40.268646240234375,
        39.9973030090332,
        39.694759368896484,
        39.33933639526367,
        38.91603088378906,
        38.45694351196289,
        37.93083572387695,
        37.32843017578125,
        36.771202087402344,
        36.10039520263672,
        35.47426986694336,
        34.94684600830078,
        34.45110321044922,
        34.032413482666016,
        33.64148712158203,
        33.01515579223633,
        32.31682205200195,
        31.35628318786621,
        30.37152862548828,
        29.289260864257812,
        28.26305389404297,
        27.06923484802246,
        25.96990966796875,
        24.710588455200195,
        23.404376983642578,
        22.116880416870117,
        20.634246826171875,
        19.16419792175293,
        17.856136322021484,
        16.633163452148438,
        15.525811195373535,
        14.736273765563965,
        14.246086120605469,
        13.995996475219727,
        13.891440391540527,
        13.913830757141113,
        13.774890899658203,
        13.443940162658691,
        13.049684524536133,
        12.531645774841309,
        11.877242088317871,
        11.277850151062012,
        10.91740894317627,
        10.588804244995117,
        10.372076034545898,
        10.10912799835205,
        9.826319694519043,
        9.59507942199707,
        9.299328804016113,
        8.985706329345703,
        8.624017715454102,
        8.37451171875,
        8.15683650970459,
        7.913845062255859,
        7.817178249359131,
        7.758290767669678,
        7.751749515533447,
        7.798359394073486,
        7.862333297729492,
        7.855847358703613,
        7.771263122558594,
        7.628255844116211,
        7.551914215087891,
        7.4037346839904785,
        7.329630374908447,
        7.213361740112305,
        7.160293102264404,
        7.0950026512146,
        7.105469703674316,
        7.065623760223389,
        7.062663555145264,
        7.0488457679748535,
        7.016391277313232,
        6.9949750900268555,
        6.955463409423828,
        6.889689922332764,
        6.876997470855713,
        6.812448501586914,
        6.807076454162598,
        6.785022258758545,
        6.752500534057617,
        6.7565484046936035,
        6.7179107666015625,
        6.692237854003906,
        6.67919921875,
        6.6636433601379395,
        6.614408016204834,
        6.556894302368164,
        6.5914177894592285,
        6.558375835418701,
        6.529225826263428,
        6.5304765701293945,
        6.523922443389893,
        6.4951276779174805,
        6.50096321105957,
        6.515049934387207,
        6.587380409240723,
        6.666046619415283,
        6.5604681968688965,
        6.410682201385498,
        6.5171003341674805,
        6.5212860107421875,
        6.392894268035889,
        6.43907356262207,
        6.429145812988281,
        6.360686779022217,
        6.405531406402588,
        6.361922264099121,
        6.328969955444336,
        6.387518882751465,
        6.314995765686035,
        6.308712959289551,
        6.331243515014648,
        6.271051406860352,
        6.291935443878174,
        6.288877010345459,
        6.242436408996582,
        6.284707069396973,
        6.233010768890381,
        6.216948986053467
    ],