{
    "effect_pehe": 4.222488880157471,
    "effect_mae": 2.4574496746063232
}