{
    "effect_pehe": 4.3124847412109375,
    "effect_mae": 1.537766933441162
}