{
    "epoch": [
        0,
        1,
        2,
        3,
        4,
        5,
        6,
        7,
        8,
        9,
        10,
        11,
        12,
        13,
        14,
        15,
        16,
        17,
        18,
        19,
        20,
        21,
        22,
        23,
        24,
        25,
        26,
        27,
        28,
        29,
        30,
        31,
        32,
        33,
        34,
        35,
        36,
        37,
        38,
        39,
        40,
        41,
        42,
        43,
        44,
        45,
        46,
        47,
        48,
        49,
        50,
        51,
        52,
        53,
        54,
        55,
        56,
        57,
        58,
        59,
        60,
        61,
        62,
        63,
        64,
        65,
        66,
        67,
        68,
        69,
        70,
        71,
        72,
        73,
        74,
        75,
        76,
        77,
        78,
        79,
        80,
        81,
        82,
        83,
        84,
        85,
        86,
        87,
        88,
        89,
        90,
        91,
        92,
        93,
        94,
        95,
        96,
        97,
        98,
        99,
        100,
        101,
        102,
        103,
        104,
        105,
        106,
        107,
        108,
        109,
        110,
        111,
        112,
        113,
        114,
        115,
        116,
        117,
        118,
        119,
        120,
        121,
        122,
        123,
        124,
        125,
        126,
        127,
        128,
        129,
        130,
        131,
        132,
        133,
        134,
        135,
        136,
        137,
        138,
        139,
        140,
        141,
        142,
        143,
        144,
        145,
        146,
        147,
        148,
        149,
        150,
        151,
        152,
        153,
        154,
        155,
        156,
        157,
        158,
        159,
        160,
        161,
        162,
        163,
        164,
        165,
        166,
        167,
        168,
        169,
        170,
        171,
        172,
        173,
        174,
        175,
        176,
        177,
        178,
        179,
        180,
        181,
        182,
        183,
        184,
        185,
        186,
        187,
        188,
        189,
        190,
        191
    ],
    "train_loss": [
        56.89015197753906,
        56.63999557495117,
        56.39583969116211,
        56.13772201538086,
        55.85470962524414,
        55.53472900390625,
        55.15965270996094,
        54.7299919128418,
        54.22834777832031,
        53.648948669433594,
        52.96346664428711,
        52.14889907836914,
        51.1976432800293,
        50.08445739746094,
        48.76102066040039,
        47.224693298339844,
        45.480648040771484,
        43.44980239868164,
        41.24897003173828,
        38.916690826416016,
        36.67374038696289,
        34.62101364135742,
        33.2271614074707,
        33.052860260009766,
        34.01105499267578,
        35.199485778808594,
        35.448001861572266,
        34.9362907409668,
        33.88267135620117,
        33.05375671386719,
        32.232967376708984,
        31.842206954956055,
        31.861509323120117,
        31.92007064819336,
        32.174285888671875,
        32.30419158935547,
        32.39384460449219,
        32.289306640625,
        32.11390686035156,
        31.857736587524414,
        31.637664794921875,
        31.287870407104492,
        31.0045223236084,
        30.68407440185547,
        30.344972610473633,
        30.29754066467285,
        30.185468673706055,
        30.249711990356445,
        30.057106018066406,
        30.0180606842041,
        29.746850967407227,
        29.52890396118164,
        29.255033493041992,
        29.00319480895996,
        28.757417678833008,
        28.567724227905273,
        28.312175750732422,
        28.0263671875,
        27.80860710144043,
        27.522823333740234,
        27.260955810546875,
        26.970727920532227,
        26.625242233276367,
        26.337472915649414,
        26.091064453125,
        25.682504653930664,
        25.400882720947266,
        24.986957550048828,
        24.67119598388672,
        24.352516174316406,
        24.025564193725586,
        23.68244743347168,
        23.319093704223633,
        22.962841033935547,
        22.711912155151367,
        22.39093589782715,
        22.180055618286133,
        21.942974090576172,
        21.769868850708008,
        21.5792293548584,
        21.386377334594727,
        21.283788681030273,
        21.093503952026367,
        20.979978561401367,
        20.83930206298828,
        20.716739654541016,
        20.604581832885742,
        20.46542739868164,
        20.373266220092773,
        20.24806022644043,
        20.120893478393555,
        20.026878356933594,
        19.942481994628906,
        19.87502098083496,
        19.802175521850586,
        19.74650764465332,
        19.704561233520508,
        19.650991439819336,
        19.611957550048828,
        19.56182289123535,
        19.5286865234375,
        19.505943298339844,
        19.460540771484375,
        19.409215927124023,
        19.38279151916504,
        19.34218406677246,
        19.31264305114746,
        19.267414093017578,
        19.21489715576172,
        19.182828903198242,
        19.150001525878906,
        19.108640670776367,
        19.08747673034668,
        19.051244735717773,
        19.012460708618164,
        18.98870086669922,
        18.94012451171875,
        18.899202346801758,
        18.854232788085938,
        18.818796157836914,
        18.7775936126709,
        18.719629287719727,
        18.6710147857666,
        18.6505126953125,
        18.576467514038086,
        18.533254623413086,
        18.4769287109375,
        18.411788940429688,
        18.364322662353516,
        18.311325073242188,
        18.256656646728516,
        18.215578079223633,
        18.157194137573242,
        18.089458465576172,
        18.023469924926758,
        17.96991539001465,
        17.923845291137695,
        17.844308853149414,
        17.781679153442383,
        17.719884872436523,
        17.66404914855957,
        17.62522315979004,
        17.5543270111084,
        17.472625732421875,
        17.463241577148438,
        17.382699966430664,
        17.329233169555664,
        17.290897369384766,
        17.229238510131836,
        17.161399841308594,
        17.080080032348633,
        17.081283569335938,
        17.02926254272461,
        16.881549835205078,
        16.89111328125,
        16.810232162475586,
        16.763959884643555,
        16.735742568969727,
        16.637004852294922,
        16.630746841430664,
        16.543153762817383,
        16.459890365600586,
        16.427921295166016,
        16.377775192260742,
        16.346324920654297,
        16.271799087524414,
        16.20826530456543,
        16.159067153930664,
        16.099990844726562,
        16.06353187561035,
        15.969406127929688,
        15.934785842895508,
        15.81930923461914,
        15.800947189331055,
        15.667988777160645,
        15.652264595031738,
        15.521220207214355,
        15.523394584655762,
        15.489858627319336,
        15.3787841796875,
        15.318037986755371,
        15.237884521484375,
        15.210249900817871,
        15.142192840576172,
        15.110125541687012,
        14.975320816040039,
        14.896871566772461,
        14.837852478027344,
        14.808439254760742,
        14.752975463867188,
        14.669578552246094,
        14.601548194885254
    ],