{
    "epoch": [
        0,
        1,
        2,
        3,
        4,
        5,
        6,
        7,
        8,
        9,
        10,
        11,
        12,
        13,
        14,
        15,
        16,
        17,
        18,
        19,
        20,
        21,
        22,
        23,
        24,
        25,
        26,
        27,
        28,
        29,
        30,
        31,
        32,
        33,
        34,
        35,
        36,
        37,
        38,
        39,
        40,
        41,
        42,
        43,
        44,
        45,
        46,
        47,
        48,
        49,
        50,
        51,
        52,
        53,
        54,
        55,
        56,
        57,
        58,
        59,
        60,
        61,
        62,
        63,
        64,
        65,
        66,
        67,
        68,
        69,
        70,
        71,
        72,
        73,
        74,
        75,
        76,
        77,
        78,
        79,
        80,
        81,
        82,
        83,
        84,
        85,
        86,
        87,
        88,
        89,
        90,
        91,
        92,
        93,
        94,
        95,
        96,
        97,
        98,
        99,
        100,
        101,
        102,
        103,
        104,
        105,
        106,
        107,
        108,
        109,
        110,
        111,
        112,
        113,
        114,
        115,
        116,
        117,
        118,
        119,
        120,
        121,
        122,
        123,
        124,
        125,
        126,
        127,
        128,
        129,
        130,
        131,
        132,
        133,
        134,
        135,
        136,
        137,
        138,
        139,
        140,
        141,
        142,
        143,
        144,
        145,
        146,
        147,
        148,
        149,
        150,
        151,
        152,
        153,
        154,
        155,
        156,
        157,
        158
    ],
    "train_loss": [
        19.820465087890625,
        19.77385902404785,
        19.733413696289062,
        19.69373893737793,
        19.652372360229492,
        19.607175827026367,
        19.55715560913086,
        19.49898338317871,
        19.431987762451172,
        19.357507705688477,
        19.27168846130371,
        19.174182891845703,
        19.062610626220703,
        18.93400001525879,
        18.789634704589844,
        18.63018035888672,
        18.454639434814453,
        18.255990982055664,
        18.044872283935547,
        17.818870544433594,
        17.580570220947266,
        17.322341918945312,
        17.040912628173828,
        16.71731948852539,
        16.346044540405273,
        15.908785820007324,
        15.399765968322754,
        14.841959953308105,
        14.225879669189453,
        13.565074920654297,
        12.840926170349121,
        12.040192604064941,
        11.141762733459473,
        10.186036109924316,
        9.227334022521973,
        8.251975059509277,
        7.268755912780762,
        6.3941192626953125,
        5.634117126464844,
        5.096935749053955,
        4.786214351654053,
        4.809464931488037,
        4.973445892333984,
        5.207022666931152,
        5.226926803588867,
        5.072422981262207,
        4.74601411819458,
        4.401401519775391,
        4.090599060058594,
        3.93914794921875,
        3.7549397945404053,
        3.7392210960388184,
        3.8118717670440674,
        3.85094952583313,
        3.883979558944702,
        3.9117908477783203,
        3.861525535583496,
        3.8037350177764893,
        3.6814074516296387,
        3.6175131797790527,
        3.5122013092041016,
        3.48028302192688,
        3.502490997314453,
        3.4611940383911133,
        3.4800710678100586,
        3.4627881050109863,
        3.4912502765655518,
        3.4717929363250732,
        3.4544200897216797,
        3.4397754669189453,
        3.3900623321533203,
        3.367892026901245,
        3.346644163131714,
        3.3465285301208496,
        3.3190360069274902,
        3.333327293395996,
        3.3431735038757324,
        3.313291549682617,
        3.3133883476257324,
        3.307267427444458,
        3.2936367988586426,
        3.2833938598632812,
        3.2689692974090576,
        3.2604856491088867,
        3.2482852935791016,
        3.246933937072754,
        3.2370712757110596,
        3.235332727432251,
        3.229688882827759,
        3.227839946746826,
        3.215351104736328,
        3.2103259563446045,
        3.1996302604675293,
        3.194693088531494,
        3.1882033348083496,
        3.179468870162964,
        3.177672863006592,
        3.172640085220337,
        3.163867235183716,
        3.161843776702881,
        3.1531691551208496,
        3.1502671241760254,
        3.1431679725646973,
        3.136093854904175,
        3.1299757957458496,
        3.11798357963562,
        3.1126112937927246,
        3.10998272895813,
        3.1058413982391357,
        3.0928242206573486,
        3.092228889465332,
        3.082423448562622,
        3.080101490020752,
        3.073906898498535,
        3.0636062622070312,
        3.0568628311157227,
        3.055999755859375,
        3.0430428981781006,
        3.043344497680664,
        3.039048671722412,
        3.0311167240142822,
        3.033101797103882,
        3.0232603549957275,
        3.0070364475250244,
        2.9976751804351807,
        2.996067523956299,
        2.993809700012207,
        2.98616361618042,
        2.96921968460083,
        2.964336633682251,
        2.9652364253997803,
        2.962740421295166,
        2.962904453277588,
        2.946866035461426,
        2.9326844215393066,
        2.9190433025360107,
        2.9226443767547607,
        2.9164485931396484,
        2.9060685634613037,
        2.9006898403167725,
        2.9029977321624756,
        2.88727068901062,
        2.8833506107330322,
        2.8757214546203613,
        2.8675596714019775,
        2.8647878170013428,
        2.853017568588257,
        2.8477623462677,
        2.8392486572265625,
        2.838675022125244,
        2.82950758934021,
        2.82234263420105,
        2.8254575729370117,
        2.8131704330444336,
        2.823120355606079,
        2.8157460689544678,
        2.8021187782287598,
        2.7899770736694336,
        2.7742152214050293
    ],