{
    "effect_pehe": 5.041279315948486,
    "effect_mae": 0.7500273585319519
}