{
    "effect_pehe": 4.850473880767822,
    "effect_mae": 1.6849056482315063
}