{
    "epoch": [
        0,
        1,
        2,
        3,
        4,
        5,
        6,
        7,
        8,
        9,
        10,
        11,
        12,
        13,
        14,
        15,
        16,
        17,
        18,
        19,
        20,
        21,
        22,
        23,
        24,
        25,
        26,
        27,
        28,
        29,
        30,
        31,
        32,
        33,
        34,
        35,
        36,
        37,
        38,
        39,
        40,
        41,
        42,
        43,
        44,
        45,
        46,
        47,
        48,
        49,
        50,
        51,
        52,
        53,
        54,
        55,
        56,
        57,
        58,
        59,
        60,
        61,
        62,
        63,
        64,
        65,
        66,
        67,
        68,
        69,
        70,
        71,
        72,
        73,
        74,
        75,
        76,
        77,
        78,
        79,
        80,
        81,
        82,
        83,
        84,
        85,
        86,
        87,
        88,
        89,
        90,
        91,
        92,
        93,
        94,
        95,
        96,
        97,
        98,
        99,
        100,
        101,
        102,
        103,
        104,
        105,
        106,
        107,
        108,
        109,
        110,
        111,
        112,
        113,
        114,
        115,
        116,
        117,
        118,
        119,
        120,
        121,
        122,
        123,
        124,
        125,
        126,
        127,
        128,
        129,
        130,
        131,
        132,
        133,
        134,
        135,
        136,
        137,
        138,
        139,
        140,
        141,
        142
    ],
    "train_loss": [
        42.62575912475586,
        42.485103607177734,
        42.33893585205078,
        42.18095397949219,
        42.00698471069336,
        41.81468963623047,
        41.59853744506836,
        41.35305404663086,
        41.07204055786133,
        40.746341705322266,
        40.36466979980469,
        39.934295654296875,
        39.42776107788086,
        38.84110641479492,
        38.16943359375,
        37.41256332397461,
        36.58454132080078,
        35.63220977783203,
        34.70170593261719,
        33.78421401977539,
        32.99869918823242,
        32.52189636230469,
        32.3977165222168,
        32.47491455078125,
        32.609275817871094,
        32.57599639892578,
        32.37333679199219,
        32.05046844482422,
        31.736642837524414,
        31.48274040222168,
        31.292158126831055,
        31.18930435180664,
        31.220651626586914,
        31.198522567749023,
        31.160722732543945,
        31.04096031188965,
        30.9183349609375,
        30.726369857788086,
        30.5093936920166,
        30.234664916992188,
        30.017732620239258,
        29.791610717773438,
        29.618366241455078,
        29.427125930786133,
        29.281518936157227,
        29.124378204345703,
        28.9544734954834,
        28.706830978393555,
        28.446762084960938,
        28.164600372314453,
        27.851957321166992,
        27.564342498779297,
        27.2836856842041,
        26.992984771728516,
        26.677919387817383,
        26.334793090820312,
        25.962955474853516,
        25.59971046447754,
        25.22275161743164,
        24.883298873901367,
        24.53569984436035,
        24.212203979492188,
        23.87803840637207,
        23.589017868041992,
        23.31894302368164,
        23.081268310546875,
        22.87482452392578,
        22.702638626098633,
        22.518041610717773,
        22.410614013671875,
        22.272390365600586,
        22.132532119750977,
        22.034160614013672,
        21.90031623840332,
        21.789915084838867,
        21.654787063598633,
        21.531108856201172,
        21.409313201904297,
        21.299528121948242,
        21.190107345581055,
        21.09100914001465,
        21.002229690551758,
        20.937294006347656,
        20.87041664123535,
        20.811063766479492,
        20.7557373046875,
        20.706674575805664,
        20.640506744384766,
        20.599281311035156,
        20.554372787475586,
        20.50602912902832,
        20.446199417114258,
        20.385915756225586,
        20.338565826416016,
        20.288591384887695,
        20.237422943115234,
        20.18636703491211,
        20.15080451965332,
        20.124338150024414,
        20.098968505859375,
        20.061996459960938,
        20.013961791992188,
        19.953472137451172,
        19.95339584350586,
        19.907155990600586,
        19.900300979614258,
        19.8289794921875,
        19.794191360473633,
        19.767059326171875,
        19.71665382385254,
        19.7060546875,
        19.634164810180664,
        19.616107940673828,
        19.578054428100586,
        19.52526092529297,
        19.452674865722656,
        19.42604637145996,
        19.401126861572266,
        19.349367141723633,
        19.330862045288086,
        19.269569396972656,
        19.238811492919922,
        19.193805694580078,
        19.133121490478516,
        19.098833084106445,
        19.034610748291016,
        18.99494743347168,
        18.923294067382812,
        18.934921264648438,
        18.86028289794922,
        18.81390953063965,
        18.751462936401367,
        18.683847427368164,
        18.636127471923828,
        18.581066131591797,
        18.544599533081055,
        18.539264678955078,
        18.414854049682617,
        18.348379135131836,
        18.332744598388672,
        18.252769470214844,
        18.168197631835938,
        18.15485191345215
    ],