{
    "effect_pehe": 5.155471324920654,
    "effect_mae": 1.6741234064102173
}