{
    "effect_pehe": 4.213751792907715,
    "effect_mae": 1.3021106719970703
}