{
    "effect_pehe": 3.7449536323547363,
    "effect_mae": 0.1865253448486328
}