{
    "effect_pehe": 8.986635208129883,
    "effect_mae": 5.86427116394043
}