{
    "effect_pehe": 5.297311782836914,
    "effect_mae": 2.8279178142547607
}