{
    "effect_pehe": 10.705649375915527,
    "effect_mae": 2.141651153564453
}