{
    "effect_pehe": 6.553665637969971,
    "effect_mae": 5.362588882446289
}