{
    "effect_pehe": 3.6922495365142822,
    "effect_mae": 2.3698742389678955
}