{
    "effect_pehe": 4.862489700317383,
    "effect_mae": 0.9148550033569336
}