{
    "effect_pehe": 4.228121280670166,
    "effect_mae": 2.8342185020446777
}