{
    "effect_pehe": 5.63861608505249,
    "effect_mae": 1.7423992156982422
}