{
    "effect_pehe": 7.032429218292236,
    "effect_mae": 0.2986675798892975
}