{
    "effect_pehe": 6.238799571990967,
    "effect_mae": 0.31585001945495605
}