{
    "effect_pehe": 6.610764503479004,
    "effect_mae": 0.5561394691467285
}