{
    "epoch": [
        0,
        1,
        2,
        3,
        4,
        5,
        6,
        7,
        8,
        9,
        10,
        11,
        12,
        13,
        14,
        15,
        16,
        17,
        18,
        19,
        20,
        21,
        22,
        23,
        24,
        25,
        26,
        27,
        28,
        29,
        30,
        31,
        32,
        33,
        34,
        35,
        36,
        37,
        38,
        39,
        40,
        41,
        42,
        43,
        44,
        45,
        46,
        47,
        48,
        49,
        50,
        51,
        52,
        53,
        54,
        55,
        56,
        57,
        58,
        59,
        60,
        61,
        62,
        63,
        64,
        65,
        66,
        67,
        68,
        69,
        70,
        71,
        72,
        73,
        74,
        75,
        76,
        77,
        78,
        79,
        80,
        81,
        82,
        83,
        84,
        85,
        86,
        87,
        88,
        89,
        90,
        91,
        92,
        93,
        94,
        95,
        96,
        97,
        98,
        99,
        100,
        101,
        102,
        103,
        104,
        105,
        106,
        107,
        108,
        109,
        110,
        111,
        112,
        113,
        114,
        115,
        116
    ],
    "train_loss": [
        29.6982479095459,
        29.64444923400879,
        29.59033203125,
        29.534975051879883,
        29.478042602539062,
        29.415735244750977,
        29.347427368164062,
        29.269302368164062,
        29.181169509887695,
        29.077383041381836,
        28.961360931396484,
        28.821857452392578,
        28.654541015625,
        28.46841812133789,
        28.24744415283203,
        27.99112892150879,
        27.69696044921875,
        27.373321533203125,
        26.99921226501465,
        26.607696533203125,
        26.180021286010742,
        25.73221778869629,
        25.2654972076416,
        24.716514587402344,
        24.121896743774414,
        23.447429656982422,
        22.706552505493164,
        21.8372859954834,
        20.91423225402832,
        19.957685470581055,
        18.948280334472656,
        17.90945816040039,
        16.885982513427734,
        15.858410835266113,
        14.841109275817871,
        13.881175994873047,
        13.004897117614746,
        12.23336410522461,
        11.549248695373535,
        10.966605186462402,
        10.55136775970459,
        10.183473587036133,
        9.981688499450684,
        9.779333114624023,
        9.619109153747559,
        9.341116905212402,
        9.002561569213867,
        8.558441162109375,
        8.070184707641602,
        7.694841384887695,
        7.351165771484375,
        7.121580600738525,
        6.941088676452637,
        6.758742809295654,
        6.6834611892700195,
        6.524137496948242,
        6.415912628173828,
        6.232808589935303,
        6.122231483459473,
        5.987567901611328,
        5.831843376159668,
        5.77793025970459,
        5.700905799865723,
        5.6175761222839355,
        5.642934799194336,
        5.643650054931641,
        5.528267860412598,
        5.452288627624512,
        5.375333786010742,
        5.430970191955566,
        5.365053176879883,
        5.2666015625,
        5.227405548095703,
        5.194872856140137,
        5.184498310089111,
        5.160402774810791,
        5.0990681648254395,
        5.084554672241211,
        5.063427925109863,
        5.023536205291748,
        4.9701337814331055,
        4.96371603012085,
        4.949029445648193,
        4.911910533905029,
        4.919975757598877,
        4.848203182220459,
        4.864840984344482,
        4.812652111053467,
        4.805295944213867,
        4.769765853881836,
        4.771172046661377,
        4.7488203048706055,
        4.7245941162109375,
        4.698025703430176,
        4.692197799682617,
        4.685363292694092,
        4.665175914764404,
        4.65280818939209,
        4.643285751342773,
        4.614798069000244,
        4.5890913009643555,
        4.593410968780518,
        4.573745250701904,
        4.564806938171387,
        4.534843444824219,
        4.539877891540527,
        4.519343376159668,
        4.509747505187988,
        4.502684593200684,
        4.481263160705566,
        4.467289447784424,
        4.463562488555908,
        4.445770740509033,
        4.4257659912109375,
        4.426891326904297,
        4.421563148498535,
        4.401562690734863
    ],
    "val_loss": [
        29.185136795043945,
        29.146697998046875,
        29.110795974731445,
        29.074077606201172,
        29.034610748291016,
        28.992578506469727,
        28.947113037109375,
        28.895187377929688,
        28.834732055664062,
        28.76044464111328,
        28.67728614807129,
        28.570417404174805,
        28.457399368286133,
        28.33275604248047,
        28.168598175048828,
        27.98682403564453,
        27.77347183227539,
        27.55780601501465,
        27.308448791503906,
        27.032560348510742,
        26.75295066833496,
        26.437610626220703,
        26.126991271972656,
        25.69429588317871,
        25.148601531982422,
        24.578350067138672,
        23.827220916748047,
        23.00434112548828,
        22.140775680541992,
        21.1411190032959,
        20.174007415771484,
        19.21354103088379,
        18.210403442382812,
        17.225854873657227,
        16.281494140625,
        15.328251838684082,
        14.457690238952637,
        13.708939552307129,
        12.93997573852539,
        12.287263870239258,
        11.904561996459961,
        11.535605430603027,
        11.265417098999023,
        11.147563934326172,
        10.857742309570312,
        10.639965057373047,
        10.322132110595703,
        9.856721878051758,
        9.342384338378906,
        8.967162132263184,
        8.635811805725098,
        8.30847454071045,
        8.223406791687012,
        7.941549777984619,
        7.876441955566406,
        7.648016929626465,
        7.593586444854736,
        7.397226810455322,
        7.360503196716309,
        7.177516937255859,
        7.084343433380127,
        6.930942058563232,
        6.897665977478027,
        6.96566104888916,
        6.599460601806641,
        6.7822747230529785,
        6.67624568939209,
        6.493299961090088,
        6.499653339385986,
        6.484795570373535,
        6.3240065574646,
        6.361623287200928,
        6.288003444671631,
        6.275948524475098,
        6.238108158111572,
        6.250488758087158,
        6.225196361541748,
        6.219501972198486,
        6.216314315795898,
        6.261157035827637,
        6.203744888305664,
        6.199251651763916,
        6.247523307800293,
        6.2356858253479,
        6.241498947143555,
        6.200514316558838,
        6.224485874176025,
        6.265771389007568,
        6.18148946762085,
        6.200973033905029,
        6.254238128662109,
        6.117434024810791,
        6.169045448303223,
        6.1773881912231445,
        6.14471435546875,
        6.177515983581543,
        6.210473537445068,
        6.1728291511535645,
        6.21100378036499,
        6.210506916046143,
        6.166226863861084,
        6.178686141967773,
        6.181784629821777,
        6.1644673347473145,
        6.188264846801758,
        6.195627212524414,
        6.19369649887085,
        6.187897682189941,
        6.13707971572876,
        6.162217617034912,
        6.197606563568115,
        6.166475772857666,
        6.191411972045898,
        6.186934947967529,
        6.184065341949463,
        6.220292568206787,
        6.219738006591797
    ]
}