{
    "epoch": [
        0,
        1,
        2,
        3,
        4,
        5,
        6,
        7,
        8,
        9,
        10,
        11,
        12,
        13,
        14,
        15,
        16,
        17,
        18,
        19,
        20,
        21,
        22,
        23,
        24,
        25,
        26,
        27,
        28,
        29,
        30,
        31,
        32,
        33,
        34,
        35,
        36,
        37,
        38,
        39,
        40,
        41,
        42,
        43,
        44,
        45,
        46,
        47,
        48,
        49,
        50,
        51,
        52,
        53,
        54,
        55,
        56,
        57,
        58,
        59,
        60,
        61,
        62,
        63,
        64,
        65,
        66,
        67,
        68,
        69,
        70,
        71,
        72,
        73,
        74,
        75,
        76,
        77,
        78,
        79,
        80,
        81,
        82,
        83,
        84,
        85,
        86,
        87,
        88,
        89,
        90,
        91,
        92,
        93,
        94,
        95,
        96,
        97,
        98,
        99,
        100,
        101,
        102,
        103,
        104,
        105,
        106
    ],
    "train_loss": [
        28.46686363220215,
        28.428571701049805,
        28.390806198120117,
        28.351961135864258,
        28.31113052368164,
        28.265438079833984,
        28.21603012084961,
        28.159652709960938,
        28.09273338317871,
        28.016155242919922,
        27.927818298339844,
        27.827190399169922,
        27.712080001831055,
        27.58193016052246,
        27.423015594482422,
        27.243005752563477,
        27.044082641601562,
        26.806819915771484,
        26.5367488861084,
        26.231359481811523,
        25.885530471801758,
        25.487504959106445,
        25.03544044494629,
        24.53737449645996,
        23.958969116210938,
        23.321041107177734,
        22.61339569091797,
        21.82459831237793,
        20.949480056762695,
        20.011127471923828,
        18.9645938873291,
        17.89207649230957,
        16.720233917236328,
        15.502047538757324,
        14.204167366027832,
        13.005476951599121,
        11.82104778289795,
        10.718962669372559,
        9.805584907531738,
        9.127443313598633,
        8.546598434448242,
        8.27578353881836,
        8.027604103088379,
        8.019848823547363,
        7.972248077392578,
        7.863520622253418,
        7.7306976318359375,
        7.538445472717285,
        7.380188465118408,
        7.118874549865723,
        6.840342044830322,
        6.817956447601318,
        6.705633640289307,
        6.681228160858154,
        6.590633869171143,
        6.578752040863037,
        6.529845714569092,
        6.474218368530273,
        6.455783367156982,
        6.294368267059326,
        6.259376049041748,
        6.220789909362793,
        6.083489894866943,
        6.044506549835205,
        5.9832868576049805,
        5.959961414337158,
        5.9503889083862305,
        5.941980838775635,
        5.918819904327393,
        5.885493278503418,
        5.848361015319824,
        5.8051910400390625,
        5.784762859344482,
        5.751072406768799,
        5.715517520904541,
        5.708420753479004,
        5.681715488433838,
        5.659504413604736,
        5.63999080657959,
        5.603579044342041,
        5.593295574188232,
        5.576894760131836,
        5.548415660858154,
        5.509423732757568,
        5.498934745788574,
        5.473206520080566,
        5.470000267028809,
        5.446078300476074,
        5.435544490814209,
        5.414838790893555,
        5.402979850769043,
        5.3770222663879395,
        5.345395565032959,
        5.34628963470459,
        5.328432559967041,
        5.299481391906738,
        5.286540985107422,
        5.281790256500244,
        5.260278224945068,
        5.238943576812744,
        5.226920127868652,
        5.2134857177734375,
        5.197361946105957,
        5.180773735046387,
        5.182923793792725,
        5.1641974449157715,
        5.141646385192871
    ],
    "val_loss": [
        25.755712509155273,
        25.719913482666016,
        25.684894561767578,
        25.6485595703125,
        25.610567092895508,
        25.569252014160156,
        25.523242950439453,
        25.470508575439453,
        25.412012100219727,
        25.341449737548828,
        25.26232147216797,
        25.17057228088379,
        25.064010620117188,
        24.948854446411133,
        24.807470321655273,
        24.64832878112793,
        24.467609405517578,
        24.25132179260254,
        24.004762649536133,
        23.733814239501953,
        23.429391860961914,
        23.069622039794922,
        22.66362190246582,
        22.188047409057617,
        21.67059326171875,
        21.110740661621094,
        20.474790573120117,
        19.752574920654297,
        18.965145111083984,
        18.151599884033203,
        17.21569061279297,
        16.32197380065918,
        15.27165412902832,
        14.236513137817383,
        13.146978378295898,
        12.15555477142334,
        11.150745391845703,
        10.393007278442383,
        9.533364295959473,
        9.04304313659668,
        8.72007942199707,
        8.5386323928833,
        8.398820877075195,
        8.415688514709473,
        8.497339248657227,
        8.492144584655762,
        8.390235900878906,
        8.125520706176758,
        8.210735321044922,
        7.651483058929443,
        7.565578460693359,
        7.552027225494385,
        7.304425239562988,
        7.307499408721924,
        7.139271259307861,
        7.137465953826904,
        6.992793560028076,
        7.075445652008057,
        6.948729038238525,
        6.939596652984619,
        6.813927173614502,
        6.866893768310547,
        6.801924228668213,
        6.745371341705322,
        6.726205825805664,
        6.80237340927124,
        6.765210151672363,
        6.740781784057617,
        6.877744674682617,
        6.720288276672363,
        6.69026517868042,
        6.7396674156188965,
        6.723010540008545,
        6.640854358673096,
        6.594456672668457,
        6.598442077636719,
        6.605846405029297,
        6.528975486755371,
        6.519608020782471,
        6.530253887176514,
        6.483686447143555,
        6.465740203857422,
        6.507848262786865,
        6.497568607330322,
        6.491146087646484,
        6.549569129943848,
        6.5336103439331055,
        6.504070281982422,
        6.572396755218506,
        6.586471080780029,
        6.547105312347412,
        6.583727836608887,
        6.559057712554932,
        6.553084373474121,
        6.59076452255249,
        6.531906604766846,
        6.519643783569336,
        6.545999050140381,
        6.5370025634765625,
        6.512761116027832,
        6.533150672912598,
        6.512796878814697,
        6.513347148895264,
        6.5132036209106445,
        6.535634517669678,
        6.554825782775879,
        6.547506809234619
    ]
}