{
    "effect_pehe": 4.221780776977539,
    "effect_mae": 0.19756728410720825
}