{
    "epoch": [
        0,
        1,
        2,
        3,
        4,
        5,
        6,
        7,
        8,
        9,
        10,
        11,
        12,
        13,
        14,
        15,
        16,
        17,
        18,
        19,
        20,
        21,
        22,
        23,
        24,
        25,
        26,
        27,
        28,
        29,
        30,
        31,
        32,
        33,
        34,
        35,
        36,
        37,
        38,
        39,
        40,
        41,
        42,
        43,
        44,
        45,
        46,
        47,
        48,
        49,
        50,
        51,
        52,
        53,
        54,
        55,
        56,
        57,
        58,
        59,
        60,
        61,
        62,
        63,
        64,
        65,
        66,
        67,
        68,
        69,
        70,
        71,
        72,
        73,
        74,
        75,
        76,
        77,
        78,
        79,
        80,
        81,
        82,
        83,
        84,
        85,
        86,
        87,
        88,
        89,
        90,
        91,
        92,
        93,
        94,
        95,
        96,
        97,
        98,
        99,
        100,
        101,
        102,
        103,
        104,
        105,
        106,
        107,
        108,
        109,
        110,
        111,
        112,
        113,
        114,
        115,
        116,
        117,
        118,
        119,
        120,
        121,
        122,
        123,
        124,
        125,
        126,
        127,
        128,
        129,
        130,
        131,
        132,
        133,
        134,
        135,
        136,
        137,
        138,
        139,
        140,
        141,
        142,
        143,
        144,
        145,
        146,
        147,
        148,
        149,
        150,
        151,
        152,
        153,
        154,
        155,
        156,
        157,
        158,
        159,
        160,
        161,
        162,
        163,
        164,
        165,
        166,
        167,
        168,
        169,
        170,
        171,
        172,
        173,
        174,
        175,
        176,
        177,
        178,
        179,
        180,
        181,
        182,
        183,
        184,
        185,
        186,
        187,
        188,
        189,
        190,
        191,
        192
    ],
    "train_loss": [
        48.27539825439453,
        48.211158752441406,
        48.1445198059082,
        48.07734680175781,
        48.00572967529297,
        47.924156188964844,
        47.82986831665039,
        47.72564697265625,
        47.602542877197266,
        47.45660400390625,
        47.29023742675781,
        47.09536361694336,
        46.87458419799805,
        46.609615325927734,
        46.31532669067383,
        45.967559814453125,
        45.57623291015625,
        45.131351470947266,
        44.62836456298828,
        44.11178207397461,
        43.527687072753906,
        42.96735382080078,
        42.35273742675781,
        41.71788024902344,
        41.059226989746094,
        40.19676971435547,
        39.23792266845703,
        38.14400100708008,
        36.91794204711914,
        35.543701171875,
        34.12376403808594,
        32.6120491027832,
        31.09616470336914,
        29.511764526367188,
        27.739696502685547,
        26.092090606689453,
        24.36935806274414,
        22.753297805786133,
        21.167261123657227,
        19.736366271972656,
        18.402462005615234,
        17.09151268005371,
        16.124561309814453,
        15.173392295837402,
        14.526893615722656,
        13.962163925170898,
        13.285679817199707,
        12.841276168823242,
        12.245410919189453,
        11.556783676147461,
        11.105684280395508,
        10.407432556152344,
        9.826395034790039,
        9.23731517791748,
        8.770307540893555,
        8.203985214233398,
        7.767353057861328,
        7.429370403289795,
        7.137444019317627,
        7.080556392669678,
        6.877853870391846,
        6.80012845993042,
        6.646932601928711,
        6.54061222076416,
        6.469520568847656,
        6.334539413452148,
        6.222609043121338,
        6.16766357421875,
        6.41694974899292,
        5.876485824584961,
        5.980220317840576,
        5.789225101470947,
        5.909014701843262,
        5.794888019561768,
        5.655759811401367,
        5.563010215759277,
        5.645197868347168,
        5.465498447418213,
        5.4579010009765625,
        5.374065399169922,
        5.3573808670043945,
        5.247756481170654,
        5.275603294372559,
        5.187009334564209,
        5.18126106262207,
        5.1349592208862305,
        5.099891662597656,
        5.087624549865723,
        5.006007194519043,
        4.993919849395752,
        4.978546142578125,
        4.977021217346191,
        4.923091888427734,
        4.895330429077148,
        4.848163604736328,
        4.8704915046691895,
        4.848207950592041,
        4.800154209136963,
        4.81585168838501,
        4.778866767883301,
        4.740657329559326,
        4.69987154006958,
        4.700869560241699,
        4.685805797576904,
        4.689101696014404,
        4.674112796783447,
        4.641794681549072,
        4.6388773918151855,
        4.623117923736572,
        4.627375602722168,
        4.602928638458252,
        4.576846599578857,
        4.564357757568359,
        4.534142971038818,
        4.5054168701171875,
        4.504979133605957,
        4.489585876464844,
        4.500268459320068,
        4.4847941398620605,
        4.467341423034668,
        4.471502780914307,
        4.412897109985352,
        4.443088531494141,
        4.425797939300537,
        4.408330917358398,
        4.384962558746338,
        4.385708332061768,
        4.363436698913574,
        4.36866569519043,
        4.351443767547607,
        4.361288070678711,
        4.334578514099121,
        4.316039085388184,
        4.306460857391357,
        4.328708648681641,
        4.288111686706543,
        4.27484655380249,
        4.265399932861328,
        4.2612762451171875,
        4.259866237640381,
        4.246084213256836,
        4.241629123687744,
        4.222592830657959,
        4.216577053070068,
        4.187885284423828,
        4.176607131958008,
        4.185357093811035,
        4.167288303375244,
        4.172151565551758,
        4.170339107513428,
        4.144279479980469,
        4.132917404174805,
        4.1262078285217285,
        4.109283924102783,
        4.12212610244751,
        4.112672805786133,
        4.080910682678223,
        4.098796844482422,
        4.078892230987549,
        4.092221736907959,
        4.04618501663208,
        4.042330741882324,
        4.057626247406006,
        4.053858280181885,
        4.0435895919799805,
        4.03513765335083,
        4.016109466552734,
        4.005184173583984,
        3.9826600551605225,
        3.981250524520874,
        3.9845731258392334,
        3.9650983810424805,
        3.967372417449951,
        3.9385793209075928,
        3.96744441986084,
        3.9471731185913086,
        3.935302257537842,
        3.9234917163848877,
        3.9126205444335938,
        3.914726972579956,
        3.897366523742676,
        3.887160539627075,
        3.871854782104492,
        3.8830373287200928,
        3.8930842876434326,
        3.870119333267212,
        3.8561835289001465,
        3.8531012535095215,
        3.8472111225128174,
        3.8231379985809326,
        3.83233380317688,
        3.856920003890991,
        3.82944917678833
    ],