{
    "epoch": [
        0,
        1,
        2,
        3,
        4,
        5,
        6,
        7,
        8,
        9,
        10,
        11,
        12,
        13,
        14,
        15,
        16,
        17,
        18,
        19,
        20,
        21,
        22,
        23,
        24,
        25,
        26,
        27,
        28,
        29,
        30,
        31,
        32,
        33,
        34,
        35,
        36,
        37,
        38,
        39,
        40,
        41,
        42,
        43,
        44,
        45,
        46,
        47,
        48,
        49,
        50,
        51,
        52,
        53,
        54,
        55,
        56,
        57,
        58,
        59,
        60,
        61,
        62,
        63,
        64,
        65,
        66,
        67,
        68,
        69,
        70,
        71,
        72,
        73,
        74,
        75,
        76,
        77,
        78,
        79,
        80,
        81,
        82,
        83,
        84,
        85,
        86,
        87,
        88,
        89,
        90,
        91,
        92,
        93,
        94,
        95,
        96,
        97,
        98,
        99,
        100,
        101,
        102,
        103,
        104,
        105,
        106,
        107
    ],
    "train_loss": [
        30.904821395874023,
        30.855628967285156,
        30.80740737915039,
        30.757915496826172,
        30.703338623046875,
        30.643640518188477,
        30.573925018310547,
        30.49460220336914,
        30.401464462280273,
        30.28804588317871,
        30.15523338317871,
        29.99886703491211,
        29.817007064819336,
        29.603168487548828,
        29.35849380493164,
        29.07131004333496,
        28.752059936523438,
        28.36928367614746,
        27.947925567626953,
        27.445695877075195,
        26.907808303833008,
        26.28581428527832,
        25.574216842651367,
        24.810073852539062,
        23.944068908691406,
        23.017724990844727,
        21.99183464050293,
        20.898122787475586,
        19.739503860473633,
        18.518098831176758,
        17.291269302368164,
        16.007028579711914,
        14.73848819732666,
        13.540586471557617,
        12.459556579589844,
        11.517616271972656,
        10.777286529541016,
        10.194365501403809,
        9.79615306854248,
        9.362770080566406,
        8.983527183532715,
        8.586601257324219,
        8.24441909790039,
        8.123224258422852,
        7.9912261962890625,
        7.91891622543335,
        7.779902458190918,
        7.5726847648620605,
        7.420426845550537,
        7.265513896942139,
        7.01445198059082,
        6.942058563232422,
        6.823103427886963,
        6.758237361907959,
        6.691433906555176,
        6.6601643562316895,
        6.672159194946289,
        6.637506008148193,
        6.645532131195068,
        6.621676921844482,
        6.487936496734619,
        6.441792011260986,
        6.341941833496094,
        6.259469032287598,
        6.261870384216309,
        6.209391117095947,
        6.155388355255127,
        6.1795878410339355,
        6.174907684326172,
        6.148221492767334,
        6.127496242523193,
        6.06571102142334,
        6.047766208648682,
        5.990167617797852,
        5.947855472564697,
        5.96137809753418,
        5.917315483093262,
        5.883049964904785,
        5.887284278869629,
        5.866739749908447,
        5.875474452972412,
        5.821420192718506,
        5.791386604309082,
        5.767026901245117,
        5.76416540145874,
        5.72743034362793,
        5.726195812225342,
        5.698975563049316,
        5.680304050445557,
        5.662635326385498,
        5.648900508880615,
        5.638033866882324,
        5.624756813049316,
        5.609346866607666,
        5.583004474639893,
        5.582979679107666,
        5.550236701965332,
        5.528887748718262,
        5.53103494644165,
        5.501240253448486,
        5.49924898147583,
        5.471248626708984,
        5.480151176452637,
        5.432679176330566,
        5.465090274810791,
        5.438788414001465,
        5.409315586090088,
        5.395220756530762
    ],
    "val_loss": [
        31.242788314819336,
        31.194368362426758,
        31.14583969116211,
        31.096607208251953,
        31.042129516601562,
        30.982851028442383,
        30.913955688476562,
        30.83304786682129,
        30.74176025390625,
        30.630859375,
        30.49172019958496,
        30.337440490722656,
        30.150249481201172,
        29.93592071533203,
        29.69000244140625,
        29.403926849365234,
        29.075197219848633,
        28.698638916015625,
        28.25733757019043,
        27.76019287109375,
        27.17799949645996,
        26.566444396972656,
        25.864458084106445,
        25.09354019165039,
        24.213207244873047,
        23.28168296813965,
        22.2260684967041,
        21.110803604125977,
        19.864259719848633,
        18.580406188964844,
        17.373023986816406,
        16.02659797668457,
        14.677125930786133,
        13.570117950439453,
        12.388509750366211,
        11.419161796569824,
        10.630104064941406,
        10.251973152160645,
        9.744647979736328,
        9.414501190185547,
        9.146653175354004,
        8.906245231628418,
        8.750519752502441,
        8.607511520385742,
        8.675835609436035,
        8.64295482635498,
        8.53056526184082,
        8.397809982299805,
        8.202256202697754,
        7.947880268096924,
        7.802152156829834,
        7.591789245605469,
        7.488755226135254,
        7.392208576202393,
        7.2630743980407715,
        7.2101030349731445,
        7.254291534423828,
        7.2604570388793945,
        7.291877269744873,
        7.324936389923096,
        7.243008613586426,
        7.251288414001465,
        7.276243686676025,
        7.273698329925537,
        7.217590808868408,
        7.210813999176025,
        7.2519307136535645,
        7.277974605560303,
        7.339939594268799,
        7.3603410720825195,
        7.278590679168701,
        7.259687423706055,
        7.2276787757873535,
        7.124316215515137,
        7.082455158233643,
        7.054792404174805,
        7.011349678039551,
        7.029994010925293,
        6.974249362945557,
        6.9969611167907715,
        6.979186534881592,
        6.983957290649414,
        6.926504135131836,
        6.951699733734131,
        6.974811553955078,
        6.970950603485107,
        7.010087490081787,
        7.004100799560547,
        7.04424524307251,
        7.017045974731445,
        7.0137715339660645,
        7.041831016540527,
        7.065009117126465,
        6.983043193817139,
        6.996603965759277,
        7.0105204582214355,
        6.9697418212890625,
        6.967355728149414,
        6.984174728393555,
        7.01561164855957,
        6.961407661437988,
        6.992517471313477,
        7.0099873542785645,
        7.018617630004883,
        7.008921146392822,
        7.025858402252197,
        7.016035079956055,
        7.049256324768066
    ]
}