{
    "effect_pehe": 6.9279961585998535,
    "effect_mae": 1.5007914304733276
}