{
    "epoch": [
        0,
        1,
        2,
        3,
        4,
        5,
        6,
        7,
        8,
        9,
        10,
        11,
        12,
        13,
        14,
        15,
        16,
        17,
        18,
        19,
        20,
        21,
        22,
        23,
        24,
        25,
        26,
        27,
        28,
        29,
        30,
        31,
        32,
        33,
        34,
        35,
        36,
        37,
        38,
        39,
        40,
        41,
        42,
        43,
        44,
        45,
        46,
        47,
        48,
        49,
        50,
        51,
        52,
        53,
        54,
        55,
        56,
        57,
        58,
        59,
        60,
        61,
        62,
        63,
        64,
        65,
        66,
        67,
        68,
        69,
        70,
        71,
        72,
        73,
        74,
        75,
        76,
        77,
        78,
        79,
        80,
        81,
        82,
        83,
        84,
        85,
        86,
        87,
        88,
        89,
        90,
        91,
        92,
        93,
        94,
        95,
        96,
        97,
        98,
        99,
        100,
        101,
        102,
        103,
        104,
        105,
        106,
        107,
        108,
        109,
        110,
        111,
        112,
        113,
        114,
        115,
        116,
        117,
        118,
        119,
        120
    ],
    "train_loss": [
        22.773414611816406,
        22.725934982299805,
        22.679508209228516,
        22.633729934692383,
        22.58610725402832,
        22.53504753112793,
        22.478670120239258,
        22.415138244628906,
        22.343791961669922,
        22.263296127319336,
        22.171432495117188,
        22.064823150634766,
        21.945064544677734,
        21.80495834350586,
        21.642589569091797,
        21.451040267944336,
        21.23464584350586,
        20.986310958862305,
        20.69573974609375,
        20.367136001586914,
        19.98444366455078,
        19.55143165588379,
        19.05862045288086,
        18.504573822021484,
        17.874958038330078,
        17.17522621154785,
        16.396745681762695,
        15.531827926635742,
        14.604494094848633,
        13.615852355957031,
        12.5589017868042,
        11.484427452087402,
        10.379412651062012,
        9.350884437561035,
        8.357215881347656,
        7.562613010406494,
        6.993834495544434,
        6.725131988525391,
        6.675955772399902,
        6.832688808441162,
        6.949743747711182,
        6.883993625640869,
        6.614704608917236,
        6.26588773727417,
        5.884809970855713,
        5.52080774307251,
        5.358419418334961,
        5.2472100257873535,
        5.217959403991699,
        5.229247093200684,
        5.260961055755615,
        5.255351543426514,
        5.209635257720947,
        5.138666152954102,
        5.012285232543945,
        4.899852275848389,
        4.81695032119751,
        4.748806953430176,
        4.725284099578857,
        4.687866687774658,
        4.715836048126221,
        4.686905860900879,
        4.675641059875488,
        4.647069931030273,
        4.602076530456543,
        4.558842658996582,
        4.519021034240723,
        4.4831695556640625,
        4.465661525726318,
        4.451956748962402,
        4.430052280426025,
        4.428974628448486,
        4.40308141708374,
        4.385196208953857,
        4.373895168304443,
        4.329594612121582,
        4.323807716369629,
        4.296436786651611,
        4.286536693572998,
        4.272844314575195,
        4.253542423248291,
        4.23900842666626,
        4.235451698303223,
        4.202908515930176,
        4.19231653213501,
        4.164801120758057,
        4.155296325683594,
        4.155177593231201,
        4.136541843414307,
        4.132373332977295,
        4.109324932098389,
        4.101251602172852,
        4.080233573913574,
        4.072309970855713,
        4.0560526847839355,
        4.027097702026367,
        4.028119087219238,
        4.018261432647705,
        3.9911203384399414,
        3.988295793533325,
        3.9799206256866455,
        3.967297077178955,
        3.949746608734131,
        3.9451828002929688,
        3.9253790378570557,
        3.9279065132141113,
        3.924201011657715,
        3.8942313194274902,
        3.8821420669555664,
        3.886509895324707,
        3.8657848834991455,
        3.850646495819092,
        3.8469297885894775,
        3.8272178173065186,
        3.8181192874908447,
        3.807837963104248,
        3.7958614826202393,
        3.7866342067718506,
        3.7807869911193848,
        3.7755961418151855,
        3.753798484802246
    ],