{
    "effect_pehe": 7.729748249053955,
    "effect_mae": 0.02024376392364502
}