{
    "effect_pehe": 6.396280288696289,
    "effect_mae": 0.3569047152996063
}