{
    "effect_pehe": 5.319063186645508,
    "effect_mae": 1.5491007566452026
}