{
    "effect_pehe": 7.213343620300293,
    "effect_mae": 0.40473923087120056
}