{
    "effect_pehe": 12.494492530822754,
    "effect_mae": 6.540745258331299
}