{
    "effect_pehe": 10.671920776367188,
    "effect_mae": 4.158052921295166
}