{
    "effect_pehe": 1.69298255443573,
    "effect_mae": 0.06448984146118164
}