{
    "effect_pehe": 1.3491495847702026,
    "effect_mae": 0.4065924882888794
}