{
    "effect_pehe": 3.139005422592163,
    "effect_mae": 0.006535530090332031
}