{
    "effect_pehe": 2.6772937774658203,
    "effect_mae": 1.422107458114624
}