{
    "effect_pehe": 2.324094533920288,
    "effect_mae": 0.05691790580749512
}