{
    "effect_pehe": 1.9623469114303589,
    "effect_mae": 0.3652713894844055
}