{
    "effect_pehe": 1.9628046751022339,
    "effect_mae": 0.11243391036987305
}