{
    "effect_pehe": 1.8476300239562988,
    "effect_mae": 0.8939172625541687
}