{
    "effect_pehe": 3.6612932682037354,
    "effect_mae": 1.2026712894439697
}