{
    "effect_pehe": 1.9775627851486206,
    "effect_mae": 0.5116617679595947
}