{
    "effect_pehe": 16.65121078491211,
    "effect_mae": 14.195368766784668
}