{
    "effect_pehe": 7.441485404968262,
    "effect_mae": 3.3142499923706055
}