{
    "effect_pehe": 7.453197956085205,
    "effect_mae": 0.034868717193603516
}