{
    "epoch": [
        0,
        1,
        2,
        3,
        4,
        5,
        6,
        7,
        8,
        9,
        10,
        11,
        12,
        13,
        14,
        15,
        16,
        17,
        18,
        19,
        20,
        21,
        22,
        23,
        24,
        25,
        26,
        27,
        28,
        29,
        30,
        31,
        32,
        33,
        34,
        35,
        36,
        37,
        38,
        39,
        40,
        41,
        42,
        43,
        44,
        45,
        46,
        47,
        48,
        49,
        50,
        51,
        52,
        53,
        54,
        55,
        56,
        57,
        58,
        59,
        60,
        61,
        62,
        63,
        64,
        65,
        66,
        67,
        68,
        69,
        70,
        71,
        72,
        73,
        74,
        75,
        76,
        77,
        78,
        79,
        80,
        81,
        82,
        83,
        84,
        85,
        86,
        87,
        88,
        89,
        90,
        91,
        92,
        93,
        94,
        95,
        96,
        97,
        98,
        99,
        100,
        101,
        102,
        103,
        104,
        105,
        106,
        107,
        108,
        109,
        110,
        111,
        112,
        113,
        114,
        115,
        116,
        117,
        118,
        119,
        120,
        121,
        122,
        123,
        124,
        125,
        126,
        127,
        128,
        129,
        130,
        131,
        132,
        133,
        134,
        135,
        136,
        137,
        138,
        139,
        140,
        141,
        142,
        143,
        144,
        145,
        146,
        147,
        148,
        149,
        150,
        151,
        152,
        153,
        154,
        155,
        156
    ],
    "train_loss": [
        29.480634689331055,
        15.651603698730469,
        20.075660705566406,
        17.411977767944336,
        14.256367683410645,
        11.710686683654785,
        10.501562118530273,
        9.618342399597168,
        10.9218168258667,
        9.740482330322266,
        6.7308831214904785,
        5.73947286605835,
        6.057338714599609,
        6.395531177520752,
        6.422674179077148,
        6.296239376068115,
        4.852872371673584,
        4.017927169799805,
        4.1765899658203125,
        4.720207691192627,
        4.1803364753723145,
        4.039422035217285,
        3.702300548553467,
        3.1492905616760254,
        3.1618924140930176,
        3.399688243865967,
        3.367304801940918,
        2.9361367225646973,
        2.4808592796325684,
        2.6113619804382324,
        2.664034128189087,
        2.0577280521392822,
        2.100379467010498,
        2.291806936264038,
        1.6773054599761963,
        2.0095415115356445,
        1.9095827341079712,
        2.0902578830718994,
        1.6329425573349,
        1.759200930595398,
        1.564794898033142,
        1.3815110921859741,
        1.3846676349639893,
        1.339439034461975,
        1.5888532400131226,
        1.212999939918518,
        1.0371659994125366,
        1.1193046569824219,
        1.1970303058624268,
        1.0146139860153198,
        0.9489930272102356,
        0.9457737803459167,
        1.1303523778915405,
        1.0476535558700562,
        0.860025942325592,
        0.8471969962120056,
        0.8181939125061035,
        0.8300560116767883,
        0.7774280905723572,
        0.7786402106285095,
        0.7480449676513672,
        0.763334333896637,
        0.7984850406646729,
        0.7293576598167419,
        0.6831710934638977,
        0.713339626789093,
        0.6099605560302734,
        0.6298968195915222,
        0.5758197903633118,
        0.5238609313964844,
        0.5981850624084473,
        0.6021806001663208,
        0.5943841338157654,
        0.5861687660217285,
        0.5855153799057007,
        0.5303952097892761,
        0.5097590684890747,
        0.5044465661048889,
        0.4734327793121338,
        0.4911457300186157,
        0.5156863331794739,
        0.48833343386650085,
        0.4683065712451935,
        0.49246373772621155,
        0.5285298228263855,
        0.4306250214576721,
        0.4992768466472626,
        0.4726249575614929,
        0.4334436357021332,
        0.4604628086090088,
        0.43534573912620544,
        0.4436376690864563,
        0.45285871624946594,
        0.42695143818855286,
        0.4455811679363251,
        0.4089471697807312,
        0.41863346099853516,
        0.4208826720714569,
        0.43408048152923584,
        0.4334706664085388,
        0.4594021737575531,
        0.40888524055480957,
        0.43153515458106995,
        0.39054974913597107,
        0.3966062366962433,
        0.44468948245048523,
        0.39429420232772827,
        0.41562455892562866,
        0.37232616543769836,
        0.4152577221393585,
        0.40847617387771606,
        0.4151294529438019,
        0.4148382842540741,
        0.43039074540138245,
        0.36808961629867554,
        0.39834585785865784,
        0.4035015404224396,
        0.3780614137649536,
        0.4238170087337494,
        0.3735521733760834,
        0.42692863941192627,
        0.4097883105278015,
        0.387310653924942,
        0.391550749540329,
        0.3958718180656433,
        0.4008462131023407,
        0.4021480977535248,
        0.4020194113254547,
        0.39923474192619324,
        0.39098888635635376,
        0.36877304315567017,
        0.43354982137680054,
        0.3961290717124939,
        0.43528756499290466,
        0.4488900899887085,
        0.4371473491191864,
        0.4330674707889557,
        0.3761504888534546,
        0.4233384430408478,
        0.4182530641555786,
        0.3675711452960968,
        0.36189666390419006,
        0.36842623353004456,
        0.3821108043193817,
        0.3934866487979889,
        0.3564061224460602,
        0.35492751002311707,
        0.4203164279460907,
        0.3403148353099823,
        0.3771734833717346,
        0.38622909784317017,
        0.4077587127685547,
        0.4097059667110443,
        0.40126168727874756,
        0.3501212000846863,
        0.3828679323196411,
        0.3859187066555023
    ],