{
    "effect_pehe": 9.365331649780273,
    "effect_mae": 1.7546119689941406
}