{
    "effect_pehe": 6.665611743927002,
    "effect_mae": 0.5774154663085938
}