{
    "effect_pehe": 6.155296802520752,
    "effect_mae": 1.2492499351501465
}