{
    "effect_pehe": 8.554936511972643,
    "effect_mae": 6.489670599974853
}