{
    "effect_pehe": 14.71645958577538,
    "effect_mae": 10.238953267260468
}