{
    "effect_pehe": 7.403945366419608,
    "effect_mae": 4.602062717663356
}