{
    "effect_pehe": 8.523850749353185,
    "effect_mae": 5.803338687922404
}