{
    "effect_pehe": 10.70374619322813,
    "effect_mae": 6.467550137030255
}