{
    "effect_pehe": 16.478425454611813,
    "effect_mae": 10.474670338136407
}