{
    "epoch": [
        0,
        1,
        2,
        3,
        4,
        5,
        6,
        7,
        8,
        9,
        10,
        11,
        12,
        13,
        14,
        15,
        16,
        17,
        18,
        19,
        20,
        21,
        22,
        23,
        24,
        25,
        26,
        27,
        28,
        29,
        30,
        31,
        32,
        33,
        34,
        35,
        36,
        37,
        38,
        39,
        40,
        41,
        42,
        43
    ],
    "train_loss": [
        177.64532470703125,
        177.0445098876953,
        176.4486541748047,
        175.84765625,
        175.23788452148438,
        174.61534118652344,
        173.9500274658203,
        173.2296142578125,
        172.44309997558594,
        171.5692138671875,
        170.5937957763672,
        169.53024291992188,
        168.35057067871094,
        167.04429626464844,
        165.6165008544922,
        164.04339599609375,
        162.31581115722656,
        160.43450927734375,
        158.37559509277344,
        156.15640258789062,
        153.7376251220703,
        151.10989379882812,
        148.34805297851562,
        145.35528564453125,
        142.19985961914062,
        138.84730529785156,
        135.2908935546875,
        131.5109100341797,
        127.52528381347656,
        123.29346466064453,
        118.93920135498047,
        114.40612030029297,
        109.6523208618164,
        104.82489013671875,
        99.93559265136719,
        94.9722671508789,
        90.08357238769531,
        85.25110626220703,
        80.59265899658203,
        76.2222671508789,
        72.08743286132812,
        68.47547149658203,
        65.26351165771484,
        62.46683120727539
    ],
    "val_loss": [
        143.15570068359375,
        142.57736206054688,
        142.00479125976562,
        141.4293670654297,
        140.85525512695312,
        140.27740478515625,
        139.67825317382812,
        139.057861328125,
        138.38836669921875,
        137.6725616455078,
        136.90786743164062,
        136.11212158203125,
        135.29400634765625,
        134.4603729248047,
        133.68040466308594,
        132.94155883789062,
        132.3307342529297,
        131.8898162841797,
        131.76812744140625,
        132.0044708251953,
        132.7059326171875,
        133.93203735351562,
        135.52578735351562,
        137.58351135253906,
        139.8344268798828,
        142.24444580078125,
        144.72222900390625,
        147.0985107421875,
        149.25579833984375,
        151.2626953125,
        153.13906860351562,
        154.86183166503906,
        156.60922241210938,
        158.43753051757812,
        160.36985778808594,
        162.79904174804688,
        165.4618377685547,
        168.34144592285156,
        171.64747619628906,
        175.14236450195312,
        178.50657653808594,
        181.7533721923828,
        184.195556640625,
        185.60182189941406
    ]
}