{
    "effect_pehe": 9.978673934936523,
    "effect_mae": 3.0149173736572266
}