{
    "epoch": [
        0,
        1,
        2,
        3,
        4,
        5,
        6,
        7,
        8,
        9,
        10,
        11,
        12,
        13,
        14,
        15,
        16,
        17,
        18,
        19,
        20,
        21,
        22,
        23,
        24,
        25,
        26,
        27,
        28,
        29,
        30,
        31,
        32,
        33,
        34,
        35,
        36,
        37,
        38,
        39,
        40,
        41,
        42,
        43,
        44,
        45,
        46,
        47,
        48,
        49,
        50,
        51,
        52,
        53,
        54,
        55,
        56,
        57,
        58,
        59,
        60,
        61,
        62,
        63,
        64,
        65,
        66,
        67,
        68,
        69,
        70,
        71,
        72,
        73,
        74,
        75,
        76,
        77,
        78,
        79,
        80,
        81,
        82,
        83,
        84,
        85,
        86,
        87,
        88,
        89
    ],
    "train_loss": [
        394.9752502441406,
        394.26202392578125,
        393.5863952636719,
        392.8949279785156,
        392.167236328125,
        391.366455078125,
        390.4854736328125,
        389.4965515136719,
        388.3844299316406,
        387.1236267089844,
        385.7077331542969,
        384.1180725097656,
        382.3757629394531,
        380.4291076660156,
        378.29058837890625,
        375.96478271484375,
        373.4945068359375,
        370.7304382324219,
        367.8212890625,
        364.6641845703125,
        361.2850036621094,
        357.6250915527344,
        353.7060546875,
        349.455078125,
        344.8297119140625,
        339.89312744140625,
        334.4805603027344,
        328.6711120605469,
        322.3326721191406,
        315.5139465332031,
        308.2297668457031,
        300.3537292480469,
        291.9598693847656,
        283.0900573730469,
        273.4954528808594,
        263.6519775390625,
        253.23556518554688,
        242.50454711914062,
        231.2467041015625,
        219.92015075683594,
        208.53236389160156,
        197.3974151611328,
        186.70059204101562,
        176.8997802734375,
        167.94003295898438,
        160.46194458007812,
        154.9088134765625,
        151.03614807128906,
        148.96832275390625,
        148.37112426757812,
        148.09446716308594,
        148.2277374267578,
        147.94090270996094,
        147.22914123535156,
        146.19210815429688,
        145.16754150390625,
        144.2223358154297,
        143.55894470214844,
        143.17892456054688,
        143.09442138671875,
        142.88868713378906,
        142.91146850585938,
        142.8126983642578,
        142.33218383789062,
        141.56666564941406,
        141.2377471923828,
        140.33323669433594,
        139.67529296875,
        139.22201538085938,
        138.8285675048828,
        138.37887573242188,
        138.18199157714844,
        137.81761169433594,
        137.6292266845703,
        137.3362579345703,
        136.89907836914062,
        136.80628967285156,
        136.373779296875,
        136.0131378173828,
        135.85838317871094,
        135.69137573242188,
        135.2628173828125,
        135.0756072998047,
        135.00289916992188,
        134.95811462402344,
        134.81927490234375,
        134.5948486328125,
        134.40853881835938,
        134.12460327148438,
        133.8043212890625
    ],
    "val_loss": [
        369.16192626953125,
        368.4420166015625,
        367.75732421875,
        367.0639953613281,
        366.33953857421875,
        365.54217529296875,
        364.6850891113281,
        363.7141418457031,
        362.6314697265625,
        361.3960266113281,
        360.0169372558594,
        358.4515075683594,
        356.7535705566406,
        354.8321533203125,
        352.7852783203125,
        350.5045166015625,
        348.0147705078125,
        345.3152160644531,
        342.40997314453125,
        339.2767028808594,
        335.8567810058594,
        332.232177734375,
        328.39031982421875,
        324.0967102050781,
        319.6475524902344,
        314.6640625,
        309.4756164550781,
        303.9217834472656,
        298.0231628417969,
        291.76104736328125,
        285.1186828613281,
        278.0891418457031,
        270.6501770019531,
        263.0330810546875,
        254.95330810546875,
        247.02667236328125,
        238.97665405273438,
        230.63999938964844,
        222.71286010742188,
        214.8497314453125,
        207.43055725097656,
        200.76466369628906,
        194.86611938476562,
        190.09210205078125,
        186.47508239746094,
        185.0043487548828,
        184.50209045410156,
        186.05130004882812,
        187.88937377929688,
        190.09791564941406,
        190.9241943359375,
        189.67987060546875,
        187.13815307617188,
        182.3961944580078,
        176.4323272705078,
        170.13917541503906,
        164.29489135742188,
        158.70606994628906,
        154.2312774658203,
        150.6703338623047,
        148.0994873046875,
        146.52609252929688,
        145.00559997558594,
        144.3658447265625,
        144.130126953125,
        144.5503692626953,
        145.0078125,
        146.1167449951172,
        147.91055297851562,
        149.74639892578125,
        151.78807067871094,
        153.3203125,
        154.95201110839844,
        155.70179748535156,
        156.98345947265625,
        157.15719604492188,
        157.1498260498047,
        156.7438507080078,
        156.0042266845703,
        155.5183868408203,
        154.6190948486328,
        154.3874969482422,
        153.39889526367188,
        153.4322509765625,
        153.7782745361328,
        153.45770263671875,
        153.54229736328125,
        154.29257202148438,
        154.6964569091797,
        154.87034606933594
    ]
}