{
    "effect_pehe": 10.711197853088379,
    "effect_mae": 3.6437458992004395
}