{
    "effect_pehe": 11.704931259155273,
    "effect_mae": 9.399371147155762
}