{
    "epoch": [
        0,
        1,
        2,
        3,
        4,
        5,
        6,
        7,
        8,
        9,
        10,
        11,
        12,
        13,
        14,
        15,
        16,
        17,
        18,
        19,
        20,
        21,
        22,
        23,
        24,
        25,
        26,
        27,
        28,
        29,
        30,
        31,
        32,
        33,
        34,
        35,
        36,
        37,
        38,
        39,
        40,
        41,
        42,
        43,
        44,
        45,
        46,
        47,
        48,
        49,
        50,
        51,
        52,
        53,
        54,
        55,
        56,
        57,
        58,
        59,
        60,
        61,
        62,
        63,
        64,
        65,
        66,
        67,
        68,
        69,
        70,
        71,
        72,
        73,
        74,
        75,
        76,
        77,
        78,
        79,
        80,
        81,
        82,
        83,
        84,
        85,
        86,
        87,
        88,
        89,
        90,
        91,
        92,
        93,
        94,
        95,
        96,
        97,
        98,
        99,
        100,
        101,
        102,
        103,
        104,
        105,
        106,
        107,
        108,
        109,
        110,
        111,
        112,
        113,
        114,
        115,
        116,
        117,
        118,
        119,
        120,
        121,
        122,
        123,
        124,
        125,
        126,
        127,
        128,
        129,
        130,
        131,
        132,
        133,
        134,
        135,
        136,
        137,
        138,
        139,
        140,
        141,
        142,
        143,
        144,
        145,
        146,
        147,
        148,
        149,
        150,
        151,
        152,
        153,
        154,
        155,
        156,
        157,
        158,
        159,
        160,
        161,
        162,
        163,
        164,
        165,
        166,
        167,
        168,
        169,
        170,
        171,
        172,
        173,
        174,
        175,
        176,
        177,
        178,
        179,
        180,
        181
    ],
    "train_loss": [
        234.83413696289062,
        234.2947540283203,
        233.79310607910156,
        233.31256103515625,
        232.81912231445312,
        232.28717041015625,
        231.69497680664062,
        231.03538513183594,
        230.2895050048828,
        229.45497131347656,
        228.50106811523438,
        227.4121551513672,
        226.1802978515625,
        224.80975341796875,
        223.27069091796875,
        221.56581115722656,
        219.69032287597656,
        217.6412811279297,
        215.42147827148438,
        212.99290466308594,
        210.37677001953125,
        207.58822631835938,
        204.56541442871094,
        201.28768920898438,
        197.75372314453125,
        193.9478302001953,
        189.92027282714844,
        185.552734375,
        180.92625427246094,
        176.06251525878906,
        170.92938232421875,
        165.62646484375,
        160.1156005859375,
        154.41285705566406,
        148.54824829101562,
        142.57142639160156,
        136.42599487304688,
        130.27149963378906,
        124.1219482421875,
        118.06705474853516,
        112.0521011352539,
        106.2221450805664,
        100.6546630859375,
        95.50525665283203,
        90.7416000366211,
        86.48622131347656,
        82.7826156616211,
        79.7496566772461,
        77.32579803466797,
        75.36608123779297,
        73.88712310791016,
        72.8335952758789,
        71.82240295410156,
        70.92414855957031,
        70.11914825439453,
        69.45154571533203,
        68.7493896484375,
        68.14710235595703,
        67.84777069091797,
        67.39915466308594,
        66.99605560302734,
        66.66860961914062,
        66.42383575439453,
        65.96334075927734,
        65.67955017089844,
        65.32772827148438,
        65.14549255371094,
        64.86373138427734,
        64.38565063476562,
        64.22217559814453,
        64.02884674072266,
        63.75373840332031,
        63.61531448364258,
        63.403263092041016,
        63.26020431518555,
        62.927127838134766,
        62.67052459716797,
        62.5423469543457,
        62.412837982177734,
        62.149471282958984,
        62.02315902709961,
        61.924705505371094,
        61.85049819946289,
        61.680030822753906,
        61.51814270019531,
        61.48855209350586,
        61.222862243652344,
        61.127777099609375,
        61.028663635253906,
        60.90761947631836,
        60.85014724731445,
        60.74168395996094,
        60.48405456542969,
        60.59694290161133,
        60.386009216308594,
        60.35115432739258,
        60.32355499267578,
        60.26468276977539,
        60.15849685668945,
        60.17243194580078,
        60.00138473510742,
        59.73772430419922,
        59.68813705444336,
        59.70277404785156,
        59.54738998413086,
        59.592220306396484,
        59.548709869384766,
        59.5512809753418,
        59.305721282958984,
        59.42982864379883,
        59.32862091064453,
        59.34526443481445,
        59.15655517578125,
        59.03646469116211,
        58.94185256958008,
        58.908878326416016,
        58.738304138183594,
        58.7199821472168,
        58.62586212158203,
        58.38041305541992,
        58.40704345703125,
        58.4486083984375,
        58.3360710144043,
        58.23837661743164,
        58.25926971435547,
        58.1855354309082,
        57.92061233520508,
        57.99960708618164,
        57.776451110839844,
        57.89547348022461,
        57.70685577392578,
        57.53745651245117,
        57.45170974731445,
        57.44636154174805,
        57.31657409667969,
        57.10720443725586,
        57.08369445800781,
        56.76015090942383,
        56.89601516723633,
        56.63727569580078,
        56.47643280029297,
        56.34247589111328,
        56.12711715698242,
        56.085079193115234,
        56.074562072753906,
        55.86156463623047,
        55.84621810913086,
        55.541805267333984,
        55.25876235961914,
        55.30485534667969,
        54.93294906616211,
        54.93239212036133,
        54.71485137939453,
        54.535400390625,
        54.58804702758789,
        54.606651306152344,
        54.06125259399414,
        53.595829010009766,
        53.59654235839844,
        53.13960647583008,
        52.911643981933594,
        52.92139434814453,
        52.70462417602539,
        52.35479736328125,
        52.0135498046875,
        51.96052932739258,
        51.36087417602539,
        51.445159912109375,
        51.44561004638672,
        50.77603530883789,
        50.536903381347656,
        50.135337829589844,
        50.0405387878418,
        50.167232513427734,
        49.4006462097168,
        49.225345611572266,
        48.58287048339844,
        48.471107482910156,
        47.86536407470703,
        47.9119987487793,
        46.8486328125,
        46.888553619384766
    ],