{
    "epoch": [
        0,
        1,
        2,
        3,
        4,
        5,
        6,
        7,
        8,
        9,
        10,
        11,
        12,
        13,
        14,
        15,
        16,
        17,
        18,
        19,
        20,
        21,
        22,
        23,
        24,
        25,
        26,
        27,
        28,
        29,
        30,
        31,
        32,
        33,
        34,
        35,
        36,
        37,
        38,
        39,
        40,
        41,
        42,
        43,
        44,
        45,
        46,
        47,
        48,
        49,
        50,
        51,
        52,
        53,
        54,
        55,
        56,
        57,
        58,
        59,
        60,
        61,
        62,
        63,
        64,
        65,
        66,
        67,
        68,
        69,
        70,
        71,
        72,
        73,
        74,
        75,
        76,
        77,
        78,
        79,
        80,
        81,
        82,
        83,
        84,
        85,
        86,
        87,
        88,
        89,
        90,
        91,
        92,
        93,
        94,
        95,
        96,
        97,
        98,
        99,
        100,
        101,
        102,
        103,
        104,
        105,
        106,
        107,
        108,
        109,
        110,
        111,
        112,
        113,
        114,
        115,
        116,
        117,
        118,
        119,
        120
    ],
    "train_loss": [
        342.0363464355469,
        341.3614501953125,
        340.74200439453125,
        340.152099609375,
        339.5694885253906,
        338.96759033203125,
        338.33221435546875,
        337.63128662109375,
        336.8471984863281,
        335.9497375488281,
        334.92236328125,
        333.75946044921875,
        332.4489440917969,
        330.98797607421875,
        329.3740234375,
        327.6103820800781,
        325.6338195800781,
        323.4508361816406,
        321.05908203125,
        318.4060974121094,
        315.5192565917969,
        312.2835388183594,
        308.7570495605469,
        304.90087890625,
        300.6723937988281,
        296.07977294921875,
        291.0650329589844,
        285.7050476074219,
        279.9372863769531,
        273.7982482910156,
        267.2541198730469,
        260.3308410644531,
        253.0699005126953,
        245.48516845703125,
        237.5807647705078,
        229.48313903808594,
        221.1046600341797,
        212.7647247314453,
        204.1586456298828,
        195.4993133544922,
        186.79830932617188,
        178.36968994140625,
        169.99771118164062,
        161.92486572265625,
        154.3194580078125,
        147.2876434326172,
        140.91249084472656,
        135.37916564941406,
        130.55474853515625,
        126.63097381591797,
        123.45326232910156,
        121.06157684326172,
        119.23662567138672,
        117.8362808227539,
        116.50447082519531,
        115.3167495727539,
        114.32633209228516,
        113.36709594726562,
        112.42996215820312,
        111.88549041748047,
        111.43328857421875,
        110.90328979492188,
        110.6311264038086,
        110.1929931640625,
        109.88154602050781,
        109.4694595336914,
        108.90079498291016,
        108.60194396972656,
        108.06769561767578,
        107.66045379638672,
        107.25148010253906,
        106.91181182861328,
        106.54411315917969,
        106.29076385498047,
        106.08700561523438,
        105.74751281738281,
        105.47447204589844,
        105.11028289794922,
        104.80626678466797,
        104.59939575195312,
        104.14278411865234,
        103.9083480834961,
        103.63188934326172,
        103.3276596069336,
        103.15788269042969,
        102.91129302978516,
        102.45448303222656,
        102.10258483886719,
        102.0430908203125,
        101.7210464477539,
        101.57093811035156,
        101.24737548828125,
        100.90603637695312,
        100.87068939208984,
        100.6167221069336,
        100.40850830078125,
        100.19955444335938,
        99.79032135009766,
        99.65779113769531,
        99.50077819824219,
        99.16679382324219,
        98.97462463378906,
        98.51830291748047,
        98.3807373046875,
        98.16154479980469,
        97.86973571777344,
        97.77082061767578,
        97.54853057861328,
        97.30226135253906,
        97.06536865234375,
        96.82769012451172,
        96.62592315673828,
        96.06697845458984,
        96.1760025024414,
        96.00873565673828,
        95.76143646240234,
        95.20506286621094,
        95.16767120361328,
        94.8292236328125,
        94.62020874023438,
        94.33104705810547
    ],