{
    "effect_pehe": 10.099676132202148,
    "effect_mae": 7.4952287673950195
}