{
    "effect_pehe": 11.289737701416016,
    "effect_mae": 4.334671974182129
}