{
    "epoch": [
        0,
        1,
        2,
        3,
        4,
        5,
        6,
        7,
        8,
        9,
        10,
        11,
        12,
        13,
        14,
        15,
        16,
        17,
        18,
        19,
        20,
        21,
        22,
        23,
        24,
        25,
        26,
        27,
        28,
        29,
        30,
        31,
        32,
        33,
        34,
        35,
        36,
        37,
        38,
        39,
        40,
        41,
        42,
        43,
        44,
        45,
        46,
        47,
        48,
        49,
        50,
        51,
        52,
        53,
        54,
        55,
        56,
        57,
        58,
        59,
        60,
        61,
        62,
        63,
        64,
        65,
        66,
        67,
        68,
        69,
        70,
        71,
        72,
        73,
        74,
        75,
        76,
        77,
        78,
        79,
        80,
        81,
        82,
        83,
        84,
        85,
        86,
        87,
        88,
        89,
        90,
        91,
        92,
        93,
        94,
        95,
        96,
        97,
        98,
        99,
        100,
        101,
        102,
        103,
        104,
        105,
        106,
        107,
        108,
        109,
        110,
        111,
        112,
        113,
        114,
        115,
        116,
        117,
        118,
        119,
        120,
        121,
        122,
        123,
        124,
        125,
        126,
        127,
        128,
        129,
        130,
        131,
        132,
        133,
        134,
        135,
        136,
        137,
        138,
        139,
        140,
        141,
        142,
        143,
        144,
        145,
        146,
        147,
        148,
        149,
        150,
        151,
        152,
        153,
        154,
        155,
        156,
        157,
        158,
        159,
        160,
        161,
        162,
        163,
        164,
        165,
        166
    ],
    "train_loss": [
        807.7195434570312,
        806.561279296875,
        805.4788208007812,
        804.4133911132812,
        803.3505249023438,
        802.2349853515625,
        801.02099609375,
        799.700927734375,
        798.290771484375,
        796.7499389648438,
        795.0921020507812,
        793.2715454101562,
        791.2426147460938,
        788.9749755859375,
        786.4356079101562,
        783.5457763671875,
        780.2952270507812,
        776.6473999023438,
        772.55517578125,
        768.0648193359375,
        763.0450439453125,
        757.5446166992188,
        751.5536499023438,
        744.9930419921875,
        737.9369506835938,
        730.2643432617188,
        722.2566528320312,
        713.5365600585938,
        704.3232421875,
        694.4701538085938,
        684.1310424804688,
        673.1978149414062,
        661.6800537109375,
        649.7423095703125,
        637.3734130859375,
        624.5289916992188,
        611.3843994140625,
        597.8905029296875,
        583.9026489257812,
        569.745849609375,
        555.1393432617188,
        540.445556640625,
        525.5333862304688,
        510.3974304199219,
        495.2669982910156,
        479.93389892578125,
        465.17694091796875,
        450.10369873046875,
        435.55596923828125,
        421.4335632324219,
        407.75726318359375,
        394.8971862792969,
        383.0676574707031,
        372.2142028808594,
        362.11865234375,
        353.2666015625,
        345.6817321777344,
        339.0999755859375,
        333.7295837402344,
        329.2508544921875,
        326.05694580078125,
        322.8408203125,
        320.2044372558594,
        318.1497497558594,
        316.1999206542969,
        314.3274230957031,
        312.58966064453125,
        310.81329345703125,
        309.14947509765625,
        307.37689208984375,
        305.765869140625,
        303.9771728515625,
        302.0485534667969,
        300.14215087890625,
        298.7698059082031,
        296.776611328125,
        295.31793212890625,
        293.851806640625,
        292.3099670410156,
        291.27032470703125,
        290.25689697265625,
        289.1765441894531,
        287.9846496582031,
        287.09442138671875,
        285.9390563964844,
        285.1716003417969,
        284.022705078125,
        283.0085754394531,
        281.84954833984375,
        280.304443359375,
        279.84222412109375,
        278.850341796875,
        277.4945068359375,
        275.9873352050781,
        275.1301574707031,
        274.4569396972656,
        273.06292724609375,
        272.5057067871094,
        271.386962890625,
        270.3987731933594,
        269.1021423339844,
        267.85723876953125,
        267.31988525390625,
        266.1736755371094,
        264.7265319824219,
        264.081298828125,
        262.39251708984375,
        261.8768310546875,
        260.6559143066406,
        259.47552490234375,
        258.7417297363281,
        257.3899230957031,
        256.6112976074219,
        255.3890380859375,
        254.4194793701172,
        253.31134033203125,
        253.53701782226562,
        252.17803955078125,
        251.2281494140625,
        250.78628540039062,
        250.13893127441406,
        248.9915771484375,
        249.43399047851562,
        247.9744415283203,
        247.66253662109375,
        247.1343994140625,
        246.17056274414062,
        245.9236602783203,
        245.34429931640625,
        245.0554656982422,
        244.95709228515625,
        243.57754516601562,
        244.14529418945312,
        243.0774383544922,
        242.64608764648438,
        241.80117797851562,
        241.47113037109375,
        240.31430053710938,
        240.49554443359375,
        240.43994140625,
        239.5787811279297,
        238.6547088623047,
        238.905029296875,
        238.01654052734375,
        237.42532348632812,
        236.829345703125,
        236.7395477294922,
        236.3297576904297,
        235.36537170410156,
        235.3203125,
        235.49795532226562,
        233.86083984375,
        233.49334716796875,
        233.7139129638672,
        233.30032348632812,
        233.0480499267578,
        232.64736938476562,
        231.49691772460938,
        231.23532104492188,
        230.16217041015625,
        230.04351806640625,
        229.23684692382812,
        228.36732482910156,
        227.53433227539062,
        227.2431182861328,
        226.47329711914062,
        225.5458526611328
    ],