{
    "epoch": [
        0,
        1,
        2,
        3,
        4,
        5,
        6,
        7,
        8,
        9,
        10,
        11,
        12,
        13,
        14,
        15,
        16,
        17,
        18,
        19,
        20,
        21,
        22,
        23,
        24,
        25,
        26,
        27,
        28,
        29,
        30,
        31,
        32,
        33,
        34,
        35,
        36,
        37,
        38,
        39,
        40,
        41,
        42,
        43,
        44,
        45,
        46,
        47,
        48,
        49,
        50,
        51,
        52,
        53,
        54,
        55,
        56,
        57,
        58,
        59,
        60,
        61,
        62,
        63,
        64,
        65,
        66,
        67,
        68,
        69,
        70,
        71,
        72,
        73,
        74,
        75,
        76,
        77,
        78,
        79,
        80,
        81,
        82,
        83,
        84,
        85,
        86,
        87,
        88,
        89
    ],
    "train_loss": [
        321.412109375,
        320.8138427734375,
        320.234619140625,
        319.6490478515625,
        319.0348815917969,
        318.3732604980469,
        317.6488037109375,
        316.8288879394531,
        315.9044494628906,
        314.8533935546875,
        313.6607971191406,
        312.3272399902344,
        310.82470703125,
        309.1407470703125,
        307.2557678222656,
        305.196533203125,
        302.8771057128906,
        300.3613586425781,
        297.6142883300781,
        294.6448974609375,
        291.4298400878906,
        287.9139099121094,
        284.13250732421875,
        279.986328125,
        275.58538818359375,
        270.8382568359375,
        265.80126953125,
        260.5189514160156,
        254.92713928222656,
        249.31536865234375,
        243.2422637939453,
        237.13848876953125,
        230.7285919189453,
        224.02162170410156,
        217.12661743164062,
        209.79603576660156,
        202.25857543945312,
        194.41578674316406,
        186.42453002929688,
        178.17385864257812,
        169.7764434814453,
        161.4345703125,
        153.08912658691406,
        145.0457000732422,
        137.42108154296875,
        130.5773162841797,
        124.33721160888672,
        118.91973876953125,
        114.82725524902344,
        111.677001953125,
        109.58940124511719,
        108.25301361083984,
        107.4049301147461,
        106.5783920288086,
        105.84483337402344,
        105.0579833984375,
        104.13587188720703,
        103.19794464111328,
        102.49676513671875,
        101.89157104492188,
        101.48583984375,
        100.95333099365234,
        100.94721221923828,
        100.34776306152344,
        100.11475372314453,
        99.76293182373047,
        99.32081604003906,
        98.7798080444336,
        98.23426055908203,
        97.9770278930664,
        97.64778900146484,
        97.40312194824219,
        97.22258758544922,
        96.82862854003906,
        96.52116394042969,
        96.27403259277344,
        95.84700012207031,
        95.6651611328125,
        95.25199127197266,
        95.1801986694336,
        94.87606811523438,
        94.6197280883789,
        94.71405792236328,
        94.29875946044922,
        94.16798400878906,
        93.89599609375,
        93.75967407226562,
        93.56919860839844,
        93.3501205444336,
        93.26750946044922
    ],
    "val_loss": [
        267.75384521484375,
        267.2361755371094,
        266.7293701171875,
        266.2165832519531,
        265.6834716796875,
        265.1009521484375,
        264.4554443359375,
        263.7332458496094,
        262.9126281738281,
        261.9764709472656,
        260.89801025390625,
        259.67236328125,
        258.2812194824219,
        256.662353515625,
        254.82809448242188,
        252.77035522460938,
        250.45053100585938,
        247.87059020996094,
        245.03390502929688,
        241.97601318359375,
        238.70335388183594,
        235.26292419433594,
        231.6602325439453,
        228.00552368164062,
        224.2952117919922,
        220.4869842529297,
        216.76458740234375,
        213.2568359375,
        209.72561645507812,
        206.33868408203125,
        202.8936767578125,
        199.38880920410156,
        195.5838623046875,
        191.5390167236328,
        187.0789031982422,
        182.16160583496094,
        176.61012268066406,
        170.59326171875,
        164.32127380371094,
        157.53929138183594,
        150.80361938476562,
        143.9813690185547,
        137.45501708984375,
        131.0037841796875,
        125.59735107421875,
        120.7032470703125,
        116.82740020751953,
        113.86139678955078,
        112.0906982421875,
        111.25247192382812,
        111.19425964355469,
        111.28823852539062,
        110.93358612060547,
        109.68975067138672,
        107.14390563964844,
        104.35588836669922,
        100.6602783203125,
        97.02715301513672,
        93.3660888671875,
        90.03775787353516,
        87.52839660644531,
        85.73279571533203,
        84.34937286376953,
        83.46745300292969,
        83.35995483398438,
        83.3996810913086,
        83.87767028808594,
        84.8532943725586,
        86.26757049560547,
        87.85346221923828,
        89.36901092529297,
        90.6446533203125,
        91.51039123535156,
        92.53417205810547,
        92.49177551269531,
        92.4157485961914,
        91.89772033691406,
        91.41358184814453,
        90.84616088867188,
        90.01299285888672,
        89.22786712646484,
        88.72452545166016,
        87.84745025634766,
        87.59263610839844,
        87.61385345458984,
        87.35425567626953,
        87.09491729736328,
        87.41541290283203,
        87.53231048583984,
        87.69141387939453
    ]
}