{
    "effect_pehe": 8.856375694274902,
    "effect_mae": 0.7686290740966797
}