{
    "effect_pehe": 1.964290738105774,
    "effect_mae": 0.4376291334629059
}