{
    "effect_pehe": 3.0854196548461914,
    "effect_mae": 0.5325464010238647
}