{
    "effect_pehe": 0.7818256616592407,
    "effect_mae": 0.012146055698394775
}