{
    "effect_pehe": 1.9834100008010864,
    "effect_mae": 0.16985684633255005
}