{
    "effect_pehe": 0.7974290251731873,
    "effect_mae": 0.0323944091796875
}