{
    "effect_pehe": 0.807310938835144,
    "effect_mae": 0.005151212215423584
}