{
    "effect_pehe": 1.9834555387496948,
    "effect_mae": 0.021528810262680054
}