{
    "effect_pehe": 2.2216591835021973,
    "effect_mae": 0.2305709421634674
}