{
    "effect_pehe": 2.0943238735198975,
    "effect_mae": 0.10521399974822998
}