{
    "effect_pehe": 3.270352840423584,
    "effect_mae": 0.3374347388744354
}