{
    "effect_pehe": 1.649777889251709,
    "effect_mae": 0.06515440344810486
}