{
    "effect_pehe": 3.359741687774658,
    "effect_mae": 0.2925596237182617
}