{
    "effect_pehe": 3.9979007997322644,
    "effect_mae": 3.2049689734274094
}