{
    "effect_pehe": 6.729680305672362,
    "effect_mae": 5.588769598269058
}