{
    "effect_pehe": 3.8819137141609867,
    "effect_mae": 3.119481894405094
}