{
    "effect_pehe": 2.0547423362731934,
    "effect_mae": 0.9118309617042542
}