{
    "effect_pehe": 2.476699113845825,
    "effect_mae": 1.225538969039917
}