{
    "effect_pehe": 2.718364715576172,
    "effect_mae": 0.6526975035667419
}