{
    "effect_pehe": 0.9881987571716309,
    "effect_mae": 0.18973112106323242
}