{
    "effect_pehe": 1.87248957157135,
    "effect_mae": 1.3023169040679932
}