{
    "effect_pehe": 1.5814160108566284,
    "effect_mae": 0.1618821620941162
}