{
    "effect_pehe": 1.4578355550765991,
    "effect_mae": 0.6241388320922852
}