{
    "effect_pehe": 0.82208251953125,
    "effect_mae": 0.032050132751464844
}