{
    "effect_pehe": 3.4628047943115234,
    "effect_mae": 1.127882480621338
}