{
    "effect_pehe": 2.040726661682129,
    "effect_mae": 0.6388058662414551
}