{
    "effect_pehe": 3.2482707500457764,
    "effect_mae": 2.4905905723571777
}