{
    "effect_pehe": 3.660111427307129,
    "effect_mae": 1.2822532653808594
}