{
    "effect_pehe": 15.452177440343617,
    "effect_mae": 9.067549446100255
}