{
    "effect_pehe": 16.96049833593312,
    "effect_mae": 10.526536434503075
}