{
    "effect_pehe": 26.990069765477642,
    "effect_mae": 16.409671900136175
}