{
    "effect_pehe": 14.960293407334875,
    "effect_mae": 8.155517968091562
}