{
    "effect_pehe": 23.707709297355226,
    "effect_mae": 16.248952760974994
}