{
    "effect_pehe": 24.6564551742874,
    "effect_mae": 17.237020214171455
}