{
    "effect_pehe": 24.388130581458892,
    "effect_mae": 15.435973998905684
}