{
    "effect_pehe": 20.8049434783331,
    "effect_mae": 12.427310720305934
}