{
    "effect_pehe": 29.15081540372869,
    "effect_mae": 19.179414069930907
}