{
    "effect_pehe": 32.320480060841206,
    "effect_mae": 17.022796276932013
}