{
    "effect_pehe": 33.736724853515625,
    "effect_mae": 19.882001876831055
}