{
    "epoch": [
        0,
        1,
        2,
        3,
        4,
        5,
        6,
        7,
        8,
        9,
        10,
        11,
        12,
        13,
        14,
        15,
        16,
        17,
        18,
        19,
        20,
        21,
        22,
        23,
        24,
        25,
        26,
        27,
        28,
        29,
        30,
        31,
        32,
        33,
        34,
        35,
        36,
        37,
        38,
        39,
        40,
        41,
        42,
        43,
        44,
        45,
        46,
        47,
        48,
        49,
        50,
        51,
        52,
        53,
        54,
        55,
        56,
        57,
        58,
        59,
        60,
        61,
        62,
        63,
        64,
        65,
        66,
        67,
        68,
        69,
        70,
        71,
        72,
        73,
        74,
        75,
        76,
        77,
        78,
        79,
        80,
        81,
        82,
        83,
        84,
        85,
        86,
        87,
        88,
        89,
        90,
        91,
        92,
        93,
        94,
        95,
        96,
        97,
        98,
        99,
        100,
        101,
        102,
        103,
        104,
        105,
        106,
        107,
        108,
        109,
        110,
        111,
        112,
        113,
        114,
        115,
        116,
        117,
        118,
        119,
        120,
        121,
        122,
        123,
        124,
        125,
        126,
        127,
        128,
        129,
        130,
        131,
        132,
        133,
        134,
        135,
        136,
        137,
        138,
        139,
        140,
        141,
        142,
        143,
        144,
        145,
        146,
        147,
        148,
        149,
        150,
        151,
        152,
        153,
        154,
        155,
        156,
        157,
        158,
        159,
        160,
        161,
        162,
        163
    ],
    "train_loss": [
        71.54522705078125,
        33.7379150390625,
        24.537202835083008,
        26.885419845581055,
        33.05632400512695,
        31.852798461914062,
        29.427663803100586,
        22.77988624572754,
        13.511067390441895,
        12.802688598632812,
        16.604595184326172,
        18.908464431762695,
        16.95011329650879,
        16.64664077758789,
        12.499157905578613,
        12.393121719360352,
        10.02360725402832,
        7.6603851318359375,
        8.465676307678223,
        10.496362686157227,
        9.490074157714844,
        9.25585651397705,
        7.489223957061768,
        5.602143287658691,
        5.809754848480225,
        6.265095233917236,
        5.99281120300293,
        6.74561882019043,
        5.239585876464844,
        6.182754993438721,
        4.5328545570373535,
        4.2264909744262695,
        3.083061695098877,
        3.9987220764160156,
        4.395516872406006,
        3.6182849407196045,
        3.6538259983062744,
        3.18849515914917,
        2.772808074951172,
        2.5500078201293945,
        2.38639760017395,
        2.069060802459717,
        3.428156614303589,
        2.6839277744293213,
        2.1439132690429688,
        2.1162681579589844,
        1.9909228086471558,
        2.18334698677063,
        2.086426258087158,
        1.8433016538619995,
        2.0815489292144775,
        1.5930100679397583,
        1.870813250541687,
        1.567314863204956,
        1.2560241222381592,
        1.3182332515716553,
        1.6531299352645874,
        1.6281921863555908,
        1.6618777513504028,
        1.4485660791397095,
        1.2410844564437866,
        1.296373724937439,
        1.2304518222808838,
        1.2658635377883911,
        1.1587395668029785,
        1.2197083234786987,
        1.1439164876937866,
        1.2427183389663696,
        1.1033921241760254,
        1.0714166164398193,
        1.1436529159545898,
        0.9082151055335999,
        1.018616795539856,
        0.9294415712356567,
        0.8661029934883118,
        0.9526550769805908,
        1.1318821907043457,
        1.0855809450149536,
        0.7932682037353516,
        0.9342756271362305,
        0.8333442807197571,
        0.9567803740501404,
        0.8098167777061462,
        0.8222424387931824,
        0.8218803405761719,
        0.7035927772521973,
        0.6906876564025879,
        0.7034706473350525,
        0.7403953075408936,
        0.6923591494560242,
        0.6978799700737,
        0.70735102891922,
        0.7055009603500366,
        0.638537585735321,
        0.7188230156898499,
        0.6589850783348083,
        0.6909739971160889,
        0.6656336188316345,
        0.6268395781517029,
        0.5523252487182617,
        0.6473718285560608,
        0.5697824358940125,
        0.6046141386032104,
        0.635660707950592,
        0.5801578760147095,
        0.5671608448028564,
        0.590370774269104,
        0.6677922010421753,
        0.5662946701049805,
        0.5507708787918091,
        0.639371931552887,
        0.6303566098213196,
        0.5499933958053589,
        0.5621224045753479,
        0.5397355556488037,
        0.5497535467147827,
        0.5597666501998901,
        0.5316917300224304,
        0.5396313071250916,
        0.5737842321395874,
        0.5382508635520935,
        0.5066921710968018,
        0.5111145377159119,
        0.5447701215744019,
        0.48674023151397705,
        0.536695122718811,
        0.562091588973999,
        0.4741136431694031,
        0.4985074996948242,
        0.48499444127082825,
        0.4728633165359497,
        0.5295605063438416,
        0.5127502083778381,
        0.5149571299552917,
        0.4914458990097046,
        0.5074736475944519,
        0.5113504528999329,
        0.5479233264923096,
        0.5071740746498108,
        0.4745815396308899,
        0.5079405903816223,
        0.48241060972213745,
        0.48175516724586487,
        0.4645611047744751,
        0.4796833395957947,
        0.4679638147354126,
        0.5044392347335815,
        0.5165479779243469,
        0.4565623104572296,
        0.4872882664203644,
        0.4653373062610626,
        0.4797284007072449,
        0.43715834617614746,
        0.5052729845046997,
        0.47165751457214355,
        0.45952922105789185,
        0.5192350745201111,
        0.5040887594223022,
        0.46333494782447815,
        0.49175411462783813,
        0.4523688852787018,
        0.4939894378185272,
        0.5030202269554138,
        0.47765615582466125
    ],