{
    "epoch": [
        0,
        1,
        2,
        3,
        4,
        5,
        6,
        7,
        8,
        9,
        10,
        11,
        12,
        13,
        14,
        15,
        16,
        17,
        18,
        19,
        20,
        21,
        22,
        23,
        24,
        25,
        26,
        27,
        28,
        29,
        30,
        31,
        32,
        33,
        34,
        35,
        36,
        37,
        38,
        39,
        40,
        41,
        42,
        43,
        44,
        45,
        46,
        47,
        48,
        49,
        50,
        51,
        52,
        53,
        54,
        55,
        56,
        57,
        58,
        59,
        60,
        61,
        62,
        63,
        64,
        65,
        66,
        67,
        68,
        69,
        70,
        71,
        72,
        73,
        74,
        75,
        76,
        77,
        78,
        79,
        80,
        81,
        82,
        83,
        84,
        85,
        86,
        87,
        88,
        89,
        90,
        91,
        92,
        93,
        94,
        95,
        96,
        97,
        98,
        99,
        100,
        101,
        102,
        103,
        104,
        105,
        106,
        107,
        108,
        109,
        110,
        111,
        112,
        113,
        114,
        115,
        116,
        117,
        118,
        119,
        120,
        121,
        122,
        123,
        124,
        125,
        126,
        127,
        128,
        129,
        130,
        131,
        132,
        133,
        134,
        135,
        136,
        137,
        138,
        139,
        140,
        141,
        142,
        143,
        144,
        145,
        146,
        147,
        148,
        149,
        150,
        151,
        152,
        153,
        154,
        155,
        156,
        157,
        158,
        159,
        160,
        161,
        162,
        163,
        164,
        165,
        166,
        167,
        168,
        169,
        170,
        171
    ],
    "train_loss": [
        184.71630859375,
        84.32367706298828,
        84.49034118652344,
        72.69609832763672,
        56.41141891479492,
        77.62198638916016,
        92.80538177490234,
        84.24888610839844,
        53.79964828491211,
        39.38375473022461,
        28.447723388671875,
        36.47380447387695,
        43.255226135253906,
        41.28469467163086,
        44.65290069580078,
        42.373043060302734,
        39.92639923095703,
        29.674407958984375,
        30.090808868408203,
        22.804080963134766,
        23.43111801147461,
        18.944988250732422,
        26.05776596069336,
        24.80632972717285,
        20.00261116027832,
        19.428298950195312,
        16.8076114654541,
        17.476545333862305,
        15.994251251220703,
        19.248062133789062,
        12.092429161071777,
        12.37140941619873,
        12.30988597869873,
        17.952363967895508,
        16.560747146606445,
        8.853608131408691,
        9.14439868927002,
        10.31423568725586,
        11.590109825134277,
        9.613192558288574,
        9.980024337768555,
        10.115524291992188,
        8.78773307800293,
        6.965318202972412,
        7.588657855987549,
        6.278777122497559,
        5.854208469390869,
        6.953225612640381,
        5.359532833099365,
        5.891916751861572,
        4.512070655822754,
        5.258234024047852,
        3.907667398452759,
        6.290245532989502,
        4.056802272796631,
        4.901362895965576,
        4.479191780090332,
        4.106413841247559,
        3.99314022064209,
        3.798977851867676,
        2.7324295043945312,
        3.0815751552581787,
        3.365623950958252,
        3.5947842597961426,
        3.113124370574951,
        2.5496387481689453,
        2.369356155395508,
        2.1915979385375977,
        2.422159433364868,
        2.2491865158081055,
        2.0917656421661377,
        2.227169990539551,
        1.8941045999526978,
        2.0350966453552246,
        1.9268240928649902,
        1.7549335956573486,
        1.4742212295532227,
        1.6053237915039062,
        1.3821659088134766,
        1.4871819019317627,
        1.3141534328460693,
        1.7445502281188965,
        1.2561087608337402,
        1.5264232158660889,
        1.2974153757095337,
        1.0129843950271606,
        1.4169869422912598,
        1.2772220373153687,
        1.2147812843322754,
        1.011095404624939,
        0.885855495929718,
        1.193047046661377,
        0.8527542352676392,
        1.050385594367981,
        0.7883415222167969,
        1.0548079013824463,
        1.007813572883606,
        0.8640149235725403,
        0.8024993538856506,
        0.9186999797821045,
        1.009702205657959,
        0.9365200996398926,
        0.8064887523651123,
        0.8893846273422241,
        0.6977068185806274,
        0.788443386554718,
        0.9375438690185547,
        0.7352713346481323,
        0.7162078022956848,
        0.6853988766670227,
        0.809593915939331,
        0.8058685660362244,
        0.7746490836143494,
        0.7809118628501892,
        0.7176608443260193,
        0.6700543165206909,
        0.6596540212631226,
        0.7268706560134888,
        0.7291067838668823,
        0.6448425054550171,
        0.6508681774139404,
        0.7269813418388367,
        0.6678158044815063,
        0.5815575122833252,
        0.6502865552902222,
        0.634040355682373,
        0.6581475734710693,
        0.6332443952560425,
        0.6984683275222778,
        0.6645556092262268,
        0.6313389539718628,
        0.6993710994720459,
        0.585676908493042,
        0.6494508385658264,
        0.6520018577575684,
        0.6126356720924377,
        0.6014781594276428,
        0.6239714622497559,
        0.5587599873542786,
        0.6009823083877563,
        0.585538923740387,
        0.5884437561035156,
        0.5741317272186279,
        0.598705530166626,
        0.6556587815284729,
        0.5858829617500305,
        0.5735347270965576,
        0.596825897693634,
        0.5330409407615662,
        0.5938184261322021,
        0.5651713013648987,
        0.5630030632019043,
        0.5597785711288452,
        0.5265271067619324,
        0.5874230861663818,
        0.5736677050590515,
        0.5788782238960266,
        0.5482466220855713,
        0.5578354597091675,
        0.5376279354095459,
        0.5256468653678894,
        0.5364497303962708,
        0.5144592523574829,
        0.5278767347335815,
        0.6094937324523926,
        0.532437264919281,
        0.5458579659461975,
        0.5569144487380981,
        0.5228205919265747,
        0.5206782221794128,
        0.5481656789779663,
        0.5261408090591431
    ],