{
    "effect_pehe": 9.930620193481445,
    "effect_mae": 6.328560829162598
}