{
    "effect_pehe": 18.535348892211914,
    "effect_mae": 8.791234016418457
}