{
    "effect_pehe": 12.153114318847656,
    "effect_mae": 6.457851409912109
}