{
    "epoch": [
        0,
        1,
        2,
        3,
        4,
        5,
        6,
        7,
        8,
        9,
        10,
        11,
        12,
        13,
        14,
        15,
        16,
        17,
        18,
        19,
        20,
        21,
        22,
        23,
        24,
        25,
        26,
        27,
        28,
        29,
        30,
        31,
        32,
        33,
        34,
        35,
        36,
        37,
        38,
        39,
        40,
        41,
        42,
        43,
        44,
        45,
        46,
        47,
        48,
        49,
        50,
        51,
        52,
        53,
        54,
        55,
        56,
        57,
        58,
        59,
        60,
        61,
        62,
        63,
        64,
        65,
        66,
        67,
        68,
        69,
        70,
        71,
        72,
        73,
        74,
        75,
        76,
        77,
        78,
        79,
        80,
        81,
        82,
        83,
        84,
        85,
        86,
        87,
        88,
        89,
        90,
        91,
        92,
        93,
        94,
        95,
        96,
        97,
        98,
        99,
        100,
        101,
        102,
        103,
        104,
        105,
        106,
        107,
        108,
        109,
        110,
        111,
        112,
        113,
        114,
        115,
        116,
        117,
        118,
        119,
        120,
        121,
        122,
        123,
        124,
        125,
        126,
        127,
        128,
        129,
        130,
        131,
        132,
        133,
        134,
        135,
        136,
        137,
        138,
        139,
        140,
        141,
        142,
        143,
        144,
        145,
        146,
        147,
        148,
        149,
        150,
        151,
        152,
        153,
        154,
        155,
        156,
        157,
        158,
        159,
        160,
        161,
        162,
        163,
        164,
        165,
        166,
        167,
        168,
        169,
        170
    ],
    "train_loss": [
        73.20874786376953,
        34.19546890258789,
        40.59789276123047,
        38.169857025146484,
        33.00874710083008,
        19.98497772216797,
        18.22704315185547,
        21.958112716674805,
        21.92194366455078,
        20.499267578125,
        15.60676097869873,
        16.22488021850586,
        14.160909652709961,
        14.104034423828125,
        16.066951751708984,
        12.45721435546875,
        10.282546997070312,
        7.913854598999023,
        7.017947673797607,
        6.8822922706604,
        9.064069747924805,
        8.931828498840332,
        8.005985260009766,
        5.343184471130371,
        5.383764266967773,
        5.313222885131836,
        6.140843391418457,
        5.672068119049072,
        6.611302852630615,
        4.588683128356934,
        5.028929233551025,
        5.456864833831787,
        4.937592506408691,
        3.955048084259033,
        3.159391403198242,
        3.333132028579712,
        3.1967294216156006,
        2.611412763595581,
        3.4647769927978516,
        2.5880720615386963,
        2.745668888092041,
        2.769050121307373,
        2.4141249656677246,
        2.2216708660125732,
        1.904799461364746,
        2.3134186267852783,
        1.7877626419067383,
        1.6270450353622437,
        1.6667336225509644,
        1.62699294090271,
        1.7220821380615234,
        1.4352059364318848,
        1.7125537395477295,
        1.5314339399337769,
        1.5010303258895874,
        1.3858264684677124,
        1.1759692430496216,
        1.1295660734176636,
        1.1702150106430054,
        1.2244420051574707,
        1.2215553522109985,
        1.0688543319702148,
        0.8860958218574524,
        1.0834226608276367,
        0.9558462500572205,
        0.9731876254081726,
        0.8605983257293701,
        0.7633460760116577,
        0.9276477098464966,
        0.9361778497695923,
        0.7468857765197754,
        0.7333441972732544,
        0.7846902012825012,
        0.7857286930084229,
        0.7686949968338013,
        0.6499496102333069,
        0.6591245532035828,
        0.5691063404083252,
        0.7367372512817383,
        0.5883761644363403,
        0.6161720156669617,
        0.5010775923728943,
        0.6303128004074097,
        0.5599932670593262,
        0.5850975513458252,
        0.5598862171173096,
        0.5528438687324524,
        0.4897426962852478,
        0.510674238204956,
        0.4506637454032898,
        0.500779390335083,
        0.4521302580833435,
        0.5119898915290833,
        0.4713919460773468,
        0.4663653075695038,
        0.4221096634864807,
        0.44960299134254456,
        0.5296070575714111,
        0.42965057492256165,
        0.40239888429641724,
        0.39272984862327576,
        0.37538814544677734,
        0.4019130766391754,
        0.37678295373916626,
        0.3500896096229553,
        0.4174971580505371,
        0.3642013967037201,
        0.39063993096351624,
        0.35792186856269836,
        0.3703823983669281,
        0.3575308620929718,
        0.3625132143497467,
        0.36536267399787903,
        0.36919933557510376,
        0.3683736324310303,
        0.3613941967487335,
        0.32414931058883667,
        0.3629298210144043,
        0.3377959132194519,
        0.36544880270957947,
        0.33961090445518494,
        0.3018420934677124,
        0.3063781261444092,
        0.3477291464805603,
        0.34983131289482117,
        0.3490000367164612,
        0.3367731273174286,
        0.31806236505508423,
        0.326124370098114,
        0.31445828080177307,
        0.35478004813194275,
        0.3045579791069031,
        0.3048769533634186,
        0.32366883754730225,
        0.33275121450424194,
        0.2912975251674652,
        0.31374040246009827,
        0.31602582335472107,
        0.3282225728034973,
        0.31359899044036865,
        0.31192100048065186,
        0.3316935896873474,
        0.3324631452560425,
        0.35773226618766785,
        0.2986055910587311,
        0.31601083278656006,
        0.3041752576828003,
        0.31261447072029114,
        0.31287774443626404,
        0.2968597412109375,
        0.3084768056869507,
        0.29205122590065,
        0.29670819640159607,
        0.2847920060157776,
        0.3222617208957672,
        0.2962355613708496,
        0.30994912981987,
        0.30579036474227905,
        0.3056615889072418,
        0.29909607768058777,
        0.28780433535575867,
        0.2938791811466217,
        0.29101598262786865,
        0.29798638820648193,
        0.3113914430141449,
        0.322063148021698,
        0.29238712787628174,
        0.2821037173271179,
        0.2992909848690033,
        0.29420191049575806,
        0.28157082200050354
    ],