{
    "effect_pehe": 8.420589447021484,
    "effect_mae": 2.0904102325439453
}