{
    "effect_pehe": 4.8235626220703125,
    "effect_mae": 1.5715597867965698
}