{
    "effect_pehe": 5.8987555503845215,
    "effect_mae": 4.122369289398193
}