{
    "effect_pehe": 5.093174934387207,
    "effect_mae": 0.7874388694763184
}