{
    "effect_pehe": 5.807305335998535,
    "effect_mae": 3.2210121154785156
}