{
    "effect_pehe": 1.7366836071014404,
    "effect_mae": 0.21521441638469696
}