{
    "effect_pehe": 1.2581591606140137,
    "effect_mae": 0.04935789108276367
}