{
    "effect_pehe": 2.760934829711914,
    "effect_mae": 0.17214283347129822
}