{
    "effect_pehe": 3.535482883453369,
    "effect_mae": 0.24615418910980225
}