{
    "effect_pehe": 1.1279888153076172,
    "effect_mae": 0.17553550004959106
}