{
    "effect_pehe": 0.759034276008606,
    "effect_mae": 0.011123448610305786
}