{
    "effect_pehe": 1.5243768692016602,
    "effect_mae": 0.5888268947601318
}