{
    "effect_pehe": 1.2115875482559204,
    "effect_mae": 0.627417802810669
}