{
    "effect_pehe": 1.2285107374191284,
    "effect_mae": 0.41438746452331543
}