{
    "effect_pehe": 1.6242038011550903,
    "effect_mae": 0.2333095669746399
}