{
    "effect_pehe": 0.7784963250160217,
    "effect_mae": 0.06884241104125977
}