{
    "effect_pehe": 1.5804523229599,
    "effect_mae": 0.03461909294128418
}