{
    "effect_pehe": 2.6591358184814453,
    "effect_mae": 0.47984153032302856
}