{
    "effect_pehe": 1.9437980651855469,
    "effect_mae": 0.37145185470581055
}