{
    "effect_pehe": 1.8212687969207764,
    "effect_mae": 0.2697850465774536
}