{
    "effect_pehe": 1.5475014448165894,
    "effect_mae": 0.012335062026977539
}