{
    "effect_pehe": 5.277516315064293,
    "effect_mae": 4.2258179742032445
}