{
    "effect_pehe": 5.147293185191561,
    "effect_mae": 4.090064375638591
}