{
    "effect_pehe": 3.566999128444888,
    "effect_mae": 2.7647503019698636
}