{
    "effect_pehe": 3.786882927926069,
    "effect_mae": 3.0928315692811403
}