{
    "effect_pehe": 5.061146789782212,
    "effect_mae": 4.066319617851109
}