{
    "effect_pehe": 4.035585138406938,
    "effect_mae": 3.2791045942901427
}