{
    "effect_pehe": 4.213832107973833,
    "effect_mae": 3.3947702679382483
}