{
    "effect_pehe": 3.3002828339441574,
    "effect_mae": 2.6240436881632
}