{
    "effect_pehe": 5.058707963834294,
    "effect_mae": 4.0665795991564835
}