{
    "effect_pehe": 3.9481303192739814,
    "effect_mae": 3.1820058428570657
}