{
    "effect_pehe": 4.634335135887172,
    "effect_mae": 3.7197104168277475
}