{
    "effect_pehe": 7.139849662780762,
    "effect_mae": 5.384881019592285
}