{
    "effect_pehe": 4.549152851104736,
    "effect_mae": 0.6859769821166992
}