{
    "effect_pehe": 4.236258029937744,
    "effect_mae": 0.8106708526611328
}