{
    "effect_pehe": 10.20190143585205,
    "effect_mae": 0.4397926330566406
}