{
    "effect_pehe": 8.357816696166992,
    "effect_mae": 0.9726505279541016
}