{
    "effect_pehe": 4.58876371383667,
    "effect_mae": 0.6304378509521484
}