{
    "effect_pehe": 9.116089820861816,
    "effect_mae": 1.4080219268798828
}