{
    "effect_pehe": 26.97303009033203,
    "effect_mae": 3.0388431549072266
}