{
    "effect_pehe": 5.066543102264404,
    "effect_mae": 0.4082827568054199
}