{
    "effect_pehe": 12.226700782775879,
    "effect_mae": 2.3861494064331055
}