{
    "effect_pehe": 4.912245273590088,
    "effect_mae": 1.4208755493164062
}