{
    "effect_pehe": 8.454863548278809,
    "effect_mae": 0.9607295989990234
}