{
    "effect_pehe": 9.422771885990635,
    "effect_mae": 6.410519992980528
}