{
    "effect_pehe": 9.827464697613602,
    "effect_mae": 7.241211974411851
}