{
    "effect_pehe": 8.688070169762321,
    "effect_mae": 5.550502547136491
}