{
    "effect_pehe": 10.407930629789576,
    "effect_mae": 6.7758304047095885
}