{
    "effect_pehe": 14.08636222859622,
    "effect_mae": 8.720343057719058
}