{
    "effect_pehe": 7.4092211258278455,
    "effect_mae": 5.637200531508261
}