{
    "effect_pehe": 8.689078459609275,
    "effect_mae": 6.189156312269759
}