{
    "effect_pehe": 8.808614175832574,
    "effect_mae": 5.910972298920234
}