{
    "effect_pehe": 5.369446957554527,
    "effect_mae": 4.094447592462801
}