{
    "effect_pehe": 8.60742993225315,
    "effect_mae": 5.481283183774161
}