{
    "effect_pehe": 5.086263268661955,
    "effect_mae": 4.062676223352849
}