{
    "effect_pehe": 5.326083183288574,
    "effect_mae": 0.8461925983428955
}