{
    "effect_pehe": 5.4949493408203125,
    "effect_mae": 0.09858718514442444
}