{
    "effect_pehe": 4.916471481323242,
    "effect_mae": 0.9536113739013672
}