{
    "effect_pehe": 5.2549943923950195,
    "effect_mae": 1.2359358072280884
}