{
    "effect_pehe": 4.909674167633057,
    "effect_mae": 0.40437206625938416
}