{
    "effect_pehe": 4.298565864562988,
    "effect_mae": 0.5027244091033936
}