{
    "effect_pehe": 5.056533336639404,
    "effect_mae": 1.4410117864608765
}