{
    "effect_pehe": 5.084536075592041,
    "effect_mae": 1.471483826637268
}