{
    "effect_pehe": 4.231800079345703,
    "effect_mae": 0.057482123374938965
}