{
    "effect_pehe": 3.3963032117357903,
    "effect_mae": 2.677163359018553
}