{
    "effect_pehe": 3.747542668516248,
    "effect_mae": 2.9723004072407275
}