{
    "effect_pehe": 2.825123021183106,
    "effect_mae": 2.2247788095414314
}