{
    "effect_pehe": 3.1592253283138985,
    "effect_mae": 2.4927992751487924
}