{
    "effect_pehe": 3.3827797229719185,
    "effect_mae": 2.696617004039794
}