{
    "effect_pehe": 3.5910109248662443,
    "effect_mae": 2.9105498117578352
}