{
    "effect_pehe": 3.5829388350292115,
    "effect_mae": 2.8294600249769624
}