{
    "effect_pehe": 3.040484839187523,
    "effect_mae": 2.363474025198154
}