{
    "effect_pehe": 2.8285942355312725,
    "effect_mae": 2.23574438743306
}