{
    "effect_pehe": 2.758873164389885,
    "effect_mae": 2.2061914003033136
}