{
    "effect_pehe": 2.8239254984261954,
    "effect_mae": 2.2556269449280046
}