{
    "effect_pehe": 3.6755936691149516,
    "effect_mae": 2.933798907495414
}