{
    "effect_pehe": 3.642128580267725,
    "effect_mae": 2.92250835986796
}