{
    "effect_pehe": 8.633853912353516,
    "effect_mae": 0.402191162109375
}