{
    "effect_pehe": 6.76254415512085,
    "effect_mae": 1.8295087814331055
}