{
    "effect_pehe": 5.514503002166748,
    "effect_mae": 0.777717113494873
}