{
    "effect_pehe": 7.009048938751221,
    "effect_mae": 0.8988780975341797
}