{
    "effect_pehe": 7.898248195648193,
    "effect_mae": 1.0167675018310547
}