{
    "effect_pehe": 6.813533306121826,
    "effect_mae": 0.16249656677246094
}