{
    "effect_pehe": 8.1419095993042,
    "effect_mae": 1.0028533935546875
}