{
    "effect_pehe": 4.5030517578125,
    "effect_mae": 0.3206672668457031
}