{
    "effect_pehe": 10.151650428771973,
    "effect_mae": 1.5673856735229492
}