{
    "effect_pehe": 7.720945835113525,
    "effect_mae": 2.189669609069824
}