{
    "effect_pehe": 6.320052623748779,
    "effect_mae": 0.9107370376586914
}