{
    "effect_pehe": 6.351688385009766,
    "effect_mae": 0.5056467056274414
}