{
    "effect_pehe": 5.907187461853027,
    "effect_mae": 1.3029203414916992
}