{
    "effect_pehe": 6.502549648284912,
    "effect_mae": 1.1047825813293457
}