{
    "effect_pehe": 9.354387283325195,
    "effect_mae": 1.4444708824157715
}