{
    "effect_pehe": 8.748495101928711,
    "effect_mae": 2.5907392501831055
}