{
    "effect_pehe": 7.262907028198242,
    "effect_mae": 1.1451101303100586
}