{
    "effect_pehe": 6.534779071807861,
    "effect_mae": 0.5612635612487793
}