{
    "effect_pehe": 6.693280220031738,
    "effect_mae": 0.8443074226379395
}