{
    "effect_pehe": 6.37030553817749,
    "effect_mae": 0.4926447868347168
}