{
    "effect_pehe": 1.7564377784729004,
    "effect_mae": 0.32840704917907715
}