{
    "effect_pehe": 1.5244601964950562,
    "effect_mae": 0.6197503805160522
}