{
    "effect_pehe": 1.5069167613983154,
    "effect_mae": 0.2025102972984314
}