{
    "effect_pehe": 1.6095292568206787,
    "effect_mae": 0.19294404983520508
}