{
    "effect_pehe": 1.9351680278778076,
    "effect_mae": 1.1972453594207764
}