{
    "effect_pehe": 4.742758750915527,
    "effect_mae": 0.021700382232666016
}