{
    "effect_pehe": 6.415860176086426,
    "effect_mae": 1.2429885864257812
}