{
    "effect_pehe": 12.158834457397461,
    "effect_mae": 3.022902488708496
}