{
    "effect_pehe": 6.923800945281982,
    "effect_mae": 0.5216588973999023
}