{
    "effect_pehe": 5.326414585113525,
    "effect_mae": 1.4443507194519043
}