{
    "effect_pehe": 19.918563842773438,
    "effect_mae": 0.22783851623535156
}