{
    "effect_pehe": 19.59473991394043,
    "effect_mae": 1.7744555473327637
}