{
    "effect_pehe": 5.221621990203857,
    "effect_mae": 1.1218845844268799
}