{
    "effect_pehe": 6.253499507904053,
    "effect_mae": 1.9785146713256836
}