{
    "effect_pehe": 8.72026538848877,
    "effect_mae": 0.48211097717285156
}