{
    "effect_pehe": 8.162108421325684,
    "effect_mae": 2.1162729263305664
}