{
    "effect_pehe": 8.728341102600098,
    "effect_mae": 1.0580205917358398
}