{
    "effect_pehe": 4.302774429321289,
    "effect_mae": 0.026417255401611328
}