{
    "effect_pehe": 5.813807964324951,
    "effect_mae": 0.37726402282714844
}