{
    "effect_pehe": 6.987506329300202,
    "effect_mae": 5.465294785183365
}