{
    "effect_pehe": 12.46206971038934,
    "effect_mae": 9.05678059298037
}