{
    "effect_pehe": 7.84261987574767,
    "effect_mae": 5.651315064004654
}