{
    "effect_pehe": 16.065040236136547,
    "effect_mae": 11.257379914951224
}