{
    "effect_pehe": 10.476193783773343,
    "effect_mae": 6.06514785838565
}