{
    "effect_pehe": 7.244436736091726,
    "effect_mae": 5.343403124923051
}