{
    "effect_pehe": 10.540555327891685,
    "effect_mae": 6.858524515048192
}