{
    "effect_pehe": 15.636985652524984,
    "effect_mae": 11.402059613008637
}