{
    "effect_pehe": 12.774178519853757,
    "effect_mae": 9.057768831765946
}