{
    "effect_pehe": 9.22694119787225,
    "effect_mae": 6.731711865445402
}