{
    "effect_pehe": 5.135404008398896,
    "effect_mae": 3.7306216639057386
}