{
    "effect_pehe": 10.952979490221992,
    "effect_mae": 8.137018860230103
}