{
    "effect_pehe": 24.761793816687074,
    "effect_mae": 19.376425247125923
}