{
    "effect_pehe": 18.86613474807736,
    "effect_mae": 13.48386905995198
}