{
    "effect_pehe": 34.112190361097866,
    "effect_mae": 22.14156039270609
}