{
    "effect_pehe": 22.679698673060926,
    "effect_mae": 17.01795707345076
}