{
    "effect_pehe": 19.072730648874778,
    "effect_mae": 13.607747241476195
}