{
    "effect_pehe": 17.978130114240543,
    "effect_mae": 12.450287743189183
}