{
    "effect_pehe": 20.3258182412939,
    "effect_mae": 14.147056230890803
}