{
    "effect_pehe": 23.85385601240779,
    "effect_mae": 19.82040638044969
}