{
    "effect_pehe": 27.620718026381322,
    "effect_mae": 21.29512484926157
}