{
    "effect_pehe": 3.0402168074734446,
    "effect_mae": 2.4239066156734843
}