{
    "effect_pehe": 3.9243343819202665,
    "effect_mae": 3.1755195395427402
}