{
    "effect_pehe": 6.420245889010298,
    "effect_mae": 5.282314129489157
}