{
    "effect_pehe": 5.982742568304462,
    "effect_mae": 4.895252846999696
}