{
    "effect_pehe": 2.73096917069865,
    "effect_mae": 2.164871977238086
}