{
    "effect_pehe": 4.058125725306171,
    "effect_mae": 3.2839466736723644
}