{
    "effect_pehe": 3.6315681947389025,
    "effect_mae": 2.9214188155106884
}