{
    "effect_pehe": 2.8149433939563004,
    "effect_mae": 2.218439333011599
}