{
    "effect_pehe": 5.467185020446777,
    "effect_mae": 1.395308017730713
}