{
    "effect_pehe": 12.518851280212402,
    "effect_mae": 2.135420799255371
}