{
    "effect_pehe": 9.537339210510254,
    "effect_mae": 1.2588772773742676
}