{
    "effect_pehe": 4.982996463775635,
    "effect_mae": 0.8744106292724609
}