{
    "effect_pehe": 4.4883904457092285,
    "effect_mae": 0.4647970199584961
}