{
    "effect_pehe": 4.780118465423584,
    "effect_mae": 0.6303200721740723
}