{
    "effect_pehe": 9.42599868774414,
    "effect_mae": 1.0271577835083008
}