{
    "effect_pehe": 6.381161689758301,
    "effect_mae": 0.7370414733886719
}