{
    "effect_pehe": 7.368746757507324,
    "effect_mae": 0.2512674331665039
}