{
    "effect_pehe": 16.573272705078125,
    "effect_mae": 2.680055618286133
}