{
    "effect_pehe": 5.056946277618408,
    "effect_mae": 0.030730247497558594
}