{
    "effect_pehe": 4.710465908050537,
    "effect_mae": 0.3172292709350586
}