{
    "effect_pehe": 5.654932975769043,
    "effect_mae": 2.742258071899414
}