{
    "effect_pehe": 3.573465347290039,
    "effect_mae": 1.0502943992614746
}