{
    "effect_pehe": 5.676809310913086,
    "effect_mae": 2.760660171508789
}