{
    "effect_pehe": 4.685987949371338,
    "effect_mae": 1.5876951217651367
}