{
    "effect_pehe": 4.83676815032959,
    "effect_mae": 1.0724356174468994
}