{
    "effect_pehe": 5.554924964904785,
    "effect_mae": 1.0889062881469727
}