{
    "effect_pehe": 1.7319271564483643,
    "effect_mae": 0.20314320921897888
}