{
    "effect_pehe": 1.860829472541809,
    "effect_mae": 0.42075762152671814
}