{
    "effect_pehe": 1.6739364862442017,
    "effect_mae": 0.22829532623291016
}