{
    "effect_pehe": 1.289042353630066,
    "effect_mae": 0.16754019260406494
}