{
    "effect_pehe": 1.2615994215011597,
    "effect_mae": 0.054622501134872437
}