{
    "effect_pehe": 3.3142778873443604,
    "effect_mae": 0.4625276029109955
}