{
    "effect_pehe": 1.957764983177185,
    "effect_mae": 0.26848727464675903
}