{
    "effect_pehe": 3.0809412002563477,
    "effect_mae": 0.5259974002838135
}