{
    "effect_pehe": 1.644395351409912,
    "effect_mae": 0.012340754270553589
}