{
    "effect_pehe": 3.527819871902466,
    "effect_mae": 0.24260739982128143
}