{
    "effect_pehe": 2.0468554496765137,
    "effect_mae": 0.19023141264915466
}