{
    "effect_pehe": 0.7874090671539307,
    "effect_mae": 0.06134328246116638
}