{
    "effect_pehe": 1.7656360864639282,
    "effect_mae": 0.06608796119689941
}