{
    "effect_pehe": 0.794706404209137,
    "effect_mae": 0.001949608325958252
}