{
    "effect_pehe": 0.7818222045898438,
    "effect_mae": 0.013124555349349976
}