{
    "effect_pehe": 3.22602915763855,
    "effect_mae": 0.29602470993995667
}