{
    "effect_pehe": 1.9198247194290161,
    "effect_mae": 0.12912437319755554
}