{
    "effect_pehe": 1.7563201189041138,
    "effect_mae": 0.258158802986145
}