{
    "effect_pehe": 1.232133388519287,
    "effect_mae": 0.10402941703796387
}