{
    "effect_pehe": 1.6716127395629883,
    "effect_mae": 0.25652748346328735
}