{
    "effect_pehe": 1.4911142587661743,
    "effect_mae": 0.0557117760181427
}