{
    "effect_pehe": 1.0340304374694824,
    "effect_mae": 0.10816538333892822
}