{
    "effect_pehe": 0.7705643773078918,
    "effect_mae": 0.04940003156661987
}