{
    "effect_pehe": 2.5713062286376953,
    "effect_mae": 0.1838679313659668
}