{
    "effect_pehe": 0.7657253742218018,
    "effect_mae": 0.07808566093444824
}