{
    "effect_pehe": 1.8654741048812866,
    "effect_mae": 0.30299073457717896
}