{
    "effect_pehe": 13.446541620999042,
    "effect_mae": 6.279743885146318
}