{
    "epoch": [
        0,
        1,
        2,
        3,
        4,
        5,
        6,
        7,
        8,
        9,
        10,
        11,
        12,
        13,
        14,
        15,
        16,
        17,
        18,
        19,
        20,
        21,
        22,
        23,
        24,
        25,
        26,
        27,
        28,
        29,
        30,
        31,
        32,
        33,
        34,
        35,
        36,
        37,
        38,
        39,
        40,
        41,
        42,
        43,
        44,
        45,
        46,
        47,
        48,
        49,
        50,
        51,
        52,
        53,
        54,
        55,
        56,
        57,
        58,
        59,
        60,
        61,
        62,
        63,
        64,
        65,
        66,
        67,
        68,
        69,
        70,
        71,
        72,
        73,
        74,
        75,
        76,
        77,
        78,
        79,
        80,
        81,
        82,
        83,
        84,
        85,
        86,
        87,
        88,
        89,
        90,
        91,
        92,
        93,
        94,
        95,
        96,
        97,
        98,
        99,
        100,
        101,
        102,
        103,
        104,
        105,
        106,
        107,
        108,
        109,
        110,
        111,
        112,
        113,
        114,
        115,
        116,
        117,
        118,
        119,
        120,
        121,
        122,
        123,
        124,
        125,
        126,
        127,
        128,
        129,
        130,
        131,
        132,
        133,
        134,
        135,
        136,
        137,
        138,
        139,
        140,
        141,
        142,
        143,
        144,
        145,
        146,
        147,
        148,
        149,
        150,
        151,
        152,
        153,
        154,
        155,
        156,
        157,
        158,
        159,
        160,
        161,
        162
    ],
    "train_loss": [
        55.077754974365234,
        54.86236572265625,
        54.646034240722656,
        54.413856506347656,
        54.15121078491211,
        53.85405349731445,
        53.511837005615234,
        53.127071380615234,
        52.6640510559082,
        52.139339447021484,
        51.50285339355469,
        50.764434814453125,
        49.900718688964844,
        48.89387893676758,
        47.76890563964844,
        46.50702667236328,
        45.23645782470703,
        43.915245056152344,
        42.75265121459961,
        41.990577697753906,
        41.756797790527344,
        42.21697235107422,
        42.87940979003906,
        42.95182418823242,
        42.46955490112305,
        41.77504348754883,
        41.17487716674805,
        40.831764221191406,
        40.65581130981445,
        40.470462799072266,
        40.380008697509766,
        40.32390213012695,
        40.167564392089844,
        39.904693603515625,
        39.57709503173828,
        39.218528747558594,
        38.71717071533203,
        38.2924690246582,
        37.858924865722656,
        37.439029693603516,
        37.01991271972656,
        36.54601287841797,
        36.03351974487305,
        35.33476638793945,
        34.722015380859375,
        33.93532180786133,
        33.16802978515625,
        32.25464630126953,
        31.377460479736328,
        30.35310935974121,
        29.276830673217773,
        28.174930572509766,
        27.10489273071289,
        25.968717575073242,
        24.781429290771484,
        23.573974609375,
        22.3231143951416,
        21.1380615234375,
        19.958091735839844,
        18.800888061523438,
        17.688217163085938,
        16.6618709564209,
        15.733831405639648,
        14.917508125305176,
        14.269750595092773,
        13.7626314163208,
        13.375600814819336,
        13.096952438354492,
        12.9431791305542,
        12.840388298034668,
        12.747036933898926,
        12.67781925201416,
        12.595268249511719,
        12.466328620910645,
        12.293740272521973,
        12.100014686584473,
        11.880949020385742,
        11.623913764953613,
        11.392040252685547,
        11.146801948547363,
        10.923710823059082,
        10.698821067810059,
        10.502326011657715,
        10.308418273925781,
        10.118036270141602,
        9.944766998291016,
        9.77283000946045,
        9.618008613586426,
        9.449280738830566,
        9.25456714630127,
        9.082456588745117,
        8.890480041503906,
        8.714069366455078,
        8.574173927307129,
        8.455284118652344,
        8.3870210647583,
        8.306731224060059,
        8.21329402923584,
        8.129232406616211,
        8.050485610961914,
        7.9912214279174805,
        7.877788543701172,
        7.849311351776123,
        7.8460869789123535,
        7.826525688171387,
        7.779766082763672,
        7.736279010772705,
        7.685225486755371,
        7.708902835845947,
        7.639644622802734,
        7.654932975769043,
        7.5691399574279785,
        7.543307304382324,
        7.571420192718506,
        7.6023712158203125,
        7.6014180183410645,
        7.4573564529418945,
        7.4649553298950195,
        7.491713047027588,
        7.456645965576172,
        7.466588973999023,
        7.3966965675354,
        7.375439167022705,
        7.384034633636475,
        7.355112075805664,
        7.3243303298950195,
        7.307413578033447,
        7.287932872772217,
        7.320583343505859,
        7.270536422729492,
        7.285156726837158,
        7.260303974151611,
        7.247089862823486,
        7.2285380363464355,
        7.197474956512451,
        7.211679458618164,
        7.1846818923950195,
        7.207634449005127,
        7.169807434082031,
        7.145598888397217,
        7.150197982788086,
        7.13616418838501,
        7.1184306144714355,
        7.119348049163818,
        7.0983357429504395,
        7.092497825622559,
        7.06195068359375,
        7.079123497009277,
        7.052792549133301,
        7.0410237312316895,
        7.027547359466553,
        7.0198540687561035,
        6.998378276824951,
        6.9994683265686035,
        6.9823713302612305,
        6.960734844207764,
        6.965975284576416,
        6.940255641937256,
        6.936301231384277,
        6.9199018478393555,
        6.923244953155518,
        6.914727687835693,
        6.892361164093018
    ],