{
    "epoch": [
        0,
        1,
        2,
        3,
        4,
        5,
        6,
        7,
        8,
        9,
        10,
        11,
        12,
        13,
        14,
        15,
        16,
        17,
        18,
        19,
        20,
        21,
        22,
        23,
        24,
        25,
        26,
        27,
        28,
        29,
        30,
        31,
        32,
        33,
        34,
        35,
        36,
        37,
        38,
        39,
        40,
        41,
        42,
        43,
        44,
        45,
        46,
        47,
        48,
        49,
        50,
        51,
        52,
        53,
        54,
        55,
        56,
        57,
        58,
        59,
        60,
        61,
        62,
        63,
        64,
        65,
        66,
        67,
        68,
        69,
        70,
        71,
        72,
        73,
        74,
        75,
        76,
        77,
        78,
        79,
        80,
        81,
        82,
        83,
        84,
        85,
        86,
        87,
        88,
        89,
        90,
        91,
        92,
        93,
        94,
        95,
        96,
        97,
        98,
        99,
        100,
        101,
        102,
        103,
        104,
        105,
        106,
        107,
        108,
        109,
        110,
        111,
        112,
        113,
        114,
        115,
        116,
        117,
        118,
        119,
        120,
        121,
        122,
        123,
        124,
        125,
        126,
        127,
        128,
        129,
        130,
        131,
        132,
        133,
        134,
        135,
        136,
        137,
        138,
        139,
        140,
        141,
        142,
        143,
        144,
        145,
        146,
        147,
        148,
        149,
        150,
        151,
        152,
        153,
        154,
        155,
        156,
        157,
        158,
        159,
        160,
        161,
        162,
        163,
        164,
        165,
        166,
        167,
        168,
        169,
        170,
        171,
        172,
        173,
        174,
        175,
        176,
        177,
        178,
        179,
        180,
        181,
        182,
        183,
        184
    ],
    "train_loss": [
        54.08613586425781,
        53.878265380859375,
        53.67930221557617,
        53.479652404785156,
        53.26720428466797,
        53.03901290893555,
        52.791805267333984,
        52.51494598388672,
        52.20746612548828,
        51.84030532836914,
        51.42683029174805,
        50.951332092285156,
        50.380149841308594,
        49.733882904052734,
        49.003170013427734,
        48.15243911743164,
        47.206382751464844,
        46.15892028808594,
        45.08049011230469,
        43.907649993896484,
        42.82081985473633,
        41.77459716796875,
        40.975791931152344,
        40.53235626220703,
        40.29507827758789,
        40.41924285888672,
        40.556724548339844,
        40.41217041015625,
        39.98204040527344,
        39.44707489013672,
        38.88325881958008,
        38.46825408935547,
        38.09144973754883,
        37.69633102416992,
        37.36848449707031,
        37.00819396972656,
        36.47796630859375,
        35.98250198364258,
        35.31405258178711,
        34.64573287963867,
        33.897544860839844,
        33.11586380004883,
        32.37424850463867,
        31.519088745117188,
        30.60093879699707,
        29.713008880615234,
        28.771804809570312,
        27.714799880981445,
        26.57871437072754,
        25.43349266052246,
        24.21839141845703,
        23.014892578125,
        21.750280380249023,
        20.56744384765625,
        19.46284294128418,
        18.370412826538086,
        17.34929656982422,
        16.433563232421875,
        15.670763969421387,
        15.065248489379883,
        14.579373359680176,
        14.175726890563965,
        13.864482879638672,
        13.6529541015625,
        13.495661735534668,
        13.313791275024414,
        13.187820434570312,
        12.996662139892578,
        12.811857223510742,
        12.57795524597168,
        12.334370613098145,
        12.093707084655762,
        11.869627952575684,
        11.56240177154541,
        11.324642181396484,
        11.05264949798584,
        10.85468578338623,
        10.623738288879395,
        10.406473159790039,
        10.237730026245117,
        10.057782173156738,
        9.89164924621582,
        9.690801620483398,
        9.49732780456543,
        9.344785690307617,
        9.188827514648438,
        9.024312019348145,
        8.90536117553711,
        8.782119750976562,
        8.68226432800293,
        8.619382858276367,
        8.524710655212402,
        8.525485038757324,
        8.456756591796875,
        8.402868270874023,
        8.35315990447998,
        8.264378547668457,
        8.26818561553955,
        8.22805118560791,
        8.176609992980957,
        8.161662101745605,
        8.088959693908691,
        8.040953636169434,
        8.019171714782715,
        7.969681739807129,
        7.945166110992432,
        7.956364154815674,
        7.928720474243164,
        7.87558126449585,
        7.849401473999023,
        7.8410210609436035,
        7.836363315582275,
        7.754448890686035,
        7.784393787384033,
        7.751859188079834,
        7.738874912261963,
        7.709207534790039,
        7.690967082977295,
        7.681007385253906,
        7.688006401062012,
        7.657552242279053,
        7.65899658203125,
        7.62438440322876,
        7.6227288246154785,
        7.604109287261963,
        7.587785243988037,
        7.591649532318115,
        7.5603413581848145,
        7.557839870452881,
        7.521200656890869,
        7.530612945556641,
        7.505331039428711,
        7.5022993087768555,
        7.481986045837402,
        7.4917378425598145,
        7.469310283660889,
        7.468142509460449,
        7.435630798339844,
        7.398555755615234,
        7.421108245849609,
        7.412433624267578,
        7.391249656677246,
        7.3667826652526855,
        7.365071773529053,
        7.348258972167969,
        7.338936805725098,
        7.330989360809326,
        7.311369895935059,
        7.284585475921631,
        7.2837419509887695,
        7.285618305206299,
        7.255612373352051,
        7.258275985717773,
        7.232135772705078,
        7.232992649078369,
        7.220538139343262,
        7.189553737640381,
        7.1866607666015625,
        7.171101093292236,
        7.172428131103516,
        7.147596836090088,
        7.139035701751709,
        7.131124973297119,
        7.109658718109131,
        7.085514068603516,
        7.0797858238220215,
        7.071869850158691,
        7.061659336090088,
        7.052227973937988,
        7.041238784790039,
        7.025457382202148,
        7.009273529052734,
        7.000882148742676,
        7.006200313568115,
        6.968709468841553,
        6.954248905181885,
        6.954986095428467,
        6.934162616729736,
        6.929764270782471,
        6.908329010009766,
        6.895811080932617,
        6.8933610916137695,
        6.88450288772583,
        6.858631134033203,
        6.858871936798096
    ],