{
    "epoch": [
        0,
        1,
        2,
        3,
        4,
        5,
        6,
        7,
        8,
        9,
        10,
        11,
        12,
        13,
        14,
        15,
        16,
        17,
        18,
        19,
        20,
        21,
        22,
        23,
        24,
        25,
        26,
        27,
        28,
        29,
        30,
        31,
        32,
        33,
        34,
        35,
        36,
        37,
        38,
        39,
        40,
        41,
        42,
        43,
        44,
        45,
        46,
        47,
        48,
        49,
        50,
        51,
        52,
        53,
        54,
        55,
        56,
        57,
        58,
        59,
        60,
        61,
        62,
        63,
        64,
        65,
        66,
        67,
        68,
        69,
        70,
        71,
        72,
        73,
        74,
        75,
        76,
        77,
        78,
        79,
        80,
        81,
        82,
        83,
        84,
        85,
        86,
        87,
        88,
        89,
        90,
        91,
        92,
        93,
        94,
        95,
        96,
        97,
        98,
        99,
        100,
        101,
        102,
        103,
        104,
        105,
        106,
        107,
        108,
        109,
        110,
        111,
        112,
        113,
        114,
        115,
        116,
        117,
        118,
        119,
        120,
        121,
        122,
        123,
        124,
        125,
        126,
        127,
        128,
        129,
        130,
        131,
        132,
        133,
        134,
        135,
        136,
        137,
        138,
        139,
        140
    ],
    "train_loss": [
        54.99049758911133,
        54.80966567993164,
        54.612640380859375,
        54.390316009521484,
        54.1319694519043,
        53.82593536376953,
        53.4642333984375,
        53.03105545043945,
        52.5260124206543,
        51.91318130493164,
        51.20691680908203,
        50.3658332824707,
        49.39176559448242,
        48.25904083251953,
        47.036109924316406,
        45.705509185791016,
        44.2848014831543,
        43.0064697265625,
        41.894962310791016,
        41.20716094970703,
        41.06465530395508,
        41.49009704589844,
        41.947750091552734,
        41.77524948120117,
        41.216426849365234,
        40.559879302978516,
        39.94228744506836,
        39.50547409057617,
        39.230777740478516,
        39.05434036254883,
        38.82505416870117,
        38.555294036865234,
        38.22775650024414,
        37.733367919921875,
        37.18670654296875,
        36.650001525878906,
        36.030338287353516,
        35.36792755126953,
        34.82927322387695,
        34.10995864868164,
        33.38946533203125,
        32.61191940307617,
        31.767080307006836,
        30.802270889282227,
        29.803009033203125,
        28.734556198120117,
        27.58466911315918,
        26.415061950683594,
        25.239641189575195,
        24.059593200683594,
        22.80720329284668,
        21.479429244995117,
        20.17845344543457,
        18.894018173217773,
        17.667455673217773,
        16.51605987548828,
        15.431041717529297,
        14.520649909973145,
        13.692573547363281,
        13.042630195617676,
        12.578597068786621,
        12.084246635437012,
        11.766562461853027,
        11.561507225036621,
        11.370378494262695,
        11.147276878356934,
        11.024018287658691,
        10.80378532409668,
        10.722886085510254,
        10.478736877441406,
        10.32034683227539,
        10.14120101928711,
        9.929512023925781,
        9.683797836303711,
        9.384880065917969,
        9.208423614501953,
        8.994214057922363,
        8.790584564208984,
        8.633707046508789,
        8.486140251159668,
        8.395066261291504,
        8.276902198791504,
        8.201791763305664,
        8.0506591796875,
        7.955219745635986,
        7.782780647277832,
        7.665660381317139,
        7.489245414733887,
        7.399580001831055,
        7.266842365264893,
        7.172475814819336,
        7.1503119468688965,
        7.025743007659912,
        7.00956392288208,
        6.915148735046387,
        6.8624420166015625,
        6.809006214141846,
        6.728182792663574,
        6.695350646972656,
        6.608636856079102,
        6.633517265319824,
        6.554772853851318,
        6.5229105949401855,
        6.499645709991455,
        6.438455104827881,
        6.404184341430664,
        6.379231929779053,
        6.347601890563965,
        6.315937519073486,
        6.296339988708496,
        6.257641315460205,
        6.235206604003906,
        6.198493957519531,
        6.183868885040283,
        6.15891170501709,
        6.135761737823486,
        6.099222183227539,
        6.07482385635376,
        6.090307712554932,
        6.091609477996826,
        6.0503621101379395,
        6.043818950653076,
        6.019049644470215,
        5.993886947631836,
        5.982093334197998,
        5.979826927185059,
        5.9512038230896,
        5.953702926635742,
        5.933468341827393,
        5.917579650878906,
        5.917147636413574,
        5.88176155090332,
        5.87443208694458,
        5.860352039337158,
        5.828685283660889,
        5.804872512817383,
        5.789328575134277,
        5.783844947814941,
        5.793916702270508,
        5.780624866485596,
        5.756996154785156
    ],