{
    "effect_pehe": 6.572139739990234,
    "effect_mae": 0.26165342330932617
}