{
    "effect_pehe": 8.265142440795898,
    "effect_mae": 1.6081275939941406
}