{
    "effect_pehe": 6.411500930786133,
    "effect_mae": 0.8593840599060059
}