{
    "epoch": [
        0,
        1,
        2,
        3,
        4,
        5,
        6,
        7,
        8,
        9,
        10,
        11,
        12,
        13,
        14,
        15,
        16,
        17,
        18,
        19,
        20,
        21,
        22,
        23,
        24,
        25,
        26,
        27,
        28,
        29,
        30,
        31,
        32,
        33,
        34,
        35,
        36,
        37,
        38,
        39,
        40,
        41,
        42,
        43,
        44,
        45,
        46,
        47,
        48,
        49,
        50,
        51,
        52,
        53,
        54,
        55,
        56,
        57,
        58,
        59,
        60,
        61,
        62,
        63,
        64,
        65,
        66,
        67,
        68,
        69,
        70,
        71,
        72,
        73,
        74,
        75,
        76,
        77,
        78,
        79,
        80,
        81,
        82,
        83,
        84,
        85,
        86,
        87,
        88,
        89,
        90,
        91,
        92,
        93,
        94,
        95,
        96,
        97,
        98,
        99,
        100,
        101,
        102,
        103,
        104,
        105,
        106,
        107,
        108,
        109,
        110,
        111,
        112,
        113,
        114,
        115,
        116,
        117,
        118,
        119,
        120,
        121,
        122,
        123,
        124,
        125,
        126,
        127,
        128,
        129,
        130,
        131,
        132,
        133,
        134,
        135,
        136,
        137,
        138,
        139,
        140,
        141,
        142,
        143,
        144,
        145,
        146,
        147,
        148,
        149,
        150,
        151,
        152,
        153,
        154,
        155,
        156,
        157,
        158,
        159,
        160,
        161,
        162,
        163,
        164
    ],
    "train_loss": [
        52.95897674560547,
        52.7756233215332,
        52.59620666503906,
        52.413230895996094,
        52.21921920776367,
        52.00294876098633,
        51.75091552734375,
        51.46365737915039,
        51.12269592285156,
        50.71993637084961,
        50.22173309326172,
        49.64208221435547,
        48.93670654296875,
        48.13439178466797,
        47.18602752685547,
        46.123680114746094,
        44.90959930419922,
        43.583614349365234,
        42.243316650390625,
        40.846622467041016,
        39.62253189086914,
        38.97543716430664,
        38.7741813659668,
        39.3712158203125,
        39.98276138305664,
        39.9948616027832,
        39.55656433105469,
        38.89564895629883,
        38.24332809448242,
        37.764278411865234,
        37.48135757446289,
        37.3954963684082,
        37.34342956542969,
        37.20109558105469,
        37.12403869628906,
        36.763397216796875,
        36.370784759521484,
        35.9404296875,
        35.50691223144531,
        35.06841278076172,
        34.44334411621094,
        33.97560119628906,
        33.55099868774414,
        33.09994888305664,
        32.56888198852539,
        32.01873779296875,
        31.258136749267578,
        30.4830322265625,
        29.71811294555664,
        28.87798309326172,
        28.0257511138916,
        27.147775650024414,
        26.277122497558594,
        25.348785400390625,
        24.47147560119629,
        23.520675659179688,
        22.55462646484375,
        21.566471099853516,
        20.61919593811035,
        19.71794891357422,
        18.849361419677734,
        17.948354721069336,
        17.116151809692383,
        16.31950569152832,
        15.527005195617676,
        14.771086692810059,
        14.079614639282227,
        13.485018730163574,
        12.91697883605957,
        12.447212219238281,
        12.016051292419434,
        11.6851806640625,
        11.480887413024902,
        11.25952434539795,
        11.09300422668457,
        10.97783374786377,
        10.824952125549316,
        10.713220596313477,
        10.571866035461426,
        10.443548202514648,
        10.276779174804688,
        10.118897438049316,
        9.900644302368164,
        9.754197120666504,
        9.548127174377441,
        9.40121841430664,
        9.252964973449707,
        9.11916446685791,
        8.982996940612793,
        8.888833045959473,
        8.752243995666504,
        8.678430557250977,
        8.59991455078125,
        8.445716857910156,
        8.257204055786133,
        8.179774284362793,
        8.03085708618164,
        7.920883655548096,
        7.6874613761901855,
        7.699654579162598,
        7.547978401184082,
        7.474877834320068,
        7.433786392211914,
        7.344000339508057,
        7.230844974517822,
        7.16535758972168,
        7.1290106773376465,
        7.057773590087891,
        7.040875434875488,
        7.025571346282959,
        6.945770740509033,
        6.855746746063232,
        6.862617492675781,
        6.804790019989014,
        6.746483325958252,
        6.7181715965271,
        6.666050434112549,
        6.622536659240723,
        6.568691730499268,
        6.547951698303223,
        6.526625633239746,
        6.488829135894775,
        6.465761661529541,
        6.41109561920166,
        6.374818801879883,
        6.419754505157471,
        6.3835225105285645,
        6.347243309020996,
        6.335148811340332,
        6.279007911682129,
        6.273289203643799,
        6.240850448608398,
        6.228100776672363,
        6.188526630401611,
        6.186673641204834,
        6.164403438568115,
        6.134810924530029,
        6.141678333282471,
        6.100914478302002,
        6.089443206787109,
        6.060271739959717,
        6.0438032150268555,
        6.034019947052002,
        6.008090019226074,
        6.001418590545654,
        5.9917120933532715,
        5.96889066696167,
        5.961798191070557,
        5.950612545013428,
        5.927335262298584,
        5.924213409423828,
        5.892406463623047,
        5.892732620239258,
        5.87270450592041,
        5.863090515136719,
        5.8505964279174805,
        5.841910362243652,
        5.838697910308838,
        5.794707775115967,
        5.796931743621826,
        5.786961555480957,
        5.759829044342041,
        5.757678985595703,
        5.7329816818237305,
        5.724010944366455
    ],