{
    "epoch": [
        0,
        1,
        2,
        3,
        4,
        5,
        6,
        7,
        8,
        9,
        10,
        11,
        12,
        13,
        14,
        15,
        16,
        17,
        18,
        19,
        20,
        21,
        22,
        23,
        24,
        25,
        26,
        27,
        28,
        29,
        30,
        31,
        32,
        33,
        34,
        35,
        36,
        37,
        38,
        39,
        40,
        41,
        42,
        43,
        44,
        45,
        46,
        47,
        48,
        49,
        50,
        51,
        52,
        53,
        54,
        55,
        56,
        57,
        58,
        59,
        60,
        61,
        62,
        63,
        64,
        65,
        66,
        67,
        68,
        69,
        70,
        71,
        72,
        73,
        74,
        75,
        76,
        77,
        78,
        79,
        80,
        81,
        82,
        83,
        84,
        85,
        86,
        87,
        88,
        89,
        90,
        91,
        92,
        93,
        94,
        95,
        96,
        97,
        98,
        99,
        100,
        101,
        102,
        103,
        104,
        105,
        106,
        107,
        108,
        109,
        110,
        111,
        112,
        113,
        114,
        115,
        116,
        117,
        118,
        119,
        120,
        121,
        122,
        123,
        124,
        125,
        126,
        127,
        128,
        129,
        130,
        131,
        132,
        133,
        134,
        135,
        136,
        137,
        138,
        139,
        140,
        141,
        142,
        143,
        144,
        145,
        146,
        147,
        148,
        149,
        150,
        151,
        152,
        153,
        154,
        155,
        156,
        157,
        158,
        159,
        160,
        161,
        162,
        163,
        164,
        165,
        166,
        167,
        168,
        169,
        170,
        171,
        172,
        173,
        174,
        175,
        176,
        177,
        178,
        179,
        180,
        181,
        182,
        183,
        184,
        185
    ],
    "train_loss": [
        55.1273078918457,
        54.93684768676758,
        54.75267028808594,
        54.564796447753906,
        54.360347747802734,
        54.132080078125,
        53.86772537231445,
        53.5581169128418,
        53.194461822509766,
        52.755374908447266,
        52.24049758911133,
        51.63103103637695,
        50.91598129272461,
        50.083152770996094,
        49.10334014892578,
        47.979434967041016,
        46.7177619934082,
        45.299072265625,
        43.81913757324219,
        42.31003189086914,
        40.937808990478516,
        39.854148864746094,
        39.320777893066406,
        39.5657958984375,
        40.17489242553711,
        40.471534729003906,
        40.01228713989258,
        39.35460662841797,
        38.582298278808594,
        37.94329833984375,
        37.5223503112793,
        37.252201080322266,
        37.14844512939453,
        37.07386779785156,
        36.8303337097168,
        36.54411315917969,
        36.0921630859375,
        35.55366897583008,
        34.906951904296875,
        34.239662170410156,
        33.53092956542969,
        32.89796447753906,
        32.256744384765625,
        31.65007781982422,
        30.910221099853516,
        30.15755844116211,
        29.257404327392578,
        28.283672332763672,
        27.217479705810547,
        26.080793380737305,
        24.985715866088867,
        23.870513916015625,
        22.6956729888916,
        21.488473892211914,
        20.231294631958008,
        18.98323631286621,
        17.76795768737793,
        16.574567794799805,
        15.42618179321289,
        14.344400405883789,
        13.353669166564941,
        12.493119239807129,
        11.775629043579102,
        11.175814628601074,
        10.725384712219238,
        10.422831535339355,
        10.240067481994629,
        10.103447914123535,
        10.01452350616455,
        9.970341682434082,
        9.922210693359375,
        9.841215133666992,
        9.71002197265625,
        9.571748733520508,
        9.413228034973145,
        9.203715324401855,
        8.99802303314209,
        8.786788940429688,
        8.603917121887207,
        8.413161277770996,
        8.254404067993164,
        8.106399536132812,
        7.9918107986450195,
        7.864291667938232,
        7.768646717071533,
        7.681821346282959,
        7.585192680358887,
        7.498622894287109,
        7.385010719299316,
        7.253593921661377,
        7.1340484619140625,
        6.9776835441589355,
        6.827770233154297,
        6.6713738441467285,
        6.497312545776367,
        6.36154842376709,
        6.152895927429199,
        5.966363430023193,
        5.790261745452881,
        5.660400867462158,
        5.49320125579834,
        5.352106094360352,
        5.132640361785889,
        5.016906261444092,
        4.921963214874268,
        4.810563087463379,
        4.715534210205078,
        4.718185901641846,
        4.678206443786621,
        4.612302303314209,
        4.528924942016602,
        4.496710777282715,
        4.436950206756592,
        4.397801399230957,
        4.429255485534668,
        4.463172435760498,
        4.326645851135254,
        4.267373561859131,
        4.265289783477783,
        4.1638383865356445,
        4.18117094039917,
        4.0763726234436035,
        4.136792182922363,
        4.0595855712890625,
        4.0955634117126465,
        4.057342052459717,
        4.036442279815674,
        3.9563093185424805,
        3.957310914993286,
        3.9658567905426025,
        3.9298689365386963,
        3.9431204795837402,
        3.8960907459259033,
        3.896827220916748,
        3.8602559566497803,
        3.8475921154022217,
        3.8355765342712402,
        3.826650857925415,
        3.7990713119506836,
        3.7873599529266357,
        3.779736280441284,
        3.7533774375915527,
        3.7633941173553467,
        3.7505733966827393,
        3.7479641437530518,
        3.7136342525482178,
        3.724956512451172,
        3.7051825523376465,
        3.6939682960510254,
        3.6903076171875,
        3.6821043491363525,
        3.6644468307495117,
        3.667313814163208,
        3.658194065093994,
        3.6394858360290527,
        3.618983030319214,
        3.6091268062591553,
        3.6195833683013916,
        3.6062097549438477,
        3.588657855987549,
        3.5815389156341553,
        3.57159161567688,
        3.5717921257019043,
        3.564572334289551,
        3.561070442199707,
        3.5588881969451904,
        3.5318596363067627,
        3.534944534301758,
        3.5202629566192627,
        3.515537738800049,
        3.509882926940918,
        3.512634038925171,
        3.49910569190979,
        3.5035314559936523,
        3.496321678161621,
        3.4871506690979004,
        3.4856534004211426,
        3.46431565284729,
        3.466761350631714,
        3.4536690711975098,
        3.4511067867279053,
        3.44335675239563,
        3.4402177333831787,
        3.4343667030334473,
        3.419133186340332,
        3.4054782390594482
    ],