{
    "effect_pehe": 3.1690356731414795,
    "effect_mae": 0.44025856256484985
}