{
    "effect_pehe": 2.497912645339966,
    "effect_mae": 0.17535465955734253
}