{
    "effect_pehe": 0.8027148246765137,
    "effect_mae": 0.04374593496322632
}