{
    "effect_pehe": 1.3609683513641357,
    "effect_mae": 0.07869251072406769
}