{
    "effect_pehe": 1.173134207725525,
    "effect_mae": 0.18991810083389282
}