{
    "effect_pehe": 2.1174397468566895,
    "effect_mae": 0.18907424807548523
}