{
    "effect_pehe": 2.275958776473999,
    "effect_mae": 0.11310487985610962
}