{
    "effect_pehe": 0.847994863986969,
    "effect_mae": 0.011339694261550903
}