{
    "effect_pehe": 0.7840781807899475,
    "effect_mae": 0.05626213550567627
}