{
    "effect_pehe": 1.9383525848388672,
    "effect_mae": 0.12570515275001526
}