{
    "effect_pehe": 1.7618261575698853,
    "effect_mae": 0.2670991122722626
}