{
    "effect_pehe": 3.9050605297088623,
    "effect_mae": 1.4201061725616455
}