{
    "effect_pehe": 8.766633987426758,
    "effect_mae": 0.7216672897338867
}