{
    "effect_pehe": 18.64493751525879,
    "effect_mae": 0.036955833435058594
}