{
    "effect_pehe": 8.21762752532959,
    "effect_mae": 0.33199405670166016
}