{
    "effect_pehe": 8.398346900939941,
    "effect_mae": 1.1372156143188477
}