{
    "epoch": [
        0,
        1,
        2,
        3,
        4,
        5,
        6,
        7,
        8,
        9,
        10,
        11,
        12,
        13,
        14,
        15,
        16,
        17,
        18,
        19,
        20,
        21,
        22,
        23,
        24,
        25,
        26,
        27,
        28,
        29,
        30,
        31,
        32,
        33,
        34,
        35,
        36,
        37,
        38,
        39,
        40,
        41,
        42,
        43,
        44,
        45,
        46,
        47,
        48,
        49,
        50,
        51,
        52,
        53,
        54,
        55,
        56,
        57,
        58,
        59,
        60,
        61,
        62,
        63,
        64,
        65,
        66,
        67,
        68,
        69,
        70,
        71,
        72,
        73,
        74,
        75,
        76,
        77,
        78,
        79,
        80,
        81,
        82,
        83,
        84,
        85,
        86,
        87,
        88,
        89,
        90,
        91,
        92,
        93,
        94,
        95,
        96,
        97,
        98,
        99,
        100,
        101,
        102,
        103,
        104,
        105,
        106,
        107,
        108,
        109,
        110,
        111,
        112,
        113,
        114,
        115,
        116,
        117,
        118,
        119,
        120,
        121,
        122,
        123,
        124,
        125,
        126,
        127,
        128,
        129,
        130,
        131,
        132,
        133,
        134,
        135,
        136,
        137,
        138,
        139,
        140,
        141,
        142,
        143,
        144,
        145,
        146,
        147,
        148,
        149,
        150,
        151,
        152,
        153,
        154,
        155,
        156,
        157,
        158,
        159,
        160,
        161,
        162,
        163,
        164,
        165
    ],
    "train_loss": [
        273.26788330078125,
        272.9146728515625,
        272.57379150390625,
        272.21905517578125,
        271.8416442871094,
        271.4406433105469,
        271.01458740234375,
        270.5408630371094,
        270.02301025390625,
        269.4281311035156,
        268.7563781738281,
        267.9886779785156,
        267.0837707519531,
        266.05718994140625,
        264.82720947265625,
        263.44781494140625,
        261.7279052734375,
        259.7837829589844,
        257.4097595214844,
        254.82638549804688,
        251.80496215820312,
        248.0391387939453,
        243.94374084472656,
        239.11550903320312,
        233.61781311035156,
        227.3083953857422,
        220.0264892578125,
        212.53106689453125,
        203.7221221923828,
        193.7150115966797,
        183.7473907470703,
        173.17979431152344,
        161.5335235595703,
        151.05853271484375,
        140.00796508789062,
        130.7241973876953,
        122.80614471435547,
        119.3941879272461,
        120.02456665039062,
        122.83438110351562,
        125.09168243408203,
        124.426025390625,
        119.28661346435547,
        115.1228256225586,
        110.47135925292969,
        106.82804870605469,
        102.60067749023438,
        101.30439758300781,
        102.45154571533203,
        102.04084014892578,
        101.670654296875,
        101.94868469238281,
        102.3502426147461,
        101.45315551757812,
        101.07441711425781,
        99.64966583251953,
        97.59658813476562,
        95.64480590820312,
        96.48418426513672,
        95.27588653564453,
        94.19159698486328,
        95.52791595458984,
        95.36395263671875,
        94.19231414794922,
        94.06886291503906,
        93.97217559814453,
        92.8244857788086,
        92.42012786865234,
        92.51404571533203,
        89.85660552978516,
        91.24644470214844,
        90.30294036865234,
        91.10652923583984,
        89.92560577392578,
        90.76667022705078,
        90.12397003173828,
        89.7723617553711,
        88.964111328125,
        88.22796630859375,
        90.09907531738281,
        87.80316162109375,
        88.67056274414062,
        88.30213165283203,
        87.23342895507812,
        87.32633972167969,
        87.13421630859375,
        87.8783950805664,
        85.9679946899414,
        88.06716918945312,
        87.62230682373047,
        85.71578979492188,
        85.12543487548828,
        85.13321685791016,
        84.30172729492188,
        84.2379379272461,
        84.53683471679688,
        84.89559173583984,
        84.0450210571289,
        82.64164733886719,
        83.12010955810547,
        82.33160400390625,
        82.66145324707031,
        83.82190704345703,
        81.71017456054688,
        82.71709442138672,
        81.96690368652344,
        80.04096221923828,
        80.14141082763672,
        80.8700180053711,
        81.73870086669922,
        79.3585205078125,
        80.71117401123047,
        79.87057495117188,
        80.06134033203125,
        78.71749877929688,
        77.62586975097656,
        78.65208435058594,
        78.2591781616211,
        78.0618667602539,
        76.51082611083984,
        76.58223724365234,
        77.74752044677734,
        75.06342315673828,
        76.21121215820312,
        77.11217498779297,
        75.93033599853516,
        74.78960418701172,
        74.36756134033203,
        74.28817749023438,
        73.03276062011719,
        72.43789672851562,
        73.48027801513672,
        73.09861755371094,
        71.45564270019531,
        70.52008819580078,
        71.73810577392578,
        70.77005004882812,
        72.15821838378906,
        71.19023895263672,
        70.5434799194336,
        70.0426025390625,
        69.63658905029297,
        70.84191131591797,
        69.29026794433594,
        68.6299057006836,
        68.94757080078125,
        67.20523071289062,
        68.49130249023438,
        68.76239013671875,
        69.00901794433594,
        67.03770446777344,
        67.68983459472656,
        66.91990661621094,
        67.34046936035156,
        69.29742431640625,
        67.4413070678711,
        66.26203155517578,
        66.66212463378906,
        65.4839096069336,
        66.027099609375,
        66.19026947021484,
        66.20277404785156,
        64.10322570800781,
        63.98046112060547,
        64.39144134521484,
        63.482215881347656
    ],