{
    "effect_pehe": 7.929281234741211,
    "effect_mae": 1.0165538787841797
}