{
    "effect_pehe": 7.7349629402160645,
    "effect_mae": 0.6712346076965332
}