{
    "epoch": [
        0,
        1,
        2,
        3,
        4,
        5,
        6,
        7,
        8,
        9,
        10,
        11,
        12,
        13,
        14,
        15,
        16,
        17,
        18,
        19,
        20,
        21,
        22,
        23,
        24,
        25,
        26,
        27,
        28,
        29,
        30,
        31,
        32,
        33,
        34,
        35,
        36,
        37,
        38,
        39,
        40,
        41,
        42,
        43,
        44,
        45,
        46,
        47,
        48,
        49,
        50,
        51,
        52,
        53,
        54,
        55,
        56,
        57,
        58,
        59,
        60,
        61,
        62,
        63,
        64,
        65,
        66,
        67,
        68,
        69,
        70,
        71,
        72,
        73,
        74,
        75,
        76,
        77,
        78,
        79,
        80,
        81,
        82,
        83,
        84,
        85,
        86,
        87,
        88,
        89,
        90,
        91,
        92,
        93,
        94,
        95,
        96,
        97,
        98,
        99,
        100,
        101,
        102,
        103,
        104,
        105,
        106,
        107,
        108,
        109,
        110,
        111,
        112,
        113,
        114,
        115,
        116,
        117,
        118,
        119,
        120,
        121,
        122,
        123,
        124,
        125,
        126,
        127,
        128,
        129,
        130,
        131,
        132,
        133,
        134,
        135,
        136,
        137,
        138,
        139,
        140,
        141,
        142,
        143,
        144,
        145,
        146,
        147,
        148,
        149,
        150,
        151,
        152,
        153,
        154,
        155,
        156,
        157,
        158,
        159,
        160,
        161,
        162,
        163,
        164,
        165,
        166,
        167,
        168,
        169,
        170,
        171,
        172,
        173,
        174,
        175,
        176,
        177,
        178,
        179,
        180,
        181,
        182,
        183
    ],
    "train_loss": [
        685.231201171875,
        684.8639526367188,
        684.4970092773438,
        684.1129760742188,
        683.7060546875,
        683.2649536132812,
        682.7791137695312,
        682.2222290039062,
        681.59912109375,
        680.8784790039062,
        680.0492553710938,
        679.0968627929688,
        677.9623413085938,
        676.6508178710938,
        675.0327758789062,
        673.1301879882812,
        671.0222778320312,
        668.3880615234375,
        665.3051147460938,
        661.6636352539062,
        657.3381958007812,
        652.2619018554688,
        646.7005004882812,
        639.50927734375,
        631.3720092773438,
        622.3705444335938,
        611.7803344726562,
        598.4697875976562,
        584.3662719726562,
        568.3888549804688,
        548.645263671875,
        527.2658081054688,
        504.75201416015625,
        479.25225830078125,
        453.5493469238281,
        423.3287353515625,
        396.1351013183594,
        369.8034973144531,
        347.02655029296875,
        333.2480773925781,
        323.08319091796875,
        326.1812744140625,
        332.5958251953125,
        340.03839111328125,
        338.2207336425781,
        327.50048828125,
        315.1661682128906,
        303.6585388183594,
        292.6805725097656,
        288.90179443359375,
        288.2430114746094,
        286.9989013671875,
        287.3568420410156,
        285.0244140625,
        286.83331298828125,
        285.2049255371094,
        282.1203308105469,
        279.8143310546875,
        275.0519714355469,
        270.62371826171875,
        267.85321044921875,
        265.16424560546875,
        267.24786376953125,
        263.89459228515625,
        262.6782531738281,
        265.53961181640625,
        259.9302978515625,
        261.2796936035156,
        255.66036987304688,
        259.809814453125,
        259.409912109375,
        256.2378845214844,
        254.09129333496094,
        255.7216033935547,
        250.68380737304688,
        257.0498962402344,
        247.42874145507812,
        251.61944580078125,
        250.89659118652344,
        251.7196807861328,
        248.1733856201172,
        248.38082885742188,
        244.82638549804688,
        244.79010009765625,
        243.85202026367188,
        245.11123657226562,
        237.62623596191406,
        239.498779296875,
        238.62994384765625,
        238.763671875,
        239.3323516845703,
        237.73983764648438,
        236.46563720703125,
        234.83331298828125,
        234.60447692871094,
        232.88380432128906,
        232.974609375,
        229.7765350341797,
        229.80870056152344,
        231.1165008544922,
        227.37872314453125,
        228.25161743164062,
        225.68922424316406,
        227.6868133544922,
        231.0210418701172,
        224.8233184814453,
        223.92630004882812,
        223.25753784179688,
        218.87962341308594,
        220.70751953125,
        219.6172637939453,
        219.64642333984375,
        219.60675048828125,
        218.71609497070312,
        219.5360565185547,
        213.18922424316406,
        213.60789489746094,
        216.65097045898438,
        213.203857421875,
        209.60560607910156,
        213.88897705078125,
        209.2432861328125,
        208.08566284179688,
        211.9641571044922,
        205.88954162597656,
        204.4093017578125,
        207.3983154296875,
        203.935791015625,
        202.2178955078125,
        202.43740844726562,
        202.3433074951172,
        204.57981872558594,
        207.04046630859375,
        201.271240234375,
        199.87283325195312,
        200.0118865966797,
        195.40145874023438,
        198.68008422851562,
        196.98326110839844,
        196.60874938964844,
        195.1651153564453,
        193.48338317871094,
        199.03004455566406,
        196.7582244873047,
        192.5495147705078,
        192.55064392089844,
        194.82908630371094,
        195.64479064941406,
        192.76620483398438,
        193.54550170898438,
        192.22991943359375,
        192.8848419189453,
        187.19241333007812,
        200.92135620117188,
        189.59869384765625,
        189.06094360351562,
        187.7384490966797,
        190.26210021972656,
        185.78103637695312,
        183.99893188476562,
        188.58885192871094,
        184.7056121826172,
        182.5776824951172,
        184.78118896484375,
        181.96910095214844,
        187.43470764160156,
        186.31893920898438,
        188.31890869140625,
        188.44056701660156,
        183.54689025878906,
        185.1169891357422,
        181.63494873046875,
        180.83782958984375,
        179.93185424804688,
        182.63720703125,
        188.75784301757812,
        181.56211853027344,
        183.57350158691406,
        177.81781005859375,
        183.26370239257812,
        181.2960662841797,
        179.68374633789062,
        175.60238647460938,
        172.26719665527344
    ],