{
    "effect_pehe": 8.0175199508667,
    "effect_mae": 0.033593177795410156
}