{
    "effect_pehe": 5.026143708606016,
    "effect_mae": 3.9780716625210975
}