{
    "effect_pehe": 3.900964257571156,
    "effect_mae": 3.07524469033603
}