{
    "effect_pehe": 3.6225994985860703,
    "effect_mae": 2.896067046364831
}