{
    "effect_pehe": 4.41844233541917,
    "effect_mae": 3.5312097188263953
}