{
    "effect_pehe": 4.537190877423218,
    "effect_mae": 3.6195585187029287
}