{
    "effect_pehe": 5.165250003245851,
    "effect_mae": 4.053444762061213
}