{
    "effect_pehe": 2.761144360640459,
    "effect_mae": 2.1958116134752337
}