{
    "effect_pehe": 1.1036261320114136,
    "effect_mae": 0.1262977123260498
}