{
    "effect_pehe": 2.322669267654419,
    "effect_mae": 0.06333255767822266
}