{
    "effect_pehe": 0.829848051071167,
    "effect_mae": 0.07928061485290527
}