{
    "effect_pehe": 1.9605224132537842,
    "effect_mae": 0.11858439445495605
}