{
    "effect_pehe": 1.6213350296020508,
    "effect_mae": 0.2056891918182373
}