{
    "effect_pehe": 0.8184512853622437,
    "effect_mae": 0.009123086929321289
}