{
    "effect_pehe": 2.832134962081909,
    "effect_mae": 0.6482580900192261
}