{
    "effect_pehe": 0.8028445839881897,
    "effect_mae": 0.09158158302307129
}