{
    "effect_pehe": 1.6846418380737305,
    "effect_mae": 0.07497096061706543
}