{
    "effect_pehe": 2.7033443450927734,
    "effect_mae": 0.7052011489868164
}