{
    "effect_pehe": 1.9565763473510742,
    "effect_mae": 0.3428233861923218
}