{
    "effect_pehe": 9.31497859954834,
    "effect_mae": 0.32404136657714844
}