{
    "effect_pehe": 8.871285438537598,
    "effect_mae": 1.1871252059936523
}