{
    "effect_pehe": 20.0826416015625,
    "effect_mae": 0.5178318023681641
}