{
    "effect_pehe": 12.207597732543945,
    "effect_mae": 2.594181537628174
}