{
    "effect_pehe": 5.963015079498291,
    "effect_mae": 3.3939836025238037
}