{
    "effect_pehe": 11.348846435546875,
    "effect_mae": 1.6637868881225586
}