{
    "effect_pehe": 11.964700698852539,
    "effect_mae": 0.2143268585205078
}