{
    "effect_pehe": 11.891203880310059,
    "effect_mae": 1.2067842483520508
}