{
    "effect_pehe": 8.282236099243164,
    "effect_mae": 0.915043830871582
}