{
    "effect_pehe": 10.564943313598633,
    "effect_mae": 0.47684574127197266
}