{
    "effect_pehe": 6.642163276672363,
    "effect_mae": 1.2517008781433105
}