{
    "effect_pehe": 5.338380612185018,
    "effect_mae": 4.271416211661039
}