{
    "effect_pehe": 4.870251092385783,
    "effect_mae": 3.883189382367413
}