{
    "effect_pehe": 4.638579024753167,
    "effect_mae": 3.7258433678848872
}