{
    "effect_pehe": 4.51074059474045,
    "effect_mae": 3.641333098108159
}