{
    "effect_pehe": 4.51855249544805,
    "effect_mae": 3.5868006876355354
}