{
    "effect_pehe": 5.264969140977167,
    "effect_mae": 4.214510724726231
}