{
    "effect_pehe": 4.672025745857059,
    "effect_mae": 3.74529709114442
}