{
    "effect_pehe": 5.09495596350231,
    "effect_mae": 4.065670028912889
}