{
    "effect_pehe": 4.723179962012397,
    "effect_mae": 3.7722978264181997
}