{
    "effect_pehe": 4.719634037026147,
    "effect_mae": 3.7477086818060115
}