{
    "effect_pehe": 1.9644255638122559,
    "effect_mae": 0.11556529998779297
}