{
    "effect_pehe": 2.284226655960083,
    "effect_mae": 0.8630579113960266
}