{
    "effect_pehe": 2.8372044563293457,
    "effect_mae": 0.6638411283493042
}