{
    "effect_pehe": 3.780644178390503,
    "effect_mae": 2.6028828620910645
}