{
    "effect_pehe": 0.8321794867515564,
    "effect_mae": 0.08344006538391113
}