{
    "effect_pehe": 0.8768698573112488,
    "effect_mae": 0.011889457702636719
}