{
    "effect_pehe": 3.665836811065674,
    "effect_mae": 1.163219928741455
}