{
    "effect_pehe": 1.585287094116211,
    "effect_mae": 0.9509799480438232
}