{
    "effect_pehe": 3.2813918590545654,
    "effect_mae": 2.270491123199463
}