{
    "effect_pehe": 1.3458133935928345,
    "effect_mae": 0.4022223949432373
}