{
    "effect_pehe": 1.1047098636627197,
    "effect_mae": 0.132918119430542
}