{
    "effect_pehe": 3.143447160720825,
    "effect_mae": 0.0004177093505859375
}