{
    "effect_pehe": 2.698425531387329,
    "effect_mae": 0.6788454055786133
}