{
    "effect_pehe": 1.4758573770523071,
    "effect_mae": 0.5692629218101501
}