{
    "effect_pehe": 0.8030361533164978,
    "effect_mae": 0.003487110137939453
}