{
    "effect_pehe": 2.0893077850341797,
    "effect_mae": 0.6201493740081787
}