{
    "effect_pehe": 10.86530590057373,
    "effect_mae": 9.074847221374512
}