{
    "effect_pehe": 3.7883591651916504,
    "effect_mae": 1.0554664134979248
}