{
    "effect_pehe": 3.6800990700559106,
    "effect_mae": 2.9273566976485252
}