{
    "effect_pehe": 3.560944234603573,
    "effect_mae": 2.8089857285023627
}