{
    "effect_pehe": 9.689262390136719,
    "effect_mae": 0.24415016174316406
}