{
    "effect_pehe": 12.261174201965332,
    "effect_mae": 0.14076995849609375
}