{
    "effect_pehe": 5.090803623199463,
    "effect_mae": 3.330354690551758
}