{
    "effect_pehe": 11.166394233703613,
    "effect_mae": 1.218109130859375
}