{
    "effect_pehe": 10.687017440795898,
    "effect_mae": 1.61810302734375
}