{
    "effect_pehe": 26.353275299072266,
    "effect_mae": 1.7450504302978516
}