{
    "effect_pehe": 11.894028663635254,
    "effect_mae": 2.2596774101257324
}