{
    "effect_pehe": 10.243097305297852,
    "effect_mae": 2.978074073791504
}