{
    "effect_pehe": 10.29061508178711,
    "effect_mae": 0.00018310546875
}