{
    "effect_pehe": 10.248370170593262,
    "effect_mae": 0.14697742462158203
}