{
    "effect_pehe": 6.974077224731445,
    "effect_mae": 1.824295997619629
}