{
    "effect_pehe": 10.40015983581543,
    "effect_mae": 2.1045303344726562
}