{
    "epoch": [
        0,
        1,
        2,
        3,
        4,
        5,
        6,
        7,
        8,
        9,
        10,
        11,
        12,
        13,
        14,
        15,
        16,
        17,
        18,
        19,
        20,
        21,
        22,
        23,
        24,
        25,
        26,
        27,
        28,
        29,
        30,
        31,
        32,
        33,
        34,
        35,
        36,
        37,
        38,
        39,
        40,
        41,
        42,
        43,
        44,
        45,
        46,
        47,
        48,
        49,
        50,
        51,
        52,
        53,
        54,
        55,
        56,
        57,
        58,
        59,
        60,
        61,
        62,
        63,
        64,
        65,
        66,
        67,
        68,
        69,
        70,
        71,
        72,
        73,
        74,
        75,
        76,
        77,
        78,
        79,
        80,
        81,
        82,
        83,
        84,
        85
    ],
    "train_loss": [
        237.69529724121094,
        158.02365112304688,
        128.91783142089844,
        95.47818756103516,
        102.87751007080078,
        71.03324890136719,
        54.908607482910156,
        52.14745330810547,
        49.20968246459961,
        64.59741973876953,
        69.07334899902344,
        72.45664978027344,
        60.07561492919922,
        66.9606704711914,
        66.61766052246094,
        63.534183502197266,
        51.199684143066406,
        56.327110290527344,
        48.75982666015625,
        48.2568244934082,
        44.36565017700195,
        39.93929672241211,
        43.4329948425293,
        41.10725021362305,
        45.63384246826172,
        46.87803268432617,
        49.6969108581543,
        47.34136962890625,
        44.87282943725586,
        50.52132797241211,
        39.6848258972168,
        40.181793212890625,
        40.192378997802734,
        35.90589141845703,
        43.64312744140625,
        34.429534912109375,
        39.424930572509766,
        37.13601303100586,
        35.67672348022461,
        34.97087478637695,
        42.8681526184082,
        36.04804611206055,
        38.5472412109375,
        35.7447395324707,
        33.790340423583984,
        37.23476791381836,
        38.31941223144531,
        35.6280403137207,
        37.65288162231445,
        31.897212982177734,
        33.223270416259766,
        33.469810485839844,
        36.206050872802734,
        36.66071701049805,
        39.682891845703125,
        34.9321403503418,
        34.42098617553711,
        34.656497955322266,
        35.33403778076172,
        33.27230453491211,
        29.291410446166992,
        32.52541732788086,
        30.270788192749023,
        32.39858627319336,
        31.683101654052734,
        31.22443962097168,
        30.350080490112305,
        32.107704162597656,
        34.15019226074219,
        31.084535598754883,
        39.069026947021484,
        33.19411087036133,
        37.185813903808594,
        30.35804557800293,
        33.055545806884766,
        35.520320892333984,
        29.612897872924805,
        29.162952423095703,
        31.513973236083984,
        34.58320617675781,
        33.669281005859375,
        31.52882957458496,
        33.897647857666016,
        38.40827178955078,
        33.53999710083008,
        34.63927459716797
    ],
    "val_loss": [
        198.88223266601562,
        153.0896759033203,
        110.80621337890625,
        95.64908599853516,
        91.96794891357422,
        59.58747100830078,
        52.990272521972656,
        52.18921661376953,
        57.33412170410156,
        59.16938018798828,
        69.67555236816406,
        70.61774444580078,
        86.79631805419922,
        85.3023452758789,
        62.18309020996094,
        55.56691360473633,
        49.337100982666016,
        83.43081665039062,
        39.660030364990234,
        44.14870834350586,
        39.15971755981445,
        45.56084442138672,
        46.002689361572266,
        41.858646392822266,
        44.203487396240234,
        44.735408782958984,
        41.16278839111328,
        56.7807502746582,
        33.893516540527344,
        40.08356857299805,
        39.93117141723633,
        49.18355178833008,
        37.642906188964844,
        42.01011276245117,
        45.67545700073242,
        40.25722885131836,
        42.93168640136719,
        33.12867736816406,
        41.722049713134766,
        43.469749450683594,
        54.710289001464844,
        54.195518493652344,
        47.628456115722656,
        37.22290802001953,
        47.33462142944336,
        33.852081298828125,
        36.51291275024414,
        41.76234817504883,
        44.938541412353516,
        30.425554275512695,
        40.56117248535156,
        39.36265563964844,
        47.37115478515625,
        37.591651916503906,
        40.25791549682617,
        35.99245071411133,
        34.81757736206055,
        42.117774963378906,
        28.270092010498047,
        38.353511810302734,
        27.26719856262207,
        50.05878448486328,
        44.633148193359375,
        37.178565979003906,
        39.093788146972656,
        38.365699768066406,
        31.23710823059082,
        40.51273727416992,
        33.954559326171875,
        36.271121978759766,
        35.745262145996094,
        29.286083221435547,
        34.51741409301758,
        27.91337013244629,
        31.663450241088867,
        30.794086456298828,
        41.60223388671875,
        40.352622985839844,
        45.784019470214844,
        35.6817741394043,
        44.504638671875,
        33.99026107788086,
        34.16474151611328,
        29.249258041381836,
        40.16998291015625,
        34.51350402832031
    ]
}