{
    "epoch": [
        0,
        1,
        2,
        3,
        4,
        5,
        6,
        7,
        8,
        9,
        10,
        11,
        12,
        13,
        14,
        15,
        16,
        17,
        18,
        19,
        20,
        21,
        22,
        23,
        24,
        25,
        26,
        27,
        28,
        29,
        30,
        31,
        32,
        33,
        34,
        35,
        36,
        37,
        38,
        39,
        40,
        41,
        42,
        43,
        44,
        45,
        46,
        47,
        48,
        49,
        50,
        51,
        52,
        53,
        54,
        55,
        56,
        57,
        58,
        59,
        60,
        61,
        62,
        63,
        64,
        65,
        66,
        67,
        68,
        69,
        70,
        71,
        72,
        73,
        74,
        75,
        76,
        77,
        78,
        79,
        80,
        81,
        82,
        83,
        84,
        85,
        86,
        87
    ],
    "train_loss": [
        328.29931640625,
        269.0232849121094,
        194.8692169189453,
        161.81507873535156,
        166.88336181640625,
        151.35545349121094,
        112.423828125,
        124.51133728027344,
        102.24337005615234,
        85.26341247558594,
        79.49071502685547,
        58.74350357055664,
        75.00415802001953,
        62.788551330566406,
        65.9455795288086,
        84.73851013183594,
        60.113067626953125,
        56.39855194091797,
        64.1590347290039,
        55.94741439819336,
        40.63423156738281,
        59.097068786621094,
        50.054622650146484,
        66.03649139404297,
        51.280426025390625,
        46.75910568237305,
        38.947166442871094,
        41.52549743652344,
        44.509883880615234,
        52.803138732910156,
        49.25230407714844,
        47.48466873168945,
        48.9559440612793,
        36.23635482788086,
        42.35249328613281,
        40.049072265625,
        46.77644729614258,
        40.88166809082031,
        63.51377487182617,
        38.89717102050781,
        39.017547607421875,
        43.15652084350586,
        38.01251220703125,
        45.1204833984375,
        41.254669189453125,
        36.81360626220703,
        35.76740264892578,
        37.629905700683594,
        37.2081298828125,
        57.38050842285156,
        36.721134185791016,
        35.72247314453125,
        35.603816986083984,
        32.706443786621094,
        37.16407012939453,
        36.17538833618164,
        40.742958068847656,
        38.44822692871094,
        32.67735290527344,
        36.236175537109375,
        38.0356559753418,
        37.88086700439453,
        54.93617248535156,
        41.58747863769531,
        37.46617889404297,
        39.53315353393555,
        33.0092887878418,
        38.95602035522461,
        39.38306427001953,
        36.78713607788086,
        33.93064880371094,
        32.646968841552734,
        40.82192611694336,
        31.49442481994629,
        38.983673095703125,
        28.861555099487305,
        36.143516540527344,
        31.932615280151367,
        32.34534454345703,
        50.799686431884766,
        45.26821517944336,
        49.412864685058594,
        38.082054138183594,
        39.9138069152832,
        32.88288879394531,
        35.0147590637207,
        39.46049118041992,
        29.277606964111328
    ],
    "val_loss": [
        257.8760681152344,
        188.3424530029297,
        106.40210723876953,
        76.70328521728516,
        57.197330474853516,
        51.19089889526367,
        52.19341278076172,
        42.35502243041992,
        42.30220031738281,
        51.537418365478516,
        49.40798568725586,
        50.69026565551758,
        46.27609634399414,
        44.379173278808594,
        51.497215270996094,
        49.10218811035156,
        40.68377685546875,
        32.545379638671875,
        43.75535202026367,
        41.17115783691406,
        33.5755729675293,
        44.09998321533203,
        33.043819427490234,
        31.19063377380371,
        26.27930450439453,
        32.82786178588867,
        36.36012649536133,
        33.19701385498047,
        26.015399932861328,
        24.797080993652344,
        28.15610122680664,
        31.285512924194336,
        27.4722843170166,
        25.601858139038086,
        27.26032257080078,
        33.6785774230957,
        32.95943069458008,
        27.472984313964844,
        36.54717254638672,
        30.60724639892578,
        31.595867156982422,
        30.265836715698242,
        31.92707633972168,
        32.369056701660156,
        25.658151626586914,
        24.35445785522461,
        21.87009048461914,
        29.443206787109375,
        21.644197463989258,
        35.706817626953125,
        29.226158142089844,
        30.402233123779297,
        38.969791412353516,
        21.566314697265625,
        24.771886825561523,
        30.554840087890625,
        23.389211654663086,
        26.462188720703125,
        33.56983184814453,
        28.445209503173828,
        24.685579299926758,
        22.67865562438965,
        21.160985946655273,
        33.593448638916016,
        25.304655075073242,
        27.896926879882812,
        24.461450576782227,
        25.962427139282227,
        35.66471862792969,
        24.834976196289062,
        23.583309173583984,
        30.417156219482422,
        27.323875427246094,
        30.17514991760254,
        22.013113021850586,
        29.035320281982422,
        34.81100845336914,
        21.827627182006836,
        26.667688369750977,
        23.19841194152832,
        22.398265838623047,
        21.379541397094727,
        22.29190444946289,
        29.41896629333496,
        22.156213760375977,
        27.574981689453125,
        28.235652923583984,
        32.17017364501953
    ]
}