{
    "effect_pehe": 3.445642327917666,
    "effect_mae": 2.7762569024910735
}