{
    "effect_pehe": 2.939459454799963,
    "effect_mae": 2.309921978294899
}