{
    "effect_pehe": 2.809804412508738,
    "effect_mae": 2.2294541904125578
}