{
    "effect_pehe": 3.5125494638429107,
    "effect_mae": 2.779292055024832
}