{
    "effect_pehe": 3.130842891449664,
    "effect_mae": 2.5081729691463086
}