{
    "effect_pehe": 1885.1429608671444,
    "effect_mae": 1107.1747230723154
}