{
    "effect_pehe": 14.23641669857137,
    "effect_mae": 12.321468680171236
}