{
    "effect_pehe": 526.4640192269461,
    "effect_mae": 245.78460121656443
}