{
    "effect_pehe": 59.813812070114935,
    "effect_mae": 35.45378561100271
}