{
    "effect_pehe": 12.443550715872616,
    "effect_mae": 9.746792687617788
}