{
    "effect_pehe": 41.842827544434506,
    "effect_mae": 35.21911888333235
}