{
    "effect_pehe": 541.5413713667713,
    "effect_mae": 249.38719007940287
}