{
    "effect_pehe": 81.79660771856823,
    "effect_mae": 48.45324703366785
}