{
    "effect_pehe": 28.414211418846484,
    "effect_mae": 25.723019848166228
}