{
    "effect_pehe": 17.573358842880285,
    "effect_mae": 14.438326896365307
}