{
    "effect_pehe": 8.473828582963028,
    "effect_mae": 6.575593172039101
}