{
    "effect_pehe": 13.70142650604248,
    "effect_mae": 0.18865966796875
}