{
    "effect_pehe": 14.082304954528809,
    "effect_mae": 0.14910888671875
}