{
    "effect_pehe": 15.106982231140137,
    "effect_mae": 4.646981716156006
}