{
    "effect_pehe": 16.60404396057129,
    "effect_mae": 0.6870889663696289
}