{
    "effect_pehe": 21.40896224975586,
    "effect_mae": 4.331295013427734
}