{
    "effect_pehe": 15.917505264282227,
    "effect_mae": 4.677123069763184
}