{
    "effect_pehe": 18.161216735839844,
    "effect_mae": 0.5577402114868164
}