{
    "effect_pehe": 13.903779983520508,
    "effect_mae": 0.7013988494873047
}